Aug 22 00:01:02 aitest audit: type=PATH msg=audit(1755820862.317:203): item=0 name="/home/opc/logai/enterprise_mnc_audit_sim/enterprise_data/development/scripts/build.sh" inode=19113 dev=08:01 mode=0100644 ouid=0 ogid=0
Aug 22 00:01:02 aitest audit: type=SYSCALL msg=audit(1755820862.317:506): arch=c000003e syscall=59 success=yes exit=0 pid=5137 uid=2003 gid=2003 comm="chmod" exe="/usr/bin/chmod" key="process_execution"
Aug 22 00:01:09 aitest audit: type=PATH msg=audit(1755820869.183:973): item=0 name="/home/opc/logai/enterprise_mnc_audit_sim/enterprise_data/development/scripts/build.sh" inode=42131 dev=08:01 mode=0100644 ouid=0 ogid=0
Aug 22 00:01:09 aitest audit: type=SYSCALL msg=audit(1755820869.183:705): arch=c000003e syscall=59 success=yes exit=0 pid=8585 uid=2003 gid=2003 comm="chmod" exe="/usr/bin/chmod" key="process_execution"
Aug 22 00:01:14 aitest audit: type=SYSCALL msg=audit(1755820874.591:980): arch=c000003e syscall=59 success=yes exit=0 pid=2969 uid=2003 gid=2003 comm="grep" exe="/usr/bin/grep" key="process_execution"
Aug 22 00:01:19 aitest audit: type=SYSCALL msg=audit(1755820879.589:753): arch=c000003e syscall=59 success=yes exit=0 pid=7035 uid=2003 gid=2003 comm="wc" exe="/usr/bin/wc" key="process_execution"
Aug 22 00:02:00 aitest audit: type=SYSCALL msg=audit(1755820920.268:308): arch=c000003e syscall=59 success=yes exit=0 pid=5715 uid=2008 gid=2008 comm="last" exe="/usr/bin/last" key="process_execution"
Aug 22 00:02:07 aitest audit: type=SYSCALL msg=audit(1755820927.185:750): arch=c000003e syscall=59 success=yes exit=0 pid=4776 uid=2008 gid=2008 comm="last" exe="/usr/bin/last" key="process_execution"
Aug 22 00:02:10 aitest audit: type=SYSCALL msg=audit(1755820930.356:86): arch=c000003e syscall=59 success=yes exit=0 pid=6189 uid=2008 gid=2008 comm="last" exe="/usr/bin/last" key="process_execution"
Aug 22 00:02:40 aitest audit: type=SYSCALL msg=audit(1755820960.19:803): arch=c000003e syscall=59 success=yes exit=0 pid=6586 uid=2007 gid=2007 comm="top" exe="/usr/bin/top" key="process_execution"
Aug 22 00:02:46 aitest audit: type=SYSCALL msg=audit(1755820966.736:883): arch=c000003e syscall=59 success=yes exit=0 pid=3315 uid=2007 gid=2007 comm="du" exe="/usr/bin/du" key="process_execution"
Aug 22 00:02:47 aitest audit: type=SYSCALL msg=audit(1755820967.490:928): arch=c000003e syscall=59 success=yes exit=0 pid=10643 uid=2007 gid=2007 comm="top" exe="/usr/bin/top" key="process_execution"
Aug 22 00:11:55 aitest audit: type=SYSCALL msg=audit(1755821515.310:670): arch=c000003e syscall=59 success=yes exit=0 pid=9331 uid=2008 gid=2008 comm="last" exe="/usr/bin/last" key="process_execution"
Aug 22 00:12:00 aitest audit: type=PATH msg=audit(1755821520.698:240): item=0 name="/home/opc/logai/enterprise_mnc_audit_sim/enterprise_data/hr/" inode=21199 dev=08:01 mode=0100644 ouid=0 ogid=0
Aug 22 00:12:00 aitest audit: type=SYSCALL msg=audit(1755821520.698:389): arch=c000003e syscall=59 success=yes exit=0 pid=9488 uid=2008 gid=2008 comm="chmod" exe="/usr/bin/chmod" key="process_execution"
Aug 22 00:21:36 aitest audit: type=PATH msg=audit(1755822096.819:625): item=0 name="/home/opc/logai/enterprise_mnc_audit_sim/system/configs/" inode=18274 dev=08:01 mode=0100644 ouid=0 ogid=0
Aug 22 00:21:36 aitest audit: type=SYSCALL msg=audit(1755822096.819:468): arch=c000003e syscall=59 success=yes exit=0 pid=4937 uid=2004 gid=2004 comm="ls" exe="/usr/bin/ls" key="process_execution"
Aug 22 00:21:45 aitest audit: type=SYSCALL msg=audit(1755822105.923:720): arch=c000003e syscall=59 success=yes exit=0 pid=10370 uid=2004 gid=2004 comm="free" exe="/usr/bin/free" key="process_execution"
Aug 22 00:21:55 aitest audit: type=PATH msg=audit(1755822115.474:301): item=0 name="/home/opc/logai/enterprise_mnc_audit_sim/system/configs/server.conf" inode=11986 dev=08:01 mode=0100644 ouid=0 ogid=0
Aug 22 00:21:55 aitest audit: type=SYSCALL msg=audit(1755822115.474:334): arch=c000003e syscall=59 success=yes exit=0 pid=3708 uid=2004 gid=2004 comm="chmod" exe="/usr/bin/chmod" key="process_execution"
Aug 22 00:22:01 aitest audit: type=PATH msg=audit(1755822121.665:443): item=0 name="/home/opc/logai/enterprise_mnc_audit_sim/system/configs/server.conf" inode=19743 dev=08:01 mode=0100644 ouid=0 ogid=0
Aug 22 00:22:01 aitest audit: type=SYSCALL msg=audit(1755822121.665:55): arch=c000003e syscall=59 success=yes exit=0 pid=9641 uid=2004 gid=2004 comm="chmod" exe="/usr/bin/chmod" key="process_execution"
Aug 22 00:44:30 aitest audit: type=PATH msg=audit(1755823470.839:713): item=0 name="/home/opc/logai/enterprise_mnc_audit_sim/enterprise_data/development" inode=12938 dev=08:01 mode=0100644 ouid=0 ogid=0
Aug 22 00:44:30 aitest audit: type=SYSCALL msg=audit(1755823470.839:913): arch=c000003e syscall=59 success=yes exit=0 pid=9194 uid=2009 gid=2009 comm="find" exe="/usr/bin/find" key="process_execution"
Aug 22 00:44:38 aitest audit: type=PATH msg=audit(1755823478.468:521): item=0 name="/home/opc/logai/enterprise_mnc_audit_sim/enterprise_data/development/projects/" inode=16175 dev=08:01 mode=0100644 ouid=0 ogid=0
Aug 22 00:44:38 aitest audit: type=SYSCALL msg=audit(1755823478.468:108): arch=c000003e syscall=59 success=yes exit=0 pid=11880 uid=2009 gid=2009 comm="ls" exe="/usr/bin/ls" key="process_execution"
Aug 22 00:44:48 aitest audit: type=PATH msg=audit(1755823488.201:457): item=0 name="/home/opc/logai/enterprise_mnc_audit_sim/enterprise_data/development" inode=31215 dev=08:01 mode=0100644 ouid=0 ogid=0
Aug 22 00:44:48 aitest audit: type=SYSCALL msg=audit(1755823488.201:157): arch=c000003e syscall=59 success=yes exit=0 pid=7187 uid=2009 gid=2009 comm="find" exe="/usr/bin/find" key="process_execution"
Aug 22 00:44:55 aitest audit: type=PATH msg=audit(1755823495.157:520): item=0 name="/home/opc/logai/enterprise_mnc_audit_sim/enterprise_data/development/" inode=31649 dev=08:01 mode=0100644 ouid=0 ogid=0
Aug 22 00:44:55 aitest audit: type=SYSCALL msg=audit(1755823495.157:23): arch=c000003e syscall=59 success=yes exit=0 pid=5338 uid=2009 gid=2009 comm="ls" exe="/usr/bin/ls" key="process_execution"
Aug 22 00:44:57 aitest audit: type=SYSCALL msg=audit(1755823497.679:746): arch=c000003e syscall=59 success=yes exit=0 pid=6497 uid=2009 gid=2009 comm="grep" exe="/usr/bin/grep" key="process_execution"
Aug 22 00:53:18 aitest audit: type=PATH msg=audit(1755823998.655:502): item=0 name="/home/opc/logai/enterprise_mnc_audit_sim/enterprise_data/operations" inode=18591 dev=08:01 mode=0100644 ouid=0 ogid=0
Aug 22 00:53:18 aitest audit: type=SYSCALL msg=audit(1755823998.655:803): arch=c000003e syscall=59 success=yes exit=0 pid=3527 uid=2010 gid=2010 comm="find" exe="/usr/bin/find" key="process_execution"
Aug 22 00:53:24 aitest audit: type=PATH msg=audit(1755824004.110:375): item=0 name="/home/opc/logai/enterprise_mnc_audit_sim/enterprise_data/operations/scripts/" inode=40272 dev=08:01 mode=0100644 ouid=0 ogid=0
Aug 22 00:53:24 aitest audit: type=SYSCALL msg=audit(1755824004.110:919): arch=c000003e syscall=59 success=yes exit=0 pid=8685 uid=2010 gid=2010 comm="chmod" exe="/usr/bin/chmod" key="process_execution"
Aug 22 00:53:26 aitest audit: type=SYSCALL msg=audit(1755824006.30:485): arch=c000003e syscall=59 success=yes exit=0 pid=11418 uid=2010 gid=2010 comm="du" exe="/usr/bin/du" key="process_execution"
Aug 22 00:53:30 aitest audit: type=PATH msg=audit(1755824010.336:303): item=0 name="/home/opc/logai/enterprise_mnc_audit_sim/enterprise_data/operations" inode=26695 dev=08:01 mode=0100644 ouid=0 ogid=0
Aug 22 00:53:30 aitest audit: type=SYSCALL msg=audit(1755824010.336:585): arch=c000003e syscall=59 success=yes exit=0 pid=3805 uid=2010 gid=2010 comm="find" exe="/usr/bin/find" key="process_execution"
Aug 22 00:55:38 aitest audit: type=PATH msg=audit(1755824138.550:656): item=0 name="/home/opc/logai/enterprise_mnc_audit_sim/enterprise_data/development/scripts/build.sh" inode=26195 dev=08:01 mode=0100644 ouid=0 ogid=0
Aug 22 00:55:38 aitest audit: type=SYSCALL msg=audit(1755824138.550:157): arch=c000003e syscall=59 success=yes exit=0 pid=11572 uid=2003 gid=2003 comm="chmod" exe="/usr/bin/chmod" key="process_execution"
Aug 22 00:55:47 aitest audit: type=SYSCALL msg=audit(1755824147.316:479): arch=c000003e syscall=59 success=yes exit=0 pid=11039 uid=2003 gid=2003 comm="wc" exe="/usr/bin/wc" key="process_execution"
Aug 22 00:55:57 aitest audit: type=PATH msg=audit(1755824157.918:470): item=0 name="/home/opc/logai/enterprise_mnc_audit_sim/enterprise_data/development" inode=24418 dev=08:01 mode=0100644 ouid=0 ogid=0
Aug 22 00:55:57 aitest audit: type=SYSCALL msg=audit(1755824157.918:101): arch=c000003e syscall=59 success=yes exit=0 pid=10552 uid=2003 gid=2003 comm="find" exe="/usr/bin/find" key="process_execution"
Aug 22 00:55:58 aitest audit: type=PATH msg=audit(1755824158.905:122): item=0 name="/home/opc/logai/enterprise_mnc_audit_sim/enterprise_data/development/projects/project_alpha.txt" inode=21795 dev=08:01 mode=0100644 ouid=0 ogid=0
Aug 22 00:55:58 aitest audit: type=SYSCALL msg=audit(1755824158.905:747): arch=c000003e syscall=59 success=yes exit=0 pid=4004 uid=2003 gid=2003 comm="cat" exe="/usr/bin/cat" key="process_execution"
Aug 22 00:56:02 aitest audit: type=SYSCALL msg=audit(1755824162.514:749): arch=c000003e syscall=59 success=yes exit=0 pid=10920 uid=2003 gid=2003 comm="grep" exe="/usr/bin/grep" key="process_execution"
Aug 22 00:58:23 aitest audit: type=SYSCALL msg=audit(1755824303.209:439): arch=c000003e syscall=59 success=yes exit=0 pid=2060 uid=2009 gid=2009 comm="cp" exe="/usr/bin/cp" key="process_execution"
Aug 22 00:58:32 aitest audit: type=PATH msg=audit(1755824312.413:402): item=0 name="/home/opc/logai/enterprise_mnc_audit_sim/enterprise_data/development/projects/project_alpha.txt" inode=10080 dev=08:01 mode=0100644 ouid=0 ogid=0
Aug 22 00:58:32 aitest audit: type=SYSCALL msg=audit(1755824312.413:477): arch=c000003e syscall=59 success=yes exit=0 pid=4145 uid=2009 gid=2009 comm="cat" exe="/usr/bin/cat" key="process_execution"
Aug 22 00:58:36 aitest audit: type=PATH msg=audit(1755824316.952:763): item=0 name="/home/opc/logai/enterprise_mnc_audit_sim/enterprise_data/development" inode=16996 dev=08:01 mode=0100644 ouid=0 ogid=0
Aug 22 00:58:36 aitest audit: type=SYSCALL msg=audit(1755824316.952:968): arch=c000003e syscall=59 success=yes exit=0 pid=4344 uid=2009 gid=2009 comm="find" exe="/usr/bin/find" key="process_execution"
Aug 22 00:58:46 aitest audit: type=PATH msg=audit(1755824326.675:50): item=0 name="/home/opc/logai/enterprise_mnc_audit_sim/enterprise_data/development/projects/project_alpha.txt" inode=34800 dev=08:01 mode=0100644 ouid=0 ogid=0
Aug 22 00:58:46 aitest audit: type=SYSCALL msg=audit(1755824326.675:263): arch=c000003e syscall=59 success=yes exit=0 pid=6552 uid=2009 gid=2009 comm="cat" exe="/usr/bin/cat" key="process_execution"
Aug 22 00:58:51 aitest audit: type=PATH msg=audit(1755824331.259:24): item=0 name="/home/opc/logai/enterprise_mnc_audit_sim/enterprise_data/development/" inode=36576 dev=08:01 mode=0100644 ouid=0 ogid=0
Aug 22 00:58:51 aitest audit: type=SYSCALL msg=audit(1755824331.259:516): arch=c000003e syscall=59 success=yes exit=0 pid=2661 uid=2009 gid=2009 comm="ls" exe="/usr/bin/ls" key="process_execution"
Aug 22 00:58:56 aitest audit: type=PATH msg=audit(1755824336.820:338): item=0 name="/home/opc/logai/enterprise_mnc_audit_sim/enterprise_data/database" inode=30935 dev=08:01 mode=0100644 ouid=0 ogid=0
Aug 22 00:58:56 aitest audit: type=SYSCALL msg=audit(1755824336.820:421): arch=c000003e syscall=59 success=yes exit=0 pid=3999 uid=2002 gid=2002 comm="find" exe="/usr/bin/find" key="process_execution"
Aug 22 00:59:05 aitest audit: type=PATH msg=audit(1755824345.485:589): item=0 name="/home/opc/logai/enterprise_mnc_audit_sim/enterprise_data/database" inode=16874 dev=08:01 mode=0100644 ouid=0 ogid=0
Aug 22 00:59:05 aitest audit: type=SYSCALL msg=audit(1755824345.485:250): arch=c000003e syscall=59 success=yes exit=0 pid=5522 uid=2002 gid=2002 comm="find" exe="/usr/bin/find" key="process_execution"
Aug 22 00:59:15 aitest audit: type=PATH msg=audit(1755824355.859:941): item=0 name="/home/opc/logai/enterprise_mnc_audit_sim/applications/databases/" inode=34457 dev=08:01 mode=0100644 ouid=0 ogid=0
Aug 22 00:59:15 aitest audit: type=SYSCALL msg=audit(1755824355.859:84): arch=c000003e syscall=59 success=yes exit=0 pid=11327 uid=2002 gid=2002 comm="ls" exe="/usr/bin/ls" key="process_execution"
Aug 22 01:02:31 aitest audit: type=PATH msg=audit(1755824551.978:247): item=0 name="/home/opc/logai/enterprise_mnc_audit_sim/system/configs/server.conf" inode=22709 dev=08:01 mode=0100644 ouid=0 ogid=0
Aug 22 01:02:31 aitest audit: type=SYSCALL msg=audit(1755824551.978:572): arch=c000003e syscall=59 success=yes exit=0 pid=2096 uid=2001 gid=2001 comm="cat" exe="/usr/bin/cat" key="process_execution"
Aug 22 01:02:35 aitest audit: type=SYSCALL msg=audit(1755824555.640:660): arch=c000003e syscall=59 success=yes exit=0 pid=9038 uid=2001 gid=2001 comm="netstat" exe="/usr/bin/netstat" key="process_execution"
Aug 22 01:02:42 aitest audit: type=PATH msg=audit(1755824562.41:344): item=0 name="/home/opc/logai/enterprise_mnc_audit_sim/system/configs/server.conf" inode=19426 dev=08:01 mode=0100644 ouid=0 ogid=0
Aug 22 01:02:42 aitest audit: type=SYSCALL msg=audit(1755824562.41:287): arch=c000003e syscall=59 success=yes exit=0 pid=2514 uid=2001 gid=2001 comm="chmod" exe="/usr/bin/chmod" key="process_execution"
Aug 22 01:02:48 aitest audit: type=SYSCALL msg=audit(1755824568.275:112): arch=c000003e syscall=59 success=yes exit=0 pid=10583 uid=2001 gid=2001 comm="free" exe="/usr/bin/free" key="process_execution"
Aug 22 01:08:14 aitest audit: type=PATH msg=audit(1755824894.734:382): item=0 name="/home/opc/logai/enterprise_mnc_audit_sim/enterprise_data/database/mysql/db_config.cnf" inode=38373 dev=08:01 mode=0100644 ouid=0 ogid=0
Aug 22 01:08:14 aitest audit: type=SYSCALL msg=audit(1755824894.734:630): arch=c000003e syscall=59 success=yes exit=0 pid=4609 uid=2005 gid=2005 comm="cat" exe="/usr/bin/cat" key="process_execution"
Aug 22 01:08:19 aitest audit: type=SYSCALL msg=audit(1755824899.86:661): arch=c000003e syscall=59 success=yes exit=0 pid=6790 uid=2005 gid=2005 comm="grep" exe="/usr/bin/grep" key="process_execution"
Aug 22 01:08:29 aitest audit: type=PATH msg=audit(1755824909.248:32): item=0 name="/home/opc/logai/enterprise_mnc_audit_sim/applications/databases/" inode=28861 dev=08:01 mode=0100644 ouid=0 ogid=0
Aug 22 01:08:29 aitest audit: type=SYSCALL msg=audit(1755824909.248:332): arch=c000003e syscall=59 success=yes exit=0 pid=10126 uid=2005 gid=2005 comm="ls" exe="/usr/bin/ls" key="process_execution"
Aug 22 01:14:15 aitest audit: type=SYSCALL msg=audit(1755825255.720:336): arch=c000003e syscall=59 success=yes exit=0 pid=8141 uid=2009 gid=2009 comm="cp" exe="/usr/bin/cp" key="process_execution"
Aug 22 01:14:25 aitest audit: type=PATH msg=audit(1755825265.24:448): item=0 name="/home/opc/logai/enterprise_mnc_audit_sim/enterprise_data/development/scripts/build.sh" inode=27545 dev=08:01 mode=0100644 ouid=0 ogid=0
Aug 22 01:14:25 aitest audit: type=SYSCALL msg=audit(1755825265.24:675): arch=c000003e syscall=59 success=yes exit=0 pid=11147 uid=2009 gid=2009 comm="chmod" exe="/usr/bin/chmod" key="process_execution"
Aug 22 01:14:35 aitest audit: type=SYSCALL msg=audit(1755825275.767:327): arch=c000003e syscall=59 success=yes exit=0 pid=4645 uid=2009 gid=2009 comm="grep" exe="/usr/bin/grep" key="process_execution"
Aug 22 01:28:00 aitest audit: type=SYSCALL msg=audit(1755826080.410:599): arch=c000003e syscall=59 success=yes exit=0 pid=6477 uid=2004 gid=2004 comm="free" exe="/usr/bin/free" key="process_execution"
Aug 22 01:28:06 aitest audit: type=SYSCALL msg=audit(1755826086.31:960): arch=c000003e syscall=59 success=yes exit=0 pid=11745 uid=2004 gid=2004 comm="netstat" exe="/usr/bin/netstat" key="process_execution"
Aug 22 01:28:13 aitest audit: type=PATH msg=audit(1755826093.96:784): item=0 name="/home/opc/logai/enterprise_mnc_audit_sim/system" inode=39086 dev=08:01 mode=0100644 ouid=0 ogid=0
Aug 22 01:28:13 aitest audit: type=SYSCALL msg=audit(1755826093.96:806): arch=c000003e syscall=59 success=yes exit=0 pid=8672 uid=2004 gid=2004 comm="find" exe="/usr/bin/find" key="process_execution"
Aug 22 01:30:19 aitest audit: type=PATH msg=audit(1755826219.991:561): item=0 name="/home/opc/logai/enterprise_mnc_audit_sim/enterprise_data/development" inode=23441 dev=08:01 mode=0100644 ouid=0 ogid=0
Aug 22 01:30:19 aitest audit: type=SYSCALL msg=audit(1755826219.991:457): arch=c000003e syscall=59 success=yes exit=0 pid=10440 uid=2003 gid=2003 comm="find" exe="/usr/bin/find" key="process_execution"
Aug 22 01:30:22 aitest audit: type=PATH msg=audit(1755826222.618:123): item=0 name="/home/opc/logai/enterprise_mnc_audit_sim/enterprise_data/development/projects/project_alpha.txt" inode=11748 dev=08:01 mode=0100644 ouid=0 ogid=0
Aug 22 01:30:22 aitest audit: type=SYSCALL msg=audit(1755826222.618:270): arch=c000003e syscall=59 success=yes exit=0 pid=4143 uid=2003 gid=2003 comm="cat" exe="/usr/bin/cat" key="process_execution"
Aug 22 01:30:23 aitest audit: type=PATH msg=audit(1755826223.258:698): item=0 name="/home/opc/logai/enterprise_mnc_audit_sim/enterprise_data/development/" inode=12299 dev=08:01 mode=0100644 ouid=0 ogid=0
Aug 22 01:30:23 aitest audit: type=SYSCALL msg=audit(1755826223.258:824): arch=c000003e syscall=59 success=yes exit=0 pid=8770 uid=2003 gid=2003 comm="ls" exe="/usr/bin/ls" key="process_execution"
Aug 22 01:31:01 aitest audit: type=PATH msg=audit(1755826261.751:273): item=0 name="/home/opc/logai/enterprise_mnc_audit_sim/enterprise_data/database/" inode=12331 dev=08:01 mode=0100644 ouid=0 ogid=0
Aug 22 01:31:01 aitest audit: type=SYSCALL msg=audit(1755826261.751:842): arch=c000003e syscall=59 success=yes exit=0 pid=6484 uid=2005 gid=2005 comm="ls" exe="/usr/bin/ls" key="process_execution"
Aug 22 01:31:09 aitest audit: type=SYSCALL msg=audit(1755826269.294:501): arch=c000003e syscall=59 success=yes exit=0 pid=9613 uid=2005 gid=2005 comm="du" exe="/usr/bin/du" key="process_execution"
Aug 22 01:31:10 aitest audit: type=PATH msg=audit(1755826270.621:353): item=0 name="/home/opc/logai/enterprise_mnc_audit_sim/enterprise_data/database/mysql/db_config.cnf" inode=15347 dev=08:01 mode=0100644 ouid=0 ogid=0
Aug 22 01:31:10 aitest audit: type=SYSCALL msg=audit(1755826270.621:763): arch=c000003e syscall=59 success=yes exit=0 pid=11335 uid=2005 gid=2005 comm="cat" exe="/usr/bin/cat" key="process_execution"
Aug 22 01:33:46 aitest audit: type=PATH msg=audit(1755826426.407:289): item=0 name="/home/opc/logai/enterprise_mnc_audit_sim/applications/databases/" inode=32398 dev=08:01 mode=0100644 ouid=0 ogid=0
Aug 22 01:33:46 aitest audit: type=SYSCALL msg=audit(1755826426.407:390): arch=c000003e syscall=59 success=yes exit=0 pid=7259 uid=2002 gid=2002 comm="ls" exe="/usr/bin/ls" key="process_execution"
Aug 22 01:33:52 aitest audit: type=PATH msg=audit(1755826432.890:724): item=0 name="/home/opc/logai/enterprise_mnc_audit_sim/enterprise_data/database/mysql/db_config.cnf" inode=17654 dev=08:01 mode=0100644 ouid=0 ogid=0
Aug 22 01:33:52 aitest audit: type=SYSCALL msg=audit(1755826432.890:993): arch=c000003e syscall=59 success=yes exit=0 pid=2863 uid=2002 gid=2002 comm="chmod" exe="/usr/bin/chmod" key="process_execution"
Aug 22 01:33:57 aitest audit: type=PATH msg=audit(1755826437.48:814): item=0 name="/home/opc/logai/enterprise_mnc_audit_sim/enterprise_data/database/mysql/db_config.cnf" inode=33233 dev=08:01 mode=0100644 ouid=0 ogid=0
Aug 22 01:33:57 aitest audit: type=SYSCALL msg=audit(1755826437.48:785): arch=c000003e syscall=59 success=yes exit=0 pid=2389 uid=2002 gid=2002 comm="cat" exe="/usr/bin/cat" key="process_execution"
Aug 22 01:34:02 aitest audit: type=SYSCALL msg=audit(1755826442.552:142): arch=c000003e syscall=59 success=yes exit=0 pid=10115 uid=2002 gid=2002 comm="grep" exe="/usr/bin/grep" key="process_execution"
Aug 22 01:34:08 aitest audit: type=PATH msg=audit(1755826448.837:674): item=0 name="/home/opc/logai/enterprise_mnc_audit_sim/enterprise_data/database/" inode=11701 dev=08:01 mode=0100644 ouid=0 ogid=0
Aug 22 01:34:08 aitest audit: type=SYSCALL msg=audit(1755826448.837:829): arch=c000003e syscall=59 success=yes exit=0 pid=6082 uid=2002 gid=2002 comm="ls" exe="/usr/bin/ls" key="process_execution"
Aug 22 01:46:37 aitest audit: type=PATH msg=audit(1755827197.653:632): item=0 name="/home/opc/logai/enterprise_mnc_audit_sim/enterprise_data/development/projects/project_alpha.txt" inode=17531 dev=08:01 mode=0100644 ouid=0 ogid=0
Aug 22 01:46:37 aitest audit: type=SYSCALL msg=audit(1755827197.653:65): arch=c000003e syscall=59 success=yes exit=0 pid=6248 uid=2006 gid=2006 comm="cat" exe="/usr/bin/cat" key="process_execution"
Aug 22 01:46:41 aitest audit: type=PATH msg=audit(1755827201.833:262): item=0 name="/home/opc/logai/enterprise_mnc_audit_sim/enterprise_data/development" inode=30579 dev=08:01 mode=0100644 ouid=0 ogid=0
Aug 22 01:46:41 aitest audit: type=SYSCALL msg=audit(1755827201.833:384): arch=c000003e syscall=59 success=yes exit=0 pid=11067 uid=2006 gid=2006 comm="find" exe="/usr/bin/find" key="process_execution"
Aug 22 01:46:47 aitest audit: type=PATH msg=audit(1755827207.639:224): item=0 name="/home/opc/logai/enterprise_mnc_audit_sim/enterprise_data/development/" inode=13759 dev=08:01 mode=0100644 ouid=0 ogid=0
Aug 22 01:46:47 aitest audit: type=SYSCALL msg=audit(1755827207.639:200): arch=c000003e syscall=59 success=yes exit=0 pid=7970 uid=2006 gid=2006 comm="ls" exe="/usr/bin/ls" key="process_execution"
Aug 22 01:46:49 aitest audit: type=PATH msg=audit(1755827209.632:367): item=0 name="/home/opc/logai/enterprise_mnc_audit_sim/enterprise_data/development/scripts/build.sh" inode=13796 dev=08:01 mode=0100644 ouid=0 ogid=0
Aug 22 01:46:49 aitest audit: type=SYSCALL msg=audit(1755827209.632:184): arch=c000003e syscall=59 success=yes exit=0 pid=3659 uid=2006 gid=2006 comm="chmod" exe="/usr/bin/chmod" key="process_execution"
Aug 22 01:46:52 aitest audit: type=SYSCALL msg=audit(1755827212.897:705): arch=c000003e syscall=59 success=yes exit=0 pid=4742 uid=2006 gid=2006 comm="wc" exe="/usr/bin/wc" key="process_execution"
Aug 22 01:50:49 aitest audit: type=SYSCALL msg=audit(1755827449.507:321): arch=c000003e syscall=59 success=yes exit=0 pid=2062 uid=2002 gid=2002 comm="cp" exe="/usr/bin/cp" key="process_execution"
Aug 22 01:50:52 aitest audit: type=PATH msg=audit(1755827452.10:743): item=0 name="/home/opc/logai/enterprise_mnc_audit_sim/applications/databases/" inode=40718 dev=08:01 mode=0100644 ouid=0 ogid=0
Aug 22 01:50:52 aitest audit: type=SYSCALL msg=audit(1755827452.10:127): arch=c000003e syscall=59 success=yes exit=0 pid=7256 uid=2002 gid=2002 comm="ls" exe="/usr/bin/ls" key="process_execution"
Aug 22 01:50:55 aitest audit: type=PATH msg=audit(1755827455.109:257): item=0 name="/home/opc/logai/enterprise_mnc_audit_sim/enterprise_data/database" inode=11896 dev=08:01 mode=0100644 ouid=0 ogid=0
Aug 22 01:50:55 aitest audit: type=SYSCALL msg=audit(1755827455.109:472): arch=c000003e syscall=59 success=yes exit=0 pid=2538 uid=2002 gid=2002 comm="find" exe="/usr/bin/find" key="process_execution"
Aug 22 01:51:04 aitest audit: type=PATH msg=audit(1755827464.954:519): item=0 name="/home/opc/logai/enterprise_mnc_audit_sim/enterprise_data/database" inode=30625 dev=08:01 mode=0100644 ouid=0 ogid=0
Aug 22 01:51:04 aitest audit: type=SYSCALL msg=audit(1755827464.954:299): arch=c000003e syscall=59 success=yes exit=0 pid=11748 uid=2002 gid=2002 comm="find" exe="/usr/bin/find" key="process_execution"
Aug 22 01:51:10 aitest audit: type=PATH msg=audit(1755827470.88:469): item=0 name="/home/opc/logai/enterprise_mnc_audit_sim/enterprise_data/database/" inode=35224 dev=08:01 mode=0100644 ouid=0 ogid=0
Aug 22 01:51:10 aitest audit: type=SYSCALL msg=audit(1755827470.88:188): arch=c000003e syscall=59 success=yes exit=0 pid=4053 uid=2002 gid=2002 comm="ls" exe="/usr/bin/ls" key="process_execution"
Aug 22 01:58:13 aitest audit: type=PATH msg=audit(1755827893.582:510): item=0 name="/home/opc/logai/enterprise_mnc_audit_sim/system" inode=22379 dev=08:01 mode=0100644 ouid=0 ogid=0
Aug 22 01:58:13 aitest audit: type=SYSCALL msg=audit(1755827893.582:944): arch=c000003e syscall=59 success=yes exit=0 pid=3605 uid=2001 gid=2001 comm="find" exe="/usr/bin/find" key="process_execution"
Aug 22 01:58:16 aitest audit: type=PATH msg=audit(1755827896.48:324): item=0 name="/home/opc/logai/enterprise_mnc_audit_sim/system" inode=39857 dev=08:01 mode=0100644 ouid=0 ogid=0
Aug 22 01:58:16 aitest audit: type=SYSCALL msg=audit(1755827896.48:185): arch=c000003e syscall=59 success=yes exit=0 pid=6952 uid=2001 gid=2001 comm="find" exe="/usr/bin/find" key="process_execution"
Aug 22 01:58:19 aitest audit: type=PATH msg=audit(1755827899.532:140): item=0 name="/home/opc/logai/enterprise_mnc_audit_sim/system/configs/server.conf" inode=18649 dev=08:01 mode=0100644 ouid=0 ogid=0
Aug 22 01:58:19 aitest audit: type=SYSCALL msg=audit(1755827899.532:963): arch=c000003e syscall=59 success=yes exit=0 pid=2831 uid=2001 gid=2001 comm="chmod" exe="/usr/bin/chmod" key="process_execution"
Aug 22 01:58:29 aitest audit: type=PATH msg=audit(1755827909.664:613): item=0 name="/home/opc/logai/enterprise_mnc_audit_sim/system" inode=24972 dev=08:01 mode=0100644 ouid=0 ogid=0
Aug 22 01:58:29 aitest audit: type=SYSCALL msg=audit(1755827909.664:236): arch=c000003e syscall=59 success=yes exit=0 pid=2274 uid=2001 gid=2001 comm="find" exe="/usr/bin/find" key="process_execution"
Aug 22 01:58:37 aitest audit: type=SYSCALL msg=audit(1755827917.972:136): arch=c000003e syscall=59 success=yes exit=0 pid=2560 uid=2001 gid=2001 comm="netstat" exe="/usr/bin/netstat" key="process_execution"
Aug 22 02:01:22 aitest audit: type=PATH msg=audit(1755828082.403:296): item=0 name="/home/opc/logai/enterprise_mnc_audit_sim/enterprise_data/database" inode=11645 dev=08:01 mode=0100644 ouid=0 ogid=0
Aug 22 02:01:22 aitest audit: type=SYSCALL msg=audit(1755828082.403:381): arch=c000003e syscall=59 success=yes exit=0 pid=2829 uid=2002 gid=2002 comm="find" exe="/usr/bin/find" key="process_execution"
Aug 22 02:01:32 aitest audit: type=SYSCALL msg=audit(1755828092.918:293): arch=c000003e syscall=59 success=yes exit=0 pid=2784 uid=2002 gid=2002 comm="grep" exe="/usr/bin/grep" key="process_execution"
Aug 22 02:01:36 aitest audit: type=SYSCALL msg=audit(1755828096.465:243): arch=c000003e syscall=59 success=yes exit=0 pid=8946 uid=2002 gid=2002 comm="du" exe="/usr/bin/du" key="process_execution"
Aug 22 02:03:35 aitest audit: type=SYSCALL msg=audit(1755828215.858:419): arch=c000003e syscall=59 success=yes exit=0 pid=3820 uid=2004 gid=2004 comm="ps" exe="/usr/bin/ps" key="process_execution"
Aug 22 02:03:43 aitest audit: type=PATH msg=audit(1755828223.149:377): item=0 name="/home/opc/logai/enterprise_mnc_audit_sim/system/logs/application.log" inode=15433 dev=08:01 mode=0100644 ouid=0 ogid=0
Aug 22 02:03:43 aitest audit: type=SYSCALL msg=audit(1755828223.149:506): arch=c000003e syscall=59 success=yes exit=0 pid=2099 uid=2004 gid=2004 comm="tail" exe="/usr/bin/tail" key="process_execution"
Aug 22 02:03:50 aitest audit: type=PATH msg=audit(1755828230.862:442): item=0 name="/home/opc/logai/enterprise_mnc_audit_sim/system/logs/application.log" inode=32101 dev=08:01 mode=0100644 ouid=0 ogid=0
Aug 22 02:03:50 aitest audit: type=SYSCALL msg=audit(1755828230.862:314): arch=c000003e syscall=59 success=yes exit=0 pid=3522 uid=2004 gid=2004 comm="tail" exe="/usr/bin/tail" key="process_execution"
Aug 22 02:04:00 aitest audit: type=PATH msg=audit(1755828240.131:542): item=0 name="/home/opc/logai/enterprise_mnc_audit_sim/applications/" inode=25238 dev=08:01 mode=0100644 ouid=0 ogid=0
Aug 22 02:04:00 aitest audit: type=SYSCALL msg=audit(1755828240.131:923): arch=c000003e syscall=59 success=yes exit=0 pid=10666 uid=2004 gid=2004 comm="ls" exe="/usr/bin/ls" key="process_execution"
Aug 22 02:05:54 aitest audit: type=SYSCALL msg=audit(1755828354.412:262): arch=c000003e syscall=59 success=yes exit=0 pid=2820 uid=2001 gid=2001 comm="free" exe="/usr/bin/free" key="process_execution"
Aug 22 02:06:02 aitest audit: type=PATH msg=audit(1755828362.289:102): item=0 name="/home/opc/logai/enterprise_mnc_audit_sim/system/configs/server.conf" inode=33904 dev=08:01 mode=0100644 ouid=0 ogid=0
Aug 22 02:06:02 aitest audit: type=SYSCALL msg=audit(1755828362.289:839): arch=c000003e syscall=59 success=yes exit=0 pid=3717 uid=2001 gid=2001 comm="chmod" exe="/usr/bin/chmod" key="process_execution"
Aug 22 02:14:40 aitest audit: type=PATH msg=audit(1755828880.335:123): item=0 name="/home/opc/logai/enterprise_mnc_audit_sim/enterprise_data/database" inode=27708 dev=08:01 mode=0100644 ouid=0 ogid=0
Aug 22 02:14:40 aitest audit: type=SYSCALL msg=audit(1755828880.335:31): arch=c000003e syscall=59 success=yes exit=0 pid=11808 uid=2002 gid=2002 comm="find" exe="/usr/bin/find" key="process_execution"
Aug 22 02:14:46 aitest audit: type=SYSCALL msg=audit(1755828886.662:261): arch=c000003e syscall=59 success=yes exit=0 pid=11625 uid=2002 gid=2002 comm="du" exe="/usr/bin/du" key="process_execution"
Aug 22 02:14:49 aitest audit: type=SYSCALL msg=audit(1755828889.39:291): arch=c000003e syscall=59 success=yes exit=0 pid=6922 uid=2002 gid=2002 comm="cp" exe="/usr/bin/cp" key="process_execution"
Aug 22 02:14:50 aitest audit: type=PATH msg=audit(1755828890.130:915): item=0 name="/home/opc/logai/enterprise_mnc_audit_sim/enterprise_data/database/mysql/db_config.cnf" inode=34413 dev=08:01 mode=0100644 ouid=0 ogid=0
Aug 22 02:14:50 aitest audit: type=SYSCALL msg=audit(1755828890.130:869): arch=c000003e syscall=59 success=yes exit=0 pid=9537 uid=2002 gid=2002 comm="chmod" exe="/usr/bin/chmod" key="process_execution"
Aug 22 02:21:20 aitest audit: type=PATH msg=audit(1755829280.244:193): item=0 name="/home/opc/logai/enterprise_mnc_audit_sim/enterprise_data/development/scripts/build.sh" inode=36038 dev=08:01 mode=0100644 ouid=0 ogid=0
Aug 22 02:21:20 aitest audit: type=SYSCALL msg=audit(1755829280.244:883): arch=c000003e syscall=59 success=yes exit=0 pid=4538 uid=2009 gid=2009 comm="chmod" exe="/usr/bin/chmod" key="process_execution"
Aug 22 02:21:29 aitest audit: type=PATH msg=audit(1755829289.534:973): item=0 name="/home/opc/logai/enterprise_mnc_audit_sim/enterprise_data/development/" inode=40104 dev=08:01 mode=0100644 ouid=0 ogid=0
Aug 22 02:21:29 aitest audit: type=SYSCALL msg=audit(1755829289.534:657): arch=c000003e syscall=59 success=yes exit=0 pid=9538 uid=2009 gid=2009 comm="ls" exe="/usr/bin/ls" key="process_execution"
Aug 22 02:21:31 aitest audit: type=SYSCALL msg=audit(1755829291.262:716): arch=c000003e syscall=59 success=yes exit=0 pid=11173 uid=2009 gid=2009 comm="wc" exe="/usr/bin/wc" key="process_execution"
Aug 22 02:40:37 aitest audit: type=SYSCALL msg=audit(1755830437.144:6): arch=c000003e syscall=59 success=yes exit=0 pid=8913 uid=2008 gid=2008 comm="netstat" exe="/usr/bin/netstat" key="process_execution"
Aug 22 02:40:46 aitest audit: type=SYSCALL msg=audit(1755830446.272:262): arch=c000003e syscall=59 success=yes exit=0 pid=9822 uid=2008 gid=2008 comm="who" exe="/usr/bin/who" key="process_execution"
Aug 22 03:02:19 aitest audit: type=SYSCALL msg=audit(1755831739.364:236): arch=c000003e syscall=59 success=yes exit=0 pid=10071 uid=2005 gid=2005 comm="cp" exe="/usr/bin/cp" key="process_execution"
Aug 22 03:02:26 aitest audit: type=SYSCALL msg=audit(1755831746.146:963): arch=c000003e syscall=59 success=yes exit=0 pid=5444 uid=2005 gid=2005 comm="du" exe="/usr/bin/du" key="process_execution"
Aug 22 03:02:33 aitest audit: type=PATH msg=audit(1755831753.43:772): item=0 name="/home/opc/logai/enterprise_mnc_audit_sim/enterprise_data/database/mysql/db_config.cnf" inode=13994 dev=08:01 mode=0100644 ouid=0 ogid=0
Aug 22 03:02:33 aitest audit: type=SYSCALL msg=audit(1755831753.43:92): arch=c000003e syscall=59 success=yes exit=0 pid=4969 uid=2005 gid=2005 comm="cat" exe="/usr/bin/cat" key="process_execution"
Aug 22 03:04:14 aitest audit: type=PATH msg=audit(1755831854.513:119): item=0 name="/home/opc/logai/enterprise_mnc_audit_sim/enterprise_data/development" inode=32914 dev=08:01 mode=0100644 ouid=0 ogid=0
Aug 22 03:04:14 aitest audit: type=SYSCALL msg=audit(1755831854.513:347): arch=c000003e syscall=59 success=yes exit=0 pid=4840 uid=2003 gid=2003 comm="find" exe="/usr/bin/find" key="process_execution"
Aug 22 03:04:16 aitest audit: type=SYSCALL msg=audit(1755831856.545:441): arch=c000003e syscall=59 success=yes exit=0 pid=9520 uid=2003 gid=2003 comm="wc" exe="/usr/bin/wc" key="process_execution"
Aug 22 03:04:18 aitest audit: type=SYSCALL msg=audit(1755831858.849:20): arch=c000003e syscall=59 success=yes exit=0 pid=9561 uid=2003 gid=2003 comm="grep" exe="/usr/bin/grep" key="process_execution"
Aug 22 03:04:20 aitest audit: type=PATH msg=audit(1755831860.293:437): item=0 name="/home/opc/logai/enterprise_mnc_audit_sim/enterprise_data/operations/" inode=38517 dev=08:01 mode=0100644 ouid=0 ogid=0
Aug 22 03:04:20 aitest audit: type=SYSCALL msg=audit(1755831860.293:35): arch=c000003e syscall=59 success=yes exit=0 pid=6786 uid=2007 gid=2007 comm="ls" exe="/usr/bin/ls" key="process_execution"
Aug 22 03:04:23 aitest audit: type=PATH msg=audit(1755831863.838:995): item=0 name="/home/opc/logai/enterprise_mnc_audit_sim/applications/" inode=22884 dev=08:01 mode=0100644 ouid=0 ogid=0
Aug 22 03:04:23 aitest audit: type=SYSCALL msg=audit(1755831863.838:573): arch=c000003e syscall=59 success=yes exit=0 pid=7119 uid=2007 gid=2007 comm="ls" exe="/usr/bin/ls" key="process_execution"
Aug 22 03:04:24 aitest audit: type=PATH msg=audit(1755831864.766:957): item=0 name="/home/opc/logai/enterprise_mnc_audit_sim/enterprise_data/development" inode=16331 dev=08:01 mode=0100644 ouid=0 ogid=0
Aug 22 03:04:24 aitest audit: type=SYSCALL msg=audit(1755831864.766:21): arch=c000003e syscall=59 success=yes exit=0 pid=3442 uid=2003 gid=2003 comm="find" exe="/usr/bin/find" key="process_execution"
Aug 22 03:04:29 aitest audit: type=SYSCALL msg=audit(1755831869.131:684): arch=c000003e syscall=59 success=yes exit=0 pid=2823 uid=2007 gid=2007 comm="ps" exe="/usr/bin/ps" key="process_execution"
Aug 22 03:09:00 aitest audit: type=PATH msg=audit(1755832140.476:18): item=0 name="/home/opc/logai/enterprise_mnc_audit_sim/enterprise_data/development/scripts/build.sh" inode=15936 dev=08:01 mode=0100644 ouid=0 ogid=0
Aug 22 03:09:00 aitest audit: type=SYSCALL msg=audit(1755832140.476:85): arch=c000003e syscall=59 success=yes exit=0 pid=11330 uid=2003 gid=2003 comm="chmod" exe="/usr/bin/chmod" key="process_execution"
Aug 22 03:09:06 aitest audit: type=PATH msg=audit(1755832146.422:887): item=0 name="/home/opc/logai/enterprise_mnc_audit_sim/enterprise_data/development/" inode=25690 dev=08:01 mode=0100644 ouid=0 ogid=0
Aug 22 03:09:06 aitest audit: type=SYSCALL msg=audit(1755832146.422:905): arch=c000003e syscall=59 success=yes exit=0 pid=4513 uid=2003 gid=2003 comm="ls" exe="/usr/bin/ls" key="process_execution"
Aug 22 03:12:07 aitest audit: type=SYSCALL msg=audit(1755832327.2:903): arch=c000003e syscall=59 success=yes exit=0 pid=10220 uid=2002 gid=2002 comm="du" exe="/usr/bin/du" key="process_execution"
Aug 22 03:12:08 aitest audit: type=PATH msg=audit(1755832328.639:276): item=0 name="/home/opc/logai/enterprise_mnc_audit_sim/enterprise_data/database/mysql/db_config.cnf" inode=37193 dev=08:01 mode=0100644 ouid=0 ogid=0
Aug 22 03:12:08 aitest audit: type=SYSCALL msg=audit(1755832328.639:206): arch=c000003e syscall=59 success=yes exit=0 pid=4063 uid=2002 gid=2002 comm="chmod" exe="/usr/bin/chmod" key="process_execution"
Aug 22 03:12:17 aitest audit: type=PATH msg=audit(1755832337.310:918): item=0 name="/home/opc/logai/enterprise_mnc_audit_sim/enterprise_data/database/mysql/db_config.cnf" inode=14503 dev=08:01 mode=0100644 ouid=0 ogid=0
Aug 22 03:12:17 aitest audit: type=SYSCALL msg=audit(1755832337.310:656): arch=c000003e syscall=59 success=yes exit=0 pid=6589 uid=2002 gid=2002 comm="cat" exe="/usr/bin/cat" key="process_execution"
Aug 22 03:12:27 aitest audit: type=PATH msg=audit(1755832347.14:790): item=0 name="/home/opc/logai/enterprise_mnc_audit_sim/enterprise_data/database/mysql/db_config.cnf" inode=40707 dev=08:01 mode=0100644 ouid=0 ogid=0
Aug 22 03:12:27 aitest audit: type=SYSCALL msg=audit(1755832347.14:605): arch=c000003e syscall=59 success=yes exit=0 pid=6623 uid=2002 gid=2002 comm="cat" exe="/usr/bin/cat" key="process_execution"
Aug 22 03:12:35 aitest audit: type=SYSCALL msg=audit(1755832355.245:648): arch=c000003e syscall=59 success=yes exit=0 pid=8192 uid=2002 gid=2002 comm="grep" exe="/usr/bin/grep" key="process_execution"
Aug 22 03:22:38 aitest audit: type=SYSCALL msg=audit(1755832958.835:32): arch=c000003e syscall=59 success=yes exit=0 pid=11533 uid=2002 gid=2002 comm="du" exe="/usr/bin/du" key="process_execution"
Aug 22 03:22:42 aitest audit: type=SYSCALL msg=audit(1755832962.98:472): arch=c000003e syscall=59 success=yes exit=0 pid=10515 uid=2002 gid=2002 comm="cp" exe="/usr/bin/cp" key="process_execution"
Aug 22 03:22:43 aitest audit: type=PATH msg=audit(1755832963.247:969): item=0 name="/home/opc/logai/enterprise_mnc_audit_sim/enterprise_data/database/" inode=18654 dev=08:01 mode=0100644 ouid=0 ogid=0
Aug 22 03:22:43 aitest audit: type=SYSCALL msg=audit(1755832963.247:335): arch=c000003e syscall=59 success=yes exit=0 pid=9420 uid=2002 gid=2002 comm="ls" exe="/usr/bin/ls" key="process_execution"
Aug 22 03:25:26 aitest audit: type=PATH msg=audit(1755833126.29:131): item=0 name="/home/opc/logai/enterprise_mnc_audit_sim/enterprise_data/database/mysql/db_config.cnf" inode=40732 dev=08:01 mode=0100644 ouid=0 ogid=0
Aug 22 03:25:26 aitest audit: type=SYSCALL msg=audit(1755833126.29:816): arch=c000003e syscall=59 success=yes exit=0 pid=6323 uid=2005 gid=2005 comm="chmod" exe="/usr/bin/chmod" key="process_execution"
Aug 22 03:25:28 aitest audit: type=PATH msg=audit(1755833128.295:936): item=0 name="/home/opc/logai/enterprise_mnc_audit_sim/enterprise_data/database/mysql/db_config.cnf" inode=24014 dev=08:01 mode=0100644 ouid=0 ogid=0
Aug 22 03:25:28 aitest audit: type=SYSCALL msg=audit(1755833128.295:230): arch=c000003e syscall=59 success=yes exit=0 pid=11835 uid=2005 gid=2005 comm="cat" exe="/usr/bin/cat" key="process_execution"
Aug 22 03:25:37 aitest audit: type=PATH msg=audit(1755833137.139:917): item=0 name="/home/opc/logai/enterprise_mnc_audit_sim/enterprise_data/database/mysql/db_config.cnf" inode=24673 dev=08:01 mode=0100644 ouid=0 ogid=0
Aug 22 03:25:37 aitest audit: type=SYSCALL msg=audit(1755833137.139:400): arch=c000003e syscall=59 success=yes exit=0 pid=6288 uid=2005 gid=2005 comm="cat" exe="/usr/bin/cat" key="process_execution"
Aug 22 03:25:43 aitest audit: type=PATH msg=audit(1755833143.560:39): item=0 name="/home/opc/logai/enterprise_mnc_audit_sim/applications/databases/" inode=25541 dev=08:01 mode=0100644 ouid=0 ogid=0
Aug 22 03:25:43 aitest audit: type=SYSCALL msg=audit(1755833143.560:928): arch=c000003e syscall=59 success=yes exit=0 pid=7367 uid=2005 gid=2005 comm="ls" exe="/usr/bin/ls" key="process_execution"
Aug 22 03:25:48 aitest audit: type=PATH msg=audit(1755833148.906:117): item=0 name="/home/opc/logai/enterprise_mnc_audit_sim/enterprise_data/database/mysql/db_config.cnf" inode=39775 dev=08:01 mode=0100644 ouid=0 ogid=0
Aug 22 03:25:48 aitest audit: type=SYSCALL msg=audit(1755833148.906:336): arch=c000003e syscall=59 success=yes exit=0 pid=7566 uid=2005 gid=2005 comm="cat" exe="/usr/bin/cat" key="process_execution"
Aug 22 03:29:29 aitest audit: type=SYSCALL msg=audit(1755833369.259:307): arch=c000003e syscall=59 success=yes exit=0 pid=6629 uid=2006 gid=2006 comm="grep" exe="/usr/bin/grep" key="process_execution"
Aug 22 03:29:30 aitest audit: type=PATH msg=audit(1755833370.90:4): item=0 name="/home/opc/logai/enterprise_mnc_audit_sim/enterprise_data/development/scripts/build.sh" inode=13334 dev=08:01 mode=0100644 ouid=0 ogid=0
Aug 22 03:29:30 aitest audit: type=SYSCALL msg=audit(1755833370.90:647): arch=c000003e syscall=59 success=yes exit=0 pid=3892 uid=2006 gid=2006 comm="chmod" exe="/usr/bin/chmod" key="process_execution"
Aug 22 03:29:33 aitest audit: type=PATH msg=audit(1755833373.357:309): item=0 name="/home/opc/logai/enterprise_mnc_audit_sim/enterprise_data/development/scripts/build.sh" inode=28368 dev=08:01 mode=0100644 ouid=0 ogid=0
Aug 22 03:29:33 aitest audit: type=SYSCALL msg=audit(1755833373.357:591): arch=c000003e syscall=59 success=yes exit=0 pid=9484 uid=2006 gid=2006 comm="chmod" exe="/usr/bin/chmod" key="process_execution"
Aug 22 03:29:34 aitest audit: type=SYSCALL msg=audit(1755833374.717:271): arch=c000003e syscall=59 success=yes exit=0 pid=3515 uid=2008 gid=2008 comm="w" exe="/usr/bin/w" key="process_execution"
Aug 22 03:29:35 aitest audit: type=SYSCALL msg=audit(1755833375.169:562): arch=c000003e syscall=59 success=yes exit=0 pid=2479 uid=2008 gid=2008 comm="last" exe="/usr/bin/last" key="process_execution"
Aug 22 03:29:35 aitest audit: type=SYSCALL msg=audit(1755833375.932:695): arch=c000003e syscall=59 success=yes exit=0 pid=7607 uid=2006 gid=2006 comm="grep" exe="/usr/bin/grep" key="process_execution"
Aug 22 03:32:51 aitest audit: type=PATH msg=audit(1755833571.396:915): item=0 name="/home/opc/logai/enterprise_mnc_audit_sim/enterprise_data/development/" inode=15242 dev=08:01 mode=0100644 ouid=0 ogid=0
Aug 22 03:32:51 aitest audit: type=SYSCALL msg=audit(1755833571.396:936): arch=c000003e syscall=59 success=yes exit=0 pid=6961 uid=2003 gid=2003 comm="ls" exe="/usr/bin/ls" key="process_execution"
Aug 22 03:32:53 aitest audit: type=PATH msg=audit(1755833573.54:413): item=0 name="/home/opc/logai/enterprise_mnc_audit_sim/enterprise_data/development/" inode=32560 dev=08:01 mode=0100644 ouid=0 ogid=0
Aug 22 03:32:53 aitest audit: type=SYSCALL msg=audit(1755833573.54:516): arch=c000003e syscall=59 success=yes exit=0 pid=7447 uid=2003 gid=2003 comm="ls" exe="/usr/bin/ls" key="process_execution"
Aug 22 03:32:59 aitest audit: type=PATH msg=audit(1755833579.141:958): item=0 name="/home/opc/logai/enterprise_mnc_audit_sim/enterprise_data/development/" inode=27998 dev=08:01 mode=0100644 ouid=0 ogid=0
Aug 22 03:32:59 aitest audit: type=SYSCALL msg=audit(1755833579.141:146): arch=c000003e syscall=59 success=yes exit=0 pid=9108 uid=2003 gid=2003 comm="ls" exe="/usr/bin/ls" key="process_execution"
Aug 22 03:33:01 aitest audit: type=PATH msg=audit(1755833581.274:983): item=0 name="/home/opc/logai/enterprise_mnc_audit_sim/enterprise_data/development/" inode=21381 dev=08:01 mode=0100644 ouid=0 ogid=0
Aug 22 03:33:01 aitest audit: type=SYSCALL msg=audit(1755833581.274:55): arch=c000003e syscall=59 success=yes exit=0 pid=9062 uid=2003 gid=2003 comm="ls" exe="/usr/bin/ls" key="process_execution"
Aug 22 03:35:34 aitest audit: type=SYSCALL msg=audit(1755833734.457:631): arch=c000003e syscall=59 success=yes exit=0 pid=9296 uid=2009 gid=2009 comm="wc" exe="/usr/bin/wc" key="process_execution"
Aug 22 03:35:35 aitest audit: type=PATH msg=audit(1755833735.823:527): item=0 name="/home/opc/logai/enterprise_mnc_audit_sim/enterprise_data/development/projects/project_alpha.txt" inode=40887 dev=08:01 mode=0100644 ouid=0 ogid=0
Aug 22 03:35:35 aitest audit: type=SYSCALL msg=audit(1755833735.823:950): arch=c000003e syscall=59 success=yes exit=0 pid=4190 uid=2009 gid=2009 comm="cat" exe="/usr/bin/cat" key="process_execution"
Aug 22 03:38:05 aitest audit: type=PATH msg=audit(1755833885.272:203): item=0 name="/home/opc/logai/enterprise_mnc_audit_sim/enterprise_data/database/" inode=33299 dev=08:01 mode=0100644 ouid=0 ogid=0
Aug 22 03:38:05 aitest audit: type=SYSCALL msg=audit(1755833885.272:200): arch=c000003e syscall=59 success=yes exit=0 pid=2721 uid=2002 gid=2002 comm="ls" exe="/usr/bin/ls" key="process_execution"
Aug 22 03:38:10 aitest audit: type=PATH msg=audit(1755833890.854:301): item=0 name="/home/opc/logai/enterprise_mnc_audit_sim/enterprise_data/database/mysql/db_config.cnf" inode=13499 dev=08:01 mode=0100644 ouid=0 ogid=0
Aug 22 03:38:10 aitest audit: type=SYSCALL msg=audit(1755833890.854:976): arch=c000003e syscall=59 success=yes exit=0 pid=6721 uid=2002 gid=2002 comm="chmod" exe="/usr/bin/chmod" key="process_execution"
Aug 22 03:38:15 aitest audit: type=SYSCALL msg=audit(1755833895.586:515): arch=c000003e syscall=59 success=yes exit=0 pid=7586 uid=2002 gid=2002 comm="du" exe="/usr/bin/du" key="process_execution"
Aug 22 03:38:17 aitest audit: type=PATH msg=audit(1755833897.962:52): item=0 name="/home/opc/logai/enterprise_mnc_audit_sim/enterprise_data/database/" inode=27887 dev=08:01 mode=0100644 ouid=0 ogid=0
Aug 22 03:38:17 aitest audit: type=SYSCALL msg=audit(1755833897.962:40): arch=c000003e syscall=59 success=yes exit=0 pid=11281 uid=2002 gid=2002 comm="ls" exe="/usr/bin/ls" key="process_execution"
Aug 22 03:38:24 aitest audit: type=SYSCALL msg=audit(1755833904.784:957): arch=c000003e syscall=59 success=yes exit=0 pid=7565 uid=2002 gid=2002 comm="cp" exe="/usr/bin/cp" key="process_execution"
Aug 22 03:39:11 aitest audit: type=SYSCALL msg=audit(1755833951.300:123): arch=c000003e syscall=59 success=yes exit=0 pid=5000 uid=2002 gid=2002 comm="du" exe="/usr/bin/du" key="process_execution"
Aug 22 03:39:13 aitest audit: type=SYSCALL msg=audit(1755833953.504:867): arch=c000003e syscall=59 success=yes exit=0 pid=6069 uid=2002 gid=2002 comm="cp" exe="/usr/bin/cp" key="process_execution"
Aug 22 03:39:20 aitest audit: type=PATH msg=audit(1755833960.417:728): item=0 name="/home/opc/logai/enterprise_mnc_audit_sim/applications/databases/" inode=14437 dev=08:01 mode=0100644 ouid=0 ogid=0
Aug 22 03:39:20 aitest audit: type=SYSCALL msg=audit(1755833960.417:6): arch=c000003e syscall=59 success=yes exit=0 pid=10727 uid=2002 gid=2002 comm="ls" exe="/usr/bin/ls" key="process_execution"
Aug 22 03:48:08 aitest audit: type=PATH msg=audit(1755834488.604:953): item=0 name="/home/opc/logai/enterprise_mnc_audit_sim/enterprise_data/development/scripts/build.sh" inode=31536 dev=08:01 mode=0100644 ouid=0 ogid=0
Aug 22 03:48:08 aitest audit: type=SYSCALL msg=audit(1755834488.604:530): arch=c000003e syscall=59 success=yes exit=0 pid=9238 uid=2003 gid=2003 comm="chmod" exe="/usr/bin/chmod" key="process_execution"
Aug 22 03:48:14 aitest audit: type=SYSCALL msg=audit(1755834494.891:941): arch=c000003e syscall=59 success=yes exit=0 pid=10134 uid=2003 gid=2003 comm="grep" exe="/usr/bin/grep" key="process_execution"
Aug 22 03:48:21 aitest audit: type=PATH msg=audit(1755834501.713:974): item=0 name="/home/opc/logai/enterprise_mnc_audit_sim/enterprise_data/development/scripts/build.sh" inode=24861 dev=08:01 mode=0100644 ouid=0 ogid=0
Aug 22 03:48:21 aitest audit: type=SYSCALL msg=audit(1755834501.713:994): arch=c000003e syscall=59 success=yes exit=0 pid=11549 uid=2003 gid=2003 comm="chmod" exe="/usr/bin/chmod" key="process_execution"
Aug 22 03:48:25 aitest audit: type=SYSCALL msg=audit(1755834505.317:29): arch=c000003e syscall=59 success=yes exit=0 pid=7306 uid=2003 gid=2003 comm="cp" exe="/usr/bin/cp" key="process_execution"
Aug 22 03:52:01 aitest audit: type=PATH msg=audit(1755834721.74:5): item=0 name="/home/opc/logai/enterprise_mnc_audit_sim/enterprise_data/development/projects/project_alpha.txt" inode=36149 dev=08:01 mode=0100644 ouid=0 ogid=0
Aug 22 03:52:01 aitest audit: type=SYSCALL msg=audit(1755834721.74:824): arch=c000003e syscall=59 success=yes exit=0 pid=3810 uid=2003 gid=2003 comm="cat" exe="/usr/bin/cat" key="process_execution"
Aug 22 03:52:07 aitest audit: type=PATH msg=audit(1755834727.37:342): item=0 name="/home/opc/logai/enterprise_mnc_audit_sim/enterprise_data/development" inode=17683 dev=08:01 mode=0100644 ouid=0 ogid=0
Aug 22 03:52:07 aitest audit: type=SYSCALL msg=audit(1755834727.37:275): arch=c000003e syscall=59 success=yes exit=0 pid=3208 uid=2003 gid=2003 comm="find" exe="/usr/bin/find" key="process_execution"
Aug 22 03:52:17 aitest audit: type=SYSCALL msg=audit(1755834737.381:627): arch=c000003e syscall=59 success=yes exit=0 pid=4562 uid=2003 gid=2003 comm="wc" exe="/usr/bin/wc" key="process_execution"
Aug 22 03:52:27 aitest audit: type=SYSCALL msg=audit(1755834747.214:941): arch=c000003e syscall=59 success=yes exit=0 pid=6687 uid=2003 gid=2003 comm="grep" exe="/usr/bin/grep" key="process_execution"
Aug 22 03:55:16 aitest audit: type=PATH msg=audit(1755834916.471:399): item=0 name="/home/opc/logai/enterprise_mnc_audit_sim/enterprise_data/database/mysql/db_config.cnf" inode=18008 dev=08:01 mode=0100644 ouid=0 ogid=0
Aug 22 03:55:16 aitest audit: type=SYSCALL msg=audit(1755834916.471:522): arch=c000003e syscall=59 success=yes exit=0 pid=10124 uid=2002 gid=2002 comm="cat" exe="/usr/bin/cat" key="process_execution"
Aug 22 03:55:17 aitest audit: type=SYSCALL msg=audit(1755834917.241:198): arch=c000003e syscall=59 success=yes exit=0 pid=7546 uid=2002 gid=2002 comm="grep" exe="/usr/bin/grep" key="process_execution"
Aug 22 03:56:21 aitest audit: type=SYSCALL msg=audit(1755834981.742:264): arch=c000003e syscall=59 success=yes exit=0 pid=3726 uid=2010 gid=2010 comm="du" exe="/usr/bin/du" key="process_execution"
Aug 22 03:56:26 aitest audit: type=SYSCALL msg=audit(1755834986.384:703): arch=c000003e syscall=59 success=yes exit=0 pid=11529 uid=2010 gid=2010 comm="du" exe="/usr/bin/du" key="process_execution"
Aug 22 03:56:37 aitest audit: type=SYSCALL msg=audit(1755834997.487:703): arch=c000003e syscall=59 success=yes exit=0 pid=2868 uid=2003 gid=2003 comm="wc" exe="/usr/bin/wc" key="process_execution"
Aug 22 03:56:40 aitest audit: type=PATH msg=audit(1755835000.841:238): item=0 name="/home/opc/logai/enterprise_mnc_audit_sim/enterprise_data/development/projects/project_alpha.txt" inode=29306 dev=08:01 mode=0100644 ouid=0 ogid=0
Aug 22 03:56:40 aitest audit: type=SYSCALL msg=audit(1755835000.841:828): arch=c000003e syscall=59 success=yes exit=0 pid=6857 uid=2003 gid=2003 comm="cat" exe="/usr/bin/cat" key="process_execution"
Aug 22 04:08:29 aitest audit: type=SYSCALL msg=audit(1755835709.415:872): arch=c000003e syscall=59 success=yes exit=0 pid=2796 uid=2007 gid=2007 comm="ps" exe="/usr/bin/ps" key="process_execution"
Aug 22 04:08:35 aitest audit: type=SYSCALL msg=audit(1755835715.29:968): arch=c000003e syscall=59 success=yes exit=0 pid=2865 uid=2007 gid=2007 comm="ps" exe="/usr/bin/ps" key="process_execution"
Aug 22 04:08:42 aitest audit: type=SYSCALL msg=audit(1755835722.298:759): arch=c000003e syscall=59 success=yes exit=0 pid=2967 uid=2007 gid=2007 comm="tar" exe="/usr/bin/tar" key="process_execution"
Aug 22 04:08:52 aitest audit: type=PATH msg=audit(1755835732.373:833): item=0 name="/home/opc/logai/enterprise_mnc_audit_sim/enterprise_data/operations" inode=28233 dev=08:01 mode=0100644 ouid=0 ogid=0
Aug 22 04:08:52 aitest audit: type=SYSCALL msg=audit(1755835732.373:412): arch=c000003e syscall=59 success=yes exit=0 pid=9491 uid=2007 gid=2007 comm="find" exe="/usr/bin/find" key="process_execution"
Aug 22 04:08:53 aitest audit: type=PATH msg=audit(1755835733.146:765): item=0 name="/home/opc/logai/enterprise_mnc_audit_sim/applications/" inode=16662 dev=08:01 mode=0100644 ouid=0 ogid=0
Aug 22 04:08:53 aitest audit: type=SYSCALL msg=audit(1755835733.146:844): arch=c000003e syscall=59 success=yes exit=0 pid=2905 uid=2007 gid=2007 comm="ls" exe="/usr/bin/ls" key="process_execution"
Aug 22 04:09:42 aitest audit: type=SYSCALL msg=audit(1755835782.164:436): arch=c000003e syscall=59 success=yes exit=0 pid=7928 uid=2002 gid=2002 comm="grep" exe="/usr/bin/grep" key="process_execution"
Aug 22 04:09:45 aitest audit: type=PATH msg=audit(1755835785.787:695): item=0 name="/home/opc/logai/enterprise_mnc_audit_sim/enterprise_data/database" inode=12909 dev=08:01 mode=0100644 ouid=0 ogid=0
Aug 22 04:09:45 aitest audit: type=SYSCALL msg=audit(1755835785.787:143): arch=c000003e syscall=59 success=yes exit=0 pid=2586 uid=2002 gid=2002 comm="find" exe="/usr/bin/find" key="process_execution"
Aug 22 04:09:48 aitest audit: type=SYSCALL msg=audit(1755835788.118:190): arch=c000003e syscall=59 success=yes exit=0 pid=8160 uid=2002 gid=2002 comm="du" exe="/usr/bin/du" key="process_execution"
Aug 22 04:15:18 aitest audit: type=PATH msg=audit(1755836118.374:299): item=0 name="/home/opc/logai/enterprise_mnc_audit_sim/applications/" inode=27364 dev=08:01 mode=0100644 ouid=0 ogid=0
Aug 22 04:15:18 aitest audit: type=SYSCALL msg=audit(1755836118.374:288): arch=c000003e syscall=59 success=yes exit=0 pid=5657 uid=2004 gid=2004 comm="ls" exe="/usr/bin/ls" key="process_execution"
Aug 22 04:15:23 aitest audit: type=PATH msg=audit(1755836123.661:843): item=0 name="/home/opc/logai/enterprise_mnc_audit_sim/system/configs/server.conf" inode=37982 dev=08:01 mode=0100644 ouid=0 ogid=0
Aug 22 04:15:23 aitest audit: type=SYSCALL msg=audit(1755836123.661:481): arch=c000003e syscall=59 success=yes exit=0 pid=4925 uid=2004 gid=2004 comm="cat" exe="/usr/bin/cat" key="process_execution"
Aug 22 04:19:57 aitest audit: type=SYSCALL msg=audit(1755836397.270:599): arch=c000003e syscall=59 success=yes exit=0 pid=11788 uid=2005 gid=2005 comm="du" exe="/usr/bin/du" key="process_execution"
Aug 22 04:20:07 aitest audit: type=PATH msg=audit(1755836407.776:44): item=0 name="/home/opc/logai/enterprise_mnc_audit_sim/enterprise_data/database/" inode=29044 dev=08:01 mode=0100644 ouid=0 ogid=0
Aug 22 04:20:07 aitest audit: type=SYSCALL msg=audit(1755836407.776:940): arch=c000003e syscall=59 success=yes exit=0 pid=9273 uid=2005 gid=2005 comm="ls" exe="/usr/bin/ls" key="process_execution"
Aug 22 04:20:09 aitest audit: type=PATH msg=audit(1755836409.96:98): item=0 name="/home/opc/logai/enterprise_mnc_audit_sim/applications/databases/" inode=40470 dev=08:01 mode=0100644 ouid=0 ogid=0
Aug 22 04:20:09 aitest audit: type=SYSCALL msg=audit(1755836409.96:864): arch=c000003e syscall=59 success=yes exit=0 pid=8215 uid=2005 gid=2005 comm="ls" exe="/usr/bin/ls" key="process_execution"
Aug 22 04:34:03 aitest audit: type=SYSCALL msg=audit(1755837243.493:133): arch=c000003e syscall=59 success=yes exit=0 pid=8039 uid=2007 gid=2007 comm="top" exe="/usr/bin/top" key="process_execution"
Aug 22 04:34:07 aitest audit: type=PATH msg=audit(1755837247.258:895): item=0 name="/home/opc/logai/enterprise_mnc_audit_sim/enterprise_data/operations/" inode=39076 dev=08:01 mode=0100644 ouid=0 ogid=0
Aug 22 04:34:07 aitest audit: type=SYSCALL msg=audit(1755837247.258:90): arch=c000003e syscall=59 success=yes exit=0 pid=11612 uid=2007 gid=2007 comm="ls" exe="/usr/bin/ls" key="process_execution"
Aug 22 04:34:10 aitest audit: type=PATH msg=audit(1755837250.651:196): item=0 name="/home/opc/logai/enterprise_mnc_audit_sim/enterprise_data/operations" inode=25772 dev=08:01 mode=0100644 ouid=0 ogid=0
Aug 22 04:34:10 aitest audit: type=SYSCALL msg=audit(1755837250.651:103): arch=c000003e syscall=59 success=yes exit=0 pid=3398 uid=2007 gid=2007 comm="find" exe="/usr/bin/find" key="process_execution"
Aug 22 04:34:19 aitest audit: type=PATH msg=audit(1755837259.806:166): item=0 name="/home/opc/logai/enterprise_mnc_audit_sim/enterprise_data/operations/" inode=15415 dev=08:01 mode=0100644 ouid=0 ogid=0
Aug 22 04:34:19 aitest audit: type=SYSCALL msg=audit(1755837259.806:282): arch=c000003e syscall=59 success=yes exit=0 pid=5361 uid=2007 gid=2007 comm="ls" exe="/usr/bin/ls" key="process_execution"
Aug 22 04:35:18 aitest audit: type=SYSCALL msg=audit(1755837318.308:662): arch=c000003e syscall=59 success=yes exit=0 pid=3154 uid=2008 gid=2008 comm="find" exe="/usr/bin/find" key="process_execution"
Aug 22 04:35:24 aitest audit: type=SYSCALL msg=audit(1755837324.731:405): arch=c000003e syscall=59 success=yes exit=0 pid=3822 uid=2008 gid=2008 comm="who" exe="/usr/bin/who" key="process_execution"
Aug 22 04:35:29 aitest audit: type=PATH msg=audit(1755837329.540:102): item=0 name="/home/opc/logai/enterprise_mnc_audit_sim/enterprise_data/hr/" inode=15771 dev=08:01 mode=0100644 ouid=0 ogid=0
Aug 22 04:35:29 aitest audit: type=SYSCALL msg=audit(1755837329.540:37): arch=c000003e syscall=59 success=yes exit=0 pid=10439 uid=2008 gid=2008 comm="chmod" exe="/usr/bin/chmod" key="process_execution"
Aug 22 04:35:30 aitest audit: type=SYSCALL msg=audit(1755837330.998:965): arch=c000003e syscall=59 success=yes exit=0 pid=9374 uid=2008 gid=2008 comm="who" exe="/usr/bin/who" key="process_execution"
Aug 22 04:35:33 aitest audit: type=SYSCALL msg=audit(1755837333.506:851): arch=c000003e syscall=59 success=yes exit=0 pid=10924 uid=2008 gid=2008 comm="netstat" exe="/usr/bin/netstat" key="process_execution"
Aug 22 04:39:47 aitest audit: type=SYSCALL msg=audit(1755837587.231:128): arch=c000003e syscall=59 success=yes exit=0 pid=6610 uid=2006 gid=2006 comm="wc" exe="/usr/bin/wc" key="process_execution"
Aug 22 04:39:48 aitest audit: type=SYSCALL msg=audit(1755837588.762:710): arch=c000003e syscall=59 success=yes exit=0 pid=9144 uid=2006 gid=2006 comm="wc" exe="/usr/bin/wc" key="process_execution"
Aug 22 04:41:45 aitest audit: type=SYSCALL msg=audit(1755837705.362:396): arch=c000003e syscall=59 success=yes exit=0 pid=10669 uid=2006 gid=2006 comm="grep" exe="/usr/bin/grep" key="process_execution"
Aug 22 04:41:48 aitest audit: type=SYSCALL msg=audit(1755837708.46:535): arch=c000003e syscall=59 success=yes exit=0 pid=3846 uid=2006 gid=2006 comm="grep" exe="/usr/bin/grep" key="process_execution"
Aug 22 04:46:47 aitest audit: type=PATH msg=audit(1755838007.541:679): item=0 name="/home/opc/logai/enterprise_mnc_audit_sim/enterprise_data/database/" inode=20444 dev=08:01 mode=0100644 ouid=0 ogid=0
Aug 22 04:46:47 aitest audit: type=SYSCALL msg=audit(1755838007.541:418): arch=c000003e syscall=59 success=yes exit=0 pid=5284 uid=2005 gid=2005 comm="ls" exe="/usr/bin/ls" key="process_execution"
Aug 22 04:46:54 aitest audit: type=PATH msg=audit(1755838014.337:631): item=0 name="/home/opc/logai/enterprise_mnc_audit_sim/enterprise_data/database/" inode=42522 dev=08:01 mode=0100644 ouid=0 ogid=0
Aug 22 04:46:54 aitest audit: type=SYSCALL msg=audit(1755838014.337:521): arch=c000003e syscall=59 success=yes exit=0 pid=11442 uid=2005 gid=2005 comm="ls" exe="/usr/bin/ls" key="process_execution"
Aug 22 04:46:57 aitest audit: type=SYSCALL msg=audit(1755838017.874:789): arch=c000003e syscall=59 success=yes exit=0 pid=9243 uid=2005 gid=2005 comm="cp" exe="/usr/bin/cp" key="process_execution"
Aug 22 04:47:03 aitest audit: type=SYSCALL msg=audit(1755838023.19:248): arch=c000003e syscall=59 success=yes exit=0 pid=5754 uid=2005 gid=2005 comm="du" exe="/usr/bin/du" key="process_execution"
Aug 22 04:52:32 aitest audit: type=PATH msg=audit(1755838352.495:408): item=0 name="/home/opc/logai/enterprise_mnc_audit_sim/system/configs/" inode=41947 dev=08:01 mode=0100644 ouid=0 ogid=0
Aug 22 04:52:32 aitest audit: type=SYSCALL msg=audit(1755838352.495:849): arch=c000003e syscall=59 success=yes exit=0 pid=4390 uid=2001 gid=2001 comm="ls" exe="/usr/bin/ls" key="process_execution"
Aug 22 04:52:39 aitest audit: type=SYSCALL msg=audit(1755838359.814:374): arch=c000003e syscall=59 success=yes exit=0 pid=2122 uid=2001 gid=2001 comm="df" exe="/usr/bin/df" key="process_execution"
Aug 22 04:59:43 aitest audit: type=SYSCALL msg=audit(1755838783.713:668): arch=c000003e syscall=59 success=yes exit=0 pid=11861 uid=2003 gid=2003 comm="grep" exe="/usr/bin/grep" key="process_execution"
Aug 22 04:59:45 aitest audit: type=PATH msg=audit(1755838785.942:470): item=0 name="/home/opc/logai/enterprise_mnc_audit_sim/enterprise_data/development/projects/" inode=38572 dev=08:01 mode=0100644 ouid=0 ogid=0
Aug 22 04:59:45 aitest audit: type=SYSCALL msg=audit(1755838785.942:252): arch=c000003e syscall=59 success=yes exit=0 pid=4602 uid=2003 gid=2003 comm="ls" exe="/usr/bin/ls" key="process_execution"
Aug 22 05:02:30 aitest audit: type=PATH msg=audit(1755838950.29:273): item=0 name="/home/opc/logai/enterprise_mnc_audit_sim/enterprise_data/operations/" inode=27102 dev=08:01 mode=0100644 ouid=0 ogid=0
Aug 22 05:02:30 aitest audit: type=SYSCALL msg=audit(1755838950.29:313): arch=c000003e syscall=59 success=yes exit=0 pid=9737 uid=2007 gid=2007 comm="ls" exe="/usr/bin/ls" key="process_execution"
Aug 22 05:02:31 aitest audit: type=SYSCALL msg=audit(1755838951.421:375): arch=c000003e syscall=59 success=yes exit=0 pid=8323 uid=2007 gid=2007 comm="tar" exe="/usr/bin/tar" key="process_execution"
Aug 22 05:10:38 aitest audit: type=PATH msg=audit(1755839438.435:505): item=0 name="/home/opc/logai/enterprise_mnc_audit_sim/enterprise_data/database" inode=29834 dev=08:01 mode=0100644 ouid=0 ogid=0
Aug 22 05:10:38 aitest audit: type=SYSCALL msg=audit(1755839438.435:551): arch=c000003e syscall=59 success=yes exit=0 pid=3741 uid=2002 gid=2002 comm="find" exe="/usr/bin/find" key="process_execution"
Aug 22 05:10:45 aitest audit: type=PATH msg=audit(1755839445.699:534): item=0 name="/home/opc/logai/enterprise_mnc_audit_sim/enterprise_data/database/mysql/db_config.cnf" inode=29043 dev=08:01 mode=0100644 ouid=0 ogid=0
Aug 22 05:10:45 aitest audit: type=SYSCALL msg=audit(1755839445.699:980): arch=c000003e syscall=59 success=yes exit=0 pid=5067 uid=2002 gid=2002 comm="chmod" exe="/usr/bin/chmod" key="process_execution"
Aug 22 05:10:50 aitest audit: type=PATH msg=audit(1755839450.851:35): item=0 name="/home/opc/logai/enterprise_mnc_audit_sim/applications/databases/" inode=13767 dev=08:01 mode=0100644 ouid=0 ogid=0
Aug 22 05:10:50 aitest audit: type=SYSCALL msg=audit(1755839450.851:778): arch=c000003e syscall=59 success=yes exit=0 pid=10313 uid=2002 gid=2002 comm="ls" exe="/usr/bin/ls" key="process_execution"
Aug 22 05:10:54 aitest audit: type=PATH msg=audit(1755839454.281:231): item=0 name="/home/opc/logai/enterprise_mnc_audit_sim/enterprise_data/database" inode=38507 dev=08:01 mode=0100644 ouid=0 ogid=0
Aug 22 05:10:54 aitest audit: type=SYSCALL msg=audit(1755839454.281:487): arch=c000003e syscall=59 success=yes exit=0 pid=5984 uid=2002 gid=2002 comm="find" exe="/usr/bin/find" key="process_execution"
Aug 22 05:12:58 aitest audit: type=SYSCALL msg=audit(1755839578.702:378): arch=c000003e syscall=59 success=yes exit=0 pid=5558 uid=2005 gid=2005 comm="grep" exe="/usr/bin/grep" key="process_execution"
Aug 22 05:13:05 aitest audit: type=PATH msg=audit(1755839585.796:717): item=0 name="/home/opc/logai/enterprise_mnc_audit_sim/enterprise_data/database/mysql/db_config.cnf" inode=23203 dev=08:01 mode=0100644 ouid=0 ogid=0
Aug 22 05:13:05 aitest audit: type=SYSCALL msg=audit(1755839585.796:191): arch=c000003e syscall=59 success=yes exit=0 pid=9957 uid=2005 gid=2005 comm="cat" exe="/usr/bin/cat" key="process_execution"
Aug 22 05:13:07 aitest audit: type=PATH msg=audit(1755839587.169:883): item=0 name="/home/opc/logai/enterprise_mnc_audit_sim/applications/databases/" inode=40745 dev=08:01 mode=0100644 ouid=0 ogid=0
Aug 22 05:13:07 aitest audit: type=SYSCALL msg=audit(1755839587.169:647): arch=c000003e syscall=59 success=yes exit=0 pid=2692 uid=2005 gid=2005 comm="ls" exe="/usr/bin/ls" key="process_execution"
Aug 22 05:13:09 aitest audit: type=SYSCALL msg=audit(1755839589.685:819): arch=c000003e syscall=59 success=yes exit=0 pid=3212 uid=2005 gid=2005 comm="cp" exe="/usr/bin/cp" key="process_execution"
Aug 22 05:21:19 aitest audit: type=PATH msg=audit(1755840079.532:993): item=0 name="/home/opc/logai/enterprise_mnc_audit_sim/enterprise_data/development/scripts/build.sh" inode=25215 dev=08:01 mode=0100644 ouid=0 ogid=0
Aug 22 05:21:19 aitest audit: type=SYSCALL msg=audit(1755840079.532:353): arch=c000003e syscall=59 success=yes exit=0 pid=7909 uid=2006 gid=2006 comm="chmod" exe="/usr/bin/chmod" key="process_execution"
Aug 22 05:21:26 aitest audit: type=SYSCALL msg=audit(1755840086.390:202): arch=c000003e syscall=59 success=yes exit=0 pid=11919 uid=2006 gid=2006 comm="grep" exe="/usr/bin/grep" key="process_execution"
Aug 22 05:21:29 aitest audit: type=PATH msg=audit(1755840089.334:179): item=0 name="/home/opc/logai/enterprise_mnc_audit_sim/enterprise_data/development/scripts/build.sh" inode=24703 dev=08:01 mode=0100644 ouid=0 ogid=0
Aug 22 05:21:29 aitest audit: type=SYSCALL msg=audit(1755840089.334:817): arch=c000003e syscall=59 success=yes exit=0 pid=2174 uid=2006 gid=2006 comm="chmod" exe="/usr/bin/chmod" key="process_execution"
Aug 22 05:21:39 aitest audit: type=SYSCALL msg=audit(1755840099.598:351): arch=c000003e syscall=59 success=yes exit=0 pid=8601 uid=2006 gid=2006 comm="cp" exe="/usr/bin/cp" key="process_execution"
Aug 22 05:21:43 aitest audit: type=PATH msg=audit(1755840103.978:248): item=0 name="/home/opc/logai/enterprise_mnc_audit_sim/enterprise_data/development/scripts/build.sh" inode=37417 dev=08:01 mode=0100644 ouid=0 ogid=0
Aug 22 05:21:43 aitest audit: type=SYSCALL msg=audit(1755840103.978:878): arch=c000003e syscall=59 success=yes exit=0 pid=2751 uid=2006 gid=2006 comm="chmod" exe="/usr/bin/chmod" key="process_execution"
Aug 22 05:25:02 aitest audit: type=PATH msg=audit(1755840302.314:301): item=0 name="/home/opc/logai/enterprise_mnc_audit_sim/enterprise_data/development" inode=27771 dev=08:01 mode=0100644 ouid=0 ogid=0
Aug 22 05:25:02 aitest audit: type=SYSCALL msg=audit(1755840302.314:995): arch=c000003e syscall=59 success=yes exit=0 pid=5980 uid=2009 gid=2009 comm="find" exe="/usr/bin/find" key="process_execution"
Aug 22 05:25:10 aitest audit: type=PATH msg=audit(1755840310.646:961): item=0 name="/home/opc/logai/enterprise_mnc_audit_sim/enterprise_data/development/projects/project_alpha.txt" inode=22133 dev=08:01 mode=0100644 ouid=0 ogid=0
Aug 22 05:25:10 aitest audit: type=SYSCALL msg=audit(1755840310.646:123): arch=c000003e syscall=59 success=yes exit=0 pid=5899 uid=2009 gid=2009 comm="cat" exe="/usr/bin/cat" key="process_execution"
Aug 22 05:25:12 aitest audit: type=PATH msg=audit(1755840312.372:651): item=0 name="/home/opc/logai/enterprise_mnc_audit_sim/enterprise_data/development" inode=16908 dev=08:01 mode=0100644 ouid=0 ogid=0
Aug 22 05:25:12 aitest audit: type=SYSCALL msg=audit(1755840312.372:471): arch=c000003e syscall=59 success=yes exit=0 pid=11716 uid=2009 gid=2009 comm="find" exe="/usr/bin/find" key="process_execution"
Aug 22 05:25:15 aitest audit: type=PATH msg=audit(1755840315.206:314): item=0 name="/home/opc/logai/enterprise_mnc_audit_sim/enterprise_data/development" inode=18686 dev=08:01 mode=0100644 ouid=0 ogid=0
Aug 22 05:25:15 aitest audit: type=SYSCALL msg=audit(1755840315.206:565): arch=c000003e syscall=59 success=yes exit=0 pid=2262 uid=2009 gid=2009 comm="find" exe="/usr/bin/find" key="process_execution"
Aug 22 05:27:21 aitest audit: type=SYSCALL msg=audit(1755840441.722:771): arch=c000003e syscall=59 success=yes exit=0 pid=5504 uid=2010 gid=2010 comm="du" exe="/usr/bin/du" key="process_execution"
Aug 22 05:27:29 aitest audit: type=SYSCALL msg=audit(1755840449.176:971): arch=c000003e syscall=59 success=yes exit=0 pid=4688 uid=2010 gid=2010 comm="ps" exe="/usr/bin/ps" key="process_execution"
Aug 22 05:27:30 aitest audit: type=PATH msg=audit(1755840450.834:958): item=0 name="/home/opc/logai/enterprise_mnc_audit_sim/enterprise_data/operations/scripts/" inode=17029 dev=08:01 mode=0100644 ouid=0 ogid=0
Aug 22 05:27:30 aitest audit: type=SYSCALL msg=audit(1755840450.834:206): arch=c000003e syscall=59 success=yes exit=0 pid=8195 uid=2010 gid=2010 comm="chmod" exe="/usr/bin/chmod" key="process_execution"
Aug 22 05:27:35 aitest audit: type=SYSCALL msg=audit(1755840455.494:541): arch=c000003e syscall=59 success=yes exit=0 pid=10869 uid=2010 gid=2010 comm="top" exe="/usr/bin/top" key="process_execution"
Aug 22 05:27:43 aitest audit: type=SYSCALL msg=audit(1755840463.375:116): arch=c000003e syscall=59 success=yes exit=0 pid=11724 uid=2010 gid=2010 comm="du" exe="/usr/bin/du" key="process_execution"
Aug 22 05:31:37 aitest audit: type=SYSCALL msg=audit(1755840697.586:730): arch=c000003e syscall=59 success=yes exit=0 pid=2723 uid=2005 gid=2005 comm="grep" exe="/usr/bin/grep" key="process_execution"
Aug 22 05:31:44 aitest audit: type=SYSCALL msg=audit(1755840704.363:255): arch=c000003e syscall=59 success=yes exit=0 pid=9241 uid=2005 gid=2005 comm="du" exe="/usr/bin/du" key="process_execution"
Aug 22 05:31:45 aitest audit: type=PATH msg=audit(1755840705.217:426): item=0 name="/home/opc/logai/enterprise_mnc_audit_sim/applications/databases/" inode=14261 dev=08:01 mode=0100644 ouid=0 ogid=0
Aug 22 05:31:45 aitest audit: type=SYSCALL msg=audit(1755840705.217:641): arch=c000003e syscall=59 success=yes exit=0 pid=4369 uid=2005 gid=2005 comm="ls" exe="/usr/bin/ls" key="process_execution"
Aug 22 05:31:47 aitest audit: type=SYSCALL msg=audit(1755840707.61:123): arch=c000003e syscall=59 success=yes exit=0 pid=4693 uid=2005 gid=2005 comm="grep" exe="/usr/bin/grep" key="process_execution"
Aug 22 05:31:49 aitest audit: type=PATH msg=audit(1755840709.189:575): item=0 name="/home/opc/logai/enterprise_mnc_audit_sim/enterprise_data/database/mysql/db_config.cnf" inode=20185 dev=08:01 mode=0100644 ouid=0 ogid=0
Aug 22 05:31:49 aitest audit: type=SYSCALL msg=audit(1755840709.189:154): arch=c000003e syscall=59 success=yes exit=0 pid=3721 uid=2005 gid=2005 comm="cat" exe="/usr/bin/cat" key="process_execution"
Aug 22 05:39:00 aitest audit: type=SYSCALL msg=audit(1755841140.681:798): arch=c000003e syscall=59 success=yes exit=0 pid=11685 uid=2007 gid=2007 comm="du" exe="/usr/bin/du" key="process_execution"
Aug 22 05:39:01 aitest audit: type=SYSCALL msg=audit(1755841141.26:542): arch=c000003e syscall=59 success=yes exit=0 pid=3788 uid=2007 gid=2007 comm="du" exe="/usr/bin/du" key="process_execution"
Aug 22 05:40:19 aitest audit: type=PATH msg=audit(1755841219.690:312): item=0 name="/home/opc/logai/enterprise_mnc_audit_sim/enterprise_data/database" inode=22918 dev=08:01 mode=0100644 ouid=0 ogid=0
Aug 22 05:40:19 aitest audit: type=SYSCALL msg=audit(1755841219.690:753): arch=c000003e syscall=59 success=yes exit=0 pid=5726 uid=2005 gid=2005 comm="find" exe="/usr/bin/find" key="process_execution"
Aug 22 05:40:21 aitest audit: type=PATH msg=audit(1755841221.614:664): item=0 name="/home/opc/logai/enterprise_mnc_audit_sim/enterprise_data/database/" inode=10299 dev=08:01 mode=0100644 ouid=0 ogid=0
Aug 22 05:40:21 aitest audit: type=SYSCALL msg=audit(1755841221.614:133): arch=c000003e syscall=59 success=yes exit=0 pid=3973 uid=2005 gid=2005 comm="ls" exe="/usr/bin/ls" key="process_execution"
Aug 22 05:40:30 aitest audit: type=PATH msg=audit(1755841230.121:931): item=0 name="/home/opc/logai/enterprise_mnc_audit_sim/enterprise_data/database/" inode=20238 dev=08:01 mode=0100644 ouid=0 ogid=0
Aug 22 05:40:30 aitest audit: type=SYSCALL msg=audit(1755841230.121:622): arch=c000003e syscall=59 success=yes exit=0 pid=5597 uid=2005 gid=2005 comm="ls" exe="/usr/bin/ls" key="process_execution"
Aug 22 05:44:30 aitest audit: type=PATH msg=audit(1755841470.402:723): item=0 name="/home/opc/logai/enterprise_mnc_audit_sim/enterprise_data/operations/" inode=36418 dev=08:01 mode=0100644 ouid=0 ogid=0
Aug 22 05:44:30 aitest audit: type=SYSCALL msg=audit(1755841470.402:760): arch=c000003e syscall=59 success=yes exit=0 pid=10178 uid=2010 gid=2010 comm="ls" exe="/usr/bin/ls" key="process_execution"
Aug 22 05:44:38 aitest audit: type=SYSCALL msg=audit(1755841478.910:345): arch=c000003e syscall=59 success=yes exit=0 pid=5307 uid=2010 gid=2010 comm="du" exe="/usr/bin/du" key="process_execution"
Aug 22 05:44:39 aitest audit: type=PATH msg=audit(1755841479.103:354): item=0 name="/home/opc/logai/enterprise_mnc_audit_sim/enterprise_data/operations/scripts/" inode=39532 dev=08:01 mode=0100644 ouid=0 ogid=0
Aug 22 05:44:39 aitest audit: type=SYSCALL msg=audit(1755841479.103:430): arch=c000003e syscall=59 success=yes exit=0 pid=4538 uid=2010 gid=2010 comm="chmod" exe="/usr/bin/chmod" key="process_execution"
Aug 22 05:44:46 aitest audit: type=PATH msg=audit(1755841486.119:31): item=0 name="/home/opc/logai/enterprise_mnc_audit_sim/enterprise_data/operations/scripts/" inode=16049 dev=08:01 mode=0100644 ouid=0 ogid=0
Aug 22 05:44:46 aitest audit: type=SYSCALL msg=audit(1755841486.119:91): arch=c000003e syscall=59 success=yes exit=0 pid=9511 uid=2010 gid=2010 comm="chmod" exe="/usr/bin/chmod" key="process_execution"
Aug 22 05:44:54 aitest audit: type=SYSCALL msg=audit(1755841494.943:705): arch=c000003e syscall=59 success=yes exit=0 pid=10175 uid=2010 gid=2010 comm="top" exe="/usr/bin/top" key="process_execution"
Aug 22 05:46:09 aitest audit: type=PATH msg=audit(1755841569.555:308): item=0 name="/home/opc/logai/enterprise_mnc_audit_sim/enterprise_data/development/" inode=38326 dev=08:01 mode=0100644 ouid=0 ogid=0
Aug 22 05:46:09 aitest audit: type=SYSCALL msg=audit(1755841569.555:436): arch=c000003e syscall=59 success=yes exit=0 pid=11218 uid=2009 gid=2009 comm="ls" exe="/usr/bin/ls" key="process_execution"
Aug 22 05:46:17 aitest audit: type=SYSCALL msg=audit(1755841577.163:942): arch=c000003e syscall=59 success=yes exit=0 pid=9899 uid=2009 gid=2009 comm="grep" exe="/usr/bin/grep" key="process_execution"
Aug 22 05:46:23 aitest audit: type=SYSCALL msg=audit(1755841583.737:185): arch=c000003e syscall=59 success=yes exit=0 pid=11735 uid=2009 gid=2009 comm="cp" exe="/usr/bin/cp" key="process_execution"
Aug 22 05:46:24 aitest audit: type=SYSCALL msg=audit(1755841584.315:124): arch=c000003e syscall=59 success=yes exit=0 pid=11896 uid=2009 gid=2009 comm="cp" exe="/usr/bin/cp" key="process_execution"
Aug 22 05:46:25 aitest audit: type=PATH msg=audit(1755841585.120:688): item=0 name="/home/opc/logai/enterprise_mnc_audit_sim/enterprise_data/development/projects/" inode=11780 dev=08:01 mode=0100644 ouid=0 ogid=0
Aug 22 05:46:25 aitest audit: type=SYSCALL msg=audit(1755841585.120:911): arch=c000003e syscall=59 success=yes exit=0 pid=10859 uid=2009 gid=2009 comm="ls" exe="/usr/bin/ls" key="process_execution"
Aug 22 05:48:17 aitest audit: type=SYSCALL msg=audit(1755841697.761:126): arch=c000003e syscall=59 success=yes exit=0 pid=8902 uid=2007 gid=2007 comm="ps" exe="/usr/bin/ps" key="process_execution"
Aug 22 05:48:27 aitest audit: type=SYSCALL msg=audit(1755841707.972:341): arch=c000003e syscall=59 success=yes exit=0 pid=3629 uid=2007 gid=2007 comm="du" exe="/usr/bin/du" key="process_execution"
Aug 22 05:48:29 aitest audit: type=PATH msg=audit(1755841709.102:121): item=0 name="/home/opc/logai/enterprise_mnc_audit_sim/enterprise_data/operations/scripts/" inode=17248 dev=08:01 mode=0100644 ouid=0 ogid=0
Aug 22 05:48:29 aitest audit: type=SYSCALL msg=audit(1755841709.102:512): arch=c000003e syscall=59 success=yes exit=0 pid=3881 uid=2007 gid=2007 comm="chmod" exe="/usr/bin/chmod" key="process_execution"
Aug 22 05:51:18 aitest audit: type=PATH msg=audit(1755841878.113:577): item=0 name="/home/opc/logai/enterprise_mnc_audit_sim/enterprise_data/development/projects/project_alpha.txt" inode=15999 dev=08:01 mode=0100644 ouid=0 ogid=0
Aug 22 05:51:18 aitest audit: type=SYSCALL msg=audit(1755841878.113:549): arch=c000003e syscall=59 success=yes exit=0 pid=8039 uid=2006 gid=2006 comm="cat" exe="/usr/bin/cat" key="process_execution"
Aug 22 05:51:25 aitest audit: type=SYSCALL msg=audit(1755841885.706:93): arch=c000003e syscall=59 success=yes exit=0 pid=11663 uid=2006 gid=2006 comm="cp" exe="/usr/bin/cp" key="process_execution"
Aug 22 05:54:14 aitest audit: type=SYSCALL msg=audit(1755842054.639:304): arch=c000003e syscall=59 success=yes exit=0 pid=5858 uid=2007 gid=2007 comm="top" exe="/usr/bin/top" key="process_execution"
Aug 22 05:54:18 aitest audit: type=PATH msg=audit(1755842058.783:240): item=0 name="/home/opc/logai/enterprise_mnc_audit_sim/enterprise_data/operations" inode=21861 dev=08:01 mode=0100644 ouid=0 ogid=0
Aug 22 05:54:18 aitest audit: type=SYSCALL msg=audit(1755842058.783:854): arch=c000003e syscall=59 success=yes exit=0 pid=8222 uid=2007 gid=2007 comm="find" exe="/usr/bin/find" key="process_execution"
Aug 22 05:54:21 aitest audit: type=PATH msg=audit(1755842061.7:820): item=0 name="/home/opc/logai/enterprise_mnc_audit_sim/applications/" inode=14866 dev=08:01 mode=0100644 ouid=0 ogid=0
Aug 22 05:54:21 aitest audit: type=SYSCALL msg=audit(1755842061.7:861): arch=c000003e syscall=59 success=yes exit=0 pid=3793 uid=2007 gid=2007 comm="ls" exe="/usr/bin/ls" key="process_execution"
Aug 22 05:54:26 aitest audit: type=PATH msg=audit(1755842066.821:503): item=0 name="/home/opc/logai/enterprise_mnc_audit_sim/enterprise_data/operations/" inode=29986 dev=08:01 mode=0100644 ouid=0 ogid=0
Aug 22 05:54:26 aitest audit: type=SYSCALL msg=audit(1755842066.821:580): arch=c000003e syscall=59 success=yes exit=0 pid=10425 uid=2007 gid=2007 comm="ls" exe="/usr/bin/ls" key="process_execution"
Aug 22 05:54:32 aitest audit: type=PATH msg=audit(1755842072.296:351): item=0 name="/home/opc/logai/enterprise_mnc_audit_sim/applications/" inode=25716 dev=08:01 mode=0100644 ouid=0 ogid=0
Aug 22 05:54:32 aitest audit: type=SYSCALL msg=audit(1755842072.296:247): arch=c000003e syscall=59 success=yes exit=0 pid=2846 uid=2007 gid=2007 comm="ls" exe="/usr/bin/ls" key="process_execution"
Aug 22 05:56:16 aitest audit: type=PATH msg=audit(1755842176.168:874): item=0 name="/home/opc/logai/enterprise_mnc_audit_sim/applications/" inode=20248 dev=08:01 mode=0100644 ouid=0 ogid=0
Aug 22 05:56:16 aitest audit: type=SYSCALL msg=audit(1755842176.168:349): arch=c000003e syscall=59 success=yes exit=0 pid=6833 uid=2004 gid=2004 comm="ls" exe="/usr/bin/ls" key="process_execution"
Aug 22 05:56:20 aitest audit: type=SYSCALL msg=audit(1755842180.765:717): arch=c000003e syscall=59 success=yes exit=0 pid=9520 uid=2004 gid=2004 comm="ps" exe="/usr/bin/ps" key="process_execution"
Aug 22 05:59:59 aitest audit: type=PATH msg=audit(1755842399.540:488): item=0 name="/home/opc/logai/enterprise_mnc_audit_sim/applications/" inode=22172 dev=08:01 mode=0100644 ouid=0 ogid=0
Aug 22 05:59:59 aitest audit: type=SYSCALL msg=audit(1755842399.540:981): arch=c000003e syscall=59 success=yes exit=0 pid=11821 uid=2004 gid=2004 comm="ls" exe="/usr/bin/ls" key="process_execution"
Aug 22 06:00:03 aitest audit: type=PATH msg=audit(1755842403.715:377): item=0 name="/home/opc/logai/enterprise_mnc_audit_sim/system/configs/" inode=30506 dev=08:01 mode=0100644 ouid=0 ogid=0
Aug 22 06:00:03 aitest audit: type=SYSCALL msg=audit(1755842403.715:194): arch=c000003e syscall=59 success=yes exit=0 pid=11394 uid=2004 gid=2004 comm="ls" exe="/usr/bin/ls" key="process_execution"
Aug 22 06:00:07 aitest audit: type=SYSCALL msg=audit(1755842407.154:174): arch=c000003e syscall=59 success=yes exit=0 pid=3213 uid=2004 gid=2004 comm="free" exe="/usr/bin/free" key="process_execution"
Aug 22 06:00:09 aitest audit: type=PATH msg=audit(1755842409.916:360): item=0 name="/home/opc/logai/enterprise_mnc_audit_sim/system/configs/" inode=25461 dev=08:01 mode=0100644 ouid=0 ogid=0
Aug 22 06:00:09 aitest audit: type=SYSCALL msg=audit(1755842409.916:91): arch=c000003e syscall=59 success=yes exit=0 pid=8420 uid=2004 gid=2004 comm="ls" exe="/usr/bin/ls" key="process_execution"
Aug 22 06:00:17 aitest audit: type=SYSCALL msg=audit(1755842417.387:939): arch=c000003e syscall=59 success=yes exit=0 pid=8170 uid=2004 gid=2004 comm="netstat" exe="/usr/bin/netstat" key="process_execution"
Aug 22 06:04:33 aitest audit: type=SYSCALL msg=audit(1755842673.669:3): arch=c000003e syscall=59 success=yes exit=0 pid=9562 uid=2008 gid=2008 comm="find" exe="/usr/bin/find" key="process_execution"
Aug 22 06:04:42 aitest audit: type=SYSCALL msg=audit(1755842682.174:255): arch=c000003e syscall=59 success=yes exit=0 pid=8758 uid=2008 gid=2008 comm="last" exe="/usr/bin/last" key="process_execution"
Aug 22 06:04:43 aitest audit: type=PATH msg=audit(1755842683.157:928): item=0 name="/home/opc/logai/enterprise_mnc_audit_sim/enterprise_data/hr/" inode=36118 dev=08:01 mode=0100644 ouid=0 ogid=0
Aug 22 06:04:43 aitest audit: type=SYSCALL msg=audit(1755842683.157:576): arch=c000003e syscall=59 success=yes exit=0 pid=4029 uid=2008 gid=2008 comm="ls" exe="/usr/bin/ls" key="process_execution"
Aug 22 06:04:49 aitest audit: type=SYSCALL msg=audit(1755842689.593:239): arch=c000003e syscall=59 success=yes exit=0 pid=2344 uid=2008 gid=2008 comm="who" exe="/usr/bin/who" key="process_execution"
Aug 22 06:04:54 aitest audit: type=SYSCALL msg=audit(1755842694.746:49): arch=c000003e syscall=59 success=yes exit=0 pid=6520 uid=2008 gid=2008 comm="who" exe="/usr/bin/who" key="process_execution"
Aug 22 06:06:15 aitest audit: type=SYSCALL msg=audit(1755842775.488:346): arch=c000003e syscall=59 success=yes exit=0 pid=4039 uid=2007 gid=2007 comm="tar" exe="/usr/bin/tar" key="process_execution"
Aug 22 06:06:24 aitest audit: type=SYSCALL msg=audit(1755842784.183:937): arch=c000003e syscall=59 success=yes exit=0 pid=7407 uid=2007 gid=2007 comm="du" exe="/usr/bin/du" key="process_execution"
Aug 22 06:08:01 aitest audit: type=SYSCALL msg=audit(1755842881.121:241): arch=c000003e syscall=59 success=yes exit=0 pid=8453 uid=2006 gid=2006 comm="cp" exe="/usr/bin/cp" key="process_execution"
Aug 22 06:08:07 aitest audit: type=PATH msg=audit(1755842887.397:576): item=0 name="/home/opc/logai/enterprise_mnc_audit_sim/enterprise_data/development" inode=12945 dev=08:01 mode=0100644 ouid=0 ogid=0
Aug 22 06:08:07 aitest audit: type=SYSCALL msg=audit(1755842887.397:71): arch=c000003e syscall=59 success=yes exit=0 pid=5294 uid=2006 gid=2006 comm="find" exe="/usr/bin/find" key="process_execution"
Aug 22 06:08:17 aitest audit: type=PATH msg=audit(1755842897.342:291): item=0 name="/home/opc/logai/enterprise_mnc_audit_sim/enterprise_data/development/projects/" inode=25519 dev=08:01 mode=0100644 ouid=0 ogid=0
Aug 22 06:08:17 aitest audit: type=SYSCALL msg=audit(1755842897.342:547): arch=c000003e syscall=59 success=yes exit=0 pid=6971 uid=2006 gid=2006 comm="ls" exe="/usr/bin/ls" key="process_execution"
Aug 22 06:08:19 aitest audit: type=SYSCALL msg=audit(1755842899.769:24): arch=c000003e syscall=59 success=yes exit=0 pid=9970 uid=2006 gid=2006 comm="wc" exe="/usr/bin/wc" key="process_execution"
Aug 22 06:08:28 aitest audit: type=SYSCALL msg=audit(1755842908.88:732): arch=c000003e syscall=59 success=yes exit=0 pid=2184 uid=2006 gid=2006 comm="cp" exe="/usr/bin/cp" key="process_execution"
Aug 22 06:12:36 aitest audit: type=PATH msg=audit(1755843156.267:54): item=0 name="/home/opc/logai/enterprise_mnc_audit_sim/enterprise_data/database/mysql/db_config.cnf" inode=39009 dev=08:01 mode=0100644 ouid=0 ogid=0
Aug 22 06:12:36 aitest audit: type=SYSCALL msg=audit(1755843156.267:323): arch=c000003e syscall=59 success=yes exit=0 pid=7469 uid=2005 gid=2005 comm="cat" exe="/usr/bin/cat" key="process_execution"
Aug 22 06:12:43 aitest audit: type=PATH msg=audit(1755843163.678:600): item=0 name="/home/opc/logai/enterprise_mnc_audit_sim/enterprise_data/database/mysql/db_config.cnf" inode=31851 dev=08:01 mode=0100644 ouid=0 ogid=0
Aug 22 06:12:43 aitest audit: type=SYSCALL msg=audit(1755843163.678:227): arch=c000003e syscall=59 success=yes exit=0 pid=8773 uid=2005 gid=2005 comm="chmod" exe="/usr/bin/chmod" key="process_execution"
Aug 22 06:20:24 aitest audit: type=PATH msg=audit(1755843624.785:296): item=0 name="/home/opc/logai/enterprise_mnc_audit_sim/system/configs/server.conf" inode=34396 dev=08:01 mode=0100644 ouid=0 ogid=0
Aug 22 06:20:24 aitest audit: type=SYSCALL msg=audit(1755843624.785:806): arch=c000003e syscall=59 success=yes exit=0 pid=8058 uid=2004 gid=2004 comm="chmod" exe="/usr/bin/chmod" key="process_execution"
Aug 22 06:20:34 aitest audit: type=SYSCALL msg=audit(1755843634.894:679): arch=c000003e syscall=59 success=yes exit=0 pid=8523 uid=2004 gid=2004 comm="free" exe="/usr/bin/free" key="process_execution"
Aug 22 06:20:36 aitest audit: type=SYSCALL msg=audit(1755843636.574:249): arch=c000003e syscall=59 success=yes exit=0 pid=7740 uid=2004 gid=2004 comm="free" exe="/usr/bin/free" key="process_execution"
Aug 22 06:33:33 aitest audit: type=SYSCALL msg=audit(1755844413.935:827): arch=c000003e syscall=59 success=yes exit=0 pid=5853 uid=2005 gid=2005 comm="grep" exe="/usr/bin/grep" key="process_execution"
Aug 22 06:33:43 aitest audit: type=PATH msg=audit(1755844423.484:33): item=0 name="/home/opc/logai/enterprise_mnc_audit_sim/enterprise_data/database" inode=36262 dev=08:01 mode=0100644 ouid=0 ogid=0
Aug 22 06:33:43 aitest audit: type=SYSCALL msg=audit(1755844423.484:402): arch=c000003e syscall=59 success=yes exit=0 pid=3736 uid=2005 gid=2005 comm="find" exe="/usr/bin/find" key="process_execution"
Aug 22 06:33:52 aitest audit: type=PATH msg=audit(1755844432.211:71): item=0 name="/home/opc/logai/enterprise_mnc_audit_sim/enterprise_data/database/" inode=40780 dev=08:01 mode=0100644 ouid=0 ogid=0
Aug 22 06:33:52 aitest audit: type=SYSCALL msg=audit(1755844432.211:441): arch=c000003e syscall=59 success=yes exit=0 pid=10926 uid=2005 gid=2005 comm="ls" exe="/usr/bin/ls" key="process_execution"
Aug 22 06:34:00 aitest audit: type=PATH msg=audit(1755844440.695:964): item=0 name="/home/opc/logai/enterprise_mnc_audit_sim/enterprise_data/database" inode=36387 dev=08:01 mode=0100644 ouid=0 ogid=0
Aug 22 06:34:00 aitest audit: type=SYSCALL msg=audit(1755844440.695:488): arch=c000003e syscall=59 success=yes exit=0 pid=4528 uid=2005 gid=2005 comm="find" exe="/usr/bin/find" key="process_execution"
Aug 22 06:34:03 aitest audit: type=SYSCALL msg=audit(1755844443.268:576): arch=c000003e syscall=59 success=yes exit=0 pid=8951 uid=2005 gid=2005 comm="grep" exe="/usr/bin/grep" key="process_execution"
Aug 22 06:45:45 aitest audit: type=PATH msg=audit(1755845145.868:717): item=0 name="/home/opc/logai/enterprise_mnc_audit_sim/enterprise_data/development" inode=42053 dev=08:01 mode=0100644 ouid=0 ogid=0
Aug 22 06:45:45 aitest audit: type=SYSCALL msg=audit(1755845145.868:814): arch=c000003e syscall=59 success=yes exit=0 pid=6574 uid=2009 gid=2009 comm="find" exe="/usr/bin/find" key="process_execution"
Aug 22 06:45:50 aitest audit: type=SYSCALL msg=audit(1755845150.253:633): arch=c000003e syscall=59 success=yes exit=0 pid=10063 uid=2009 gid=2009 comm="wc" exe="/usr/bin/wc" key="process_execution"
Aug 22 06:45:52 aitest audit: type=SYSCALL msg=audit(1755845152.702:42): arch=c000003e syscall=59 success=yes exit=0 pid=9996 uid=2009 gid=2009 comm="grep" exe="/usr/bin/grep" key="process_execution"
Aug 22 06:46:00 aitest audit: type=PATH msg=audit(1755845160.99:480): item=0 name="/home/opc/logai/enterprise_mnc_audit_sim/enterprise_data/development/" inode=17513 dev=08:01 mode=0100644 ouid=0 ogid=0
Aug 22 06:46:00 aitest audit: type=SYSCALL msg=audit(1755845160.99:876): arch=c000003e syscall=59 success=yes exit=0 pid=11056 uid=2009 gid=2009 comm="ls" exe="/usr/bin/ls" key="process_execution"
Aug 22 06:46:08 aitest audit: type=SYSCALL msg=audit(1755845168.318:216): arch=c000003e syscall=59 success=yes exit=0 pid=2080 uid=2009 gid=2009 comm="grep" exe="/usr/bin/grep" key="process_execution"
Aug 22 06:50:16 aitest audit: type=PATH msg=audit(1755845416.551:1): item=0 name="/home/opc/logai/enterprise_mnc_audit_sim/enterprise_data/operations/" inode=39070 dev=08:01 mode=0100644 ouid=0 ogid=0
Aug 22 06:50:16 aitest audit: type=SYSCALL msg=audit(1755845416.551:144): arch=c000003e syscall=59 success=yes exit=0 pid=6713 uid=2007 gid=2007 comm="ls" exe="/usr/bin/ls" key="process_execution"
Aug 22 06:50:20 aitest audit: type=PATH msg=audit(1755845420.884:414): item=0 name="/home/opc/logai/enterprise_mnc_audit_sim/applications/" inode=31852 dev=08:01 mode=0100644 ouid=0 ogid=0
Aug 22 06:50:20 aitest audit: type=SYSCALL msg=audit(1755845420.884:590): arch=c000003e syscall=59 success=yes exit=0 pid=2784 uid=2007 gid=2007 comm="ls" exe="/usr/bin/ls" key="process_execution"
Aug 22 06:52:07 aitest audit: type=SYSCALL msg=audit(1755845527.397:748): arch=c000003e syscall=59 success=yes exit=0 pid=3882 uid=2008 gid=2008 comm="last" exe="/usr/bin/last" key="process_execution"
Aug 22 06:52:16 aitest audit: type=PATH msg=audit(1755845536.292:632): item=0 name="/home/opc/logai/enterprise_mnc_audit_sim/enterprise_data/hr/" inode=35559 dev=08:01 mode=0100644 ouid=0 ogid=0
Aug 22 06:52:16 aitest audit: type=SYSCALL msg=audit(1755845536.292:280): arch=c000003e syscall=59 success=yes exit=0 pid=6086 uid=2008 gid=2008 comm="ls" exe="/usr/bin/ls" key="process_execution"
Aug 22 07:06:18 aitest audit: type=SYSCALL msg=audit(1755846378.965:914): arch=c000003e syscall=59 success=yes exit=0 pid=7205 uid=2006 gid=2006 comm="grep" exe="/usr/bin/grep" key="process_execution"
Aug 22 07:06:19 aitest audit: type=SYSCALL msg=audit(1755846379.772:429): arch=c000003e syscall=59 success=yes exit=0 pid=11179 uid=2006 gid=2006 comm="cp" exe="/usr/bin/cp" key="process_execution"
Aug 22 07:08:04 aitest audit: type=SYSCALL msg=audit(1755846484.607:349): arch=c000003e syscall=59 success=yes exit=0 pid=11523 uid=2007 gid=2007 comm="du" exe="/usr/bin/du" key="process_execution"
Aug 22 07:08:10 aitest audit: type=PATH msg=audit(1755846490.173:121): item=0 name="/home/opc/logai/enterprise_mnc_audit_sim/enterprise_data/operations" inode=20239 dev=08:01 mode=0100644 ouid=0 ogid=0
Aug 22 07:08:10 aitest audit: type=SYSCALL msg=audit(1755846490.173:301): arch=c000003e syscall=59 success=yes exit=0 pid=4124 uid=2007 gid=2007 comm="find" exe="/usr/bin/find" key="process_execution"
Aug 22 07:08:18 aitest audit: type=PATH msg=audit(1755846498.696:666): item=0 name="/home/opc/logai/enterprise_mnc_audit_sim/applications/" inode=34185 dev=08:01 mode=0100644 ouid=0 ogid=0
Aug 22 07:08:18 aitest audit: type=SYSCALL msg=audit(1755846498.696:737): arch=c000003e syscall=59 success=yes exit=0 pid=3463 uid=2007 gid=2007 comm="ls" exe="/usr/bin/ls" key="process_execution"
Aug 22 07:17:10 aitest audit: type=SYSCALL msg=audit(1755847030.742:799): arch=c000003e syscall=59 success=yes exit=0 pid=6443 uid=2003 gid=2003 comm="wc" exe="/usr/bin/wc" key="process_execution"
Aug 22 07:17:11 aitest audit: type=SYSCALL msg=audit(1755847031.92:889): arch=c000003e syscall=59 success=yes exit=0 pid=2281 uid=2003 gid=2003 comm="wc" exe="/usr/bin/wc" key="process_execution"
Aug 22 07:17:15 aitest audit: type=SYSCALL msg=audit(1755847035.732:95): arch=c000003e syscall=59 success=yes exit=0 pid=11411 uid=2003 gid=2003 comm="cp" exe="/usr/bin/cp" key="process_execution"
Aug 22 07:17:17 aitest audit: type=SYSCALL msg=audit(1755847037.780:178): arch=c000003e syscall=59 success=yes exit=0 pid=10780 uid=2003 gid=2003 comm="cp" exe="/usr/bin/cp" key="process_execution"
Aug 22 07:23:51 aitest audit: type=PATH msg=audit(1755847431.46:163): item=0 name="/home/opc/logai/enterprise_mnc_audit_sim/applications/" inode=36292 dev=08:01 mode=0100644 ouid=0 ogid=0
Aug 22 07:23:51 aitest audit: type=SYSCALL msg=audit(1755847431.46:436): arch=c000003e syscall=59 success=yes exit=0 pid=7197 uid=2001 gid=2001 comm="ls" exe="/usr/bin/ls" key="process_execution"
Aug 22 07:23:57 aitest audit: type=SYSCALL msg=audit(1755847437.44:311): arch=c000003e syscall=59 success=yes exit=0 pid=5562 uid=2001 gid=2001 comm="ps" exe="/usr/bin/ps" key="process_execution"
Aug 22 07:24:00 aitest audit: type=PATH msg=audit(1755847440.345:376): item=0 name="/home/opc/logai/enterprise_mnc_audit_sim/system/configs/server.conf" inode=24078 dev=08:01 mode=0100644 ouid=0 ogid=0
Aug 22 07:24:00 aitest audit: type=SYSCALL msg=audit(1755847440.345:889): arch=c000003e syscall=59 success=yes exit=0 pid=3301 uid=2001 gid=2001 comm="chmod" exe="/usr/bin/chmod" key="process_execution"
Aug 22 07:24:03 aitest audit: type=SYSCALL msg=audit(1755847443.616:612): arch=c000003e syscall=59 success=yes exit=0 pid=6730 uid=2001 gid=2001 comm="df" exe="/usr/bin/df" key="process_execution"
Aug 22 07:26:35 aitest audit: type=SYSCALL msg=audit(1755847595.885:640): arch=c000003e syscall=59 success=yes exit=0 pid=11119 uid=2008 gid=2008 comm="who" exe="/usr/bin/who" key="process_execution"
Aug 22 07:26:39 aitest audit: type=SYSCALL msg=audit(1755847599.225:723): arch=c000003e syscall=59 success=yes exit=0 pid=7128 uid=2008 gid=2008 comm="netstat" exe="/usr/bin/netstat" key="process_execution"
Aug 22 07:26:43 aitest audit: type=SYSCALL msg=audit(1755847603.736:291): arch=c000003e syscall=59 success=yes exit=0 pid=5713 uid=2008 gid=2008 comm="who" exe="/usr/bin/who" key="process_execution"
Aug 22 07:30:16 aitest audit: type=PATH msg=audit(1755847816.774:932): item=0 name="/home/opc/logai/enterprise_mnc_audit_sim/system/configs/server.conf" inode=27137 dev=08:01 mode=0100644 ouid=0 ogid=0
Aug 22 07:30:16 aitest audit: type=SYSCALL msg=audit(1755847816.774:592): arch=c000003e syscall=59 success=yes exit=0 pid=3732 uid=2001 gid=2001 comm="cat" exe="/usr/bin/cat" key="process_execution"
Aug 22 07:30:18 aitest audit: type=PATH msg=audit(1755847818.215:806): item=0 name="/home/opc/logai/enterprise_mnc_audit_sim/system/configs/server.conf" inode=37812 dev=08:01 mode=0100644 ouid=0 ogid=0
Aug 22 07:30:18 aitest audit: type=SYSCALL msg=audit(1755847818.215:675): arch=c000003e syscall=59 success=yes exit=0 pid=10182 uid=2001 gid=2001 comm="cat" exe="/usr/bin/cat" key="process_execution"
Aug 22 07:30:19 aitest audit: type=SYSCALL msg=audit(1755847819.541:917): arch=c000003e syscall=59 success=yes exit=0 pid=2650 uid=2001 gid=2001 comm="free" exe="/usr/bin/free" key="process_execution"
Aug 22 07:30:29 aitest audit: type=PATH msg=audit(1755847829.706:209): item=0 name="/home/opc/logai/enterprise_mnc_audit_sim/system/configs/" inode=16213 dev=08:01 mode=0100644 ouid=0 ogid=0
Aug 22 07:30:29 aitest audit: type=SYSCALL msg=audit(1755847829.706:123): arch=c000003e syscall=59 success=yes exit=0 pid=5333 uid=2001 gid=2001 comm="ls" exe="/usr/bin/ls" key="process_execution"
Aug 22 07:30:31 aitest audit: type=PATH msg=audit(1755847831.458:773): item=0 name="/home/opc/logai/enterprise_mnc_audit_sim/system/configs/" inode=28548 dev=08:01 mode=0100644 ouid=0 ogid=0
Aug 22 07:30:31 aitest audit: type=SYSCALL msg=audit(1755847831.458:299): arch=c000003e syscall=59 success=yes exit=0 pid=6245 uid=2001 gid=2001 comm="ls" exe="/usr/bin/ls" key="process_execution"
Aug 22 07:31:44 aitest audit: type=SYSCALL msg=audit(1755847904.935:559): arch=c000003e syscall=59 success=yes exit=0 pid=9630 uid=2005 gid=2005 comm="grep" exe="/usr/bin/grep" key="process_execution"
Aug 22 07:31:49 aitest audit: type=SYSCALL msg=audit(1755847909.743:1): arch=c000003e syscall=59 success=yes exit=0 pid=2639 uid=2005 gid=2005 comm="du" exe="/usr/bin/du" key="process_execution"
Aug 22 07:32:34 aitest audit: type=SYSCALL msg=audit(1755847954.524:85): arch=c000003e syscall=59 success=yes exit=0 pid=11423 uid=2002 gid=2002 comm="cp" exe="/usr/bin/cp" key="process_execution"
Aug 22 07:32:36 aitest audit: type=SYSCALL msg=audit(1755847956.120:291): arch=c000003e syscall=59 success=yes exit=0 pid=5936 uid=2002 gid=2002 comm="du" exe="/usr/bin/du" key="process_execution"
Aug 22 07:32:42 aitest audit: type=PATH msg=audit(1755847962.983:149): item=0 name="/home/opc/logai/enterprise_mnc_audit_sim/enterprise_data/database" inode=35869 dev=08:01 mode=0100644 ouid=0 ogid=0
Aug 22 07:32:42 aitest audit: type=SYSCALL msg=audit(1755847962.983:456): arch=c000003e syscall=59 success=yes exit=0 pid=4480 uid=2002 gid=2002 comm="find" exe="/usr/bin/find" key="process_execution"
Aug 22 07:37:05 aitest audit: type=PATH msg=audit(1755848225.3:59): item=0 name="/home/opc/logai/enterprise_mnc_audit_sim/enterprise_data/database/" inode=40805 dev=08:01 mode=0100644 ouid=0 ogid=0
Aug 22 07:37:05 aitest audit: type=SYSCALL msg=audit(1755848225.3:52): arch=c000003e syscall=59 success=yes exit=0 pid=9509 uid=2005 gid=2005 comm="ls" exe="/usr/bin/ls" key="process_execution"
Aug 22 07:37:12 aitest audit: type=PATH msg=audit(1755848232.177:686): item=0 name="/home/opc/logai/enterprise_mnc_audit_sim/enterprise_data/database/mysql/db_config.cnf" inode=17451 dev=08:01 mode=0100644 ouid=0 ogid=0
Aug 22 07:37:12 aitest audit: type=SYSCALL msg=audit(1755848232.177:706): arch=c000003e syscall=59 success=yes exit=0 pid=9898 uid=2005 gid=2005 comm="chmod" exe="/usr/bin/chmod" key="process_execution"
Aug 22 07:37:18 aitest audit: type=SYSCALL msg=audit(1755848238.587:300): arch=c000003e syscall=59 success=yes exit=0 pid=3547 uid=2005 gid=2005 comm="du" exe="/usr/bin/du" key="process_execution"
Aug 22 07:37:27 aitest audit: type=PATH msg=audit(1755848247.769:229): item=0 name="/home/opc/logai/enterprise_mnc_audit_sim/applications/databases/" inode=34560 dev=08:01 mode=0100644 ouid=0 ogid=0
Aug 22 07:37:27 aitest audit: type=SYSCALL msg=audit(1755848247.769:451): arch=c000003e syscall=59 success=yes exit=0 pid=10272 uid=2005 gid=2005 comm="ls" exe="/usr/bin/ls" key="process_execution"
Aug 22 07:37:30 aitest audit: type=PATH msg=audit(1755848250.800:720): item=0 name="/home/opc/logai/enterprise_mnc_audit_sim/enterprise_data/database" inode=16570 dev=08:01 mode=0100644 ouid=0 ogid=0
Aug 22 07:37:30 aitest audit: type=SYSCALL msg=audit(1755848250.800:74): arch=c000003e syscall=59 success=yes exit=0 pid=7401 uid=2005 gid=2005 comm="find" exe="/usr/bin/find" key="process_execution"
Aug 22 07:39:00 aitest audit: type=PATH msg=audit(1755848340.578:711): item=0 name="/home/opc/logai/enterprise_mnc_audit_sim/enterprise_data/development/" inode=38772 dev=08:01 mode=0100644 ouid=0 ogid=0
Aug 22 07:39:00 aitest audit: type=SYSCALL msg=audit(1755848340.578:616): arch=c000003e syscall=59 success=yes exit=0 pid=11905 uid=2009 gid=2009 comm="ls" exe="/usr/bin/ls" key="process_execution"
Aug 22 07:39:10 aitest audit: type=PATH msg=audit(1755848350.277:160): item=0 name="/home/opc/logai/enterprise_mnc_audit_sim/enterprise_data/development/" inode=10251 dev=08:01 mode=0100644 ouid=0 ogid=0
Aug 22 07:39:10 aitest audit: type=SYSCALL msg=audit(1755848350.277:963): arch=c000003e syscall=59 success=yes exit=0 pid=6863 uid=2009 gid=2009 comm="ls" exe="/usr/bin/ls" key="process_execution"
Aug 22 07:39:16 aitest audit: type=SYSCALL msg=audit(1755848356.337:912): arch=c000003e syscall=59 success=yes exit=0 pid=2401 uid=2009 gid=2009 comm="wc" exe="/usr/bin/wc" key="process_execution"
Aug 22 07:39:21 aitest audit: type=SYSCALL msg=audit(1755848361.990:478): arch=c000003e syscall=59 success=yes exit=0 pid=4252 uid=2009 gid=2009 comm="grep" exe="/usr/bin/grep" key="process_execution"
Aug 22 07:39:24 aitest audit: type=SYSCALL msg=audit(1755848364.745:855): arch=c000003e syscall=59 success=yes exit=0 pid=3850 uid=2009 gid=2009 comm="cp" exe="/usr/bin/cp" key="process_execution"
Aug 22 07:53:44 aitest audit: type=SYSCALL msg=audit(1755849224.983:114): arch=c000003e syscall=59 success=yes exit=0 pid=4419 uid=2003 gid=2003 comm="cp" exe="/usr/bin/cp" key="process_execution"
Aug 22 07:53:47 aitest audit: type=PATH msg=audit(1755849227.185:742): item=0 name="/home/opc/logai/enterprise_mnc_audit_sim/enterprise_data/development/projects/project_alpha.txt" inode=26644 dev=08:01 mode=0100644 ouid=0 ogid=0
Aug 22 07:53:47 aitest audit: type=SYSCALL msg=audit(1755849227.185:698): arch=c000003e syscall=59 success=yes exit=0 pid=4069 uid=2003 gid=2003 comm="cat" exe="/usr/bin/cat" key="process_execution"
Aug 22 07:53:50 aitest audit: type=PATH msg=audit(1755849230.142:829): item=0 name="/home/opc/logai/enterprise_mnc_audit_sim/enterprise_data/development/projects/" inode=38611 dev=08:01 mode=0100644 ouid=0 ogid=0
Aug 22 07:53:50 aitest audit: type=SYSCALL msg=audit(1755849230.142:227): arch=c000003e syscall=59 success=yes exit=0 pid=8456 uid=2003 gid=2003 comm="ls" exe="/usr/bin/ls" key="process_execution"
Aug 22 07:53:52 aitest audit: type=SYSCALL msg=audit(1755849232.451:45): arch=c000003e syscall=59 success=yes exit=0 pid=4182 uid=2003 gid=2003 comm="cp" exe="/usr/bin/cp" key="process_execution"
Aug 22 07:53:58 aitest audit: type=SYSCALL msg=audit(1755849238.372:361): arch=c000003e syscall=59 success=yes exit=0 pid=9771 uid=2003 gid=2003 comm="cp" exe="/usr/bin/cp" key="process_execution"
Aug 22 07:59:06 aitest audit: type=PATH msg=audit(1755849546.453:868): item=0 name="/home/opc/logai/enterprise_mnc_audit_sim/enterprise_data/development/projects/project_alpha.txt" inode=34485 dev=08:01 mode=0100644 ouid=0 ogid=0
Aug 22 07:59:06 aitest audit: type=SYSCALL msg=audit(1755849546.453:648): arch=c000003e syscall=59 success=yes exit=0 pid=4893 uid=2003 gid=2003 comm="cat" exe="/usr/bin/cat" key="process_execution"
Aug 22 07:59:16 aitest audit: type=SYSCALL msg=audit(1755849556.341:833): arch=c000003e syscall=59 success=yes exit=0 pid=2172 uid=2003 gid=2003 comm="wc" exe="/usr/bin/wc" key="process_execution"
Aug 22 08:03:19 aitest audit: type=SYSCALL msg=audit(1755849799.829:360): arch=c000003e syscall=59 success=yes exit=0 pid=8586 uid=2001 gid=2001 comm="history" exe="/usr/bin/history" key="process_execution"
Aug 22 08:08:38 aitest audit: type=SYSCALL msg=audit(1755850118.201:997): arch=c000003e syscall=59 success=yes exit=0 pid=2763 uid=2006 gid=2006 comm="cp" exe="/usr/bin/cp" key="process_execution"
Aug 22 08:08:41 aitest audit: type=SYSCALL msg=audit(1755850121.967:181): arch=c000003e syscall=59 success=yes exit=0 pid=5232 uid=2006 gid=2006 comm="grep" exe="/usr/bin/grep" key="process_execution"
Aug 22 08:08:51 aitest audit: type=PATH msg=audit(1755850131.82:652): item=0 name="/home/opc/logai/enterprise_mnc_audit_sim/enterprise_data/development/scripts/build.sh" inode=40932 dev=08:01 mode=0100644 ouid=0 ogid=0
Aug 22 08:08:51 aitest audit: type=SYSCALL msg=audit(1755850131.82:279): arch=c000003e syscall=59 success=yes exit=0 pid=10949 uid=2006 gid=2006 comm="chmod" exe="/usr/bin/chmod" key="process_execution"
Aug 22 08:09:11 aitest audit: type=SYSCALL msg=audit(1755850151.574:172): arch=c000003e syscall=59 success=yes exit=0 pid=3995 uid= gid= comm="cat" exe="/usr/bin/cat" key="process_execution"
Aug 22 08:19:54 aitest audit: type=PATH msg=audit(1755850794.588:888): item=0 name="/home/opc/logai/enterprise_mnc_audit_sim/enterprise_data/database" inode=32687 dev=08:01 mode=0100644 ouid=0 ogid=0
Aug 22 08:19:54 aitest audit: type=SYSCALL msg=audit(1755850794.588:392): arch=c000003e syscall=59 success=yes exit=0 pid=2111 uid=2002 gid=2002 comm="find" exe="/usr/bin/find" key="process_execution"
Aug 22 08:19:56 aitest audit: type=SYSCALL msg=audit(1755850796.461:420): arch=c000003e syscall=59 success=yes exit=0 pid=3761 uid=2002 gid=2002 comm="du" exe="/usr/bin/du" key="process_execution"
Aug 22 08:20:05 aitest audit: type=PATH msg=audit(1755850805.875:935): item=0 name="/home/opc/logai/enterprise_mnc_audit_sim/enterprise_data/database/mysql/db_config.cnf" inode=29448 dev=08:01 mode=0100644 ouid=0 ogid=0
Aug 22 08:20:05 aitest audit: type=SYSCALL msg=audit(1755850805.875:24): arch=c000003e syscall=59 success=yes exit=0 pid=10925 uid=2002 gid=2002 comm="cat" exe="/usr/bin/cat" key="process_execution"
Aug 22 08:20:14 aitest audit: type=SYSCALL msg=audit(1755850814.200:520): arch=c000003e syscall=59 success=yes exit=0 pid=8923 uid=2002 gid=2002 comm="grep" exe="/usr/bin/grep" key="process_execution"
Aug 22 08:20:39 aitest audit: type=PATH msg=audit(1755850839.477:675): item=0 name="/home/opc/logai/enterprise_mnc_audit_sim/system/configs/server.conf" inode=23460 dev=08:01 mode=0100644 ouid=0 ogid=0
Aug 22 08:20:39 aitest audit: type=SYSCALL msg=audit(1755850839.477:507): arch=c000003e syscall=59 success=yes exit=0 pid=5942 uid=2004 gid=2004 comm="chmod" exe="/usr/bin/chmod" key="process_execution"
Aug 22 08:20:41 aitest audit: type=PATH msg=audit(1755850841.780:904): item=0 name="/home/opc/logai/enterprise_mnc_audit_sim/system/configs/" inode=24818 dev=08:01 mode=0100644 ouid=0 ogid=0
Aug 22 08:20:41 aitest audit: type=SYSCALL msg=audit(1755850841.780:131): arch=c000003e syscall=59 success=yes exit=0 pid=8318 uid=2004 gid=2004 comm="ls" exe="/usr/bin/ls" key="process_execution"
Aug 22 08:20:42 aitest audit: type=PATH msg=audit(1755850842.520:153): item=0 name="/home/opc/logai/enterprise_mnc_audit_sim/system/configs/" inode=28388 dev=08:01 mode=0100644 ouid=0 ogid=0
Aug 22 08:20:42 aitest audit: type=SYSCALL msg=audit(1755850842.520:873): arch=c000003e syscall=59 success=yes exit=0 pid=2413 uid=2004 gid=2004 comm="ls" exe="/usr/bin/ls" key="process_execution"
Aug 22 08:25:21 aitest audit: type=PATH msg=audit(1755851121.637:557): item=0 name="/home/opc/logai/enterprise_mnc_audit_sim/enterprise_data/development/scripts/build.sh" inode=26212 dev=08:01 mode=0100644 ouid=0 ogid=0
Aug 22 08:25:21 aitest audit: type=SYSCALL msg=audit(1755851121.637:441): arch=c000003e syscall=59 success=yes exit=0 pid=10047 uid=2003 gid=2003 comm="chmod" exe="/usr/bin/chmod" key="process_execution"
Aug 22 08:25:29 aitest audit: type=PATH msg=audit(1755851129.735:923): item=0 name="/home/opc/logai/enterprise_mnc_audit_sim/enterprise_data/development/scripts/build.sh" inode=15131 dev=08:01 mode=0100644 ouid=0 ogid=0
Aug 22 08:25:29 aitest audit: type=SYSCALL msg=audit(1755851129.735:0): arch=c000003e syscall=59 success=yes exit=0 pid=10546 uid=2003 gid=2003 comm="chmod" exe="/usr/bin/chmod" key="process_execution"
Aug 22 08:25:33 aitest audit: type=PATH msg=audit(1755851133.950:283): item=0 name="/home/opc/logai/enterprise_mnc_audit_sim/enterprise_data/development/projects/" inode=42202 dev=08:01 mode=0100644 ouid=0 ogid=0
Aug 22 08:25:33 aitest audit: type=SYSCALL msg=audit(1755851133.950:438): arch=c000003e syscall=59 success=yes exit=0 pid=5632 uid=2003 gid=2003 comm="ls" exe="/usr/bin/ls" key="process_execution"
Aug 22 08:29:19 aitest audit: type=SYSCALL msg=audit(1755851359.717:591): arch=c000003e syscall=59 success=yes exit=0 pid=8204 uid=2003 gid=2003 comm="grep" exe="/usr/bin/grep" key="process_execution"
Aug 22 08:29:28 aitest audit: type=PATH msg=audit(1755851368.595:394): item=0 name="/home/opc/logai/enterprise_mnc_audit_sim/enterprise_data/development" inode=18315 dev=08:01 mode=0100644 ouid=0 ogid=0
Aug 22 08:29:28 aitest audit: type=SYSCALL msg=audit(1755851368.595:27): arch=c000003e syscall=59 success=yes exit=0 pid=11810 uid=2003 gid=2003 comm="find" exe="/usr/bin/find" key="process_execution"
Aug 22 08:29:31 aitest audit: type=PATH msg=audit(1755851371.850:580): item=0 name="/home/opc/logai/enterprise_mnc_audit_sim/enterprise_data/development/projects/" inode=25931 dev=08:01 mode=0100644 ouid=0 ogid=0
Aug 22 08:29:31 aitest audit: type=SYSCALL msg=audit(1755851371.850:979): arch=c000003e syscall=59 success=yes exit=0 pid=6442 uid=2003 gid=2003 comm="ls" exe="/usr/bin/ls" key="process_execution"
Aug 22 08:29:39 aitest audit: type=SYSCALL msg=audit(1755851379.695:758): arch=c000003e syscall=59 success=yes exit=0 pid=8212 uid=2003 gid=2003 comm="grep" exe="/usr/bin/grep" key="process_execution"
Aug 22 08:30:40 aitest audit: type=PATH msg=audit(1755851440.497:212): item=0 name="/home/opc/logai/enterprise_mnc_audit_sim/enterprise_data/operations" inode=23151 dev=08:01 mode=0100644 ouid=0 ogid=0
Aug 22 08:30:40 aitest audit: type=SYSCALL msg=audit(1755851440.497:642): arch=c000003e syscall=59 success=yes exit=0 pid=3799 uid=2007 gid=2007 comm="find" exe="/usr/bin/find" key="process_execution"
Aug 22 08:30:43 aitest audit: type=SYSCALL msg=audit(1755851443.96:969): arch=c000003e syscall=59 success=yes exit=0 pid=8337 uid=2007 gid=2007 comm="ps" exe="/usr/bin/ps" key="process_execution"
Aug 22 08:30:47 aitest audit: type=SYSCALL msg=audit(1755851447.111:350): arch=c000003e syscall=59 success=yes exit=0 pid=4491 uid=2007 gid=2007 comm="du" exe="/usr/bin/du" key="process_execution"
Aug 22 08:35:23 aitest audit: type=SYSCALL msg=audit(1755851723.731:792): arch=c000003e syscall=59 success=yes exit=0 pid=2305 uid= gid= comm="wget" exe="/usr/bin/wget" key="process_execution"
Aug 22 08:50:48 aitest audit: type=PATH msg=audit(1755852648.694:278): item=0 name="/home/opc/logai/enterprise_mnc_audit_sim/enterprise_data/development/projects/" inode=37851 dev=08:01 mode=0100644 ouid=0 ogid=0
Aug 22 08:50:48 aitest audit: type=SYSCALL msg=audit(1755852648.694:440): arch=c000003e syscall=59 success=yes exit=0 pid=7786 uid=2003 gid=2003 comm="ls" exe="/usr/bin/ls" key="process_execution"
Aug 22 08:50:53 aitest audit: type=SYSCALL msg=audit(1755852653.187:351): arch=c000003e syscall=59 success=yes exit=0 pid=3956 uid=2003 gid=2003 comm="grep" exe="/usr/bin/grep" key="process_execution"
Aug 22 08:50:55 aitest audit: type=SYSCALL msg=audit(1755852655.903:982): arch=c000003e syscall=59 success=yes exit=0 pid=10744 uid=2003 gid=2003 comm="grep" exe="/usr/bin/grep" key="process_execution"
Aug 22 09:02:25 aitest audit: type=PATH msg=audit(1755853345.534:246): item=0 name="/home/opc/logai/enterprise_mnc_audit_sim/enterprise_data/database/mysql/db_config.cnf" inode=38367 dev=08:01 mode=0100644 ouid=0 ogid=0
Aug 22 09:02:25 aitest audit: type=SYSCALL msg=audit(1755853345.534:636): arch=c000003e syscall=59 success=yes exit=0 pid=10494 uid=2002 gid=2002 comm="cat" exe="/usr/bin/cat" key="process_execution"
Aug 22 09:02:28 aitest audit: type=PATH msg=audit(1755853348.347:42): item=0 name="/home/opc/logai/enterprise_mnc_audit_sim/enterprise_data/database/mysql/db_config.cnf" inode=14451 dev=08:01 mode=0100644 ouid=0 ogid=0
Aug 22 09:02:28 aitest audit: type=SYSCALL msg=audit(1755853348.347:154): arch=c000003e syscall=59 success=yes exit=0 pid=9661 uid=2002 gid=2002 comm="cat" exe="/usr/bin/cat" key="process_execution"
Aug 22 09:02:34 aitest audit: type=PATH msg=audit(1755853354.317:957): item=0 name="/home/opc/logai/enterprise_mnc_audit_sim/enterprise_data/database/mysql/db_config.cnf" inode=30837 dev=08:01 mode=0100644 ouid=0 ogid=0
Aug 22 09:02:34 aitest audit: type=SYSCALL msg=audit(1755853354.317:287): arch=c000003e syscall=59 success=yes exit=0 pid=7559 uid=2002 gid=2002 comm="cat" exe="/usr/bin/cat" key="process_execution"
Aug 22 09:02:38 aitest audit: type=SYSCALL msg=audit(1755853358.500:278): arch=c000003e syscall=59 success=yes exit=0 pid=2370 uid=2002 gid=2002 comm="cp" exe="/usr/bin/cp" key="process_execution"
Aug 22 09:02:42 aitest audit: type=SYSCALL msg=audit(1755853362.182:9): arch=c000003e syscall=59 success=yes exit=0 pid=8127 uid=2002 gid=2002 comm="du" exe="/usr/bin/du" key="process_execution"
