Aug 27 00:07:00 aitest audit: type=SYSCALL msg=audit(1756253220.529:34): arch=c000003e syscall=59 success=yes exit=0 pid=11455 uid=2007 gid=2007 comm="du" exe="/usr/bin/du" key="process_execution"
Aug 27 00:07:03 aitest audit: type=PATH msg=audit(1756253223.408:578): item=0 name="/home/opc/logai/enterprise_mnc_audit_sim/enterprise_data/operations/" inode=20485 dev=08:01 mode=0100644 ouid=0 ogid=0
Aug 27 00:07:03 aitest audit: type=SYSCALL msg=audit(1756253223.408:935): arch=c000003e syscall=59 success=yes exit=0 pid=7837 uid=2007 gid=2007 comm="ls" exe="/usr/bin/ls" key="process_execution"
Aug 27 00:07:12 aitest audit: type=PATH msg=audit(1756253232.874:252): item=0 name="/home/opc/logai/enterprise_mnc_audit_sim/enterprise_data/operations/scripts/" inode=25545 dev=08:01 mode=0100644 ouid=0 ogid=0
Aug 27 00:07:12 aitest audit: type=SYSCALL msg=audit(1756253232.874:445): arch=c000003e syscall=59 success=yes exit=0 pid=8986 uid=2007 gid=2007 comm="chmod" exe="/usr/bin/chmod" key="process_execution"
Aug 27 00:14:20 aitest audit: type=PATH msg=audit(1756253660.803:136): item=0 name="/home/opc/logai/enterprise_mnc_audit_sim/system/logs/application.log" inode=23437 dev=08:01 mode=0100644 ouid=0 ogid=0
Aug 27 00:14:20 aitest audit: type=SYSCALL msg=audit(1756253660.803:943): arch=c000003e syscall=59 success=yes exit=0 pid=11631 uid=2004 gid=2004 comm="tail" exe="/usr/bin/tail" key="process_execution"
Aug 27 00:14:24 aitest audit: type=SYSCALL msg=audit(1756253664.358:575): arch=c000003e syscall=59 success=yes exit=0 pid=4497 uid=2004 gid=2004 comm="netstat" exe="/usr/bin/netstat" key="process_execution"
Aug 27 00:20:24 aitest audit: type=SYSCALL msg=audit(1756254024.678:910): arch=c000003e syscall=59 success=yes exit=0 pid=6211 uid=2002 gid=2002 comm="cp" exe="/usr/bin/cp" key="process_execution"
Aug 27 00:20:26 aitest audit: type=PATH msg=audit(1756254026.739:133): item=0 name="/home/opc/logai/enterprise_mnc_audit_sim/enterprise_data/database/mysql/db_config.cnf" inode=31991 dev=08:01 mode=0100644 ouid=0 ogid=0
Aug 27 00:20:26 aitest audit: type=SYSCALL msg=audit(1756254026.739:961): arch=c000003e syscall=59 success=yes exit=0 pid=5570 uid=2002 gid=2002 comm="cat" exe="/usr/bin/cat" key="process_execution"
Aug 27 00:20:33 aitest audit: type=SYSCALL msg=audit(1756254033.842:653): arch=c000003e syscall=59 success=yes exit=0 pid=10727 uid=2002 gid=2002 comm="cp" exe="/usr/bin/cp" key="process_execution"
Aug 27 00:28:36 aitest audit: type=SYSCALL msg=audit(1756254516.195:534): arch=c000003e syscall=59 success=yes exit=0 pid=2617 uid=2007 gid=2007 comm="ps" exe="/usr/bin/ps" key="process_execution"
Aug 27 00:28:44 aitest audit: type=PATH msg=audit(1756254524.430:128): item=0 name="/home/opc/logai/enterprise_mnc_audit_sim/applications/" inode=32456 dev=08:01 mode=0100644 ouid=0 ogid=0
Aug 27 00:28:44 aitest audit: type=SYSCALL msg=audit(1756254524.430:326): arch=c000003e syscall=59 success=yes exit=0 pid=2537 uid=2007 gid=2007 comm="ls" exe="/usr/bin/ls" key="process_execution"
Aug 27 00:52:14 aitest audit: type=SYSCALL msg=audit(1756255934.987:2): arch=c000003e syscall=59 success=yes exit=0 pid=11342 uid=2003 gid=2003 comm="cp" exe="/usr/bin/cp" key="process_execution"
Aug 27 00:52:22 aitest audit: type=PATH msg=audit(1756255942.195:643): item=0 name="/home/opc/logai/enterprise_mnc_audit_sim/enterprise_data/development/projects/" inode=35389 dev=08:01 mode=0100644 ouid=0 ogid=0
Aug 27 00:52:22 aitest audit: type=SYSCALL msg=audit(1756255942.195:758): arch=c000003e syscall=59 success=yes exit=0 pid=9883 uid=2003 gid=2003 comm="ls" exe="/usr/bin/ls" key="process_execution"
Aug 27 00:52:27 aitest audit: type=SYSCALL msg=audit(1756255947.14:8): arch=c000003e syscall=59 success=yes exit=0 pid=2758 uid=2003 gid=2003 comm="cp" exe="/usr/bin/cp" key="process_execution"
Aug 27 00:52:37 aitest audit: type=PATH msg=audit(1756255957.922:793): item=0 name="/home/opc/logai/enterprise_mnc_audit_sim/enterprise_data/development" inode=11016 dev=08:01 mode=0100644 ouid=0 ogid=0
Aug 27 00:52:37 aitest audit: type=SYSCALL msg=audit(1756255957.922:497): arch=c000003e syscall=59 success=yes exit=0 pid=7459 uid=2003 gid=2003 comm="find" exe="/usr/bin/find" key="process_execution"
Aug 27 00:56:56 aitest audit: type=SYSCALL msg=audit(1756256216.42:113): arch=c000003e syscall=59 success=yes exit=0 pid=9496 uid=2003 gid=2003 comm="cp" exe="/usr/bin/cp" key="process_execution"
Aug 27 00:56:58 aitest audit: type=PATH msg=audit(1756256218.395:495): item=0 name="/home/opc/logai/enterprise_mnc_audit_sim/enterprise_data/development/" inode=29252 dev=08:01 mode=0100644 ouid=0 ogid=0
Aug 27 00:56:58 aitest audit: type=SYSCALL msg=audit(1756256218.395:514): arch=c000003e syscall=59 success=yes exit=0 pid=2514 uid=2003 gid=2003 comm="ls" exe="/usr/bin/ls" key="process_execution"
Aug 27 00:57:06 aitest audit: type=PATH msg=audit(1756256226.846:267): item=0 name="/home/opc/logai/enterprise_mnc_audit_sim/enterprise_data/development" inode=21300 dev=08:01 mode=0100644 ouid=0 ogid=0
Aug 27 00:57:06 aitest audit: type=SYSCALL msg=audit(1756256226.846:647): arch=c000003e syscall=59 success=yes exit=0 pid=7417 uid=2003 gid=2003 comm="find" exe="/usr/bin/find" key="process_execution"
Aug 27 00:57:08 aitest audit: type=SYSCALL msg=audit(1756256228.481:538): arch=c000003e syscall=59 success=yes exit=0 pid=11974 uid=2003 gid=2003 comm="grep" exe="/usr/bin/grep" key="process_execution"
Aug 27 00:57:10 aitest audit: type=SYSCALL msg=audit(1756256230.210:855): arch=c000003e syscall=59 success=yes exit=0 pid=3669 uid=2003 gid=2003 comm="wc" exe="/usr/bin/wc" key="process_execution"
Aug 27 01:01:46 aitest audit: type=SYSCALL msg=audit(1756256506.590:97): arch=c000003e syscall=59 success=yes exit=0 pid=5611 uid=2005 gid=2005 comm="du" exe="/usr/bin/du" key="process_execution"
Aug 27 01:01:53 aitest audit: type=PATH msg=audit(1756256513.730:929): item=0 name="/home/opc/logai/enterprise_mnc_audit_sim/enterprise_data/database" inode=12420 dev=08:01 mode=0100644 ouid=0 ogid=0
Aug 27 01:01:53 aitest audit: type=SYSCALL msg=audit(1756256513.730:551): arch=c000003e syscall=59 success=yes exit=0 pid=3849 uid=2005 gid=2005 comm="find" exe="/usr/bin/find" key="process_execution"
Aug 27 01:24:10 aitest audit: type=PATH msg=audit(1756257850.242:486): item=0 name="/home/opc/logai/enterprise_mnc_audit_sim/system/logs/application.log" inode=23392 dev=08:01 mode=0100644 ouid=0 ogid=0
Aug 27 01:24:10 aitest audit: type=SYSCALL msg=audit(1756257850.242:368): arch=c000003e syscall=59 success=yes exit=0 pid=3622 uid=2001 gid=2001 comm="tail" exe="/usr/bin/tail" key="process_execution"
Aug 27 01:24:11 aitest audit: type=SYSCALL msg=audit(1756257851.357:966): arch=c000003e syscall=59 success=yes exit=0 pid=11527 uid=2001 gid=2001 comm="df" exe="/usr/bin/df" key="process_execution"
Aug 27 01:24:14 aitest audit: type=SYSCALL msg=audit(1756257854.753:570): arch=c000003e syscall=59 success=yes exit=0 pid=2818 uid=2001 gid=2001 comm="netstat" exe="/usr/bin/netstat" key="process_execution"
Aug 27 01:24:24 aitest audit: type=PATH msg=audit(1756257864.763:108): item=0 name="/home/opc/logai/enterprise_mnc_audit_sim/system/configs/server.conf" inode=36465 dev=08:01 mode=0100644 ouid=0 ogid=0
Aug 27 01:24:24 aitest audit: type=SYSCALL msg=audit(1756257864.763:241): arch=c000003e syscall=59 success=yes exit=0 pid=11565 uid=2001 gid=2001 comm="cat" exe="/usr/bin/cat" key="process_execution"
Aug 27 01:27:31 aitest audit: type=PATH msg=audit(1756258051.669:484): item=0 name="/home/opc/logai/enterprise_mnc_audit_sim/enterprise_data/database/mysql/db_config.cnf" inode=38925 dev=08:01 mode=0100644 ouid=0 ogid=0
Aug 27 01:27:31 aitest audit: type=SYSCALL msg=audit(1756258051.669:528): arch=c000003e syscall=59 success=yes exit=0 pid=2971 uid=2002 gid=2002 comm="cat" exe="/usr/bin/cat" key="process_execution"
Aug 27 01:27:32 aitest audit: type=SYSCALL msg=audit(1756258052.586:633): arch=c000003e syscall=59 success=yes exit=0 pid=11355 uid=2002 gid=2002 comm="du" exe="/usr/bin/du" key="process_execution"
Aug 27 01:27:38 aitest audit: type=PATH msg=audit(1756258058.612:548): item=0 name="/home/opc/logai/enterprise_mnc_audit_sim/applications/databases/" inode=27764 dev=08:01 mode=0100644 ouid=0 ogid=0
Aug 27 01:27:38 aitest audit: type=SYSCALL msg=audit(1756258058.612:421): arch=c000003e syscall=59 success=yes exit=0 pid=11530 uid=2002 gid=2002 comm="ls" exe="/usr/bin/ls" key="process_execution"
Aug 27 01:27:47 aitest audit: type=PATH msg=audit(1756258067.829:415): item=0 name="/home/opc/logai/enterprise_mnc_audit_sim/enterprise_data/database" inode=27629 dev=08:01 mode=0100644 ouid=0 ogid=0
Aug 27 01:27:47 aitest audit: type=SYSCALL msg=audit(1756258067.829:136): arch=c000003e syscall=59 success=yes exit=0 pid=9398 uid=2002 gid=2002 comm="find" exe="/usr/bin/find" key="process_execution"
Aug 27 01:27:51 aitest audit: type=PATH msg=audit(1756258071.642:724): item=0 name="/home/opc/logai/enterprise_mnc_audit_sim/enterprise_data/database/" inode=32332 dev=08:01 mode=0100644 ouid=0 ogid=0
Aug 27 01:27:51 aitest audit: type=SYSCALL msg=audit(1756258071.642:347): arch=c000003e syscall=59 success=yes exit=0 pid=8369 uid=2002 gid=2002 comm="ls" exe="/usr/bin/ls" key="process_execution"
Aug 27 01:28:19 aitest audit: type=SYSCALL msg=audit(1756258099.807:951): arch=c000003e syscall=59 success=yes exit=0 pid=5543 uid=2009 gid=2009 comm="grep" exe="/usr/bin/grep" key="process_execution"
Aug 27 01:28:27 aitest audit: type=SYSCALL msg=audit(1756258107.304:805): arch=c000003e syscall=59 success=yes exit=0 pid=11008 uid=2009 gid=2009 comm="wc" exe="/usr/bin/wc" key="process_execution"
Aug 27 01:28:28 aitest audit: type=SYSCALL msg=audit(1756258108.762:201): arch=c000003e syscall=59 success=yes exit=0 pid=9473 uid=2009 gid=2009 comm="wc" exe="/usr/bin/wc" key="process_execution"
Aug 27 01:29:15 aitest audit: type=SYSCALL msg=audit(1756258155.172:268): arch=c000003e syscall=59 success=yes exit=0 pid=9186 uid=2007 gid=2007 comm="tar" exe="/usr/bin/tar" key="process_execution"
Aug 27 01:29:18 aitest audit: type=PATH msg=audit(1756258158.512:869): item=0 name="/home/opc/logai/enterprise_mnc_audit_sim/enterprise_data/operations" inode=34430 dev=08:01 mode=0100644 ouid=0 ogid=0
Aug 27 01:29:18 aitest audit: type=SYSCALL msg=audit(1756258158.512:319): arch=c000003e syscall=59 success=yes exit=0 pid=5450 uid=2007 gid=2007 comm="find" exe="/usr/bin/find" key="process_execution"
Aug 27 01:29:25 aitest audit: type=PATH msg=audit(1756258165.407:730): item=0 name="/home/opc/logai/enterprise_mnc_audit_sim/enterprise_data/operations/" inode=37499 dev=08:01 mode=0100644 ouid=0 ogid=0
Aug 27 01:29:25 aitest audit: type=SYSCALL msg=audit(1756258165.407:837): arch=c000003e syscall=59 success=yes exit=0 pid=2757 uid=2007 gid=2007 comm="ls" exe="/usr/bin/ls" key="process_execution"
Aug 27 01:29:34 aitest audit: type=SYSCALL msg=audit(1756258174.714:970): arch=c000003e syscall=59 success=yes exit=0 pid=9098 uid=2007 gid=2007 comm="du" exe="/usr/bin/du" key="process_execution"
Aug 27 01:29:35 aitest audit: type=PATH msg=audit(1756258175.679:302): item=0 name="/home/opc/logai/enterprise_mnc_audit_sim/enterprise_data/operations/scripts/" inode=31650 dev=08:01 mode=0100644 ouid=0 ogid=0
Aug 27 01:29:35 aitest audit: type=SYSCALL msg=audit(1756258175.679:922): arch=c000003e syscall=59 success=yes exit=0 pid=3798 uid=2007 gid=2007 comm="chmod" exe="/usr/bin/chmod" key="process_execution"
Aug 27 01:32:20 aitest audit: type=PATH msg=audit(1756258340.212:718): item=0 name="/home/opc/logai/enterprise_mnc_audit_sim/enterprise_data/development/projects/" inode=12684 dev=08:01 mode=0100644 ouid=0 ogid=0
Aug 27 01:32:20 aitest audit: type=SYSCALL msg=audit(1756258340.212:642): arch=c000003e syscall=59 success=yes exit=0 pid=4357 uid=2006 gid=2006 comm="ls" exe="/usr/bin/ls" key="process_execution"
Aug 27 01:32:22 aitest audit: type=PATH msg=audit(1756258342.512:289): item=0 name="/home/opc/logai/enterprise_mnc_audit_sim/enterprise_data/development/projects/project_alpha.txt" inode=33613 dev=08:01 mode=0100644 ouid=0 ogid=0
Aug 27 01:32:22 aitest audit: type=SYSCALL msg=audit(1756258342.512:886): arch=c000003e syscall=59 success=yes exit=0 pid=5429 uid=2006 gid=2006 comm="cat" exe="/usr/bin/cat" key="process_execution"
Aug 27 01:32:27 aitest audit: type=SYSCALL msg=audit(1756258347.158:438): arch=c000003e syscall=59 success=yes exit=0 pid=9824 uid=2006 gid=2006 comm="grep" exe="/usr/bin/grep" key="process_execution"
Aug 27 01:41:07 aitest audit: type=SYSCALL msg=audit(1756258867.114:507): arch=c000003e syscall=59 success=yes exit=0 pid=11237 uid=2001 gid=2001 comm="ps" exe="/usr/bin/ps" key="process_execution"
Aug 27 01:41:12 aitest audit: type=SYSCALL msg=audit(1756258872.558:511): arch=c000003e syscall=59 success=yes exit=0 pid=7910 uid=2001 gid=2001 comm="df" exe="/usr/bin/df" key="process_execution"
Aug 27 01:41:16 aitest audit: type=PATH msg=audit(1756258876.275:472): item=0 name="/home/opc/logai/enterprise_mnc_audit_sim/system/configs/" inode=11960 dev=08:01 mode=0100644 ouid=0 ogid=0
Aug 27 01:41:16 aitest audit: type=SYSCALL msg=audit(1756258876.275:758): arch=c000003e syscall=59 success=yes exit=0 pid=3003 uid=2001 gid=2001 comm="ls" exe="/usr/bin/ls" key="process_execution"
Aug 27 01:42:25 aitest audit: type=SYSCALL msg=audit(1756258945.85:203): arch=c000003e syscall=59 success=yes exit=0 pid=8212 uid=2004 gid=2004 comm="ps" exe="/usr/bin/ps" key="process_execution"
Aug 27 01:42:32 aitest audit: type=PATH msg=audit(1756258952.643:49): item=0 name="/home/opc/logai/enterprise_mnc_audit_sim/system/configs/server.conf" inode=36510 dev=08:01 mode=0100644 ouid=0 ogid=0
Aug 27 01:42:32 aitest audit: type=SYSCALL msg=audit(1756258952.643:921): arch=c000003e syscall=59 success=yes exit=0 pid=3381 uid=2004 gid=2004 comm="cat" exe="/usr/bin/cat" key="process_execution"
Aug 27 01:50:49 aitest audit: type=SYSCALL msg=audit(1756259449.149:382): arch=c000003e syscall=59 success=yes exit=0 pid=11040 uid=2006 gid=2006 comm="cp" exe="/usr/bin/cp" key="process_execution"
Aug 27 01:50:59 aitest audit: type=SYSCALL msg=audit(1756259459.120:280): arch=c000003e syscall=59 success=yes exit=0 pid=9889 uid=2006 gid=2006 comm="cp" exe="/usr/bin/cp" key="process_execution"
Aug 27 01:51:05 aitest audit: type=SYSCALL msg=audit(1756259465.686:581): arch=c000003e syscall=59 success=yes exit=0 pid=3777 uid=2006 gid=2006 comm="cp" exe="/usr/bin/cp" key="process_execution"
Aug 27 01:51:06 aitest audit: type=SYSCALL msg=audit(1756259466.599:419): arch=c000003e syscall=59 success=yes exit=0 pid=4110 uid=2006 gid=2006 comm="wc" exe="/usr/bin/wc" key="process_execution"
Aug 27 02:04:50 aitest audit: type=PATH msg=audit(1756260290.335:433): item=0 name="/home/opc/logai/enterprise_mnc_audit_sim/enterprise_data/development/" inode=27947 dev=08:01 mode=0100644 ouid=0 ogid=0
Aug 27 02:04:50 aitest audit: type=SYSCALL msg=audit(1756260290.335:473): arch=c000003e syscall=59 success=yes exit=0 pid=7460 uid=2006 gid=2006 comm="ls" exe="/usr/bin/ls" key="process_execution"
Aug 27 02:04:52 aitest audit: type=PATH msg=audit(1756260292.859:763): item=0 name="/home/opc/logai/enterprise_mnc_audit_sim/enterprise_data/development/projects/" inode=30516 dev=08:01 mode=0100644 ouid=0 ogid=0
Aug 27 02:04:52 aitest audit: type=SYSCALL msg=audit(1756260292.859:367): arch=c000003e syscall=59 success=yes exit=0 pid=9769 uid=2006 gid=2006 comm="ls" exe="/usr/bin/ls" key="process_execution"
Aug 27 02:05:00 aitest audit: type=PATH msg=audit(1756260300.339:149): item=0 name="/home/opc/logai/enterprise_mnc_audit_sim/enterprise_data/development/scripts/build.sh" inode=14787 dev=08:01 mode=0100644 ouid=0 ogid=0
Aug 27 02:05:00 aitest audit: type=SYSCALL msg=audit(1756260300.339:397): arch=c000003e syscall=59 success=yes exit=0 pid=2804 uid=2006 gid=2006 comm="chmod" exe="/usr/bin/chmod" key="process_execution"
Aug 27 02:05:47 aitest audit: type=SYSCALL msg=audit(1756260347.789:238): arch=c000003e syscall=59 success=yes exit=0 pid=11824 uid=2005 gid=2005 comm="cp" exe="/usr/bin/cp" key="process_execution"
Aug 27 02:05:57 aitest audit: type=PATH msg=audit(1756260357.701:555): item=0 name="/home/opc/logai/enterprise_mnc_audit_sim/enterprise_data/database/mysql/db_config.cnf" inode=41968 dev=08:01 mode=0100644 ouid=0 ogid=0
Aug 27 02:05:57 aitest audit: type=SYSCALL msg=audit(1756260357.701:881): arch=c000003e syscall=59 success=yes exit=0 pid=10283 uid=2005 gid=2005 comm="cat" exe="/usr/bin/cat" key="process_execution"
Aug 27 02:06:00 aitest audit: type=PATH msg=audit(1756260360.80:293): item=0 name="/home/opc/logai/enterprise_mnc_audit_sim/applications/" inode=37497 dev=08:01 mode=0100644 ouid=0 ogid=0
Aug 27 02:06:00 aitest audit: type=SYSCALL msg=audit(1756260360.80:1): arch=c000003e syscall=59 success=yes exit=0 pid=10539 uid=2004 gid=2004 comm="ls" exe="/usr/bin/ls" key="process_execution"
Aug 27 02:06:03 aitest audit: type=PATH msg=audit(1756260363.110:875): item=0 name="/home/opc/logai/enterprise_mnc_audit_sim/enterprise_data/database/mysql/db_config.cnf" inode=36589 dev=08:01 mode=0100644 ouid=0 ogid=0
Aug 27 02:06:03 aitest audit: type=SYSCALL msg=audit(1756260363.110:591): arch=c000003e syscall=59 success=yes exit=0 pid=4998 uid=2005 gid=2005 comm="cat" exe="/usr/bin/cat" key="process_execution"
Aug 27 02:06:10 aitest audit: type=PATH msg=audit(1756260370.428:440): item=0 name="/home/opc/logai/enterprise_mnc_audit_sim/applications/" inode=30905 dev=08:01 mode=0100644 ouid=0 ogid=0
Aug 27 02:06:10 aitest audit: type=SYSCALL msg=audit(1756260370.428:7): arch=c000003e syscall=59 success=yes exit=0 pid=7120 uid=2004 gid=2004 comm="ls" exe="/usr/bin/ls" key="process_execution"
Aug 27 02:06:11 aitest audit: type=PATH msg=audit(1756260371.418:599): item=0 name="/home/opc/logai/enterprise_mnc_audit_sim/enterprise_data/database" inode=20338 dev=08:01 mode=0100644 ouid=0 ogid=0
Aug 27 02:06:11 aitest audit: type=SYSCALL msg=audit(1756260371.418:200): arch=c000003e syscall=59 success=yes exit=0 pid=3536 uid=2005 gid=2005 comm="find" exe="/usr/bin/find" key="process_execution"
Aug 27 02:06:13 aitest audit: type=PATH msg=audit(1756260373.791:907): item=0 name="/home/opc/logai/enterprise_mnc_audit_sim/system/configs/server.conf" inode=25560 dev=08:01 mode=0100644 ouid=0 ogid=0
Aug 27 02:06:13 aitest audit: type=SYSCALL msg=audit(1756260373.791:223): arch=c000003e syscall=59 success=yes exit=0 pid=8747 uid=2004 gid=2004 comm="cat" exe="/usr/bin/cat" key="process_execution"
Aug 27 02:06:20 aitest audit: type=PATH msg=audit(1756260380.755:112): item=0 name="/home/opc/logai/enterprise_mnc_audit_sim/applications/" inode=25127 dev=08:01 mode=0100644 ouid=0 ogid=0
Aug 27 02:06:20 aitest audit: type=SYSCALL msg=audit(1756260380.755:17): arch=c000003e syscall=59 success=yes exit=0 pid=2237 uid=2004 gid=2004 comm="ls" exe="/usr/bin/ls" key="process_execution"
Aug 27 02:06:26 aitest audit: type=SYSCALL msg=audit(1756260386.7:424): arch=c000003e syscall=59 success=yes exit=0 pid=3793 uid=2004 gid=2004 comm="ps" exe="/usr/bin/ps" key="process_execution"
Aug 27 02:14:15 aitest audit: type=PATH msg=audit(1756260855.951:767): item=0 name="/home/opc/logai/enterprise_mnc_audit_sim/enterprise_data/operations/" inode=23191 dev=08:01 mode=0100644 ouid=0 ogid=0
Aug 27 02:14:15 aitest audit: type=SYSCALL msg=audit(1756260855.951:273): arch=c000003e syscall=59 success=yes exit=0 pid=8482 uid=2007 gid=2007 comm="ls" exe="/usr/bin/ls" key="process_execution"
Aug 27 02:14:22 aitest audit: type=PATH msg=audit(1756260862.128:968): item=0 name="/home/opc/logai/enterprise_mnc_audit_sim/enterprise_data/operations" inode=24727 dev=08:01 mode=0100644 ouid=0 ogid=0
Aug 27 02:14:22 aitest audit: type=SYSCALL msg=audit(1756260862.128:235): arch=c000003e syscall=59 success=yes exit=0 pid=10491 uid=2007 gid=2007 comm="find" exe="/usr/bin/find" key="process_execution"
Aug 27 02:14:32 aitest audit: type=PATH msg=audit(1756260872.444:546): item=0 name="/home/opc/logai/enterprise_mnc_audit_sim/enterprise_data/operations/" inode=30903 dev=08:01 mode=0100644 ouid=0 ogid=0
Aug 27 02:14:32 aitest audit: type=SYSCALL msg=audit(1756260872.444:676): arch=c000003e syscall=59 success=yes exit=0 pid=8837 uid=2007 gid=2007 comm="ls" exe="/usr/bin/ls" key="process_execution"
Aug 27 02:14:40 aitest audit: type=SYSCALL msg=audit(1756260880.600:212): arch=c000003e syscall=59 success=yes exit=0 pid=9746 uid=2007 gid=2007 comm="tar" exe="/usr/bin/tar" key="process_execution"
Aug 27 02:18:46 aitest audit: type=SYSCALL msg=audit(1756261126.415:404): arch=c000003e syscall=59 success=yes exit=0 pid=8567 uid=2001 gid=2001 comm="ps" exe="/usr/bin/ps" key="process_execution"
Aug 27 02:18:49 aitest audit: type=SYSCALL msg=audit(1756261129.1:377): arch=c000003e syscall=59 success=yes exit=0 pid=9926 uid=2001 gid=2001 comm="ps" exe="/usr/bin/ps" key="process_execution"
Aug 27 02:18:56 aitest audit: type=SYSCALL msg=audit(1756261136.54:299): arch=c000003e syscall=59 success=yes exit=0 pid=4607 uid=2001 gid=2001 comm="netstat" exe="/usr/bin/netstat" key="process_execution"
Aug 27 02:23:15 aitest audit: type=PATH msg=audit(1756261395.409:380): item=0 name="/home/opc/logai/enterprise_mnc_audit_sim/enterprise_data/" inode=16335 dev=08:01 mode=0100644 ouid=0 ogid=0
Aug 27 02:23:15 aitest audit: type=SYSCALL msg=audit(1756261395.409:736): arch=c000003e syscall=59 success=yes exit=0 pid=9564 uid=2008 gid=2008 comm="ls" exe="/usr/bin/ls" key="process_execution"
Aug 27 02:23:20 aitest audit: type=PATH msg=audit(1756261400.524:895): item=0 name="/home/opc/logai/enterprise_mnc_audit_sim/enterprise_data/" inode=28345 dev=08:01 mode=0100644 ouid=0 ogid=0
Aug 27 02:23:20 aitest audit: type=SYSCALL msg=audit(1756261400.524:413): arch=c000003e syscall=59 success=yes exit=0 pid=6945 uid=2008 gid=2008 comm="ls" exe="/usr/bin/ls" key="process_execution"
Aug 27 02:23:32 aitest audit: type=SYSCALL msg=audit(1756261412.59:968): arch=c000003e syscall=59 success=yes exit=0 pid=10444 uid=2001 gid=2001 comm="netstat" exe="/usr/bin/netstat" key="process_execution"
Aug 27 02:23:41 aitest audit: type=PATH msg=audit(1756261421.781:814): item=0 name="/home/opc/logai/enterprise_mnc_audit_sim/system/logs/application.log" inode=31071 dev=08:01 mode=0100644 ouid=0 ogid=0
Aug 27 02:23:41 aitest audit: type=SYSCALL msg=audit(1756261421.781:523): arch=c000003e syscall=59 success=yes exit=0 pid=3826 uid=2001 gid=2001 comm="tail" exe="/usr/bin/tail" key="process_execution"
Aug 27 02:23:46 aitest audit: type=SYSCALL msg=audit(1756261426.11:84): arch=c000003e syscall=59 success=yes exit=0 pid=2118 uid=2001 gid=2001 comm="netstat" exe="/usr/bin/netstat" key="process_execution"
Aug 27 02:23:54 aitest audit: type=PATH msg=audit(1756261434.740:75): item=0 name="/home/opc/logai/enterprise_mnc_audit_sim/system/configs/server.conf" inode=36418 dev=08:01 mode=0100644 ouid=0 ogid=0
Aug 27 02:23:54 aitest audit: type=SYSCALL msg=audit(1756261434.740:739): arch=c000003e syscall=59 success=yes exit=0 pid=10830 uid=2001 gid=2001 comm="chmod" exe="/usr/bin/chmod" key="process_execution"
Aug 27 02:35:20 aitest audit: type=SYSCALL msg=audit(1756262120.521:11): arch=c000003e syscall=59 success=yes exit=0 pid=8418 uid=2008 gid=2008 comm="who" exe="/usr/bin/who" key="process_execution"
Aug 27 02:35:25 aitest audit: type=PATH msg=audit(1756262125.180:426): item=0 name="/home/opc/logai/enterprise_mnc_audit_sim/enterprise_data/" inode=11012 dev=08:01 mode=0100644 ouid=0 ogid=0
Aug 27 02:35:25 aitest audit: type=SYSCALL msg=audit(1756262125.180:912): arch=c000003e syscall=59 success=yes exit=0 pid=4640 uid=2008 gid=2008 comm="ls" exe="/usr/bin/ls" key="process_execution"
Aug 27 02:35:27 aitest audit: type=SYSCALL msg=audit(1756262127.34:899): arch=c000003e syscall=59 success=yes exit=0 pid=4536 uid=2008 gid=2008 comm="last" exe="/usr/bin/last" key="process_execution"
Aug 27 02:39:52 aitest audit: type=PATH msg=audit(1756262392.983:623): item=0 name="/home/opc/logai/enterprise_mnc_audit_sim/enterprise_data/database/mysql/db_config.cnf" inode=41858 dev=08:01 mode=0100644 ouid=0 ogid=0
Aug 27 02:39:52 aitest audit: type=SYSCALL msg=audit(1756262392.983:94): arch=c000003e syscall=59 success=yes exit=0 pid=8609 uid=2005 gid=2005 comm="cat" exe="/usr/bin/cat" key="process_execution"
Aug 27 02:39:58 aitest audit: type=PATH msg=audit(1756262398.813:947): item=0 name="/home/opc/logai/enterprise_mnc_audit_sim/enterprise_data/database/mysql/db_config.cnf" inode=25342 dev=08:01 mode=0100644 ouid=0 ogid=0
Aug 27 02:39:58 aitest audit: type=SYSCALL msg=audit(1756262398.813:915): arch=c000003e syscall=59 success=yes exit=0 pid=2255 uid=2005 gid=2005 comm="cat" exe="/usr/bin/cat" key="process_execution"
Aug 27 02:40:00 aitest audit: type=SYSCALL msg=audit(1756262400.121:501): arch=c000003e syscall=59 success=yes exit=0 pid=4668 uid=2005 gid=2005 comm="grep" exe="/usr/bin/grep" key="process_execution"
Aug 27 02:41:26 aitest audit: type=SYSCALL msg=audit(1756262486.116:231): arch=c000003e syscall=59 success=yes exit=0 pid=10292 uid=2002 gid=2002 comm="du" exe="/usr/bin/du" key="process_execution"
Aug 27 02:41:29 aitest audit: type=PATH msg=audit(1756262489.276:355): item=0 name="/home/opc/logai/enterprise_mnc_audit_sim/enterprise_data/database/mysql/db_config.cnf" inode=19057 dev=08:01 mode=0100644 ouid=0 ogid=0
Aug 27 02:41:29 aitest audit: type=SYSCALL msg=audit(1756262489.276:199): arch=c000003e syscall=59 success=yes exit=0 pid=11591 uid=2002 gid=2002 comm="chmod" exe="/usr/bin/chmod" key="process_execution"
Aug 27 02:51:11 aitest audit: type=SYSCALL msg=audit(1756263071.645:342): arch=c000003e syscall=59 success=yes exit=0 pid=8309 uid=2004 gid=2004 comm="free" exe="/usr/bin/free" key="process_execution"
Aug 27 02:51:14 aitest audit: type=PATH msg=audit(1756263074.683:774): item=0 name="/home/opc/logai/enterprise_mnc_audit_sim/system" inode=21120 dev=08:01 mode=0100644 ouid=0 ogid=0
Aug 27 02:51:14 aitest audit: type=SYSCALL msg=audit(1756263074.683:248): arch=c000003e syscall=59 success=yes exit=0 pid=9247 uid=2004 gid=2004 comm="find" exe="/usr/bin/find" key="process_execution"
Aug 27 02:51:18 aitest audit: type=PATH msg=audit(1756263078.625:405): item=0 name="/home/opc/logai/enterprise_mnc_audit_sim/system/configs/" inode=34417 dev=08:01 mode=0100644 ouid=0 ogid=0
Aug 27 02:51:18 aitest audit: type=SYSCALL msg=audit(1756263078.625:923): arch=c000003e syscall=59 success=yes exit=0 pid=2716 uid=2004 gid=2004 comm="ls" exe="/usr/bin/ls" key="process_execution"
Aug 27 02:51:25 aitest audit: type=PATH msg=audit(1756263085.490:750): item=0 name="/home/opc/logai/enterprise_mnc_audit_sim/system" inode=20363 dev=08:01 mode=0100644 ouid=0 ogid=0
Aug 27 02:51:25 aitest audit: type=SYSCALL msg=audit(1756263085.490:100): arch=c000003e syscall=59 success=yes exit=0 pid=4744 uid=2004 gid=2004 comm="find" exe="/usr/bin/find" key="process_execution"
Aug 27 02:58:55 aitest audit: type=PATH msg=audit(1756263535.569:362): item=0 name="/home/opc/logai/enterprise_mnc_audit_sim/enterprise_data/database" inode=11776 dev=08:01 mode=0100644 ouid=0 ogid=0
Aug 27 02:58:55 aitest audit: type=SYSCALL msg=audit(1756263535.569:53): arch=c000003e syscall=59 success=yes exit=0 pid=9488 uid=2005 gid=2005 comm="find" exe="/usr/bin/find" key="process_execution"
Aug 27 02:59:01 aitest audit: type=PATH msg=audit(1756263541.739:894): item=0 name="/home/opc/logai/enterprise_mnc_audit_sim/enterprise_data/database/" inode=28077 dev=08:01 mode=0100644 ouid=0 ogid=0
Aug 27 02:59:01 aitest audit: type=SYSCALL msg=audit(1756263541.739:194): arch=c000003e syscall=59 success=yes exit=0 pid=10209 uid=2005 gid=2005 comm="ls" exe="/usr/bin/ls" key="process_execution"
Aug 27 03:03:18 aitest audit: type=PATH msg=audit(1756263798.453:887): item=0 name="/home/opc/logai/enterprise_mnc_audit_sim/enterprise_data/database" inode=17352 dev=08:01 mode=0100644 ouid=0 ogid=0
Aug 27 03:03:18 aitest audit: type=SYSCALL msg=audit(1756263798.453:229): arch=c000003e syscall=59 success=yes exit=0 pid=3263 uid=2002 gid=2002 comm="find" exe="/usr/bin/find" key="process_execution"
Aug 27 03:03:20 aitest audit: type=PATH msg=audit(1756263800.306:583): item=0 name="/home/opc/logai/enterprise_mnc_audit_sim/enterprise_data/database/" inode=22124 dev=08:01 mode=0100644 ouid=0 ogid=0
Aug 27 03:03:20 aitest audit: type=SYSCALL msg=audit(1756263800.306:543): arch=c000003e syscall=59 success=yes exit=0 pid=2385 uid=2002 gid=2002 comm="ls" exe="/usr/bin/ls" key="process_execution"
Aug 27 03:03:21 aitest audit: type=PATH msg=audit(1756263801.175:577): item=0 name="/home/opc/logai/enterprise_mnc_audit_sim/enterprise_data/development/projects/" inode=20361 dev=08:01 mode=0100644 ouid=0 ogid=0
Aug 27 03:03:21 aitest audit: type=SYSCALL msg=audit(1756263801.175:539): arch=c000003e syscall=59 success=yes exit=0 pid=7594 uid=2006 gid=2006 comm="ls" exe="/usr/bin/ls" key="process_execution"
Aug 27 03:03:22 aitest audit: type=PATH msg=audit(1756263802.291:739): item=0 name="/home/opc/logai/enterprise_mnc_audit_sim/enterprise_data/development/" inode=36107 dev=08:01 mode=0100644 ouid=0 ogid=0
Aug 27 03:03:22 aitest audit: type=SYSCALL msg=audit(1756263802.291:418): arch=c000003e syscall=59 success=yes exit=0 pid=2338 uid=2006 gid=2006 comm="ls" exe="/usr/bin/ls" key="process_execution"
Aug 27 03:03:24 aitest audit: type=PATH msg=audit(1756263804.529:940): item=0 name="/home/opc/logai/enterprise_mnc_audit_sim/enterprise_data/development/projects/" inode=22424 dev=08:01 mode=0100644 ouid=0 ogid=0
Aug 27 03:03:24 aitest audit: type=SYSCALL msg=audit(1756263804.529:835): arch=c000003e syscall=59 success=yes exit=0 pid=11686 uid=2006 gid=2006 comm="ls" exe="/usr/bin/ls" key="process_execution"
Aug 27 03:03:29 aitest audit: type=PATH msg=audit(1756263809.509:605): item=0 name="/home/opc/logai/enterprise_mnc_audit_sim/enterprise_data/database/mysql/db_config.cnf" inode=20201 dev=08:01 mode=0100644 ouid=0 ogid=0
Aug 27 03:03:29 aitest audit: type=SYSCALL msg=audit(1756263809.509:273): arch=c000003e syscall=59 success=yes exit=0 pid=4554 uid=2002 gid=2002 comm="cat" exe="/usr/bin/cat" key="process_execution"
Aug 27 03:03:31 aitest audit: type=SYSCALL msg=audit(1756263811.532:417): arch=c000003e syscall=59 success=yes exit=0 pid=10312 uid=2006 gid=2006 comm="grep" exe="/usr/bin/grep" key="process_execution"
Aug 27 03:03:35 aitest audit: type=PATH msg=audit(1756263815.156:447): item=0 name="/home/opc/logai/enterprise_mnc_audit_sim/enterprise_data/database/" inode=42097 dev=08:01 mode=0100644 ouid=0 ogid=0
Aug 27 03:03:35 aitest audit: type=SYSCALL msg=audit(1756263815.156:448): arch=c000003e syscall=59 success=yes exit=0 pid=2024 uid=2002 gid=2002 comm="ls" exe="/usr/bin/ls" key="process_execution"
Aug 27 03:03:41 aitest audit: type=PATH msg=audit(1756263821.633:621): item=0 name="/home/opc/logai/enterprise_mnc_audit_sim/enterprise_data/database/mysql/db_config.cnf" inode=17463 dev=08:01 mode=0100644 ouid=0 ogid=0
Aug 27 03:03:41 aitest audit: type=SYSCALL msg=audit(1756263821.633:536): arch=c000003e syscall=59 success=yes exit=0 pid=8838 uid=2002 gid=2002 comm="chmod" exe="/usr/bin/chmod" key="process_execution"
Aug 27 03:08:36 aitest audit: type=PATH msg=audit(1756264116.784:970): item=0 name="/home/opc/logai/enterprise_mnc_audit_sim/applications/" inode=41352 dev=08:01 mode=0100644 ouid=0 ogid=0
Aug 27 03:08:36 aitest audit: type=SYSCALL msg=audit(1756264116.784:626): arch=c000003e syscall=59 success=yes exit=0 pid=7787 uid=2001 gid=2001 comm="ls" exe="/usr/bin/ls" key="process_execution"
Aug 27 03:08:45 aitest audit: type=PATH msg=audit(1756264125.714:681): item=0 name="/home/opc/logai/enterprise_mnc_audit_sim/system/configs/server.conf" inode=39882 dev=08:01 mode=0100644 ouid=0 ogid=0
Aug 27 03:08:45 aitest audit: type=SYSCALL msg=audit(1756264125.714:209): arch=c000003e syscall=59 success=yes exit=0 pid=9942 uid=2001 gid=2001 comm="chmod" exe="/usr/bin/chmod" key="process_execution"
Aug 27 03:11:20 aitest audit: type=PATH msg=audit(1756264280.918:137): item=0 name="/home/opc/logai/enterprise_mnc_audit_sim/applications/databases/" inode=11048 dev=08:01 mode=0100644 ouid=0 ogid=0
Aug 27 03:11:20 aitest audit: type=SYSCALL msg=audit(1756264280.918:64): arch=c000003e syscall=59 success=yes exit=0 pid=2339 uid=2005 gid=2005 comm="ls" exe="/usr/bin/ls" key="process_execution"
Aug 27 03:11:30 aitest audit: type=SYSCALL msg=audit(1756264290.513:11): arch=c000003e syscall=59 success=yes exit=0 pid=4392 uid=2005 gid=2005 comm="du" exe="/usr/bin/du" key="process_execution"
Aug 27 03:11:40 aitest audit: type=PATH msg=audit(1756264300.513:665): item=0 name="/home/opc/logai/enterprise_mnc_audit_sim/enterprise_data/database/" inode=22426 dev=08:01 mode=0100644 ouid=0 ogid=0
Aug 27 03:11:40 aitest audit: type=SYSCALL msg=audit(1756264300.513:71): arch=c000003e syscall=59 success=yes exit=0 pid=3606 uid=2005 gid=2005 comm="ls" exe="/usr/bin/ls" key="process_execution"
Aug 27 03:11:53 aitest audit: type=SYSCALL msg=audit(1756264313.213:655): arch=c000003e syscall=59 success=yes exit=0 pid=10492 uid=2004 gid=2004 comm="netstat" exe="/usr/bin/netstat" key="process_execution"
Aug 27 03:11:59 aitest audit: type=PATH msg=audit(1756264319.666:883): item=0 name="/home/opc/logai/enterprise_mnc_audit_sim/system/logs/application.log" inode=14899 dev=08:01 mode=0100644 ouid=0 ogid=0
Aug 27 03:11:59 aitest audit: type=SYSCALL msg=audit(1756264319.666:516): arch=c000003e syscall=59 success=yes exit=0 pid=5089 uid=2004 gid=2004 comm="tail" exe="/usr/bin/tail" key="process_execution"
Aug 27 03:12:02 aitest audit: type=PATH msg=audit(1756264322.307:751): item=0 name="/home/opc/logai/enterprise_mnc_audit_sim/system/configs/" inode=42339 dev=08:01 mode=0100644 ouid=0 ogid=0
Aug 27 03:12:02 aitest audit: type=SYSCALL msg=audit(1756264322.307:623): arch=c000003e syscall=59 success=yes exit=0 pid=8973 uid=2004 gid=2004 comm="ls" exe="/usr/bin/ls" key="process_execution"
Aug 27 03:19:40 aitest audit: type=SYSCALL msg=audit(1756264780.320:99): arch=c000003e syscall=59 success=yes exit=0 pid=10288 uid=2001 gid=2001 comm="free" exe="/usr/bin/free" key="process_execution"
Aug 27 03:19:48 aitest audit: type=PATH msg=audit(1756264788.163:607): item=0 name="/home/opc/logai/enterprise_mnc_audit_sim/system/configs/server.conf" inode=26286 dev=08:01 mode=0100644 ouid=0 ogid=0
Aug 27 03:19:48 aitest audit: type=SYSCALL msg=audit(1756264788.163:704): arch=c000003e syscall=59 success=yes exit=0 pid=5361 uid=2001 gid=2001 comm="chmod" exe="/usr/bin/chmod" key="process_execution"
Aug 27 03:19:51 aitest audit: type=PATH msg=audit(1756264791.974:252): item=0 name="/home/opc/logai/enterprise_mnc_audit_sim/system" inode=39577 dev=08:01 mode=0100644 ouid=0 ogid=0
Aug 27 03:19:51 aitest audit: type=SYSCALL msg=audit(1756264791.974:841): arch=c000003e syscall=59 success=yes exit=0 pid=8994 uid=2001 gid=2001 comm="find" exe="/usr/bin/find" key="process_execution"
Aug 27 03:19:52 aitest audit: type=PATH msg=audit(1756264792.677:335): item=0 name="/home/opc/logai/enterprise_mnc_audit_sim/system/configs/server.conf" inode=25550 dev=08:01 mode=0100644 ouid=0 ogid=0
Aug 27 03:19:52 aitest audit: type=SYSCALL msg=audit(1756264792.677:995): arch=c000003e syscall=59 success=yes exit=0 pid=10673 uid=2001 gid=2001 comm="cat" exe="/usr/bin/cat" key="process_execution"
Aug 27 03:19:53 aitest audit: type=PATH msg=audit(1756264793.312:384): item=0 name="/home/opc/logai/enterprise_mnc_audit_sim/system/configs/server.conf" inode=19237 dev=08:01 mode=0100644 ouid=0 ogid=0
Aug 27 03:19:53 aitest audit: type=SYSCALL msg=audit(1756264793.312:765): arch=c000003e syscall=59 success=yes exit=0 pid=8904 uid=2001 gid=2001 comm="cat" exe="/usr/bin/cat" key="process_execution"
Aug 27 03:25:47 aitest audit: type=PATH msg=audit(1756265147.214:272): item=0 name="/home/opc/logai/enterprise_mnc_audit_sim/applications/" inode=38547 dev=08:01 mode=0100644 ouid=0 ogid=0
Aug 27 03:25:47 aitest audit: type=SYSCALL msg=audit(1756265147.214:761): arch=c000003e syscall=59 success=yes exit=0 pid=8315 uid=2007 gid=2007 comm="ls" exe="/usr/bin/ls" key="process_execution"
Aug 27 03:25:57 aitest audit: type=PATH msg=audit(1756265157.999:737): item=0 name="/home/opc/logai/enterprise_mnc_audit_sim/enterprise_data/operations" inode=34140 dev=08:01 mode=0100644 ouid=0 ogid=0
Aug 27 03:25:57 aitest audit: type=SYSCALL msg=audit(1756265157.999:436): arch=c000003e syscall=59 success=yes exit=0 pid=5214 uid=2007 gid=2007 comm="find" exe="/usr/bin/find" key="process_execution"
Aug 27 03:26:02 aitest audit: type=PATH msg=audit(1756265162.994:859): item=0 name="/home/opc/logai/enterprise_mnc_audit_sim/enterprise_data/operations/scripts/" inode=25392 dev=08:01 mode=0100644 ouid=0 ogid=0
Aug 27 03:26:02 aitest audit: type=SYSCALL msg=audit(1756265162.994:802): arch=c000003e syscall=59 success=yes exit=0 pid=11373 uid=2007 gid=2007 comm="chmod" exe="/usr/bin/chmod" key="process_execution"
Aug 27 03:26:11 aitest audit: type=SYSCALL msg=audit(1756265171.289:863): arch=c000003e syscall=59 success=yes exit=0 pid=9428 uid=2007 gid=2007 comm="ps" exe="/usr/bin/ps" key="process_execution"
Aug 27 03:26:15 aitest audit: type=PATH msg=audit(1756265175.166:658): item=0 name="/home/opc/logai/enterprise_mnc_audit_sim/enterprise_data/operations/" inode=34909 dev=08:01 mode=0100644 ouid=0 ogid=0
Aug 27 03:26:15 aitest audit: type=SYSCALL msg=audit(1756265175.166:330): arch=c000003e syscall=59 success=yes exit=0 pid=2095 uid=2007 gid=2007 comm="ls" exe="/usr/bin/ls" key="process_execution"
Aug 27 03:32:34 aitest audit: type=PATH msg=audit(1756265554.502:659): item=0 name="/home/opc/logai/enterprise_mnc_audit_sim/system/configs/server.conf" inode=20618 dev=08:01 mode=0100644 ouid=0 ogid=0
Aug 27 03:32:34 aitest audit: type=SYSCALL msg=audit(1756265554.502:968): arch=c000003e syscall=59 success=yes exit=0 pid=4700 uid=2001 gid=2001 comm="cat" exe="/usr/bin/cat" key="process_execution"
Aug 27 03:32:43 aitest audit: type=PATH msg=audit(1756265563.263:552): item=0 name="/home/opc/logai/enterprise_mnc_audit_sim/system/configs/server.conf" inode=35786 dev=08:01 mode=0100644 ouid=0 ogid=0
Aug 27 03:32:43 aitest audit: type=SYSCALL msg=audit(1756265563.263:4): arch=c000003e syscall=59 success=yes exit=0 pid=8816 uid=2001 gid=2001 comm="chmod" exe="/usr/bin/chmod" key="process_execution"
Aug 27 03:32:45 aitest audit: type=PATH msg=audit(1756265565.584:774): item=0 name="/home/opc/logai/enterprise_mnc_audit_sim/system/configs/server.conf" inode=21719 dev=08:01 mode=0100644 ouid=0 ogid=0
Aug 27 03:32:45 aitest audit: type=SYSCALL msg=audit(1756265565.584:157): arch=c000003e syscall=59 success=yes exit=0 pid=4276 uid=2001 gid=2001 comm="cat" exe="/usr/bin/cat" key="process_execution"
Aug 27 03:45:30 aitest audit: type=PATH msg=audit(1756266330.180:399): item=0 name="/home/opc/logai/enterprise_mnc_audit_sim/enterprise_data/database" inode=12549 dev=08:01 mode=0100644 ouid=0 ogid=0
Aug 27 03:45:30 aitest audit: type=SYSCALL msg=audit(1756266330.180:981): arch=c000003e syscall=59 success=yes exit=0 pid=8681 uid=2002 gid=2002 comm="find" exe="/usr/bin/find" key="process_execution"
Aug 27 03:45:31 aitest audit: type=PATH msg=audit(1756266331.957:647): item=0 name="/home/opc/logai/enterprise_mnc_audit_sim/enterprise_data/database/mysql/db_config.cnf" inode=16375 dev=08:01 mode=0100644 ouid=0 ogid=0
Aug 27 03:45:31 aitest audit: type=SYSCALL msg=audit(1756266331.957:93): arch=c000003e syscall=59 success=yes exit=0 pid=3866 uid=2002 gid=2002 comm="cat" exe="/usr/bin/cat" key="process_execution"
Aug 27 03:49:08 aitest audit: type=SYSCALL msg=audit(1756266548.905:322): arch=c000003e syscall=59 success=yes exit=0 pid=6253 uid=2008 gid=2008 comm="find" exe="/usr/bin/find" key="process_execution"
Aug 27 03:49:16 aitest audit: type=SYSCALL msg=audit(1756266556.875:923): arch=c000003e syscall=59 success=yes exit=0 pid=10575 uid=2008 gid=2008 comm="who" exe="/usr/bin/who" key="process_execution"
Aug 27 03:49:20 aitest audit: type=SYSCALL msg=audit(1756266560.660:210): arch=c000003e syscall=59 success=yes exit=0 pid=4374 uid=2008 gid=2008 comm="w" exe="/usr/bin/w" key="process_execution"
Aug 27 03:49:29 aitest audit: type=PATH msg=audit(1756266569.424:337): item=0 name="/home/opc/logai/enterprise_mnc_audit_sim/enterprise_data/hr/" inode=31269 dev=08:01 mode=0100644 ouid=0 ogid=0
Aug 27 03:49:29 aitest audit: type=SYSCALL msg=audit(1756266569.424:245): arch=c000003e syscall=59 success=yes exit=0 pid=9687 uid=2008 gid=2008 comm="ls" exe="/usr/bin/ls" key="process_execution"
Aug 27 03:54:02 aitest audit: type=PATH msg=audit(1756266842.64:165): item=0 name="/home/opc/logai/enterprise_mnc_audit_sim/system/configs/server.conf" inode=39966 dev=08:01 mode=0100644 ouid=0 ogid=0
Aug 27 03:54:02 aitest audit: type=SYSCALL msg=audit(1756266842.64:695): arch=c000003e syscall=59 success=yes exit=0 pid=7292 uid=2001 gid=2001 comm="cat" exe="/usr/bin/cat" key="process_execution"
Aug 27 03:54:05 aitest audit: type=PATH msg=audit(1756266845.906:262): item=0 name="/home/opc/logai/enterprise_mnc_audit_sim/system" inode=29217 dev=08:01 mode=0100644 ouid=0 ogid=0
Aug 27 03:54:05 aitest audit: type=SYSCALL msg=audit(1756266845.906:969): arch=c000003e syscall=59 success=yes exit=0 pid=11394 uid=2001 gid=2001 comm="find" exe="/usr/bin/find" key="process_execution"
Aug 27 03:54:15 aitest audit: type=SYSCALL msg=audit(1756266855.789:347): arch=c000003e syscall=59 success=yes exit=0 pid=8090 uid=2001 gid=2001 comm="free" exe="/usr/bin/free" key="process_execution"
Aug 27 04:06:19 aitest audit: type=SYSCALL msg=audit(1756267579.215:99): arch=c000003e syscall=59 success=yes exit=0 pid=11804 uid=2004 gid=2004 comm="free" exe="/usr/bin/free" key="process_execution"
Aug 27 04:06:20 aitest audit: type=PATH msg=audit(1756267580.533:380): item=0 name="/home/opc/logai/enterprise_mnc_audit_sim/system/configs/server.conf" inode=24109 dev=08:01 mode=0100644 ouid=0 ogid=0
Aug 27 04:06:20 aitest audit: type=SYSCALL msg=audit(1756267580.533:184): arch=c000003e syscall=59 success=yes exit=0 pid=6230 uid=2004 gid=2004 comm="chmod" exe="/usr/bin/chmod" key="process_execution"
Aug 27 04:06:26 aitest audit: type=PATH msg=audit(1756267586.826:195): item=0 name="/home/opc/logai/enterprise_mnc_audit_sim/applications/" inode=28988 dev=08:01 mode=0100644 ouid=0 ogid=0
Aug 27 04:06:26 aitest audit: type=SYSCALL msg=audit(1756267586.826:364): arch=c000003e syscall=59 success=yes exit=0 pid=5653 uid=2004 gid=2004 comm="ls" exe="/usr/bin/ls" key="process_execution"
Aug 27 04:10:05 aitest audit: type=SYSCALL msg=audit(1756267805.715:6): arch=c000003e syscall=59 success=yes exit=0 pid=11442 uid=2008 gid=2008 comm="last" exe="/usr/bin/last" key="process_execution"
Aug 27 04:10:09 aitest audit: type=PATH msg=audit(1756267809.960:534): item=0 name="/home/opc/logai/enterprise_mnc_audit_sim/enterprise_data/hr/" inode=31564 dev=08:01 mode=0100644 ouid=0 ogid=0
Aug 27 04:10:09 aitest audit: type=SYSCALL msg=audit(1756267809.960:523): arch=c000003e syscall=59 success=yes exit=0 pid=9882 uid=2008 gid=2008 comm="chmod" exe="/usr/bin/chmod" key="process_execution"
Aug 27 04:13:21 aitest audit: type=PATH msg=audit(1756268001.407:691): item=0 name="/home/opc/logai/enterprise_mnc_audit_sim/enterprise_data/development/projects/project_alpha.txt" inode=23214 dev=08:01 mode=0100644 ouid=0 ogid=0
Aug 27 04:13:21 aitest audit: type=SYSCALL msg=audit(1756268001.407:54): arch=c000003e syscall=59 success=yes exit=0 pid=9670 uid=2006 gid=2006 comm="cat" exe="/usr/bin/cat" key="process_execution"
Aug 27 04:13:24 aitest audit: type=PATH msg=audit(1756268004.630:229): item=0 name="/home/opc/logai/enterprise_mnc_audit_sim/enterprise_data/development/projects/" inode=26377 dev=08:01 mode=0100644 ouid=0 ogid=0
Aug 27 04:13:24 aitest audit: type=SYSCALL msg=audit(1756268004.630:499): arch=c000003e syscall=59 success=yes exit=0 pid=2927 uid=2006 gid=2006 comm="ls" exe="/usr/bin/ls" key="process_execution"
Aug 27 04:13:31 aitest audit: type=PATH msg=audit(1756268011.702:237): item=0 name="/home/opc/logai/enterprise_mnc_audit_sim/enterprise_data/development/projects/" inode=32074 dev=08:01 mode=0100644 ouid=0 ogid=0
Aug 27 04:13:31 aitest audit: type=SYSCALL msg=audit(1756268011.702:351): arch=c000003e syscall=59 success=yes exit=0 pid=5744 uid=2006 gid=2006 comm="ls" exe="/usr/bin/ls" key="process_execution"
Aug 27 04:16:49 aitest audit: type=SYSCALL msg=audit(1756268209.240:527): arch=c000003e syscall=59 success=yes exit=0 pid=10199 uid=2004 gid=2004 comm="netstat" exe="/usr/bin/netstat" key="process_execution"
Aug 27 04:16:50 aitest audit: type=PATH msg=audit(1756268210.732:119): item=0 name="/home/opc/logai/enterprise_mnc_audit_sim/applications/" inode=11876 dev=08:01 mode=0100644 ouid=0 ogid=0
Aug 27 04:16:50 aitest audit: type=SYSCALL msg=audit(1756268210.732:858): arch=c000003e syscall=59 success=yes exit=0 pid=4430 uid=2004 gid=2004 comm="ls" exe="/usr/bin/ls" key="process_execution"
Aug 27 04:17:00 aitest audit: type=SYSCALL msg=audit(1756268220.67:940): arch=c000003e syscall=59 success=yes exit=0 pid=6064 uid=2004 gid=2004 comm="ps" exe="/usr/bin/ps" key="process_execution"
Aug 27 04:23:56 aitest audit: type=PATH msg=audit(1756268636.412:846): item=0 name="/home/opc/logai/enterprise_mnc_audit_sim/system/configs/server.conf" inode=19516 dev=08:01 mode=0100644 ouid=0 ogid=0
Aug 27 04:23:56 aitest audit: type=SYSCALL msg=audit(1756268636.412:649): arch=c000003e syscall=59 success=yes exit=0 pid=7984 uid=2004 gid=2004 comm="cat" exe="/usr/bin/cat" key="process_execution"
Aug 27 04:24:04 aitest audit: type=SYSCALL msg=audit(1756268644.671:308): arch=c000003e syscall=59 success=yes exit=0 pid=2358 uid=2004 gid=2004 comm="netstat" exe="/usr/bin/netstat" key="process_execution"
Aug 27 04:24:14 aitest audit: type=SYSCALL msg=audit(1756268654.752:701): arch=c000003e syscall=59 success=yes exit=0 pid=10758 uid=2004 gid=2004 comm="netstat" exe="/usr/bin/netstat" key="process_execution"
Aug 27 04:26:15 aitest audit: type=PATH msg=audit(1756268775.99:832): item=0 name="/home/opc/logai/enterprise_mnc_audit_sim/applications/databases/" inode=41788 dev=08:01 mode=0100644 ouid=0 ogid=0
Aug 27 04:26:15 aitest audit: type=SYSCALL msg=audit(1756268775.99:32): arch=c000003e syscall=59 success=yes exit=0 pid=5447 uid=2005 gid=2005 comm="ls" exe="/usr/bin/ls" key="process_execution"
Aug 27 04:26:22 aitest audit: type=PATH msg=audit(1756268782.559:512): item=0 name="/home/opc/logai/enterprise_mnc_audit_sim/enterprise_data/database/" inode=29662 dev=08:01 mode=0100644 ouid=0 ogid=0
Aug 27 04:26:22 aitest audit: type=SYSCALL msg=audit(1756268782.559:859): arch=c000003e syscall=59 success=yes exit=0 pid=5439 uid=2005 gid=2005 comm="ls" exe="/usr/bin/ls" key="process_execution"
Aug 27 04:26:24 aitest audit: type=SYSCALL msg=audit(1756268784.583:866): arch=c000003e syscall=59 success=yes exit=0 pid=2079 uid=2005 gid=2005 comm="du" exe="/usr/bin/du" key="process_execution"
Aug 27 04:26:30 aitest audit: type=PATH msg=audit(1756268790.694:32): item=0 name="/home/opc/logai/enterprise_mnc_audit_sim/enterprise_data/database/mysql/db_config.cnf" inode=13658 dev=08:01 mode=0100644 ouid=0 ogid=0
Aug 27 04:26:30 aitest audit: type=SYSCALL msg=audit(1756268790.694:163): arch=c000003e syscall=59 success=yes exit=0 pid=4714 uid=2005 gid=2005 comm="cat" exe="/usr/bin/cat" key="process_execution"
Aug 27 04:26:38 aitest audit: type=PATH msg=audit(1756268798.411:552): item=0 name="/home/opc/logai/enterprise_mnc_audit_sim/enterprise_data/database/mysql/db_config.cnf" inode=34177 dev=08:01 mode=0100644 ouid=0 ogid=0
Aug 27 04:26:38 aitest audit: type=SYSCALL msg=audit(1756268798.411:19): arch=c000003e syscall=59 success=yes exit=0 pid=6075 uid=2005 gid=2005 comm="chmod" exe="/usr/bin/chmod" key="process_execution"
Aug 27 04:31:09 aitest audit: type=SYSCALL msg=audit(1756269069.130:742): arch=c000003e syscall=59 success=yes exit=0 pid=8980 uid=2008 gid=2008 comm="netstat" exe="/usr/bin/netstat" key="process_execution"
Aug 27 04:31:17 aitest audit: type=SYSCALL msg=audit(1756269077.85:258): arch=c000003e syscall=59 success=yes exit=0 pid=2269 uid=2008 gid=2008 comm="find" exe="/usr/bin/find" key="process_execution"
Aug 27 04:32:14 aitest audit: type=PATH msg=audit(1756269134.916:254): item=0 name="/home/opc/logai/enterprise_mnc_audit_sim/enterprise_data/development" inode=39718 dev=08:01 mode=0100644 ouid=0 ogid=0
Aug 27 04:32:14 aitest audit: type=SYSCALL msg=audit(1756269134.916:479): arch=c000003e syscall=59 success=yes exit=0 pid=10380 uid=2006 gid=2006 comm="find" exe="/usr/bin/find" key="process_execution"
Aug 27 04:32:18 aitest audit: type=PATH msg=audit(1756269138.11:238): item=0 name="/home/opc/logai/enterprise_mnc_audit_sim/enterprise_data/development/projects/" inode=19618 dev=08:01 mode=0100644 ouid=0 ogid=0
Aug 27 04:32:18 aitest audit: type=SYSCALL msg=audit(1756269138.11:549): arch=c000003e syscall=59 success=yes exit=0 pid=3513 uid=2006 gid=2006 comm="ls" exe="/usr/bin/ls" key="process_execution"
Aug 27 04:32:26 aitest audit: type=PATH msg=audit(1756269146.757:970): item=0 name="/home/opc/logai/enterprise_mnc_audit_sim/enterprise_data/development/projects/" inode=27305 dev=08:01 mode=0100644 ouid=0 ogid=0
Aug 27 04:32:26 aitest audit: type=SYSCALL msg=audit(1756269146.757:238): arch=c000003e syscall=59 success=yes exit=0 pid=8285 uid=2006 gid=2006 comm="ls" exe="/usr/bin/ls" key="process_execution"
Aug 27 04:32:29 aitest audit: type=SYSCALL msg=audit(1756269149.161:230): arch=c000003e syscall=59 success=yes exit=0 pid=10110 uid=2006 gid=2006 comm="cp" exe="/usr/bin/cp" key="process_execution"
Aug 27 04:38:26 aitest audit: type=SYSCALL msg=audit(1756269506.492:645): arch=c000003e syscall=59 success=yes exit=0 pid=4975 uid=2010 gid=2010 comm="ps" exe="/usr/bin/ps" key="process_execution"
Aug 27 04:38:28 aitest audit: type=SYSCALL msg=audit(1756269508.238:246): arch=c000003e syscall=59 success=yes exit=0 pid=8470 uid=2010 gid=2010 comm="du" exe="/usr/bin/du" key="process_execution"
Aug 27 04:46:09 aitest audit: type=SYSCALL msg=audit(1756269969.15:652): arch=c000003e syscall=59 success=yes exit=0 pid=9398 uid=2004 gid=2004 comm="wget" exe="/usr/bin/wget" key="process_execution"
Aug 27 04:46:31 aitest audit: type=SYSCALL msg=audit(1756269991.625:672): arch=c000003e syscall=59 success=yes exit=0 pid=10426 uid=2007 gid=2007 comm="ps" exe="/usr/bin/ps" key="process_execution"
Aug 27 04:46:39 aitest audit: type=PATH msg=audit(1756269999.914:5): item=0 name="/home/opc/logai/enterprise_mnc_audit_sim/enterprise_data/operations/scripts/" inode=37554 dev=08:01 mode=0100644 ouid=0 ogid=0
Aug 27 04:46:39 aitest audit: type=SYSCALL msg=audit(1756269999.914:445): arch=c000003e syscall=59 success=yes exit=0 pid=2921 uid=2007 gid=2007 comm="chmod" exe="/usr/bin/chmod" key="process_execution"
Aug 27 04:46:40 aitest audit: type=SYSCALL msg=audit(1756270000.660:466): arch=c000003e syscall=59 success=yes exit=0 pid=10099 uid=2007 gid=2007 comm="ps" exe="/usr/bin/ps" key="process_execution"
Aug 27 04:46:42 aitest audit: type=SYSCALL msg=audit(1756270002.944:738): arch=c000003e syscall=59 success=yes exit=0 pid=5641 uid=2007 gid=2007 comm="du" exe="/usr/bin/du" key="process_execution"
Aug 27 04:46:49 aitest audit: type=SYSCALL msg=audit(1756270009.980:482): arch=c000003e syscall=59 success=yes exit=0 pid=5188 uid=2007 gid=2007 comm="tar" exe="/usr/bin/tar" key="process_execution"
Aug 27 04:46:50 aitest audit: type=SYSCALL msg=audit(1756270010.505:468): arch=c000003e syscall=59 success=yes exit=0 pid=9649 uid=2007 gid=2007 comm="tar" exe="/usr/bin/tar" key="process_execution"
Aug 27 04:46:55 aitest audit: type=PATH msg=audit(1756270015.564:159): item=0 name="/home/opc/logai/enterprise_mnc_audit_sim/enterprise_data/operations/scripts/" inode=11063 dev=08:01 mode=0100644 ouid=0 ogid=0
Aug 27 04:46:55 aitest audit: type=SYSCALL msg=audit(1756270015.564:3): arch=c000003e syscall=59 success=yes exit=0 pid=11537 uid=2007 gid=2007 comm="chmod" exe="/usr/bin/chmod" key="process_execution"
Aug 27 04:47:05 aitest audit: type=SYSCALL msg=audit(1756270025.493:526): arch=c000003e syscall=59 success=yes exit=0 pid=3923 uid=2007 gid=2007 comm="du" exe="/usr/bin/du" key="process_execution"
Aug 27 05:01:50 aitest audit: type=PATH msg=audit(1756270910.10:220): item=0 name="/home/opc/logai/enterprise_mnc_audit_sim/enterprise_data/database" inode=24491 dev=08:01 mode=0100644 ouid=0 ogid=0
Aug 27 05:01:50 aitest audit: type=SYSCALL msg=audit(1756270910.10:217): arch=c000003e syscall=59 success=yes exit=0 pid=5544 uid=2005 gid=2005 comm="find" exe="/usr/bin/find" key="process_execution"
Aug 27 05:01:55 aitest audit: type=PATH msg=audit(1756270915.669:590): item=0 name="/home/opc/logai/enterprise_mnc_audit_sim/applications/databases/" inode=32757 dev=08:01 mode=0100644 ouid=0 ogid=0
Aug 27 05:01:55 aitest audit: type=SYSCALL msg=audit(1756270915.669:586): arch=c000003e syscall=59 success=yes exit=0 pid=2328 uid=2005 gid=2005 comm="ls" exe="/usr/bin/ls" key="process_execution"
Aug 27 05:02:04 aitest audit: type=PATH msg=audit(1756270924.464:714): item=0 name="/home/opc/logai/enterprise_mnc_audit_sim/applications/databases/" inode=15676 dev=08:01 mode=0100644 ouid=0 ogid=0
Aug 27 05:02:04 aitest audit: type=SYSCALL msg=audit(1756270924.464:355): arch=c000003e syscall=59 success=yes exit=0 pid=4531 uid=2005 gid=2005 comm="ls" exe="/usr/bin/ls" key="process_execution"
Aug 27 05:10:47 aitest audit: type=SYSCALL msg=audit(1756271447.329:161): arch=c000003e syscall=59 success=yes exit=0 pid=7815 uid=2007 gid=2007 comm="top" exe="/usr/bin/top" key="process_execution"
Aug 27 05:10:49 aitest audit: type=PATH msg=audit(1756271449.502:232): item=0 name="/home/opc/logai/enterprise_mnc_audit_sim/enterprise_data/database/mysql/db_config.cnf" inode=39345 dev=08:01 mode=0100644 ouid=0 ogid=0
Aug 27 05:10:49 aitest audit: type=SYSCALL msg=audit(1756271449.502:672): arch=c000003e syscall=59 success=yes exit=0 pid=10720 uid=2002 gid=2002 comm="cat" exe="/usr/bin/cat" key="process_execution"
Aug 27 05:10:57 aitest audit: type=SYSCALL msg=audit(1756271457.894:527): arch=c000003e syscall=59 success=yes exit=0 pid=4623 uid=2007 gid=2007 comm="top" exe="/usr/bin/top" key="process_execution"
Aug 27 05:10:58 aitest audit: type=PATH msg=audit(1756271458.123:956): item=0 name="/home/opc/logai/enterprise_mnc_audit_sim/enterprise_data/database/" inode=16786 dev=08:01 mode=0100644 ouid=0 ogid=0
Aug 27 05:10:58 aitest audit: type=SYSCALL msg=audit(1756271458.123:582): arch=c000003e syscall=59 success=yes exit=0 pid=11401 uid=2002 gid=2002 comm="ls" exe="/usr/bin/ls" key="process_execution"
Aug 27 05:11:04 aitest audit: type=SYSCALL msg=audit(1756271464.185:776): arch=c000003e syscall=59 success=yes exit=0 pid=4538 uid=2002 gid=2002 comm="du" exe="/usr/bin/du" key="process_execution"
Aug 27 05:11:05 aitest audit: type=PATH msg=audit(1756271465.769:796): item=0 name="/home/opc/logai/enterprise_mnc_audit_sim/enterprise_data/operations/scripts/" inode=35098 dev=08:01 mode=0100644 ouid=0 ogid=0
Aug 27 05:11:05 aitest audit: type=SYSCALL msg=audit(1756271465.769:254): arch=c000003e syscall=59 success=yes exit=0 pid=5251 uid=2007 gid=2007 comm="chmod" exe="/usr/bin/chmod" key="process_execution"
Aug 27 05:11:07 aitest audit: type=PATH msg=audit(1756271467.119:784): item=0 name="/home/opc/logai/enterprise_mnc_audit_sim/enterprise_data/operations" inode=30715 dev=08:01 mode=0100644 ouid=0 ogid=0
Aug 27 05:11:07 aitest audit: type=SYSCALL msg=audit(1756271467.119:37): arch=c000003e syscall=59 success=yes exit=0 pid=4877 uid=2007 gid=2007 comm="find" exe="/usr/bin/find" key="process_execution"
Aug 27 05:11:09 aitest audit: type=SYSCALL msg=audit(1756271469.316:586): arch=c000003e syscall=59 success=yes exit=0 pid=8441 uid=2007 gid=2007 comm="tar" exe="/usr/bin/tar" key="process_execution"
Aug 27 05:11:12 aitest audit: type=SYSCALL msg=audit(1756271472.125:818): arch=c000003e syscall=59 success=yes exit=0 pid=4895 uid=2002 gid=2002 comm="grep" exe="/usr/bin/grep" key="process_execution"
Aug 27 05:11:14 aitest audit: type=PATH msg=audit(1756271474.886:128): item=0 name="/home/opc/logai/enterprise_mnc_audit_sim/enterprise_data/database/" inode=28371 dev=08:01 mode=0100644 ouid=0 ogid=0
Aug 27 05:11:14 aitest audit: type=SYSCALL msg=audit(1756271474.886:262): arch=c000003e syscall=59 success=yes exit=0 pid=9035 uid=2002 gid=2002 comm="ls" exe="/usr/bin/ls" key="process_execution"
Aug 27 05:20:17 aitest audit: type=PATH msg=audit(1756272017.117:477): item=0 name="/home/opc/logai/enterprise_mnc_audit_sim/system/configs/server.conf" inode=23147 dev=08:01 mode=0100644 ouid=0 ogid=0
Aug 27 05:20:17 aitest audit: type=SYSCALL msg=audit(1756272017.117:742): arch=c000003e syscall=59 success=yes exit=0 pid=3499 uid=2001 gid=2001 comm="cat" exe="/usr/bin/cat" key="process_execution"
Aug 27 05:20:20 aitest audit: type=PATH msg=audit(1756272020.281:431): item=0 name="/home/opc/logai/enterprise_mnc_audit_sim/system/logs/application.log" inode=15066 dev=08:01 mode=0100644 ouid=0 ogid=0
Aug 27 05:20:20 aitest audit: type=SYSCALL msg=audit(1756272020.281:501): arch=c000003e syscall=59 success=yes exit=0 pid=4757 uid=2001 gid=2001 comm="tail" exe="/usr/bin/tail" key="process_execution"
Aug 27 05:20:28 aitest audit: type=PATH msg=audit(1756272028.92:491): item=0 name="/home/opc/logai/enterprise_mnc_audit_sim/applications/" inode=18535 dev=08:01 mode=0100644 ouid=0 ogid=0
Aug 27 05:20:28 aitest audit: type=SYSCALL msg=audit(1756272028.92:148): arch=c000003e syscall=59 success=yes exit=0 pid=5232 uid=2001 gid=2001 comm="ls" exe="/usr/bin/ls" key="process_execution"
Aug 27 05:20:30 aitest audit: type=PATH msg=audit(1756272030.631:858): item=0 name="/home/opc/logai/enterprise_mnc_audit_sim/enterprise_data/database/" inode=27789 dev=08:01 mode=0100644 ouid=0 ogid=0
Aug 27 05:20:30 aitest audit: type=SYSCALL msg=audit(1756272030.631:532): arch=c000003e syscall=59 success=yes exit=0 pid=7314 uid=2002 gid=2002 comm="ls" exe="/usr/bin/ls" key="process_execution"
Aug 27 05:20:33 aitest audit: type=PATH msg=audit(1756272033.534:291): item=0 name="/home/opc/logai/enterprise_mnc_audit_sim/enterprise_data/database/mysql/db_config.cnf" inode=35368 dev=08:01 mode=0100644 ouid=0 ogid=0
Aug 27 05:20:33 aitest audit: type=SYSCALL msg=audit(1756272033.348:927): arch=c000003e syscall=59 success=yes exit=0 pid=5477 uid=2001 gid=2001 comm="netstat" exe="/usr/bin/netstat" key="process_execution"
Aug 27 05:20:33 aitest audit: type=SYSCALL msg=audit(1756272033.534:374): arch=c000003e syscall=59 success=yes exit=0 pid=3796 uid=2002 gid=2002 comm="chmod" exe="/usr/bin/chmod" key="process_execution"
Aug 27 05:29:35 aitest audit: type=SYSCALL msg=audit(1756272575.402:450): arch=c000003e syscall=59 success=yes exit=0 pid=11226 uid=2004 gid=2004 comm="free" exe="/usr/bin/free" key="process_execution"
Aug 27 05:29:37 aitest audit: type=PATH msg=audit(1756272577.708:938): item=0 name="/home/opc/logai/enterprise_mnc_audit_sim/system/configs/server.conf" inode=11140 dev=08:01 mode=0100644 ouid=0 ogid=0
Aug 27 05:29:37 aitest audit: type=SYSCALL msg=audit(1756272577.708:679): arch=c000003e syscall=59 success=yes exit=0 pid=3183 uid=2004 gid=2004 comm="chmod" exe="/usr/bin/chmod" key="process_execution"
Aug 27 05:29:40 aitest audit: type=SYSCALL msg=audit(1756272580.343:479): arch=c000003e syscall=59 success=yes exit=0 pid=5368 uid=2004 gid=2004 comm="netstat" exe="/usr/bin/netstat" key="process_execution"
Aug 27 05:32:53 aitest audit: type=SYSCALL msg=audit(1756272773.25:11): arch=c000003e syscall=59 success=yes exit=0 pid=6847 uid=2009 gid=2009 comm="cp" exe="/usr/bin/cp" key="process_execution"
Aug 27 05:32:58 aitest audit: type=PATH msg=audit(1756272778.781:719): item=0 name="/home/opc/logai/enterprise_mnc_audit_sim/enterprise_data/development/scripts/build.sh" inode=11297 dev=08:01 mode=0100644 ouid=0 ogid=0
Aug 27 05:32:58 aitest audit: type=SYSCALL msg=audit(1756272778.781:153): arch=c000003e syscall=59 success=yes exit=0 pid=5996 uid=2009 gid=2009 comm="chmod" exe="/usr/bin/chmod" key="process_execution"
Aug 27 05:33:06 aitest audit: type=PATH msg=audit(1756272786.240:757): item=0 name="/home/opc/logai/enterprise_mnc_audit_sim/enterprise_data/development/projects/project_alpha.txt" inode=28455 dev=08:01 mode=0100644 ouid=0 ogid=0
Aug 27 05:33:06 aitest audit: type=SYSCALL msg=audit(1756272786.240:407): arch=c000003e syscall=59 success=yes exit=0 pid=5169 uid=2009 gid=2009 comm="cat" exe="/usr/bin/cat" key="process_execution"
Aug 27 05:33:44 aitest audit: type=SYSCALL msg=audit(1756272824.529:631): arch=c000003e syscall=59 success=yes exit=0 pid=10659 uid=2006 gid=2006 comm="grep" exe="/usr/bin/grep" key="process_execution"
Aug 27 05:33:46 aitest audit: type=PATH msg=audit(1756272826.325:194): item=0 name="/home/opc/logai/enterprise_mnc_audit_sim/enterprise_data/development/scripts/build.sh" inode=40211 dev=08:01 mode=0100644 ouid=0 ogid=0
Aug 27 05:33:46 aitest audit: type=SYSCALL msg=audit(1756272826.325:660): arch=c000003e syscall=59 success=yes exit=0 pid=6623 uid=2006 gid=2006 comm="chmod" exe="/usr/bin/chmod" key="process_execution"
Aug 27 05:33:49 aitest audit: type=SYSCALL msg=audit(1756272829.895:26): arch=c000003e syscall=59 success=yes exit=0 pid=3932 uid=2006 gid=2006 comm="wc" exe="/usr/bin/wc" key="process_execution"
Aug 27 05:33:55 aitest audit: type=SYSCALL msg=audit(1756272835.536:719): arch=c000003e syscall=59 success=yes exit=0 pid=7087 uid=2006 gid=2006 comm="cp" exe="/usr/bin/cp" key="process_execution"
Aug 27 05:34:02 aitest audit: type=SYSCALL msg=audit(1756272842.769:193): arch=c000003e syscall=59 success=yes exit=0 pid=5582 uid=2006 gid=2006 comm="grep" exe="/usr/bin/grep" key="process_execution"
Aug 27 05:48:42 aitest audit: type=PATH msg=audit(1756273722.912:755): item=0 name="/home/opc/logai/enterprise_mnc_audit_sim/enterprise_data/operations" inode=38435 dev=08:01 mode=0100644 ouid=0 ogid=0
Aug 27 05:48:42 aitest audit: type=SYSCALL msg=audit(1756273722.912:394): arch=c000003e syscall=59 success=yes exit=0 pid=4307 uid=2010 gid=2010 comm="find" exe="/usr/bin/find" key="process_execution"
Aug 27 05:48:49 aitest audit: type=PATH msg=audit(1756273729.728:154): item=0 name="/home/opc/logai/enterprise_mnc_audit_sim/applications/" inode=22495 dev=08:01 mode=0100644 ouid=0 ogid=0
Aug 27 05:48:49 aitest audit: type=SYSCALL msg=audit(1756273729.728:50): arch=c000003e syscall=59 success=yes exit=0 pid=2379 uid=2010 gid=2010 comm="ls" exe="/usr/bin/ls" key="process_execution"
Aug 27 05:48:50 aitest audit: type=SYSCALL msg=audit(1756273730.270:468): arch=c000003e syscall=59 success=yes exit=0 pid=2241 uid=2010 gid=2010 comm="ps" exe="/usr/bin/ps" key="process_execution"
Aug 27 05:48:53 aitest audit: type=SYSCALL msg=audit(1756273733.270:299): arch=c000003e syscall=59 success=yes exit=0 pid=5277 uid=2010 gid=2010 comm="top" exe="/usr/bin/top" key="process_execution"
Aug 27 05:52:45 aitest audit: type=SYSCALL msg=audit(1756273965.469:216): arch=c000003e syscall=59 success=yes exit=0 pid=2301 uid=2010 gid=2010 comm="ps" exe="/usr/bin/ps" key="process_execution"
Aug 27 05:52:51 aitest audit: type=PATH msg=audit(1756273971.452:793): item=0 name="/home/opc/logai/enterprise_mnc_audit_sim/applications/" inode=19195 dev=08:01 mode=0100644 ouid=0 ogid=0
Aug 27 05:52:51 aitest audit: type=SYSCALL msg=audit(1756273971.452:377): arch=c000003e syscall=59 success=yes exit=0 pid=2375 uid=2010 gid=2010 comm="ls" exe="/usr/bin/ls" key="process_execution"
Aug 27 05:52:54 aitest audit: type=PATH msg=audit(1756273974.431:4): item=0 name="/home/opc/logai/enterprise_mnc_audit_sim/enterprise_data/operations" inode=20957 dev=08:01 mode=0100644 ouid=0 ogid=0
Aug 27 05:52:54 aitest audit: type=SYSCALL msg=audit(1756273974.431:788): arch=c000003e syscall=59 success=yes exit=0 pid=10900 uid=2010 gid=2010 comm="find" exe="/usr/bin/find" key="process_execution"
Aug 27 05:52:57 aitest audit: type=PATH msg=audit(1756273977.540:756): item=0 name="/home/opc/logai/enterprise_mnc_audit_sim/enterprise_data/operations" inode=16655 dev=08:01 mode=0100644 ouid=0 ogid=0
Aug 27 05:52:57 aitest audit: type=SYSCALL msg=audit(1756273977.540:540): arch=c000003e syscall=59 success=yes exit=0 pid=8994 uid=2010 gid=2010 comm="find" exe="/usr/bin/find" key="process_execution"
Aug 27 05:53:01 aitest audit: type=SYSCALL msg=audit(1756273981.226:443): arch=c000003e syscall=59 success=yes exit=0 pid=7595 uid=2010 gid=2010 comm="ps" exe="/usr/bin/ps" key="process_execution"
Aug 27 05:53:07 aitest audit: type=SYSCALL msg=audit(1756273987.465:77): arch=c000003e syscall=59 success=yes exit=0 pid=3050 uid=2010 gid=2010 comm="tar" exe="/usr/bin/tar" key="process_execution"
Aug 27 05:54:38 aitest audit: type=SYSCALL msg=audit(1756274078.456:401): arch=c000003e syscall=59 success=yes exit=0 pid=9204 uid=2004 gid=2004 comm="netstat" exe="/usr/bin/netstat" key="process_execution"
Aug 27 05:54:47 aitest audit: type=PATH msg=audit(1756274087.585:634): item=0 name="/home/opc/logai/enterprise_mnc_audit_sim/applications/" inode=35540 dev=08:01 mode=0100644 ouid=0 ogid=0
Aug 27 05:54:47 aitest audit: type=SYSCALL msg=audit(1756274087.585:673): arch=c000003e syscall=59 success=yes exit=0 pid=8344 uid=2004 gid=2004 comm="ls" exe="/usr/bin/ls" key="process_execution"
Aug 27 05:54:52 aitest audit: type=PATH msg=audit(1756274092.711:25): item=0 name="/home/opc/logai/enterprise_mnc_audit_sim/system/logs/application.log" inode=23404 dev=08:01 mode=0100644 ouid=0 ogid=0
Aug 27 05:54:52 aitest audit: type=SYSCALL msg=audit(1756274092.711:947): arch=c000003e syscall=59 success=yes exit=0 pid=8132 uid=2004 gid=2004 comm="tail" exe="/usr/bin/tail" key="process_execution"
Aug 27 05:54:53 aitest audit: type=SYSCALL msg=audit(1756274093.382:332): arch=c000003e syscall=59 success=yes exit=0 pid=4538 uid=2004 gid=2004 comm="free" exe="/usr/bin/free" key="process_execution"
Aug 27 05:54:59 aitest audit: type=SYSCALL msg=audit(1756274099.146:730): arch=c000003e syscall=59 success=yes exit=0 pid=10672 uid=2004 gid=2004 comm="df" exe="/usr/bin/df" key="process_execution"
Aug 27 05:58:52 aitest audit: type=SYSCALL msg=audit(1756274332.793:145): arch=c000003e syscall=59 success=yes exit=0 pid=7263 uid=2001 gid=2001 comm="df" exe="/usr/bin/df" key="process_execution"
Aug 27 05:58:55 aitest audit: type=SYSCALL msg=audit(1756274335.211:699): arch=c000003e syscall=59 success=yes exit=0 pid=9786 uid=2001 gid=2001 comm="df" exe="/usr/bin/df" key="process_execution"
Aug 27 06:06:34 aitest audit: type=SYSCALL msg=audit(1756274794.485:991): arch=c000003e syscall=59 success=yes exit=0 pid=10344 uid= gid= comm="chmod" exe="/usr/bin/chmod" key="process_execution"
Aug 27 06:14:31 aitest audit: type=PATH msg=audit(1756275271.335:414): item=0 name="/home/opc/logai/enterprise_mnc_audit_sim/enterprise_data/development/scripts/build.sh" inode=20301 dev=08:01 mode=0100644 ouid=0 ogid=0
Aug 27 06:14:31 aitest audit: type=SYSCALL msg=audit(1756275271.335:513): arch=c000003e syscall=59 success=yes exit=0 pid=7957 uid=2003 gid=2003 comm="chmod" exe="/usr/bin/chmod" key="process_execution"
Aug 27 06:14:37 aitest audit: type=SYSCALL msg=audit(1756275277.719:731): arch=c000003e syscall=59 success=yes exit=0 pid=10695 uid=2003 gid=2003 comm="cp" exe="/usr/bin/cp" key="process_execution"
Aug 27 06:14:42 aitest audit: type=PATH msg=audit(1756275282.224:23): item=0 name="/home/opc/logai/enterprise_mnc_audit_sim/enterprise_data/development/projects/" inode=11721 dev=08:01 mode=0100644 ouid=0 ogid=0
Aug 27 06:14:42 aitest audit: type=SYSCALL msg=audit(1756275282.224:612): arch=c000003e syscall=59 success=yes exit=0 pid=6674 uid=2003 gid=2003 comm="ls" exe="/usr/bin/ls" key="process_execution"
Aug 27 06:14:51 aitest audit: type=PATH msg=audit(1756275291.942:294): item=0 name="/home/opc/logai/enterprise_mnc_audit_sim/enterprise_data/development/scripts/build.sh" inode=16615 dev=08:01 mode=0100644 ouid=0 ogid=0
Aug 27 06:14:51 aitest audit: type=SYSCALL msg=audit(1756275291.942:19): arch=c000003e syscall=59 success=yes exit=0 pid=6082 uid=2003 gid=2003 comm="chmod" exe="/usr/bin/chmod" key="process_execution"
Aug 27 06:16:09 aitest audit: type=PATH msg=audit(1756275369.289:915): item=0 name="/home/opc/logai/enterprise_mnc_audit_sim/applications/" inode=12309 dev=08:01 mode=0100644 ouid=0 ogid=0
Aug 27 06:16:09 aitest audit: type=SYSCALL msg=audit(1756275369.289:362): arch=c000003e syscall=59 success=yes exit=0 pid=5096 uid=2007 gid=2007 comm="ls" exe="/usr/bin/ls" key="process_execution"
Aug 27 06:16:16 aitest audit: type=SYSCALL msg=audit(1756275376.580:570): arch=c000003e syscall=59 success=yes exit=0 pid=10096 uid=2007 gid=2007 comm="du" exe="/usr/bin/du" key="process_execution"
Aug 27 06:16:18 aitest audit: type=SYSCALL msg=audit(1756275378.1:869): arch=c000003e syscall=59 success=yes exit=0 pid=4817 uid=2007 gid=2007 comm="du" exe="/usr/bin/du" key="process_execution"
Aug 27 06:16:26 aitest audit: type=PATH msg=audit(1756275386.361:881): item=0 name="/home/opc/logai/enterprise_mnc_audit_sim/enterprise_data/operations" inode=39944 dev=08:01 mode=0100644 ouid=0 ogid=0
Aug 27 06:16:26 aitest audit: type=SYSCALL msg=audit(1756275386.361:117): arch=c000003e syscall=59 success=yes exit=0 pid=5079 uid=2007 gid=2007 comm="find" exe="/usr/bin/find" key="process_execution"
Aug 27 06:25:50 aitest audit: type=PATH msg=audit(1756275950.599:524): item=0 name="/home/opc/logai/enterprise_mnc_audit_sim/enterprise_data/database" inode=28421 dev=08:01 mode=0100644 ouid=0 ogid=0
Aug 27 06:25:50 aitest audit: type=SYSCALL msg=audit(1756275950.599:680): arch=c000003e syscall=59 success=yes exit=0 pid=7329 uid=2002 gid=2002 comm="find" exe="/usr/bin/find" key="process_execution"
Aug 27 06:25:52 aitest audit: type=PATH msg=audit(1756275952.112:442): item=0 name="/home/opc/logai/enterprise_mnc_audit_sim/enterprise_data/database/mysql/db_config.cnf" inode=36955 dev=08:01 mode=0100644 ouid=0 ogid=0
Aug 27 06:25:52 aitest audit: type=SYSCALL msg=audit(1756275952.112:749): arch=c000003e syscall=59 success=yes exit=0 pid=4791 uid=2002 gid=2002 comm="chmod" exe="/usr/bin/chmod" key="process_execution"
Aug 27 06:26:01 aitest audit: type=PATH msg=audit(1756275961.483:615): item=0 name="/home/opc/logai/enterprise_mnc_audit_sim/applications/databases/" inode=40679 dev=08:01 mode=0100644 ouid=0 ogid=0
Aug 27 06:26:01 aitest audit: type=SYSCALL msg=audit(1756275961.483:441): arch=c000003e syscall=59 success=yes exit=0 pid=11120 uid=2002 gid=2002 comm="ls" exe="/usr/bin/ls" key="process_execution"
Aug 27 06:26:11 aitest audit: type=SYSCALL msg=audit(1756275971.973:805): arch=c000003e syscall=59 success=yes exit=0 pid=3453 uid=2002 gid=2002 comm="du" exe="/usr/bin/du" key="process_execution"
Aug 27 06:29:26 aitest audit: type=SYSCALL msg=audit(1756276166.438:637): arch=c000003e syscall=59 success=yes exit=0 pid=9319 uid=2010 gid=2010 comm="tar" exe="/usr/bin/tar" key="process_execution"
Aug 27 06:29:35 aitest audit: type=PATH msg=audit(1756276175.391:733): item=0 name="/home/opc/logai/enterprise_mnc_audit_sim/applications/" inode=34341 dev=08:01 mode=0100644 ouid=0 ogid=0
Aug 27 06:29:35 aitest audit: type=SYSCALL msg=audit(1756276175.391:666): arch=c000003e syscall=59 success=yes exit=0 pid=6322 uid=2010 gid=2010 comm="ls" exe="/usr/bin/ls" key="process_execution"
Aug 27 06:29:36 aitest audit: type=SYSCALL msg=audit(1756276176.257:665): arch=c000003e syscall=59 success=yes exit=0 pid=3194 uid=2010 gid=2010 comm="ps" exe="/usr/bin/ps" key="process_execution"
Aug 27 06:29:42 aitest audit: type=PATH msg=audit(1756276182.672:926): item=0 name="/home/opc/logai/enterprise_mnc_audit_sim/enterprise_data/operations" inode=16416 dev=08:01 mode=0100644 ouid=0 ogid=0
Aug 27 06:29:42 aitest audit: type=SYSCALL msg=audit(1756276182.672:439): arch=c000003e syscall=59 success=yes exit=0 pid=4949 uid=2010 gid=2010 comm="find" exe="/usr/bin/find" key="process_execution"
Aug 27 06:32:04 aitest audit: type=PATH msg=audit(1756276324.324:253): item=0 name="/home/opc/logai/enterprise_mnc_audit_sim/applications/databases/" inode=39739 dev=08:01 mode=0100644 ouid=0 ogid=0
Aug 27 06:32:04 aitest audit: type=SYSCALL msg=audit(1756276324.324:799): arch=c000003e syscall=59 success=yes exit=0 pid=3967 uid=2005 gid=2005 comm="ls" exe="/usr/bin/ls" key="process_execution"
Aug 27 06:32:08 aitest audit: type=PATH msg=audit(1756276328.452:837): item=0 name="/home/opc/logai/enterprise_mnc_audit_sim/enterprise_data/database/mysql/db_config.cnf" inode=24684 dev=08:01 mode=0100644 ouid=0 ogid=0
Aug 27 06:32:08 aitest audit: type=SYSCALL msg=audit(1756276328.452:725): arch=c000003e syscall=59 success=yes exit=0 pid=2370 uid=2005 gid=2005 comm="cat" exe="/usr/bin/cat" key="process_execution"
Aug 27 06:32:11 aitest audit: type=PATH msg=audit(1756276331.930:935): item=0 name="/home/opc/logai/enterprise_mnc_audit_sim/applications/databases/" inode=30093 dev=08:01 mode=0100644 ouid=0 ogid=0
Aug 27 06:32:11 aitest audit: type=SYSCALL msg=audit(1756276331.930:359): arch=c000003e syscall=59 success=yes exit=0 pid=3022 uid=2005 gid=2005 comm="ls" exe="/usr/bin/ls" key="process_execution"
Aug 27 06:35:10 aitest audit: type=PATH msg=audit(1756276510.399:669): item=0 name="/home/opc/logai/enterprise_mnc_audit_sim/enterprise_data/operations" inode=31095 dev=08:01 mode=0100644 ouid=0 ogid=0
Aug 27 06:35:10 aitest audit: type=SYSCALL msg=audit(1756276510.399:692): arch=c000003e syscall=59 success=yes exit=0 pid=6478 uid=2010 gid=2010 comm="find" exe="/usr/bin/find" key="process_execution"
Aug 27 06:35:17 aitest audit: type=SYSCALL msg=audit(1756276517.127:615): arch=c000003e syscall=59 success=yes exit=0 pid=7993 uid=2010 gid=2010 comm="top" exe="/usr/bin/top" key="process_execution"
Aug 27 06:35:25 aitest audit: type=PATH msg=audit(1756276525.882:934): item=0 name="/home/opc/logai/enterprise_mnc_audit_sim/enterprise_data/operations/" inode=30722 dev=08:01 mode=0100644 ouid=0 ogid=0
Aug 27 06:35:25 aitest audit: type=SYSCALL msg=audit(1756276525.882:625): arch=c000003e syscall=59 success=yes exit=0 pid=3582 uid=2010 gid=2010 comm="ls" exe="/usr/bin/ls" key="process_execution"
Aug 27 06:35:29 aitest audit: type=SYSCALL msg=audit(1756276529.427:486): arch=c000003e syscall=59 success=yes exit=0 pid=9827 uid=2010 gid=2010 comm="tar" exe="/usr/bin/tar" key="process_execution"
Aug 27 06:39:59 aitest audit: type=SYSCALL msg=audit(1756276799.843:608): arch=c000003e syscall=59 success=yes exit=0 pid=2478 uid=2006 gid=2006 comm="cp" exe="/usr/bin/cp" key="process_execution"
Aug 27 06:40:06 aitest audit: type=PATH msg=audit(1756276806.71:968): item=0 name="/home/opc/logai/enterprise_mnc_audit_sim/enterprise_data/development/projects/" inode=30887 dev=08:01 mode=0100644 ouid=0 ogid=0
Aug 27 06:40:06 aitest audit: type=SYSCALL msg=audit(1756276806.71:206): arch=c000003e syscall=59 success=yes exit=0 pid=4642 uid=2006 gid=2006 comm="ls" exe="/usr/bin/ls" key="process_execution"
Aug 27 06:40:13 aitest audit: type=PATH msg=audit(1756276813.762:419): item=0 name="/home/opc/logai/enterprise_mnc_audit_sim/enterprise_data/development/scripts/build.sh" inode=37918 dev=08:01 mode=0100644 ouid=0 ogid=0
Aug 27 06:40:13 aitest audit: type=SYSCALL msg=audit(1756276813.762:112): arch=c000003e syscall=59 success=yes exit=0 pid=4375 uid=2006 gid=2006 comm="chmod" exe="/usr/bin/chmod" key="process_execution"
Aug 27 06:40:23 aitest audit: type=PATH msg=audit(1756276823.514:235): item=0 name="/home/opc/logai/enterprise_mnc_audit_sim/enterprise_data/development/scripts/build.sh" inode=10236 dev=08:01 mode=0100644 ouid=0 ogid=0
Aug 27 06:40:23 aitest audit: type=SYSCALL msg=audit(1756276823.514:9): arch=c000003e syscall=59 success=yes exit=0 pid=6767 uid=2006 gid=2006 comm="chmod" exe="/usr/bin/chmod" key="process_execution"
Aug 27 06:50:57 aitest audit: type=PATH msg=audit(1756277457.322:93): item=0 name="/home/opc/logai/enterprise_mnc_audit_sim/applications/databases/" inode=11900 dev=08:01 mode=0100644 ouid=0 ogid=0
Aug 27 06:50:57 aitest audit: type=SYSCALL msg=audit(1756277457.322:524): arch=c000003e syscall=59 success=yes exit=0 pid=10160 uid=2005 gid=2005 comm="ls" exe="/usr/bin/ls" key="process_execution"
Aug 27 06:50:58 aitest audit: type=SYSCALL msg=audit(1756277458.235:714): arch=c000003e syscall=59 success=yes exit=0 pid=4376 uid=2005 gid=2005 comm="cp" exe="/usr/bin/cp" key="process_execution"
Aug 27 06:56:45 aitest audit: type=SYSCALL msg=audit(1756277805.219:771): arch=c000003e syscall=59 success=yes exit=0 pid=5532 uid=2008 gid=2008 comm="find" exe="/usr/bin/find" key="process_execution"
Aug 27 06:56:52 aitest audit: type=PATH msg=audit(1756277812.317:333): item=0 name="/home/opc/logai/enterprise_mnc_audit_sim/enterprise_data/hr/" inode=41901 dev=08:01 mode=0100644 ouid=0 ogid=0
Aug 27 06:56:52 aitest audit: type=SYSCALL msg=audit(1756277812.317:184): arch=c000003e syscall=59 success=yes exit=0 pid=5723 uid=2008 gid=2008 comm="chmod" exe="/usr/bin/chmod" key="process_execution"
Aug 27 06:57:51 aitest audit: type=PATH msg=audit(1756277871.320:186): item=0 name="/home/opc/logai/enterprise_mnc_audit_sim/system" inode=42399 dev=08:01 mode=0100644 ouid=0 ogid=0
Aug 27 06:57:51 aitest audit: type=SYSCALL msg=audit(1756277871.320:255): arch=c000003e syscall=59 success=yes exit=0 pid=2349 uid=2004 gid=2004 comm="find" exe="/usr/bin/find" key="process_execution"
Aug 27 06:57:52 aitest audit: type=PATH msg=audit(1756277872.819:982): item=0 name="/home/opc/logai/enterprise_mnc_audit_sim/system/configs/server.conf" inode=14173 dev=08:01 mode=0100644 ouid=0 ogid=0
Aug 27 06:57:52 aitest audit: type=SYSCALL msg=audit(1756277872.819:899): arch=c000003e syscall=59 success=yes exit=0 pid=5817 uid=2004 gid=2004 comm="chmod" exe="/usr/bin/chmod" key="process_execution"
Aug 27 06:57:58 aitest audit: type=PATH msg=audit(1756277878.376:101): item=0 name="/home/opc/logai/enterprise_mnc_audit_sim/system/configs/" inode=21063 dev=08:01 mode=0100644 ouid=0 ogid=0
Aug 27 06:57:58 aitest audit: type=SYSCALL msg=audit(1756277878.376:607): arch=c000003e syscall=59 success=yes exit=0 pid=3024 uid=2004 gid=2004 comm="ls" exe="/usr/bin/ls" key="process_execution"
Aug 27 06:58:08 aitest audit: type=PATH msg=audit(1756277888.366:217): item=0 name="/home/opc/logai/enterprise_mnc_audit_sim/system/configs/server.conf" inode=29201 dev=08:01 mode=0100644 ouid=0 ogid=0
Aug 27 06:58:08 aitest audit: type=SYSCALL msg=audit(1756277888.366:34): arch=c000003e syscall=59 success=yes exit=0 pid=3584 uid=2004 gid=2004 comm="cat" exe="/usr/bin/cat" key="process_execution"
Aug 27 06:58:11 aitest audit: type=PATH msg=audit(1756277891.468:825): item=0 name="/home/opc/logai/enterprise_mnc_audit_sim/system/configs/" inode=18057 dev=08:01 mode=0100644 ouid=0 ogid=0
Aug 27 06:58:11 aitest audit: type=SYSCALL msg=audit(1756277891.468:477): arch=c000003e syscall=59 success=yes exit=0 pid=6048 uid=2004 gid=2004 comm="ls" exe="/usr/bin/ls" key="process_execution"
Aug 27 07:00:44 aitest audit: type=PATH msg=audit(1756278044.213:161): item=0 name="/home/opc/logai/enterprise_mnc_audit_sim/enterprise_data/development/projects/project_alpha.txt" inode=28154 dev=08:01 mode=0100644 ouid=0 ogid=0
Aug 27 07:00:44 aitest audit: type=SYSCALL msg=audit(1756278044.213:908): arch=c000003e syscall=59 success=yes exit=0 pid=10396 uid=2009 gid=2009 comm="cat" exe="/usr/bin/cat" key="process_execution"
Aug 27 07:00:54 aitest audit: type=PATH msg=audit(1756278054.750:694): item=0 name="/home/opc/logai/enterprise_mnc_audit_sim/enterprise_data/development/" inode=21078 dev=08:01 mode=0100644 ouid=0 ogid=0
Aug 27 07:00:54 aitest audit: type=SYSCALL msg=audit(1756278054.750:202): arch=c000003e syscall=59 success=yes exit=0 pid=3559 uid=2009 gid=2009 comm="ls" exe="/usr/bin/ls" key="process_execution"
Aug 27 07:00:57 aitest audit: type=SYSCALL msg=audit(1756278057.111:700): arch=c000003e syscall=59 success=yes exit=0 pid=4272 uid=2009 gid=2009 comm="wc" exe="/usr/bin/wc" key="process_execution"
Aug 27 07:00:59 aitest audit: type=PATH msg=audit(1756278059.96:210): item=0 name="/home/opc/logai/enterprise_mnc_audit_sim/enterprise_data/development/" inode=35540 dev=08:01 mode=0100644 ouid=0 ogid=0
Aug 27 07:00:59 aitest audit: type=SYSCALL msg=audit(1756278059.96:163): arch=c000003e syscall=59 success=yes exit=0 pid=4176 uid=2009 gid=2009 comm="ls" exe="/usr/bin/ls" key="process_execution"
Aug 27 07:06:44 aitest audit: type=SYSCALL msg=audit(1756278404.30:381): arch=c000003e syscall=59 success=yes exit=0 pid=10531 uid=2004 gid=2004 comm="netstat" exe="/usr/bin/netstat" key="process_execution"
Aug 27 07:06:51 aitest audit: type=SYSCALL msg=audit(1756278411.306:146): arch=c000003e syscall=59 success=yes exit=0 pid=3286 uid=2004 gid=2004 comm="netstat" exe="/usr/bin/netstat" key="process_execution"
Aug 27 07:07:01 aitest audit: type=SYSCALL msg=audit(1756278421.643:583): arch=c000003e syscall=59 success=yes exit=0 pid=4409 uid=2004 gid=2004 comm="netstat" exe="/usr/bin/netstat" key="process_execution"
Aug 27 07:07:05 aitest audit: type=SYSCALL msg=audit(1756278425.88:292): arch=c000003e syscall=59 success=yes exit=0 pid=8210 uid=2004 gid=2004 comm="netstat" exe="/usr/bin/netstat" key="process_execution"
Aug 27 07:07:13 aitest audit: type=PATH msg=audit(1756278433.173:389): item=0 name="/home/opc/logai/enterprise_mnc_audit_sim/system/logs/application.log" inode=11345 dev=08:01 mode=0100644 ouid=0 ogid=0
Aug 27 07:07:13 aitest audit: type=SYSCALL msg=audit(1756278433.173:649): arch=c000003e syscall=59 success=yes exit=0 pid=11997 uid=2004 gid=2004 comm="tail" exe="/usr/bin/tail" key="process_execution"
Aug 27 07:23:18 aitest audit: type=SYSCALL msg=audit(1756279398.168:601): arch=c000003e syscall=59 success=yes exit=0 pid=3926 uid=2004 gid=2004 comm="netstat" exe="/usr/bin/netstat" key="process_execution"
Aug 27 07:23:26 aitest audit: type=SYSCALL msg=audit(1756279406.928:281): arch=c000003e syscall=59 success=yes exit=0 pid=8430 uid=2004 gid=2004 comm="ps" exe="/usr/bin/ps" key="process_execution"
Aug 27 07:23:29 aitest audit: type=PATH msg=audit(1756279409.448:248): item=0 name="/home/opc/logai/enterprise_mnc_audit_sim/system/configs/server.conf" inode=34108 dev=08:01 mode=0100644 ouid=0 ogid=0
Aug 27 07:23:29 aitest audit: type=SYSCALL msg=audit(1756279409.448:193): arch=c000003e syscall=59 success=yes exit=0 pid=3318 uid=2004 gid=2004 comm="chmod" exe="/usr/bin/chmod" key="process_execution"
Aug 27 07:23:37 aitest audit: type=SYSCALL msg=audit(1756279417.545:411): arch=c000003e syscall=59 success=yes exit=0 pid=8741 uid=2004 gid=2004 comm="netstat" exe="/usr/bin/netstat" key="process_execution"
Aug 27 07:23:41 aitest audit: type=PATH msg=audit(1756279421.98:529): item=0 name="/home/opc/logai/enterprise_mnc_audit_sim/applications/" inode=37715 dev=08:01 mode=0100644 ouid=0 ogid=0
Aug 27 07:23:41 aitest audit: type=SYSCALL msg=audit(1756279421.98:259): arch=c000003e syscall=59 success=yes exit=0 pid=9218 uid=2004 gid=2004 comm="ls" exe="/usr/bin/ls" key="process_execution"
Aug 27 07:24:03 aitest audit: type=PATH msg=audit(1756279443.631:564): item=0 name="/home/opc/logai/enterprise_mnc_audit_sim/enterprise_data/development/scripts/build.sh" inode=33434 dev=08:01 mode=0100644 ouid=0 ogid=0
Aug 27 07:24:03 aitest audit: type=SYSCALL msg=audit(1756279443.631:843): arch=c000003e syscall=59 success=yes exit=0 pid=7147 uid=2009 gid=2009 comm="chmod" exe="/usr/bin/chmod" key="process_execution"
Aug 27 07:24:04 aitest audit: type=PATH msg=audit(1756279444.461:357): item=0 name="/home/opc/logai/enterprise_mnc_audit_sim/enterprise_data/development" inode=11742 dev=08:01 mode=0100644 ouid=0 ogid=0
Aug 27 07:24:04 aitest audit: type=SYSCALL msg=audit(1756279444.461:912): arch=c000003e syscall=59 success=yes exit=0 pid=7358 uid=2009 gid=2009 comm="find" exe="/usr/bin/find" key="process_execution"
Aug 27 07:24:14 aitest audit: type=PATH msg=audit(1756279454.842:721): item=0 name="/home/opc/logai/enterprise_mnc_audit_sim/enterprise_data/development/projects/project_alpha.txt" inode=20324 dev=08:01 mode=0100644 ouid=0 ogid=0
Aug 27 07:24:14 aitest audit: type=SYSCALL msg=audit(1756279454.842:406): arch=c000003e syscall=59 success=yes exit=0 pid=6505 uid=2009 gid=2009 comm="cat" exe="/usr/bin/cat" key="process_execution"
Aug 27 07:24:16 aitest audit: type=PATH msg=audit(1756279456.892:707): item=0 name="/home/opc/logai/enterprise_mnc_audit_sim/enterprise_data/development/projects/" inode=18309 dev=08:01 mode=0100644 ouid=0 ogid=0
Aug 27 07:24:16 aitest audit: type=SYSCALL msg=audit(1756279456.892:838): arch=c000003e syscall=59 success=yes exit=0 pid=2145 uid=2009 gid=2009 comm="ls" exe="/usr/bin/ls" key="process_execution"
Aug 27 07:24:18 aitest audit: type=SYSCALL msg=audit(1756279458.213:174): arch=c000003e syscall=59 success=yes exit=0 pid=8576 uid=2002 gid=2002 comm="grep" exe="/usr/bin/grep" key="process_execution"
Aug 27 07:24:27 aitest audit: type=PATH msg=audit(1756279467.487:907): item=0 name="/home/opc/logai/enterprise_mnc_audit_sim/enterprise_data/database" inode=31205 dev=08:01 mode=0100644 ouid=0 ogid=0
Aug 27 07:24:27 aitest audit: type=SYSCALL msg=audit(1756279467.487:5): arch=c000003e syscall=59 success=yes exit=0 pid=9365 uid=2002 gid=2002 comm="find" exe="/usr/bin/find" key="process_execution"
Aug 27 07:25:24 aitest audit: type=SYSCALL msg=audit(1756279524.828:885): arch=c000003e syscall=59 success=yes exit=0 pid=9485 uid=2008 gid=2008 comm="w" exe="/usr/bin/w" key="process_execution"
Aug 27 07:25:27 aitest audit: type=PATH msg=audit(1756279527.61:100): item=0 name="/home/opc/logai/enterprise_mnc_audit_sim/enterprise_data/hr/" inode=37544 dev=08:01 mode=0100644 ouid=0 ogid=0
Aug 27 07:25:27 aitest audit: type=SYSCALL msg=audit(1756279527.61:818): arch=c000003e syscall=59 success=yes exit=0 pid=5032 uid=2008 gid=2008 comm="ls" exe="/usr/bin/ls" key="process_execution"
Aug 27 07:25:34 aitest audit: type=SYSCALL msg=audit(1756279534.712:477): arch=c000003e syscall=59 success=yes exit=0 pid=4717 uid=2008 gid=2008 comm="w" exe="/usr/bin/w" key="process_execution"
Aug 27 07:25:37 aitest audit: type=PATH msg=audit(1756279537.557:379): item=0 name="/home/opc/logai/enterprise_mnc_audit_sim/enterprise_data/" inode=23233 dev=08:01 mode=0100644 ouid=0 ogid=0
Aug 27 07:25:37 aitest audit: type=SYSCALL msg=audit(1756279537.557:690): arch=c000003e syscall=59 success=yes exit=0 pid=5502 uid=2008 gid=2008 comm="ls" exe="/usr/bin/ls" key="process_execution"
Aug 27 07:25:38 aitest audit: type=SYSCALL msg=audit(1756279538.347:617): arch=c000003e syscall=59 success=yes exit=0 pid=2005 uid=2008 gid=2008 comm="find" exe="/usr/bin/find" key="process_execution"
Aug 27 07:26:44 aitest audit: type=PATH msg=audit(1756279604.582:978): item=0 name="/home/opc/logai/enterprise_mnc_audit_sim/enterprise_data/hr/" inode=35661 dev=08:01 mode=0100644 ouid=0 ogid=0
Aug 27 07:26:44 aitest audit: type=SYSCALL msg=audit(1756279604.582:337): arch=c000003e syscall=59 success=yes exit=0 pid=5458 uid=2008 gid=2008 comm="ls" exe="/usr/bin/ls" key="process_execution"
Aug 27 07:26:45 aitest audit: type=PATH msg=audit(1756279605.652:919): item=0 name="/home/opc/logai/enterprise_mnc_audit_sim/enterprise_data/operations/scripts/" inode=41012 dev=08:01 mode=0100644 ouid=0 ogid=0
Aug 27 07:26:45 aitest audit: type=SYSCALL msg=audit(1756279605.652:471): arch=c000003e syscall=59 success=yes exit=0 pid=2984 uid=2007 gid=2007 comm="chmod" exe="/usr/bin/chmod" key="process_execution"
Aug 27 07:26:46 aitest audit: type=SYSCALL msg=audit(1756279606.818:600): arch=c000003e syscall=59 success=yes exit=0 pid=4950 uid=2008 gid=2008 comm="netstat" exe="/usr/bin/netstat" key="process_execution"
Aug 27 07:26:51 aitest audit: type=SYSCALL msg=audit(1756279611.317:928): arch=c000003e syscall=59 success=yes exit=0 pid=8591 uid=2007 gid=2007 comm="tar" exe="/usr/bin/tar" key="process_execution"
Aug 27 07:26:57 aitest audit: type=PATH msg=audit(1756279617.762:790): item=0 name="/home/opc/logai/enterprise_mnc_audit_sim/enterprise_data/operations/" inode=23705 dev=08:01 mode=0100644 ouid=0 ogid=0
Aug 27 07:26:57 aitest audit: type=SYSCALL msg=audit(1756279617.762:503): arch=c000003e syscall=59 success=yes exit=0 pid=5839 uid=2007 gid=2007 comm="ls" exe="/usr/bin/ls" key="process_execution"
Aug 27 07:29:00 aitest audit: type=SYSCALL msg=audit(1756279740.953:910): arch=c000003e syscall=59 success=yes exit=0 pid=3047 uid=2009 gid=2009 comm="cp" exe="/usr/bin/cp" key="process_execution"
Aug 27 07:29:10 aitest audit: type=SYSCALL msg=audit(1756279750.707:304): arch=c000003e syscall=59 success=yes exit=0 pid=5749 uid=2009 gid=2009 comm="grep" exe="/usr/bin/grep" key="process_execution"
Aug 27 07:34:18 aitest audit: type=SYSCALL msg=audit(1756280058.713:624): arch=c000003e syscall=59 success=yes exit=0 pid=2513 uid=2005 gid=2005 comm="du" exe="/usr/bin/du" key="process_execution"
Aug 27 07:34:26 aitest audit: type=SYSCALL msg=audit(1756280066.820:831): arch=c000003e syscall=59 success=yes exit=0 pid=10091 uid=2005 gid=2005 comm="du" exe="/usr/bin/du" key="process_execution"
Aug 27 07:36:53 aitest audit: type=SYSCALL msg=audit(1756280213.824:287): arch=c000003e syscall=59 success=yes exit=0 pid=8565 uid=2008 gid=2008 comm="w" exe="/usr/bin/w" key="process_execution"
Aug 27 07:36:54 aitest audit: type=SYSCALL msg=audit(1756280214.828:334): arch=c000003e syscall=59 success=yes exit=0 pid=9573 uid=2008 gid=2008 comm="netstat" exe="/usr/bin/netstat" key="process_execution"
Aug 27 07:36:58 aitest audit: type=PATH msg=audit(1756280218.121:933): item=0 name="/home/opc/logai/enterprise_mnc_audit_sim/enterprise_data/hr/" inode=33989 dev=08:01 mode=0100644 ouid=0 ogid=0
Aug 27 07:36:58 aitest audit: type=SYSCALL msg=audit(1756280218.121:968): arch=c000003e syscall=59 success=yes exit=0 pid=2962 uid=2008 gid=2008 comm="ls" exe="/usr/bin/ls" key="process_execution"
Aug 27 07:37:03 aitest audit: type=PATH msg=audit(1756280223.620:267): item=0 name="/home/opc/logai/enterprise_mnc_audit_sim/enterprise_data/" inode=19453 dev=08:01 mode=0100644 ouid=0 ogid=0
Aug 27 07:37:03 aitest audit: type=SYSCALL msg=audit(1756280223.620:377): arch=c000003e syscall=59 success=yes exit=0 pid=2515 uid=2008 gid=2008 comm="ls" exe="/usr/bin/ls" key="process_execution"
Aug 27 07:37:05 aitest audit: type=SYSCALL msg=audit(1756280225.476:242): arch=c000003e syscall=59 success=yes exit=0 pid=4267 uid=2008 gid=2008 comm="w" exe="/usr/bin/w" key="process_execution"
Aug 27 07:40:31 aitest audit: type=SYSCALL msg=audit(1756280431.907:665): arch=c000003e syscall=59 success=yes exit=0 pid=3962 uid=2005 gid=2005 comm="grep" exe="/usr/bin/grep" key="process_execution"
Aug 27 07:40:32 aitest audit: type=PATH msg=audit(1756280432.972:576): item=0 name="/home/opc/logai/enterprise_mnc_audit_sim/enterprise_data/database/mysql/db_config.cnf" inode=29388 dev=08:01 mode=0100644 ouid=0 ogid=0
Aug 27 07:40:32 aitest audit: type=SYSCALL msg=audit(1756280432.972:921): arch=c000003e syscall=59 success=yes exit=0 pid=6918 uid=2005 gid=2005 comm="cat" exe="/usr/bin/cat" key="process_execution"
Aug 27 07:40:42 aitest audit: type=SYSCALL msg=audit(1756280442.10:580): arch=c000003e syscall=59 success=yes exit=0 pid=11935 uid=2005 gid=2005 comm="cp" exe="/usr/bin/cp" key="process_execution"
Aug 27 07:43:02 aitest audit: type=PATH msg=audit(1756280582.637:767): item=0 name="/home/opc/logai/enterprise_mnc_audit_sim/enterprise_data/development/projects/project_alpha.txt" inode=11268 dev=08:01 mode=0100644 ouid=0 ogid=0
Aug 27 07:43:02 aitest audit: type=SYSCALL msg=audit(1756280582.637:780): arch=c000003e syscall=59 success=yes exit=0 pid=3250 uid=2003 gid=2003 comm="cat" exe="/usr/bin/cat" key="process_execution"
Aug 27 07:43:06 aitest audit: type=PATH msg=audit(1756280586.233:989): item=0 name="/home/opc/logai/enterprise_mnc_audit_sim/enterprise_data/development/scripts/build.sh" inode=37597 dev=08:01 mode=0100644 ouid=0 ogid=0
Aug 27 07:43:06 aitest audit: type=SYSCALL msg=audit(1756280586.233:520): arch=c000003e syscall=59 success=yes exit=0 pid=3408 uid=2003 gid=2003 comm="chmod" exe="/usr/bin/chmod" key="process_execution"
Aug 27 07:43:43 aitest audit: type=PATH msg=audit(1756280623.598:594): item=0 name="/home/opc/logai/enterprise_mnc_audit_sim/system/logs/application.log" inode=35847 dev=08:01 mode=0100644 ouid=0 ogid=0
Aug 27 07:43:43 aitest audit: type=SYSCALL msg=audit(1756280623.598:502): arch=c000003e syscall=59 success=yes exit=0 pid=2167 uid=2001 gid=2001 comm="tail" exe="/usr/bin/tail" key="process_execution"
Aug 27 07:43:51 aitest audit: type=PATH msg=audit(1756280631.51:666): item=0 name="/home/opc/logai/enterprise_mnc_audit_sim/applications/" inode=32275 dev=08:01 mode=0100644 ouid=0 ogid=0
Aug 27 07:43:51 aitest audit: type=SYSCALL msg=audit(1756280631.51:567): arch=c000003e syscall=59 success=yes exit=0 pid=4066 uid=2001 gid=2001 comm="ls" exe="/usr/bin/ls" key="process_execution"
Aug 27 07:43:58 aitest audit: type=SYSCALL msg=audit(1756280638.854:68): arch=c000003e syscall=59 success=yes exit=0 pid=9415 uid=2001 gid=2001 comm="free" exe="/usr/bin/free" key="process_execution"
Aug 27 07:50:23 aitest audit: type=SYSCALL msg=audit(1756281023.968:85): arch=c000003e syscall=59 success=yes exit=0 pid=3748 uid=2004 gid=2004 comm="ps" exe="/usr/bin/ps" key="process_execution"
Aug 27 07:50:27 aitest audit: type=PATH msg=audit(1756281027.954:677): item=0 name="/home/opc/logai/enterprise_mnc_audit_sim/system/configs/" inode=30048 dev=08:01 mode=0100644 ouid=0 ogid=0
Aug 27 07:50:27 aitest audit: type=SYSCALL msg=audit(1756281027.954:383): arch=c000003e syscall=59 success=yes exit=0 pid=7038 uid=2004 gid=2004 comm="ls" exe="/usr/bin/ls" key="process_execution"
Aug 27 07:50:31 aitest audit: type=SYSCALL msg=audit(1756281031.391:385): arch=c000003e syscall=59 success=yes exit=0 pid=11248 uid=2004 gid=2004 comm="free" exe="/usr/bin/free" key="process_execution"
Aug 27 07:50:33 aitest audit: type=PATH msg=audit(1756281033.643:931): item=0 name="/home/opc/logai/enterprise_mnc_audit_sim/system/configs/" inode=38957 dev=08:01 mode=0100644 ouid=0 ogid=0
Aug 27 07:50:33 aitest audit: type=SYSCALL msg=audit(1756281033.643:174): arch=c000003e syscall=59 success=yes exit=0 pid=2774 uid=2004 gid=2004 comm="ls" exe="/usr/bin/ls" key="process_execution"
Aug 27 07:50:43 aitest audit: type=PATH msg=audit(1756281043.829:545): item=0 name="/home/opc/logai/enterprise_mnc_audit_sim/system/configs/server.conf" inode=15515 dev=08:01 mode=0100644 ouid=0 ogid=0
Aug 27 07:50:43 aitest audit: type=SYSCALL msg=audit(1756281043.829:412): arch=c000003e syscall=59 success=yes exit=0 pid=3724 uid=2004 gid=2004 comm="cat" exe="/usr/bin/cat" key="process_execution"
Aug 27 07:52:22 aitest audit: type=PATH msg=audit(1756281142.432:294): item=0 name="/home/opc/logai/enterprise_mnc_audit_sim/enterprise_data/operations/" inode=24872 dev=08:01 mode=0100644 ouid=0 ogid=0
Aug 27 07:52:22 aitest audit: type=SYSCALL msg=audit(1756281142.432:617): arch=c000003e syscall=59 success=yes exit=0 pid=3404 uid=2007 gid=2007 comm="ls" exe="/usr/bin/ls" key="process_execution"
Aug 27 07:52:32 aitest audit: type=SYSCALL msg=audit(1756281152.425:593): arch=c000003e syscall=59 success=yes exit=0 pid=8843 uid=2007 gid=2007 comm="du" exe="/usr/bin/du" key="process_execution"
Aug 27 07:52:38 aitest audit: type=SYSCALL msg=audit(1756281158.617:134): arch=c000003e syscall=59 success=yes exit=0 pid=2783 uid=2007 gid=2007 comm="top" exe="/usr/bin/top" key="process_execution"
Aug 27 07:52:45 aitest audit: type=PATH msg=audit(1756281165.14:378): item=0 name="/home/opc/logai/enterprise_mnc_audit_sim/enterprise_data/operations" inode=23691 dev=08:01 mode=0100644 ouid=0 ogid=0
Aug 27 07:52:45 aitest audit: type=SYSCALL msg=audit(1756281165.14:255): arch=c000003e syscall=59 success=yes exit=0 pid=7270 uid=2007 gid=2007 comm="find" exe="/usr/bin/find" key="process_execution"
Aug 27 07:52:51 aitest audit: type=SYSCALL msg=audit(1756281171.536:459): arch=c000003e syscall=59 success=yes exit=0 pid=10844 uid=2007 gid=2007 comm="ps" exe="/usr/bin/ps" key="process_execution"
Aug 27 07:59:37 aitest audit: type=SYSCALL msg=audit(1756281577.661:559): arch=c000003e syscall=59 success=yes exit=0 pid=4430 uid=2006 gid=2006 comm="wc" exe="/usr/bin/wc" key="process_execution"
Aug 27 07:59:41 aitest audit: type=SYSCALL msg=audit(1756281581.489:897): arch=c000003e syscall=59 success=yes exit=0 pid=11243 uid=2006 gid=2006 comm="grep" exe="/usr/bin/grep" key="process_execution"
Aug 27 08:05:39 aitest audit: type=SYSCALL msg=audit(1756281939.413:381): arch=c000003e syscall=59 success=yes exit=0 pid=3731 uid=2007 gid=2007 comm="ps" exe="/usr/bin/ps" key="process_execution"
Aug 27 08:05:45 aitest audit: type=PATH msg=audit(1756281945.230:616): item=0 name="/home/opc/logai/enterprise_mnc_audit_sim/enterprise_data/operations/" inode=23893 dev=08:01 mode=0100644 ouid=0 ogid=0
Aug 27 08:05:45 aitest audit: type=SYSCALL msg=audit(1756281945.230:599): arch=c000003e syscall=59 success=yes exit=0 pid=5320 uid=2007 gid=2007 comm="ls" exe="/usr/bin/ls" key="process_execution"
Aug 27 08:05:53 aitest audit: type=PATH msg=audit(1756281953.762:709): item=0 name="/home/opc/logai/enterprise_mnc_audit_sim/enterprise_data/operations/" inode=16568 dev=08:01 mode=0100644 ouid=0 ogid=0
Aug 27 08:05:53 aitest audit: type=SYSCALL msg=audit(1756281953.762:570): arch=c000003e syscall=59 success=yes exit=0 pid=6495 uid=2007 gid=2007 comm="ls" exe="/usr/bin/ls" key="process_execution"
Aug 27 08:05:55 aitest audit: type=PATH msg=audit(1756281955.723:931): item=0 name="/home/opc/logai/enterprise_mnc_audit_sim/enterprise_data/operations/scripts/" inode=14928 dev=08:01 mode=0100644 ouid=0 ogid=0
Aug 27 08:05:55 aitest audit: type=SYSCALL msg=audit(1756281955.723:341): arch=c000003e syscall=59 success=yes exit=0 pid=10033 uid=2007 gid=2007 comm="chmod" exe="/usr/bin/chmod" key="process_execution"
Aug 27 08:17:46 aitest audit: type=PATH msg=audit(1756282666.780:29): item=0 name="/home/opc/logai/enterprise_mnc_audit_sim/enterprise_data/development/projects/" inode=31945 dev=08:01 mode=0100644 ouid=0 ogid=0
Aug 27 08:17:46 aitest audit: type=SYSCALL msg=audit(1756282666.780:39): arch=c000003e syscall=59 success=yes exit=0 pid=6528 uid=2009 gid=2009 comm="ls" exe="/usr/bin/ls" key="process_execution"
Aug 27 08:17:47 aitest audit: type=PATH msg=audit(1756282667.780:348): item=0 name="/home/opc/logai/enterprise_mnc_audit_sim/enterprise_data/development/projects/" inode=30627 dev=08:01 mode=0100644 ouid=0 ogid=0
Aug 27 08:17:47 aitest audit: type=SYSCALL msg=audit(1756282667.780:398): arch=c000003e syscall=59 success=yes exit=0 pid=2239 uid=2009 gid=2009 comm="ls" exe="/usr/bin/ls" key="process_execution"
Aug 27 08:17:49 aitest audit: type=PATH msg=audit(1756282669.335:137): item=0 name="/home/opc/logai/enterprise_mnc_audit_sim/enterprise_data/development/projects/project_alpha.txt" inode=20644 dev=08:01 mode=0100644 ouid=0 ogid=0
Aug 27 08:17:49 aitest audit: type=SYSCALL msg=audit(1756282669.335:765): arch=c000003e syscall=59 success=yes exit=0 pid=7776 uid=2009 gid=2009 comm="cat" exe="/usr/bin/cat" key="process_execution"
Aug 27 08:17:52 aitest audit: type=PATH msg=audit(1756282672.260:357): item=0 name="/home/opc/logai/enterprise_mnc_audit_sim/enterprise_data/development" inode=28988 dev=08:01 mode=0100644 ouid=0 ogid=0
Aug 27 08:17:52 aitest audit: type=SYSCALL msg=audit(1756282672.260:215): arch=c000003e syscall=59 success=yes exit=0 pid=5201 uid=2009 gid=2009 comm="find" exe="/usr/bin/find" key="process_execution"
Aug 27 08:17:56 aitest audit: type=SYSCALL msg=audit(1756282676.719:518): arch=c000003e syscall=59 success=yes exit=0 pid=9140 uid=2009 gid=2009 comm="grep" exe="/usr/bin/grep" key="process_execution"
Aug 27 08:22:47 aitest audit: type=PATH msg=audit(1756282967.431:750): item=0 name="/home/opc/logai/enterprise_mnc_audit_sim/enterprise_data/" inode=40612 dev=08:01 mode=0100644 ouid=0 ogid=0
Aug 27 08:22:47 aitest audit: type=SYSCALL msg=audit(1756282967.431:584): arch=c000003e syscall=59 success=yes exit=0 pid=10788 uid=2008 gid=2008 comm="ls" exe="/usr/bin/ls" key="process_execution"
Aug 27 08:22:53 aitest audit: type=SYSCALL msg=audit(1756282973.53:230): arch=c000003e syscall=59 success=yes exit=0 pid=6885 uid=2008 gid=2008 comm="who" exe="/usr/bin/who" key="process_execution"
Aug 27 08:23:02 aitest audit: type=SYSCALL msg=audit(1756282982.786:95): arch=c000003e syscall=59 success=yes exit=0 pid=4689 uid=2008 gid=2008 comm="w" exe="/usr/bin/w" key="process_execution"
Aug 27 08:23:11 aitest audit: type=PATH msg=audit(1756282991.115:610): item=0 name="/home/opc/logai/enterprise_mnc_audit_sim/enterprise_data/hr/" inode=32960 dev=08:01 mode=0100644 ouid=0 ogid=0
Aug 27 08:23:11 aitest audit: type=SYSCALL msg=audit(1756282991.115:558): arch=c000003e syscall=59 success=yes exit=0 pid=6180 uid=2008 gid=2008 comm="chmod" exe="/usr/bin/chmod" key="process_execution"
Aug 27 08:23:21 aitest audit: type=SYSCALL msg=audit(1756283001.379:707): arch=c000003e syscall=59 success=yes exit=0 pid=11584 uid=2008 gid=2008 comm="w" exe="/usr/bin/w" key="process_execution"
Aug 27 08:26:54 aitest audit: type=PATH msg=audit(1756283214.399:759): item=0 name="/home/opc/logai/enterprise_mnc_audit_sim/enterprise_data/hr/" inode=18589 dev=08:01 mode=0100644 ouid=0 ogid=0
Aug 27 08:26:54 aitest audit: type=SYSCALL msg=audit(1756283214.399:765): arch=c000003e syscall=59 success=yes exit=0 pid=7401 uid=2008 gid=2008 comm="ls" exe="/usr/bin/ls" key="process_execution"
Aug 27 08:26:58 aitest audit: type=SYSCALL msg=audit(1756283218.26:150): arch=c000003e syscall=59 success=yes exit=0 pid=9205 uid=2008 gid=2008 comm="find" exe="/usr/bin/find" key="process_execution"
Aug 27 08:27:05 aitest audit: type=PATH msg=audit(1756283225.540:385): item=0 name="/home/opc/logai/enterprise_mnc_audit_sim/enterprise_data/" inode=25749 dev=08:01 mode=0100644 ouid=0 ogid=0
Aug 27 08:27:05 aitest audit: type=SYSCALL msg=audit(1756283225.540:456): arch=c000003e syscall=59 success=yes exit=0 pid=8976 uid=2008 gid=2008 comm="ls" exe="/usr/bin/ls" key="process_execution"
Aug 27 08:30:37 aitest audit: type=SYSCALL msg=audit(1756283437.837:672): arch=c000003e syscall=59 success=yes exit=0 pid=9757 uid=2005 gid=2005 comm="du" exe="/usr/bin/du" key="process_execution"
Aug 27 08:30:39 aitest audit: type=PATH msg=audit(1756283439.180:885): item=0 name="/home/opc/logai/enterprise_mnc_audit_sim/enterprise_data/database" inode=37898 dev=08:01 mode=0100644 ouid=0 ogid=0
Aug 27 08:30:39 aitest audit: type=SYSCALL msg=audit(1756283439.180:283): arch=c000003e syscall=59 success=yes exit=0 pid=8839 uid=2005 gid=2005 comm="find" exe="/usr/bin/find" key="process_execution"
Aug 27 08:30:48 aitest audit: type=SYSCALL msg=audit(1756283448.811:962): arch=c000003e syscall=59 success=yes exit=0 pid=8727 uid=2005 gid=2005 comm="grep" exe="/usr/bin/grep" key="process_execution"
Aug 27 08:30:52 aitest audit: type=SYSCALL msg=audit(1756283452.434:891): arch=c000003e syscall=59 success=yes exit=0 pid=3210 uid=2005 gid=2005 comm="du" exe="/usr/bin/du" key="process_execution"
Aug 27 08:34:48 aitest audit: type=PATH msg=audit(1756283688.445:409): item=0 name="/home/opc/logai/enterprise_mnc_audit_sim/enterprise_data/operations/" inode=23402 dev=08:01 mode=0100644 ouid=0 ogid=0
Aug 27 08:34:48 aitest audit: type=SYSCALL msg=audit(1756283688.445:537): arch=c000003e syscall=59 success=yes exit=0 pid=8886 uid=2010 gid=2010 comm="ls" exe="/usr/bin/ls" key="process_execution"
Aug 27 08:34:49 aitest audit: type=SYSCALL msg=audit(1756283689.615:92): arch=c000003e syscall=59 success=yes exit=0 pid=6143 uid=2010 gid=2010 comm="tar" exe="/usr/bin/tar" key="process_execution"
Aug 27 08:37:37 aitest audit: type=SYSCALL msg=audit(1756283857.586:40): arch=c000003e syscall=59 success=yes exit=0 pid=4379 uid=2010 gid=2010 comm="tar" exe="/usr/bin/tar" key="process_execution"
Aug 27 08:37:41 aitest audit: type=SYSCALL msg=audit(1756283861.243:947): arch=c000003e syscall=59 success=yes exit=0 pid=7088 uid=2010 gid=2010 comm="du" exe="/usr/bin/du" key="process_execution"
Aug 27 08:37:45 aitest audit: type=SYSCALL msg=audit(1756283865.234:819): arch=c000003e syscall=59 success=yes exit=0 pid=11505 uid=2010 gid=2010 comm="tar" exe="/usr/bin/tar" key="process_execution"
Aug 27 08:44:10 aitest audit: type=PATH msg=audit(1756284250.498:40): item=0 name="/home/opc/logai/enterprise_mnc_audit_sim/applications/" inode=27230 dev=08:01 mode=0100644 ouid=0 ogid=0
Aug 27 08:44:10 aitest audit: type=SYSCALL msg=audit(1756284250.498:152): arch=c000003e syscall=59 success=yes exit=0 pid=7984 uid=2004 gid=2004 comm="ls" exe="/usr/bin/ls" key="process_execution"
Aug 27 08:44:12 aitest audit: type=PATH msg=audit(1756284252.251:383): item=0 name="/home/opc/logai/enterprise_mnc_audit_sim/system/configs/server.conf" inode=10805 dev=08:01 mode=0100644 ouid=0 ogid=0
Aug 27 08:44:12 aitest audit: type=SYSCALL msg=audit(1756284252.251:607): arch=c000003e syscall=59 success=yes exit=0 pid=4039 uid=2004 gid=2004 comm="chmod" exe="/usr/bin/chmod" key="process_execution"
Aug 27 08:44:19 aitest audit: type=SYSCALL msg=audit(1756284259.67:14): arch=c000003e syscall=59 success=yes exit=0 pid=10895 uid=2004 gid=2004 comm="free" exe="/usr/bin/free" key="process_execution"
Aug 27 08:44:21 aitest audit: type=PATH msg=audit(1756284261.347:30): item=0 name="/home/opc/logai/enterprise_mnc_audit_sim/system/logs/application.log" inode=29069 dev=08:01 mode=0100644 ouid=0 ogid=0
Aug 27 08:44:21 aitest audit: type=SYSCALL msg=audit(1756284261.347:562): arch=c000003e syscall=59 success=yes exit=0 pid=2730 uid=2004 gid=2004 comm="tail" exe="/usr/bin/tail" key="process_execution"
Aug 27 08:45:57 aitest audit: type=PATH msg=audit(1756284357.871:901): item=0 name="/home/opc/logai/enterprise_mnc_audit_sim/enterprise_data/development/scripts/build.sh" inode=12473 dev=08:01 mode=0100644 ouid=0 ogid=0
Aug 27 08:45:57 aitest audit: type=SYSCALL msg=audit(1756284357.871:691): arch=c000003e syscall=59 success=yes exit=0 pid=6267 uid=2009 gid=2009 comm="chmod" exe="/usr/bin/chmod" key="process_execution"
Aug 27 08:46:06 aitest audit: type=SYSCALL msg=audit(1756284366.593:258): arch=c000003e syscall=59 success=yes exit=0 pid=8779 uid=2009 gid=2009 comm="wc" exe="/usr/bin/wc" key="process_execution"
Aug 27 08:46:11 aitest audit: type=PATH msg=audit(1756284371.726:163): item=0 name="/home/opc/logai/enterprise_mnc_audit_sim/enterprise_data/development/projects/" inode=25563 dev=08:01 mode=0100644 ouid=0 ogid=0
Aug 27 08:46:11 aitest audit: type=SYSCALL msg=audit(1756284371.726:577): arch=c000003e syscall=59 success=yes exit=0 pid=9573 uid=2009 gid=2009 comm="ls" exe="/usr/bin/ls" key="process_execution"
Aug 27 08:54:39 aitest audit: type=PATH msg=audit(1756284879.171:80): item=0 name="/home/opc/logai/enterprise_mnc_audit_sim/enterprise_data/development/projects/project_alpha.txt" inode=42343 dev=08:01 mode=0100644 ouid=0 ogid=0
Aug 27 08:54:39 aitest audit: type=SYSCALL msg=audit(1756284879.171:707): arch=c000003e syscall=59 success=yes exit=0 pid=9062 uid=2003 gid=2003 comm="cat" exe="/usr/bin/cat" key="process_execution"
Aug 27 08:54:48 aitest audit: type=SYSCALL msg=audit(1756284888.362:475): arch=c000003e syscall=59 success=yes exit=0 pid=6468 uid=2003 gid=2003 comm="cp" exe="/usr/bin/cp" key="process_execution"
Aug 27 09:03:01 aitest audit: type=PATH msg=audit(1756285381.456:407): item=0 name="/home/opc/logai/enterprise_mnc_audit_sim/enterprise_data/operations/scripts/" inode=42187 dev=08:01 mode=0100644 ouid=0 ogid=0
Aug 27 09:03:01 aitest audit: type=SYSCALL msg=audit(1756285381.456:556): arch=c000003e syscall=59 success=yes exit=0 pid=5204 uid=2010 gid=2010 comm="chmod" exe="/usr/bin/chmod" key="process_execution"
Aug 27 09:03:04 aitest audit: type=PATH msg=audit(1756285384.415:715): item=0 name="/home/opc/logai/enterprise_mnc_audit_sim/enterprise_data/operations/scripts/" inode=15575 dev=08:01 mode=0100644 ouid=0 ogid=0
Aug 27 09:03:04 aitest audit: type=SYSCALL msg=audit(1756285384.415:350): arch=c000003e syscall=59 success=yes exit=0 pid=4550 uid=2010 gid=2010 comm="chmod" exe="/usr/bin/chmod" key="process_execution"
Aug 27 09:03:05 aitest audit: type=SYSCALL msg=audit(1756285385.494:713): arch=c000003e syscall=59 success=yes exit=0 pid=8398 uid=2010 gid=2010 comm="tar" exe="/usr/bin/tar" key="process_execution"
