Aug 25 00:01:10 aitest audit: type=PATH msg=audit(1756080070.739:798): item=0 name="/home/opc/logai/enterprise_mnc_audit_sim/enterprise_data/development/projects/project_alpha.txt" inode=35432 dev=08:01 mode=0100644 ouid=0 ogid=0
Aug 25 00:01:10 aitest audit: type=SYSCALL msg=audit(1756080070.739:513): arch=c000003e syscall=59 success=yes exit=0 pid=8405 uid=2006 gid=2006 comm="cat" exe="/usr/bin/cat" key="process_execution"
Aug 25 00:01:18 aitest audit: type=PATH msg=audit(1756080078.511:965): item=0 name="/home/opc/logai/enterprise_mnc_audit_sim/enterprise_data/development/projects/" inode=35929 dev=08:01 mode=0100644 ouid=0 ogid=0
Aug 25 00:01:18 aitest audit: type=SYSCALL msg=audit(1756080078.511:243): arch=c000003e syscall=59 success=yes exit=0 pid=9143 uid=2006 gid=2006 comm="ls" exe="/usr/bin/ls" key="process_execution"
Aug 25 00:01:26 aitest audit: type=PATH msg=audit(1756080086.105:113): item=0 name="/home/opc/logai/enterprise_mnc_audit_sim/enterprise_data/development/" inode=16415 dev=08:01 mode=0100644 ouid=0 ogid=0
Aug 25 00:01:26 aitest audit: type=SYSCALL msg=audit(1756080086.105:972): arch=c000003e syscall=59 success=yes exit=0 pid=10783 uid=2006 gid=2006 comm="ls" exe="/usr/bin/ls" key="process_execution"
Aug 25 00:01:29 aitest audit: type=PATH msg=audit(1756080089.226:654): item=0 name="/home/opc/logai/enterprise_mnc_audit_sim/enterprise_data/development/projects/project_alpha.txt" inode=15578 dev=08:01 mode=0100644 ouid=0 ogid=0
Aug 25 00:01:29 aitest audit: type=SYSCALL msg=audit(1756080089.226:865): arch=c000003e syscall=59 success=yes exit=0 pid=7276 uid=2006 gid=2006 comm="cat" exe="/usr/bin/cat" key="process_execution"
Aug 25 00:01:37 aitest audit: type=PATH msg=audit(1756080097.693:903): item=0 name="/home/opc/logai/enterprise_mnc_audit_sim/enterprise_data/development/scripts/build.sh" inode=36592 dev=08:01 mode=0100644 ouid=0 ogid=0
Aug 25 00:01:37 aitest audit: type=SYSCALL msg=audit(1756080097.693:325): arch=c000003e syscall=59 success=yes exit=0 pid=5756 uid=2006 gid=2006 comm="chmod" exe="/usr/bin/chmod" key="process_execution"
Aug 25 00:01:48 aitest audit: type=PATH msg=audit(1756080108.645:930): item=0 name="/home/opc/logai/enterprise_mnc_audit_sim/enterprise_data/development/scripts/build.sh" inode=23370 dev=08:01 mode=0100644 ouid=0 ogid=0
Aug 25 00:01:48 aitest audit: type=SYSCALL msg=audit(1756080108.645:505): arch=c000003e syscall=59 success=yes exit=0 pid=9742 uid=2006 gid=2006 comm="chmod" exe="/usr/bin/chmod" key="process_execution"
Aug 25 00:01:56 aitest audit: type=PATH msg=audit(1756080116.565:806): item=0 name="/home/opc/logai/enterprise_mnc_audit_sim/enterprise_data/development/projects/project_alpha.txt" inode=11559 dev=08:01 mode=0100644 ouid=0 ogid=0
Aug 25 00:01:56 aitest audit: type=SYSCALL msg=audit(1756080116.565:51): arch=c000003e syscall=59 success=yes exit=0 pid=2898 uid=2006 gid=2006 comm="cat" exe="/usr/bin/cat" key="process_execution"
Aug 25 00:02:03 aitest audit: type=PATH msg=audit(1756080123.9:946): item=0 name="/home/opc/logai/enterprise_mnc_audit_sim/enterprise_data/development/projects/" inode=16274 dev=08:01 mode=0100644 ouid=0 ogid=0
Aug 25 00:02:03 aitest audit: type=SYSCALL msg=audit(1756080123.9:932): arch=c000003e syscall=59 success=yes exit=0 pid=5281 uid=2006 gid=2006 comm="ls" exe="/usr/bin/ls" key="process_execution"
Aug 25 00:02:11 aitest audit: type=PATH msg=audit(1756080131.341:851): item=0 name="/home/opc/logai/enterprise_mnc_audit_sim/enterprise_data/development" inode=36372 dev=08:01 mode=0100644 ouid=0 ogid=0
Aug 25 00:02:11 aitest audit: type=SYSCALL msg=audit(1756080131.341:963): arch=c000003e syscall=59 success=yes exit=0 pid=7011 uid=2006 gid=2006 comm="find" exe="/usr/bin/find" key="process_execution"
Aug 25 00:02:14 aitest audit: type=PATH msg=audit(1756080134.816:251): item=0 name="/home/opc/logai/enterprise_mnc_audit_sim/enterprise_data/development/" inode=16634 dev=08:01 mode=0100644 ouid=0 ogid=0
Aug 25 00:02:14 aitest audit: type=SYSCALL msg=audit(1756080134.816:899): arch=c000003e syscall=59 success=yes exit=0 pid=5785 uid=2006 gid=2006 comm="ls" exe="/usr/bin/ls" key="process_execution"
Aug 25 00:04:02 aitest audit: type=PATH msg=audit(1756080242.947:650): item=0 name="/home/opc/logai/enterprise_mnc_audit_sim/system/logs/application.log" inode=40633 dev=08:01 mode=0100644 ouid=0 ogid=0
Aug 25 00:04:02 aitest audit: type=SYSCALL msg=audit(1756080242.947:449): arch=c000003e syscall=59 success=yes exit=0 pid=2118 uid=2001 gid=2001 comm="tail" exe="/usr/bin/tail" key="process_execution"
Aug 25 00:04:08 aitest audit: type=PATH msg=audit(1756080248.917:924): item=0 name="/home/opc/logai/enterprise_mnc_audit_sim/system/logs/application.log" inode=24417 dev=08:01 mode=0100644 ouid=0 ogid=0
Aug 25 00:04:08 aitest audit: type=SYSCALL msg=audit(1756080248.917:861): arch=c000003e syscall=59 success=yes exit=0 pid=3465 uid=2001 gid=2001 comm="tail" exe="/usr/bin/tail" key="process_execution"
Aug 25 00:04:09 aitest audit: type=SYSCALL msg=audit(1756080249.485:446): arch=c000003e syscall=59 success=yes exit=0 pid=9200 uid=2001 gid=2001 comm="df" exe="/usr/bin/df" key="process_execution"
Aug 25 00:04:16 aitest audit: type=SYSCALL msg=audit(1756080256.86:777): arch=c000003e syscall=59 success=yes exit=0 pid=5652 uid=2001 gid=2001 comm="ps" exe="/usr/bin/ps" key="process_execution"
Aug 25 00:04:25 aitest audit: type=SYSCALL msg=audit(1756080265.618:793): arch=c000003e syscall=59 success=yes exit=0 pid=3408 uid=2001 gid=2001 comm="ps" exe="/usr/bin/ps" key="process_execution"
Aug 25 00:15:31 aitest audit: type=SYSCALL msg=audit(1756080931.559:500): arch=c000003e syscall=59 success=yes exit=0 pid=10825 uid=2005 gid=2005 comm="cp" exe="/usr/bin/cp" key="process_execution"
Aug 25 00:15:34 aitest audit: type=PATH msg=audit(1756080934.742:945): item=0 name="/home/opc/logai/enterprise_mnc_audit_sim/enterprise_data/database/" inode=25718 dev=08:01 mode=0100644 ouid=0 ogid=0
Aug 25 00:15:34 aitest audit: type=SYSCALL msg=audit(1756080934.742:299): arch=c000003e syscall=59 success=yes exit=0 pid=9882 uid=2005 gid=2005 comm="ls" exe="/usr/bin/ls" key="process_execution"
Aug 25 00:15:38 aitest audit: type=SYSCALL msg=audit(1756080938.148:293): arch=c000003e syscall=59 success=yes exit=0 pid=3135 uid=2005 gid=2005 comm="cp" exe="/usr/bin/cp" key="process_execution"
Aug 25 00:15:40 aitest audit: type=PATH msg=audit(1756080940.598:984): item=0 name="/home/opc/logai/enterprise_mnc_audit_sim/enterprise_data/database/" inode=18409 dev=08:01 mode=0100644 ouid=0 ogid=0
Aug 25 00:15:40 aitest audit: type=SYSCALL msg=audit(1756080940.598:133): arch=c000003e syscall=59 success=yes exit=0 pid=2780 uid=2005 gid=2005 comm="ls" exe="/usr/bin/ls" key="process_execution"
Aug 25 00:23:33 aitest audit: type=PATH msg=audit(1756081413.409:960): item=0 name="/home/opc/logai/enterprise_mnc_audit_sim/system" inode=19780 dev=08:01 mode=0100644 ouid=0 ogid=0
Aug 25 00:23:33 aitest audit: type=SYSCALL msg=audit(1756081413.409:399): arch=c000003e syscall=59 success=yes exit=0 pid=2972 uid=2001 gid=2001 comm="find" exe="/usr/bin/find" key="process_execution"
Aug 25 00:23:36 aitest audit: type=PATH msg=audit(1756081416.678:866): item=0 name="/home/opc/logai/enterprise_mnc_audit_sim/system/configs/server.conf" inode=24582 dev=08:01 mode=0100644 ouid=0 ogid=0
Aug 25 00:23:36 aitest audit: type=SYSCALL msg=audit(1756081416.678:457): arch=c000003e syscall=59 success=yes exit=0 pid=10123 uid=2001 gid=2001 comm="chmod" exe="/usr/bin/chmod" key="process_execution"
Aug 25 00:23:37 aitest audit: type=PATH msg=audit(1756081417.734:491): item=0 name="/home/opc/logai/enterprise_mnc_audit_sim/system" inode=13955 dev=08:01 mode=0100644 ouid=0 ogid=0
Aug 25 00:23:37 aitest audit: type=SYSCALL msg=audit(1756081417.734:62): arch=c000003e syscall=59 success=yes exit=0 pid=2596 uid=2001 gid=2001 comm="find" exe="/usr/bin/find" key="process_execution"
Aug 25 00:23:45 aitest audit: type=SYSCALL msg=audit(1756081425.256:310): arch=c000003e syscall=59 success=yes exit=0 pid=6091 uid=2001 gid=2001 comm="free" exe="/usr/bin/free" key="process_execution"
Aug 25 00:25:17 aitest audit: type=PATH msg=audit(1756081517.925:989): item=0 name="/home/opc/logai/enterprise_mnc_audit_sim/enterprise_data/development/" inode=32423 dev=08:01 mode=0100644 ouid=0 ogid=0
Aug 25 00:25:17 aitest audit: type=SYSCALL msg=audit(1756081517.925:635): arch=c000003e syscall=59 success=yes exit=0 pid=8682 uid=2009 gid=2009 comm="ls" exe="/usr/bin/ls" key="process_execution"
Aug 25 00:25:22 aitest audit: type=PATH msg=audit(1756081522.363:344): item=0 name="/home/opc/logai/enterprise_mnc_audit_sim/enterprise_data/development/scripts/build.sh" inode=16321 dev=08:01 mode=0100644 ouid=0 ogid=0
Aug 25 00:25:22 aitest audit: type=SYSCALL msg=audit(1756081522.363:677): arch=c000003e syscall=59 success=yes exit=0 pid=6220 uid=2009 gid=2009 comm="chmod" exe="/usr/bin/chmod" key="process_execution"
Aug 25 00:25:23 aitest audit: type=SYSCALL msg=audit(1756081523.749:560): arch=c000003e syscall=59 success=yes exit=0 pid=11088 uid=2009 gid=2009 comm="grep" exe="/usr/bin/grep" key="process_execution"
Aug 25 00:25:31 aitest audit: type=PATH msg=audit(1756081531.883:202): item=0 name="/home/opc/logai/enterprise_mnc_audit_sim/enterprise_data/development/" inode=41229 dev=08:01 mode=0100644 ouid=0 ogid=0
Aug 25 00:25:31 aitest audit: type=SYSCALL msg=audit(1756081531.883:967): arch=c000003e syscall=59 success=yes exit=0 pid=3394 uid=2009 gid=2009 comm="ls" exe="/usr/bin/ls" key="process_execution"
Aug 25 00:26:25 aitest audit: type=PATH msg=audit(1756081585.421:311): item=0 name="/home/opc/logai/enterprise_mnc_audit_sim/applications/" inode=23986 dev=08:01 mode=0100644 ouid=0 ogid=0
Aug 25 00:26:25 aitest audit: type=SYSCALL msg=audit(1756081585.421:546): arch=c000003e syscall=59 success=yes exit=0 pid=5898 uid=2010 gid=2010 comm="ls" exe="/usr/bin/ls" key="process_execution"
Aug 25 00:26:35 aitest audit: type=PATH msg=audit(1756081595.654:475): item=0 name="/home/opc/logai/enterprise_mnc_audit_sim/enterprise_data/operations/" inode=21350 dev=08:01 mode=0100644 ouid=0 ogid=0
Aug 25 00:26:35 aitest audit: type=SYSCALL msg=audit(1756081595.654:711): arch=c000003e syscall=59 success=yes exit=0 pid=7285 uid=2010 gid=2010 comm="ls" exe="/usr/bin/ls" key="process_execution"
Aug 25 00:27:15 aitest audit: type=SYSCALL msg=audit(1756081635.148:411): arch=c000003e syscall=59 success=yes exit=0 pid=4409 uid=2010 gid=2010 comm="ps" exe="/usr/bin/ps" key="process_execution"
Aug 25 00:27:24 aitest audit: type=PATH msg=audit(1756081644.664:164): item=0 name="/home/opc/logai/enterprise_mnc_audit_sim/enterprise_data/operations/" inode=29178 dev=08:01 mode=0100644 ouid=0 ogid=0
Aug 25 00:27:24 aitest audit: type=SYSCALL msg=audit(1756081644.664:157): arch=c000003e syscall=59 success=yes exit=0 pid=4368 uid=2010 gid=2010 comm="ls" exe="/usr/bin/ls" key="process_execution"
Aug 25 00:27:27 aitest audit: type=PATH msg=audit(1756081647.213:383): item=0 name="/home/opc/logai/enterprise_mnc_audit_sim/enterprise_data/operations" inode=19547 dev=08:01 mode=0100644 ouid=0 ogid=0
Aug 25 00:27:27 aitest audit: type=SYSCALL msg=audit(1756081647.213:362): arch=c000003e syscall=59 success=yes exit=0 pid=9537 uid=2010 gid=2010 comm="find" exe="/usr/bin/find" key="process_execution"
Aug 25 00:27:29 aitest audit: type=PATH msg=audit(1756081649.767:232): item=0 name="/home/opc/logai/enterprise_mnc_audit_sim/enterprise_data/operations" inode=33132 dev=08:01 mode=0100644 ouid=0 ogid=0
Aug 25 00:27:29 aitest audit: type=SYSCALL msg=audit(1756081649.767:540): arch=c000003e syscall=59 success=yes exit=0 pid=11859 uid=2010 gid=2010 comm="find" exe="/usr/bin/find" key="process_execution"
Aug 25 00:30:29 aitest audit: type=PATH msg=audit(1756081829.116:606): item=0 name="/home/opc/logai/enterprise_mnc_audit_sim/enterprise_data/development/scripts/build.sh" inode=21304 dev=08:01 mode=0100644 ouid=0 ogid=0
Aug 25 00:30:29 aitest audit: type=SYSCALL msg=audit(1756081829.116:272): arch=c000003e syscall=59 success=yes exit=0 pid=5548 uid=2009 gid=2009 comm="chmod" exe="/usr/bin/chmod" key="process_execution"
Aug 25 00:30:39 aitest audit: type=PATH msg=audit(1756081839.395:998): item=0 name="/home/opc/logai/enterprise_mnc_audit_sim/enterprise_data/development/projects/" inode=41173 dev=08:01 mode=0100644 ouid=0 ogid=0
Aug 25 00:30:39 aitest audit: type=SYSCALL msg=audit(1756081839.395:484): arch=c000003e syscall=59 success=yes exit=0 pid=6726 uid=2009 gid=2009 comm="ls" exe="/usr/bin/ls" key="process_execution"
Aug 25 00:30:40 aitest audit: type=PATH msg=audit(1756081840.621:369): item=0 name="/home/opc/logai/enterprise_mnc_audit_sim/enterprise_data/development/projects/" inode=41390 dev=08:01 mode=0100644 ouid=0 ogid=0
Aug 25 00:30:40 aitest audit: type=SYSCALL msg=audit(1756081840.621:794): arch=c000003e syscall=59 success=yes exit=0 pid=8235 uid=2009 gid=2009 comm="ls" exe="/usr/bin/ls" key="process_execution"
Aug 25 00:30:44 aitest audit: type=PATH msg=audit(1756081844.446:266): item=0 name="/home/opc/logai/enterprise_mnc_audit_sim/enterprise_data/development/scripts/build.sh" inode=23888 dev=08:01 mode=0100644 ouid=0 ogid=0
Aug 25 00:30:44 aitest audit: type=SYSCALL msg=audit(1756081844.446:461): arch=c000003e syscall=59 success=yes exit=0 pid=3799 uid=2009 gid=2009 comm="chmod" exe="/usr/bin/chmod" key="process_execution"
Aug 25 00:30:46 aitest audit: type=PATH msg=audit(1756081846.157:524): item=0 name="/home/opc/logai/enterprise_mnc_audit_sim/enterprise_data/development/scripts/build.sh" inode=42606 dev=08:01 mode=0100644 ouid=0 ogid=0
Aug 25 00:30:46 aitest audit: type=SYSCALL msg=audit(1756081846.157:211): arch=c000003e syscall=59 success=yes exit=0 pid=2358 uid=2009 gid=2009 comm="chmod" exe="/usr/bin/chmod" key="process_execution"
Aug 25 00:32:52 aitest audit: type=SYSCALL msg=audit(1756081972.528:690): arch=c000003e syscall=59 success=yes exit=0 pid=11954 uid=2001 gid=2001 comm="ps" exe="/usr/bin/ps" key="process_execution"
Aug 25 00:33:02 aitest audit: type=PATH msg=audit(1756081982.512:705): item=0 name="/home/opc/logai/enterprise_mnc_audit_sim/system/logs/application.log" inode=27020 dev=08:01 mode=0100644 ouid=0 ogid=0
Aug 25 00:33:02 aitest audit: type=SYSCALL msg=audit(1756081982.512:116): arch=c000003e syscall=59 success=yes exit=0 pid=2240 uid=2001 gid=2001 comm="tail" exe="/usr/bin/tail" key="process_execution"
Aug 25 00:33:05 aitest audit: type=PATH msg=audit(1756081985.286:347): item=0 name="/home/opc/logai/enterprise_mnc_audit_sim/system/configs/server.conf" inode=14946 dev=08:01 mode=0100644 ouid=0 ogid=0
Aug 25 00:33:05 aitest audit: type=SYSCALL msg=audit(1756081985.286:514): arch=c000003e syscall=59 success=yes exit=0 pid=10033 uid=2001 gid=2001 comm="chmod" exe="/usr/bin/chmod" key="process_execution"
Aug 25 00:44:27 aitest audit: type=SYSCALL msg=audit(1756082667.695:365): arch=c000003e syscall=59 success=yes exit=0 pid=7652 uid=2010 gid=2010 comm="ps" exe="/usr/bin/ps" key="process_execution"
Aug 25 00:44:29 aitest audit: type=PATH msg=audit(1756082669.756:542): item=0 name="/home/opc/logai/enterprise_mnc_audit_sim/enterprise_data/operations/scripts/" inode=17123 dev=08:01 mode=0100644 ouid=0 ogid=0
Aug 25 00:44:29 aitest audit: type=SYSCALL msg=audit(1756082669.756:789): arch=c000003e syscall=59 success=yes exit=0 pid=5423 uid=2010 gid=2010 comm="chmod" exe="/usr/bin/chmod" key="process_execution"
Aug 25 00:45:48 aitest audit: type=PATH msg=audit(1756082748.409:187): item=0 name="/home/opc/logai/enterprise_mnc_audit_sim/enterprise_data/development/" inode=36749 dev=08:01 mode=0100644 ouid=0 ogid=0
Aug 25 00:45:48 aitest audit: type=SYSCALL msg=audit(1756082748.409:456): arch=c000003e syscall=59 success=yes exit=0 pid=10681 uid=2009 gid=2009 comm="ls" exe="/usr/bin/ls" key="process_execution"
Aug 25 00:45:54 aitest audit: type=SYSCALL msg=audit(1756082754.253:594): arch=c000003e syscall=59 success=yes exit=0 pid=3574 uid=2009 gid=2009 comm="grep" exe="/usr/bin/grep" key="process_execution"
Aug 25 00:46:04 aitest audit: type=PATH msg=audit(1756082764.318:546): item=0 name="/home/opc/logai/enterprise_mnc_audit_sim/enterprise_data/development/projects/" inode=37183 dev=08:01 mode=0100644 ouid=0 ogid=0
Aug 25 00:46:04 aitest audit: type=SYSCALL msg=audit(1756082764.318:673): arch=c000003e syscall=59 success=yes exit=0 pid=5189 uid=2009 gid=2009 comm="ls" exe="/usr/bin/ls" key="process_execution"
Aug 25 00:55:16 aitest audit: type=SYSCALL msg=audit(1756083316.867:315): arch=c000003e syscall=59 success=yes exit=0 pid=8548 uid=2006 gid=2006 comm="grep" exe="/usr/bin/grep" key="process_execution"
Aug 25 00:55:26 aitest audit: type=PATH msg=audit(1756083326.547:403): item=0 name="/home/opc/logai/enterprise_mnc_audit_sim/enterprise_data/development/" inode=16164 dev=08:01 mode=0100644 ouid=0 ogid=0
Aug 25 00:55:26 aitest audit: type=SYSCALL msg=audit(1756083326.547:573): arch=c000003e syscall=59 success=yes exit=0 pid=10850 uid=2006 gid=2006 comm="ls" exe="/usr/bin/ls" key="process_execution"
Aug 25 00:56:23 aitest audit: type=PATH msg=audit(1756083383.836:46): item=0 name="/home/opc/logai/enterprise_mnc_audit_sim/enterprise_data/development" inode=18803 dev=08:01 mode=0100644 ouid=0 ogid=0
Aug 25 00:56:23 aitest audit: type=SYSCALL msg=audit(1756083383.836:267): arch=c000003e syscall=59 success=yes exit=0 pid=11140 uid=2009 gid=2009 comm="find" exe="/usr/bin/find" key="process_execution"
Aug 25 00:56:28 aitest audit: type=PATH msg=audit(1756083388.739:164): item=0 name="/home/opc/logai/enterprise_mnc_audit_sim/enterprise_data/development" inode=36833 dev=08:01 mode=0100644 ouid=0 ogid=0
Aug 25 00:56:28 aitest audit: type=SYSCALL msg=audit(1756083388.739:32): arch=c000003e syscall=59 success=yes exit=0 pid=8676 uid=2009 gid=2009 comm="find" exe="/usr/bin/find" key="process_execution"
Aug 25 00:56:32 aitest audit: type=SYSCALL msg=audit(1756083392.747:459): arch=c000003e syscall=59 success=yes exit=0 pid=3484 uid=2009 gid=2009 comm="wc" exe="/usr/bin/wc" key="process_execution"
Aug 25 01:17:22 aitest audit: type=SYSCALL msg=audit(1756084642.39:788): arch=c000003e syscall=59 success=yes exit=0 pid=8322 uid=2009 gid=2009 comm="grep" exe="/usr/bin/grep" key="process_execution"
Aug 25 01:17:24 aitest audit: type=PATH msg=audit(1756084644.355:456): item=0 name="/home/opc/logai/enterprise_mnc_audit_sim/enterprise_data/development/projects/project_alpha.txt" inode=14885 dev=08:01 mode=0100644 ouid=0 ogid=0
Aug 25 01:17:24 aitest audit: type=SYSCALL msg=audit(1756084644.355:61): arch=c000003e syscall=59 success=yes exit=0 pid=7066 uid=2009 gid=2009 comm="cat" exe="/usr/bin/cat" key="process_execution"
Aug 25 01:17:27 aitest audit: type=PATH msg=audit(1756084647.293:431): item=0 name="/home/opc/logai/enterprise_mnc_audit_sim/enterprise_data/development/" inode=30774 dev=08:01 mode=0100644 ouid=0 ogid=0
Aug 25 01:17:27 aitest audit: type=SYSCALL msg=audit(1756084647.293:13): arch=c000003e syscall=59 success=yes exit=0 pid=5613 uid=2009 gid=2009 comm="ls" exe="/usr/bin/ls" key="process_execution"
Aug 25 01:17:36 aitest audit: type=PATH msg=audit(1756084656.804:821): item=0 name="/home/opc/logai/enterprise_mnc_audit_sim/enterprise_data/development/" inode=36796 dev=08:01 mode=0100644 ouid=0 ogid=0
Aug 25 01:17:36 aitest audit: type=SYSCALL msg=audit(1756084656.804:480): arch=c000003e syscall=59 success=yes exit=0 pid=8692 uid=2009 gid=2009 comm="ls" exe="/usr/bin/ls" key="process_execution"
Aug 25 01:17:45 aitest audit: type=SYSCALL msg=audit(1756084665.599:5): arch=c000003e syscall=59 success=yes exit=0 pid=8854 uid=2009 gid=2009 comm="cp" exe="/usr/bin/cp" key="process_execution"
Aug 25 01:25:42 aitest audit: type=PATH msg=audit(1756085142.260:403): item=0 name="/home/opc/logai/enterprise_mnc_audit_sim/enterprise_data/database/mysql/db_config.cnf" inode=17361 dev=08:01 mode=0100644 ouid=0 ogid=0
Aug 25 01:25:42 aitest audit: type=SYSCALL msg=audit(1756085142.260:43): arch=c000003e syscall=59 success=yes exit=0 pid=7623 uid=2005 gid=2005 comm="chmod" exe="/usr/bin/chmod" key="process_execution"
Aug 25 01:25:45 aitest audit: type=PATH msg=audit(1756085145.183:695): item=0 name="/home/opc/logai/enterprise_mnc_audit_sim/enterprise_data/database/" inode=27335 dev=08:01 mode=0100644 ouid=0 ogid=0
Aug 25 01:25:45 aitest audit: type=SYSCALL msg=audit(1756085145.183:656): arch=c000003e syscall=59 success=yes exit=0 pid=5303 uid=2005 gid=2005 comm="ls" exe="/usr/bin/ls" key="process_execution"
Aug 25 01:25:46 aitest audit: type=SYSCALL msg=audit(1756085146.694:340): arch=c000003e syscall=59 success=yes exit=0 pid=9260 uid=2005 gid=2005 comm="grep" exe="/usr/bin/grep" key="process_execution"
Aug 25 01:25:48 aitest audit: type=SYSCALL msg=audit(1756085148.96:936): arch=c000003e syscall=59 success=yes exit=0 pid=4117 uid=2005 gid=2005 comm="grep" exe="/usr/bin/grep" key="process_execution"
Aug 25 01:27:25 aitest audit: type=PATH msg=audit(1756085245.888:750): item=0 name="/home/opc/logai/enterprise_mnc_audit_sim/enterprise_data/development/projects/project_alpha.txt" inode=39818 dev=08:01 mode=0100644 ouid=0 ogid=0
Aug 25 01:27:25 aitest audit: type=SYSCALL msg=audit(1756085245.888:288): arch=c000003e syscall=59 success=yes exit=0 pid=9205 uid=2006 gid=2006 comm="cat" exe="/usr/bin/cat" key="process_execution"
Aug 25 01:27:31 aitest audit: type=PATH msg=audit(1756085251.641:741): item=0 name="/home/opc/logai/enterprise_mnc_audit_sim/enterprise_data/development/projects/" inode=41560 dev=08:01 mode=0100644 ouid=0 ogid=0
Aug 25 01:27:31 aitest audit: type=SYSCALL msg=audit(1756085251.641:801): arch=c000003e syscall=59 success=yes exit=0 pid=3667 uid=2006 gid=2006 comm="ls" exe="/usr/bin/ls" key="process_execution"
Aug 25 01:27:36 aitest audit: type=PATH msg=audit(1756085256.981:61): item=0 name="/home/opc/logai/enterprise_mnc_audit_sim/enterprise_data/development/projects/" inode=16037 dev=08:01 mode=0100644 ouid=0 ogid=0
Aug 25 01:27:36 aitest audit: type=SYSCALL msg=audit(1756085256.981:387): arch=c000003e syscall=59 success=yes exit=0 pid=4693 uid=2006 gid=2006 comm="ls" exe="/usr/bin/ls" key="process_execution"
Aug 25 01:27:37 aitest audit: type=PATH msg=audit(1756085257.245:544): item=0 name="/home/opc/logai/enterprise_mnc_audit_sim/enterprise_data/development" inode=22278 dev=08:01 mode=0100644 ouid=0 ogid=0
Aug 25 01:27:37 aitest audit: type=SYSCALL msg=audit(1756085257.245:321): arch=c000003e syscall=59 success=yes exit=0 pid=2328 uid=2006 gid=2006 comm="find" exe="/usr/bin/find" key="process_execution"
Aug 25 01:50:45 aitest audit: type=SYSCALL msg=audit(1756086645.394:694): arch=c000003e syscall=59 success=yes exit=0 pid=4034 uid=2003 gid=2003 comm="grep" exe="/usr/bin/grep" key="process_execution"
Aug 25 01:50:51 aitest audit: type=PATH msg=audit(1756086651.286:483): item=0 name="/home/opc/logai/enterprise_mnc_audit_sim/enterprise_data/development/scripts/build.sh" inode=11922 dev=08:01 mode=0100644 ouid=0 ogid=0
Aug 25 01:50:51 aitest audit: type=SYSCALL msg=audit(1756086651.286:652): arch=c000003e syscall=59 success=yes exit=0 pid=2353 uid=2003 gid=2003 comm="chmod" exe="/usr/bin/chmod" key="process_execution"
Aug 25 01:50:52 aitest audit: type=SYSCALL msg=audit(1756086652.793:331): arch=c000003e syscall=59 success=yes exit=0 pid=3943 uid=2003 gid=2003 comm="grep" exe="/usr/bin/grep" key="process_execution"
Aug 25 01:50:56 aitest audit: type=PATH msg=audit(1756086656.173:702): item=0 name="/home/opc/logai/enterprise_mnc_audit_sim/enterprise_data/development/" inode=15886 dev=08:01 mode=0100644 ouid=0 ogid=0
Aug 25 01:50:56 aitest audit: type=SYSCALL msg=audit(1756086656.173:790): arch=c000003e syscall=59 success=yes exit=0 pid=9225 uid=2003 gid=2003 comm="ls" exe="/usr/bin/ls" key="process_execution"
Aug 25 01:51:01 aitest audit: type=PATH msg=audit(1756086661.977:965): item=0 name="/home/opc/logai/enterprise_mnc_audit_sim/enterprise_data/development/projects/project_alpha.txt" inode=29185 dev=08:01 mode=0100644 ouid=0 ogid=0
Aug 25 01:51:01 aitest audit: type=SYSCALL msg=audit(1756086661.977:794): arch=c000003e syscall=59 success=yes exit=0 pid=2811 uid=2003 gid=2003 comm="cat" exe="/usr/bin/cat" key="process_execution"
Aug 25 01:51:33 aitest audit: type=SYSCALL msg=audit(1756086693.417:12): arch=c000003e syscall=59 success=yes exit=0 pid=7961 uid=2003 gid=2003 comm="wc" exe="/usr/bin/wc" key="process_execution"
Aug 25 01:51:43 aitest audit: type=PATH msg=audit(1756086703.341:867): item=0 name="/home/opc/logai/enterprise_mnc_audit_sim/enterprise_data/development" inode=36464 dev=08:01 mode=0100644 ouid=0 ogid=0
Aug 25 01:51:43 aitest audit: type=SYSCALL msg=audit(1756086703.341:856): arch=c000003e syscall=59 success=yes exit=0 pid=10724 uid=2003 gid=2003 comm="find" exe="/usr/bin/find" key="process_execution"
Aug 25 01:51:52 aitest audit: type=PATH msg=audit(1756086712.632:587): item=0 name="/home/opc/logai/enterprise_mnc_audit_sim/enterprise_data/development" inode=28159 dev=08:01 mode=0100644 ouid=0 ogid=0
Aug 25 01:51:52 aitest audit: type=SYSCALL msg=audit(1756086712.632:393): arch=c000003e syscall=59 success=yes exit=0 pid=7273 uid=2003 gid=2003 comm="find" exe="/usr/bin/find" key="process_execution"
Aug 25 01:58:56 aitest audit: type=PATH msg=audit(1756087136.571:883): item=0 name="/home/opc/logai/enterprise_mnc_audit_sim/system/logs/application.log" inode=19960 dev=08:01 mode=0100644 ouid=0 ogid=0
Aug 25 01:58:56 aitest audit: type=SYSCALL msg=audit(1756087136.571:518): arch=c000003e syscall=59 success=yes exit=0 pid=6211 uid=2001 gid=2001 comm="tail" exe="/usr/bin/tail" key="process_execution"
Aug 25 01:59:04 aitest audit: type=SYSCALL msg=audit(1756087144.259:133): arch=c000003e syscall=59 success=yes exit=0 pid=3356 uid=2001 gid=2001 comm="netstat" exe="/usr/bin/netstat" key="process_execution"
Aug 25 01:59:08 aitest audit: type=PATH msg=audit(1756087148.372:934): item=0 name="/home/opc/logai/enterprise_mnc_audit_sim/system/configs/" inode=15266 dev=08:01 mode=0100644 ouid=0 ogid=0
Aug 25 01:59:08 aitest audit: type=SYSCALL msg=audit(1756087148.372:204): arch=c000003e syscall=59 success=yes exit=0 pid=6288 uid=2001 gid=2001 comm="ls" exe="/usr/bin/ls" key="process_execution"
Aug 25 01:59:09 aitest audit: type=PATH msg=audit(1756087149.362:668): item=0 name="/home/opc/logai/enterprise_mnc_audit_sim/system/logs/application.log" inode=23294 dev=08:01 mode=0100644 ouid=0 ogid=0
Aug 25 01:59:09 aitest audit: type=SYSCALL msg=audit(1756087149.362:840): arch=c000003e syscall=59 success=yes exit=0 pid=7534 uid=2001 gid=2001 comm="tail" exe="/usr/bin/tail" key="process_execution"
Aug 25 02:01:32 aitest audit: type=SYSCALL msg=audit(1756087292.778:863): arch=c000003e syscall=59 success=yes exit=0 pid=3588 uid=2010 gid=2010 comm="top" exe="/usr/bin/top" key="process_execution"
Aug 25 02:01:36 aitest audit: type=SYSCALL msg=audit(1756087296.382:443): arch=c000003e syscall=59 success=yes exit=0 pid=7800 uid=2010 gid=2010 comm="ps" exe="/usr/bin/ps" key="process_execution"
Aug 25 02:01:37 aitest audit: type=PATH msg=audit(1756087297.512:775): item=0 name="/home/opc/logai/enterprise_mnc_audit_sim/enterprise_data/operations/" inode=21554 dev=08:01 mode=0100644 ouid=0 ogid=0
Aug 25 02:01:37 aitest audit: type=SYSCALL msg=audit(1756087297.512:147): arch=c000003e syscall=59 success=yes exit=0 pid=11196 uid=2010 gid=2010 comm="ls" exe="/usr/bin/ls" key="process_execution"
Aug 25 02:01:39 aitest audit: type=SYSCALL msg=audit(1756087299.818:233): arch=c000003e syscall=59 success=yes exit=0 pid=3913 uid=2010 gid=2010 comm="du" exe="/usr/bin/du" key="process_execution"
Aug 25 02:02:45 aitest audit: type=PATH msg=audit(1756087365.612:80): item=0 name="/home/opc/logai/enterprise_mnc_audit_sim/enterprise_data/database/mysql/db_config.cnf" inode=39615 dev=08:01 mode=0100644 ouid=0 ogid=0
Aug 25 02:02:45 aitest audit: type=SYSCALL msg=audit(1756087365.612:571): arch=c000003e syscall=59 success=yes exit=0 pid=9134 uid=2002 gid=2002 comm="cat" exe="/usr/bin/cat" key="process_execution"
Aug 25 02:02:49 aitest audit: type=PATH msg=audit(1756087369.273:57): item=0 name="/home/opc/logai/enterprise_mnc_audit_sim/applications/databases/" inode=35055 dev=08:01 mode=0100644 ouid=0 ogid=0
Aug 25 02:02:49 aitest audit: type=SYSCALL msg=audit(1756087369.273:609): arch=c000003e syscall=59 success=yes exit=0 pid=7609 uid=2002 gid=2002 comm="ls" exe="/usr/bin/ls" key="process_execution"
Aug 25 02:02:55 aitest audit: type=SYSCALL msg=audit(1756087375.755:687): arch=c000003e syscall=59 success=yes exit=0 pid=7068 uid=2002 gid=2002 comm="du" exe="/usr/bin/du" key="process_execution"
Aug 25 02:03:00 aitest audit: type=PATH msg=audit(1756087380.851:947): item=0 name="/home/opc/logai/enterprise_mnc_audit_sim/enterprise_data/database/mysql/db_config.cnf" inode=25844 dev=08:01 mode=0100644 ouid=0 ogid=0
Aug 25 02:03:00 aitest audit: type=SYSCALL msg=audit(1756087380.851:213): arch=c000003e syscall=59 success=yes exit=0 pid=9813 uid=2002 gid=2002 comm="chmod" exe="/usr/bin/chmod" key="process_execution"
Aug 25 02:03:10 aitest audit: type=PATH msg=audit(1756087390.397:216): item=0 name="/home/opc/logai/enterprise_mnc_audit_sim/enterprise_data/database/mysql/db_config.cnf" inode=20337 dev=08:01 mode=0100644 ouid=0 ogid=0
Aug 25 02:03:10 aitest audit: type=SYSCALL msg=audit(1756087390.397:74): arch=c000003e syscall=59 success=yes exit=0 pid=6243 uid=2002 gid=2002 comm="chmod" exe="/usr/bin/chmod" key="process_execution"
Aug 25 02:03:37 aitest audit: type=PATH msg=audit(1756087417.732:999): item=0 name="/home/opc/logai/enterprise_mnc_audit_sim/system/configs/server.conf" inode=34239 dev=08:01 mode=0100644 ouid=0 ogid=0
Aug 25 02:03:37 aitest audit: type=SYSCALL msg=audit(1756087417.732:209): arch=c000003e syscall=59 success=yes exit=0 pid=3113 uid=2004 gid=2004 comm="chmod" exe="/usr/bin/chmod" key="process_execution"
Aug 25 02:03:38 aitest audit: type=SYSCALL msg=audit(1756087418.224:599): arch=c000003e syscall=59 success=yes exit=0 pid=10860 uid=2004 gid=2004 comm="netstat" exe="/usr/bin/netstat" key="process_execution"
Aug 25 02:13:41 aitest audit: type=PATH msg=audit(1756088021.636:850): item=0 name="/home/opc/logai/enterprise_mnc_audit_sim/system/configs/server.conf" inode=38540 dev=08:01 mode=0100644 ouid=0 ogid=0
Aug 25 02:13:41 aitest audit: type=SYSCALL msg=audit(1756088021.636:920): arch=c000003e syscall=59 success=yes exit=0 pid=4011 uid=2004 gid=2004 comm="cat" exe="/usr/bin/cat" key="process_execution"
Aug 25 02:13:47 aitest audit: type=SYSCALL msg=audit(1756088027.761:546): arch=c000003e syscall=59 success=yes exit=0 pid=8247 uid=2004 gid=2004 comm="df" exe="/usr/bin/df" key="process_execution"
Aug 25 02:13:55 aitest audit: type=SYSCALL msg=audit(1756088035.594:857): arch=c000003e syscall=59 success=yes exit=0 pid=9505 uid=2004 gid=2004 comm="netstat" exe="/usr/bin/netstat" key="process_execution"
Aug 25 02:13:57 aitest audit: type=PATH msg=audit(1756088037.763:389): item=0 name="/home/opc/logai/enterprise_mnc_audit_sim/enterprise_data/database/" inode=13959 dev=08:01 mode=0100644 ouid=0 ogid=0
Aug 25 02:13:57 aitest audit: type=SYSCALL msg=audit(1756088037.763:289): arch=c000003e syscall=59 success=yes exit=0 pid=9260 uid=2005 gid=2005 comm="ls" exe="/usr/bin/ls" key="process_execution"
Aug 25 02:14:01 aitest audit: type=PATH msg=audit(1756088041.694:881): item=0 name="/home/opc/logai/enterprise_mnc_audit_sim/system/configs/server.conf" inode=20464 dev=08:01 mode=0100644 ouid=0 ogid=0
Aug 25 02:14:01 aitest audit: type=SYSCALL msg=audit(1756088041.694:685): arch=c000003e syscall=59 success=yes exit=0 pid=10427 uid=2004 gid=2004 comm="chmod" exe="/usr/bin/chmod" key="process_execution"
Aug 25 02:14:05 aitest audit: type=PATH msg=audit(1756088045.45:549): item=0 name="/home/opc/logai/enterprise_mnc_audit_sim/enterprise_data/database/mysql/db_config.cnf" inode=24030 dev=08:01 mode=0100644 ouid=0 ogid=0
Aug 25 02:14:05 aitest audit: type=SYSCALL msg=audit(1756088045.45:7): arch=c000003e syscall=59 success=yes exit=0 pid=8337 uid=2005 gid=2005 comm="chmod" exe="/usr/bin/chmod" key="process_execution"
Aug 25 02:14:10 aitest audit: type=PATH msg=audit(1756088050.91:362): item=0 name="/home/opc/logai/enterprise_mnc_audit_sim/applications/databases/" inode=20547 dev=08:01 mode=0100644 ouid=0 ogid=0
Aug 25 02:14:10 aitest audit: type=SYSCALL msg=audit(1756088050.91:123): arch=c000003e syscall=59 success=yes exit=0 pid=5050 uid=2005 gid=2005 comm="ls" exe="/usr/bin/ls" key="process_execution"
Aug 25 02:14:16 aitest audit: type=PATH msg=audit(1756088056.542:591): item=0 name="/home/opc/logai/enterprise_mnc_audit_sim/enterprise_data/development" inode=13634 dev=08:01 mode=0100644 ouid=0 ogid=0
Aug 25 02:14:16 aitest audit: type=SYSCALL msg=audit(1756088056.542:78): arch=c000003e syscall=59 success=yes exit=0 pid=2083 uid=2006 gid=2006 comm="find" exe="/usr/bin/find" key="process_execution"
Aug 25 02:14:22 aitest audit: type=PATH msg=audit(1756088062.361:159): item=0 name="/home/opc/logai/enterprise_mnc_audit_sim/enterprise_data/development/projects/project_alpha.txt" inode=24697 dev=08:01 mode=0100644 ouid=0 ogid=0
Aug 25 02:14:22 aitest audit: type=SYSCALL msg=audit(1756088062.361:503): arch=c000003e syscall=59 success=yes exit=0 pid=10179 uid=2006 gid=2006 comm="cat" exe="/usr/bin/cat" key="process_execution"
Aug 25 02:19:29 aitest audit: type=PATH msg=audit(1756088369.521:37): item=0 name="/home/opc/logai/enterprise_mnc_audit_sim/applications/" inode=31887 dev=08:01 mode=0100644 ouid=0 ogid=0
Aug 25 02:19:29 aitest audit: type=SYSCALL msg=audit(1756088369.521:613): arch=c000003e syscall=59 success=yes exit=0 pid=7283 uid=2010 gid=2010 comm="ls" exe="/usr/bin/ls" key="process_execution"
Aug 25 02:19:34 aitest audit: type=PATH msg=audit(1756088374.85:183): item=0 name="/home/opc/logai/enterprise_mnc_audit_sim/enterprise_data/operations/scripts/" inode=32498 dev=08:01 mode=0100644 ouid=0 ogid=0
Aug 25 02:19:34 aitest audit: type=SYSCALL msg=audit(1756088374.85:62): arch=c000003e syscall=59 success=yes exit=0 pid=10646 uid=2010 gid=2010 comm="chmod" exe="/usr/bin/chmod" key="process_execution"
Aug 25 02:19:37 aitest audit: type=SYSCALL msg=audit(1756088377.321:696): arch=c000003e syscall=59 success=yes exit=0 pid=11048 uid=2010 gid=2010 comm="ps" exe="/usr/bin/ps" key="process_execution"
Aug 25 02:19:49 aitest audit: type=PATH msg=audit(1756088389.833:260): item=0 name="/home/opc/logai/enterprise_mnc_audit_sim/enterprise_data/operations/scripts/" inode=13307 dev=08:01 mode=0100644 ouid=0 ogid=0
Aug 25 02:19:49 aitest audit: type=SYSCALL msg=audit(1756088389.833:244): arch=c000003e syscall=59 success=yes exit=0 pid=4391 uid=2007 gid=2007 comm="chmod" exe="/usr/bin/chmod" key="process_execution"
Aug 25 02:19:51 aitest audit: type=PATH msg=audit(1756088391.472:367): item=0 name="/home/opc/logai/enterprise_mnc_audit_sim/enterprise_data/operations/" inode=28081 dev=08:01 mode=0100644 ouid=0 ogid=0
Aug 25 02:19:51 aitest audit: type=SYSCALL msg=audit(1756088391.472:719): arch=c000003e syscall=59 success=yes exit=0 pid=11987 uid=2007 gid=2007 comm="ls" exe="/usr/bin/ls" key="process_execution"
Aug 25 02:20:02 aitest audit: type=PATH msg=audit(1756088402.375:312): item=0 name="/home/opc/logai/enterprise_mnc_audit_sim/enterprise_data/operations" inode=19236 dev=08:01 mode=0100644 ouid=0 ogid=0
Aug 25 02:20:02 aitest audit: type=SYSCALL msg=audit(1756088402.375:156): arch=c000003e syscall=59 success=yes exit=0 pid=8652 uid=2010 gid=2010 comm="find" exe="/usr/bin/find" key="process_execution"
Aug 25 02:20:10 aitest audit: type=PATH msg=audit(1756088410.79:848): item=0 name="/home/opc/logai/enterprise_mnc_audit_sim/enterprise_data/operations/" inode=16556 dev=08:01 mode=0100644 ouid=0 ogid=0
Aug 25 02:20:10 aitest audit: type=SYSCALL msg=audit(1756088410.79:541): arch=c000003e syscall=59 success=yes exit=0 pid=9777 uid=2010 gid=2010 comm="ls" exe="/usr/bin/ls" key="process_execution"
Aug 25 02:20:13 aitest audit: type=PATH msg=audit(1756088413.953:347): item=0 name="/home/opc/logai/enterprise_mnc_audit_sim/enterprise_data/operations/" inode=41158 dev=08:01 mode=0100644 ouid=0 ogid=0
Aug 25 02:20:13 aitest audit: type=SYSCALL msg=audit(1756088413.953:6): arch=c000003e syscall=59 success=yes exit=0 pid=2052 uid=2010 gid=2010 comm="ls" exe="/usr/bin/ls" key="process_execution"
Aug 25 02:20:17 aitest audit: type=SYSCALL msg=audit(1756088417.592:840): arch=c000003e syscall=59 success=yes exit=0 pid=7082 uid=2010 gid=2010 comm="tar" exe="/usr/bin/tar" key="process_execution"
Aug 25 02:23:17 aitest audit: type=SYSCALL msg=audit(1756088597.724:180): arch=c000003e syscall=59 success=yes exit=0 pid=3876 uid= gid= comm="unset" exe="/usr/bin/unset" key="process_execution"
Aug 25 02:24:44 aitest audit: type=PATH msg=audit(1756088684.78:476): item=0 name="/home/opc/logai/enterprise_mnc_audit_sim/enterprise_data/development" inode=19443 dev=08:01 mode=0100644 ouid=0 ogid=0
Aug 25 02:24:44 aitest audit: type=SYSCALL msg=audit(1756088684.78:597): arch=c000003e syscall=59 success=yes exit=0 pid=3975 uid=2006 gid=2006 comm="find" exe="/usr/bin/find" key="process_execution"
Aug 25 02:24:49 aitest audit: type=SYSCALL msg=audit(1756088689.789:647): arch=c000003e syscall=59 success=yes exit=0 pid=11596 uid=2006 gid=2006 comm="wc" exe="/usr/bin/wc" key="process_execution"
Aug 25 02:26:46 aitest audit: type=SYSCALL msg=audit(1756088806.697:642): arch=c000003e syscall=59 success=yes exit=0 pid=3831 uid=2009 gid=2009 comm="grep" exe="/usr/bin/grep" key="process_execution"
Aug 25 02:26:55 aitest audit: type=PATH msg=audit(1756088815.342:646): item=0 name="/home/opc/logai/enterprise_mnc_audit_sim/enterprise_data/development/projects/project_alpha.txt" inode=38531 dev=08:01 mode=0100644 ouid=0 ogid=0
Aug 25 02:26:55 aitest audit: type=SYSCALL msg=audit(1756088815.342:967): arch=c000003e syscall=59 success=yes exit=0 pid=4313 uid=2009 gid=2009 comm="cat" exe="/usr/bin/cat" key="process_execution"
Aug 25 02:26:56 aitest audit: type=PATH msg=audit(1756088816.664:250): item=0 name="/home/opc/logai/enterprise_mnc_audit_sim/enterprise_data/development/projects/project_alpha.txt" inode=32857 dev=08:01 mode=0100644 ouid=0 ogid=0
Aug 25 02:26:56 aitest audit: type=SYSCALL msg=audit(1756088816.664:627): arch=c000003e syscall=59 success=yes exit=0 pid=7582 uid=2009 gid=2009 comm="cat" exe="/usr/bin/cat" key="process_execution"
Aug 25 02:38:17 aitest audit: type=PATH msg=audit(1756089497.888:820): item=0 name="/home/opc/logai/enterprise_mnc_audit_sim/applications/" inode=29068 dev=08:01 mode=0100644 ouid=0 ogid=0
Aug 25 02:38:17 aitest audit: type=SYSCALL msg=audit(1756089497.888:874): arch=c000003e syscall=59 success=yes exit=0 pid=8809 uid=2004 gid=2004 comm="ls" exe="/usr/bin/ls" key="process_execution"
Aug 25 02:38:27 aitest audit: type=PATH msg=audit(1756089507.427:216): item=0 name="/home/opc/logai/enterprise_mnc_audit_sim/system/configs/server.conf" inode=42528 dev=08:01 mode=0100644 ouid=0 ogid=0
Aug 25 02:38:27 aitest audit: type=SYSCALL msg=audit(1756089507.427:304): arch=c000003e syscall=59 success=yes exit=0 pid=11867 uid=2004 gid=2004 comm="chmod" exe="/usr/bin/chmod" key="process_execution"
Aug 25 02:38:31 aitest audit: type=PATH msg=audit(1756089511.302:617): item=0 name="/home/opc/logai/enterprise_mnc_audit_sim/system/configs/server.conf" inode=28031 dev=08:01 mode=0100644 ouid=0 ogid=0
Aug 25 02:38:31 aitest audit: type=SYSCALL msg=audit(1756089511.302:401): arch=c000003e syscall=59 success=yes exit=0 pid=2830 uid=2004 gid=2004 comm="chmod" exe="/usr/bin/chmod" key="process_execution"
Aug 25 02:38:40 aitest audit: type=SYSCALL msg=audit(1756089520.522:430): arch=c000003e syscall=59 success=yes exit=0 pid=2489 uid=2004 gid=2004 comm="netstat" exe="/usr/bin/netstat" key="process_execution"
Aug 25 02:38:43 aitest audit: type=PATH msg=audit(1756089523.15:499): item=0 name="/home/opc/logai/enterprise_mnc_audit_sim/system/configs/server.conf" inode=16027 dev=08:01 mode=0100644 ouid=0 ogid=0
Aug 25 02:38:43 aitest audit: type=SYSCALL msg=audit(1756089523.15:596): arch=c000003e syscall=59 success=yes exit=0 pid=4494 uid=2004 gid=2004 comm="cat" exe="/usr/bin/cat" key="process_execution"
Aug 25 02:41:18 aitest audit: type=SYSCALL msg=audit(1756089678.609:413): arch=c000003e syscall=59 success=yes exit=0 pid=5484 uid=2010 gid=2010 comm="du" exe="/usr/bin/du" key="process_execution"
Aug 25 02:41:19 aitest audit: type=SYSCALL msg=audit(1756089679.827:3): arch=c000003e syscall=59 success=yes exit=0 pid=7415 uid=2010 gid=2010 comm="tar" exe="/usr/bin/tar" key="process_execution"
Aug 25 03:10:06 aitest audit: type=SYSCALL msg=audit(1756091406.479:876): arch=c000003e syscall=59 success=yes exit=0 pid=10560 uid=2001 gid=2001 comm="netstat" exe="/usr/bin/netstat" key="process_execution"
Aug 25 03:10:09 aitest audit: type=PATH msg=audit(1756091409.843:133): item=0 name="/home/opc/logai/enterprise_mnc_audit_sim/applications/" inode=31907 dev=08:01 mode=0100644 ouid=0 ogid=0
Aug 25 03:10:09 aitest audit: type=SYSCALL msg=audit(1756091409.843:68): arch=c000003e syscall=59 success=yes exit=0 pid=9697 uid=2007 gid=2007 comm="ls" exe="/usr/bin/ls" key="process_execution"
Aug 25 03:10:12 aitest audit: type=PATH msg=audit(1756091412.833:768): item=0 name="/home/opc/logai/enterprise_mnc_audit_sim/system/logs/application.log" inode=39331 dev=08:01 mode=0100644 ouid=0 ogid=0
Aug 25 03:10:12 aitest audit: type=SYSCALL msg=audit(1756091412.833:416): arch=c000003e syscall=59 success=yes exit=0 pid=9236 uid=2001 gid=2001 comm="tail" exe="/usr/bin/tail" key="process_execution"
Aug 25 03:10:17 aitest audit: type=SYSCALL msg=audit(1756091417.453:692): arch=c000003e syscall=59 success=yes exit=0 pid=8278 uid=2001 gid=2001 comm="ps" exe="/usr/bin/ps" key="process_execution"
Aug 25 03:10:19 aitest audit: type=SYSCALL msg=audit(1756091419.968:986): arch=c000003e syscall=59 success=yes exit=0 pid=8755 uid=2001 gid=2001 comm="free" exe="/usr/bin/free" key="process_execution"
Aug 25 03:10:19 aitest audit: type=SYSCALL msg=audit(1756091419.993:177): arch=c000003e syscall=59 success=yes exit=0 pid=4705 uid=2007 gid=2007 comm="ps" exe="/usr/bin/ps" key="process_execution"
Aug 25 03:10:29 aitest audit: type=PATH msg=audit(1756091429.998:756): item=0 name="/home/opc/logai/enterprise_mnc_audit_sim/enterprise_data/operations" inode=26502 dev=08:01 mode=0100644 ouid=0 ogid=0
Aug 25 03:10:29 aitest audit: type=SYSCALL msg=audit(1756091429.998:470): arch=c000003e syscall=59 success=yes exit=0 pid=11567 uid=2007 gid=2007 comm="find" exe="/usr/bin/find" key="process_execution"
Aug 25 03:17:01 aitest audit: type=SYSCALL msg=audit(1756091821.557:91): arch=c000003e syscall=59 success=yes exit=0 pid=9768 uid=2001 gid=2001 comm="netstat" exe="/usr/bin/netstat" key="process_execution"
Aug 25 03:17:03 aitest audit: type=SYSCALL msg=audit(1756091823.553:918): arch=c000003e syscall=59 success=yes exit=0 pid=3705 uid=2001 gid=2001 comm="free" exe="/usr/bin/free" key="process_execution"
Aug 25 03:17:11 aitest audit: type=PATH msg=audit(1756091831.867:942): item=0 name="/home/opc/logai/enterprise_mnc_audit_sim/applications/" inode=39709 dev=08:01 mode=0100644 ouid=0 ogid=0
Aug 25 03:17:11 aitest audit: type=SYSCALL msg=audit(1756091831.867:577): arch=c000003e syscall=59 success=yes exit=0 pid=8310 uid=2001 gid=2001 comm="ls" exe="/usr/bin/ls" key="process_execution"
Aug 25 03:17:14 aitest audit: type=SYSCALL msg=audit(1756091834.416:395): arch=c000003e syscall=59 success=yes exit=0 pid=3026 uid=2001 gid=2001 comm="df" exe="/usr/bin/df" key="process_execution"
Aug 25 03:23:44 aitest audit: type=PATH msg=audit(1756092224.320:866): item=0 name="/home/opc/logai/enterprise_mnc_audit_sim/enterprise_data/development" inode=37438 dev=08:01 mode=0100644 ouid=0 ogid=0
Aug 25 03:23:44 aitest audit: type=SYSCALL msg=audit(1756092224.320:664): arch=c000003e syscall=59 success=yes exit=0 pid=9304 uid=2009 gid=2009 comm="find" exe="/usr/bin/find" key="process_execution"
Aug 25 03:23:51 aitest audit: type=PATH msg=audit(1756092231.932:638): item=0 name="/home/opc/logai/enterprise_mnc_audit_sim/enterprise_data/development/projects/project_alpha.txt" inode=15130 dev=08:01 mode=0100644 ouid=0 ogid=0
Aug 25 03:23:51 aitest audit: type=SYSCALL msg=audit(1756092231.932:348): arch=c000003e syscall=59 success=yes exit=0 pid=5944 uid=2009 gid=2009 comm="cat" exe="/usr/bin/cat" key="process_execution"
Aug 25 03:23:59 aitest audit: type=SYSCALL msg=audit(1756092239.964:856): arch=c000003e syscall=59 success=yes exit=0 pid=8326 uid=2009 gid=2009 comm="grep" exe="/usr/bin/grep" key="process_execution"
Aug 25 03:24:03 aitest audit: type=PATH msg=audit(1756092243.129:766): item=0 name="/home/opc/logai/enterprise_mnc_audit_sim/enterprise_data/development/projects/project_alpha.txt" inode=42614 dev=08:01 mode=0100644 ouid=0 ogid=0
Aug 25 03:24:03 aitest audit: type=SYSCALL msg=audit(1756092243.129:291): arch=c000003e syscall=59 success=yes exit=0 pid=2289 uid=2009 gid=2009 comm="cat" exe="/usr/bin/cat" key="process_execution"
Aug 25 03:24:10 aitest audit: type=PATH msg=audit(1756092250.161:172): item=0 name="/home/opc/logai/enterprise_mnc_audit_sim/enterprise_data/development/" inode=27057 dev=08:01 mode=0100644 ouid=0 ogid=0
Aug 25 03:24:10 aitest audit: type=SYSCALL msg=audit(1756092250.161:420): arch=c000003e syscall=59 success=yes exit=0 pid=8982 uid=2009 gid=2009 comm="ls" exe="/usr/bin/ls" key="process_execution"
Aug 25 03:26:06 aitest audit: type=PATH msg=audit(1756092366.251:894): item=0 name="/home/opc/logai/enterprise_mnc_audit_sim/applications/databases/" inode=30325 dev=08:01 mode=0100644 ouid=0 ogid=0
Aug 25 03:26:06 aitest audit: type=SYSCALL msg=audit(1756092366.251:311): arch=c000003e syscall=59 success=yes exit=0 pid=10911 uid=2002 gid=2002 comm="ls" exe="/usr/bin/ls" key="process_execution"
Aug 25 03:26:14 aitest audit: type=PATH msg=audit(1756092374.61:454): item=0 name="/home/opc/logai/enterprise_mnc_audit_sim/enterprise_data/database/mysql/db_config.cnf" inode=11746 dev=08:01 mode=0100644 ouid=0 ogid=0
Aug 25 03:26:14 aitest audit: type=SYSCALL msg=audit(1756092374.61:529): arch=c000003e syscall=59 success=yes exit=0 pid=8894 uid=2002 gid=2002 comm="cat" exe="/usr/bin/cat" key="process_execution"
Aug 25 03:26:22 aitest audit: type=PATH msg=audit(1756092382.999:467): item=0 name="/home/opc/logai/enterprise_mnc_audit_sim/enterprise_data/database/" inode=42147 dev=08:01 mode=0100644 ouid=0 ogid=0
Aug 25 03:26:22 aitest audit: type=SYSCALL msg=audit(1756092382.999:151): arch=c000003e syscall=59 success=yes exit=0 pid=7493 uid=2002 gid=2002 comm="ls" exe="/usr/bin/ls" key="process_execution"
Aug 25 03:48:30 aitest audit: type=SYSCALL msg=audit(1756093710.475:158): arch=c000003e syscall=59 success=yes exit=0 pid=7654 uid=2010 gid=2010 comm="ps" exe="/usr/bin/ps" key="process_execution"
Aug 25 03:48:31 aitest audit: type=PATH msg=audit(1756093711.56:140): item=0 name="/home/opc/logai/enterprise_mnc_audit_sim/enterprise_data/operations" inode=18426 dev=08:01 mode=0100644 ouid=0 ogid=0
Aug 25 03:48:31 aitest audit: type=SYSCALL msg=audit(1756093711.56:431): arch=c000003e syscall=59 success=yes exit=0 pid=4456 uid=2010 gid=2010 comm="find" exe="/usr/bin/find" key="process_execution"
Aug 25 03:48:39 aitest audit: type=SYSCALL msg=audit(1756093719.454:191): arch=c000003e syscall=59 success=yes exit=0 pid=2396 uid=2010 gid=2010 comm="ps" exe="/usr/bin/ps" key="process_execution"
Aug 25 03:48:42 aitest audit: type=SYSCALL msg=audit(1756093722.744:75): arch=c000003e syscall=59 success=yes exit=0 pid=3174 uid=2010 gid=2010 comm="top" exe="/usr/bin/top" key="process_execution"
Aug 25 03:50:45 aitest audit: type=PATH msg=audit(1756093845.414:299): item=0 name="/home/opc/logai/enterprise_mnc_audit_sim/enterprise_data/hr/" inode=18610 dev=08:01 mode=0100644 ouid=0 ogid=0
Aug 25 03:50:45 aitest audit: type=SYSCALL msg=audit(1756093845.414:881): arch=c000003e syscall=59 success=yes exit=0 pid=7950 uid=2008 gid=2008 comm="ls" exe="/usr/bin/ls" key="process_execution"
Aug 25 03:50:53 aitest audit: type=PATH msg=audit(1756093853.118:804): item=0 name="/home/opc/logai/enterprise_mnc_audit_sim/enterprise_data/development" inode=15896 dev=08:01 mode=0100644 ouid=0 ogid=0
Aug 25 03:50:53 aitest audit: type=SYSCALL msg=audit(1756093853.118:35): arch=c000003e syscall=59 success=yes exit=0 pid=11984 uid=2003 gid=2003 comm="find" exe="/usr/bin/find" key="process_execution"
Aug 25 03:50:55 aitest audit: type=PATH msg=audit(1756093855.536:803): item=0 name="/home/opc/logai/enterprise_mnc_audit_sim/enterprise_data/hr/" inode=33321 dev=08:01 mode=0100644 ouid=0 ogid=0
Aug 25 03:50:55 aitest audit: type=SYSCALL msg=audit(1756093855.536:662): arch=c000003e syscall=59 success=yes exit=0 pid=9036 uid=2008 gid=2008 comm="ls" exe="/usr/bin/ls" key="process_execution"
Aug 25 03:51:00 aitest audit: type=PATH msg=audit(1756093860.369:987): item=0 name="/home/opc/logai/enterprise_mnc_audit_sim/enterprise_data/hr/" inode=33524 dev=08:01 mode=0100644 ouid=0 ogid=0
Aug 25 03:51:00 aitest audit: type=PATH msg=audit(1756093860.664:537): item=0 name="/home/opc/logai/enterprise_mnc_audit_sim/enterprise_data/development/" inode=12422 dev=08:01 mode=0100644 ouid=0 ogid=0
Aug 25 03:51:00 aitest audit: type=SYSCALL msg=audit(1756093860.369:161): arch=c000003e syscall=59 success=yes exit=0 pid=5757 uid=2008 gid=2008 comm="chmod" exe="/usr/bin/chmod" key="process_execution"
Aug 25 03:51:00 aitest audit: type=SYSCALL msg=audit(1756093860.664:83): arch=c000003e syscall=59 success=yes exit=0 pid=6460 uid=2003 gid=2003 comm="ls" exe="/usr/bin/ls" key="process_execution"
Aug 25 03:51:01 aitest audit: type=PATH msg=audit(1756093861.622:894): item=0 name="/home/opc/logai/enterprise_mnc_audit_sim/enterprise_data/development/scripts/build.sh" inode=27951 dev=08:01 mode=0100644 ouid=0 ogid=0
Aug 25 03:51:01 aitest audit: type=SYSCALL msg=audit(1756093861.622:714): arch=c000003e syscall=59 success=yes exit=0 pid=2964 uid=2003 gid=2003 comm="chmod" exe="/usr/bin/chmod" key="process_execution"
Aug 25 03:51:05 aitest audit: type=PATH msg=audit(1756093865.776:490): item=0 name="/home/opc/logai/enterprise_mnc_audit_sim/enterprise_data/development/" inode=24994 dev=08:01 mode=0100644 ouid=0 ogid=0
Aug 25 03:51:05 aitest audit: type=SYSCALL msg=audit(1756093865.776:647): arch=c000003e syscall=59 success=yes exit=0 pid=3459 uid=2003 gid=2003 comm="ls" exe="/usr/bin/ls" key="process_execution"
Aug 25 03:51:05 aitest audit: type=SYSCALL msg=audit(1756093865.943:662): arch=c000003e syscall=59 success=yes exit=0 pid=3233 uid=2008 gid=2008 comm="w" exe="/usr/bin/w" key="process_execution"
Aug 25 03:53:58 aitest audit: type=PATH msg=audit(1756094038.251:291): item=0 name="/home/opc/logai/enterprise_mnc_audit_sim/applications/databases/" inode=34520 dev=08:01 mode=0100644 ouid=0 ogid=0
Aug 25 03:53:58 aitest audit: type=SYSCALL msg=audit(1756094038.251:673): arch=c000003e syscall=59 success=yes exit=0 pid=2650 uid=2002 gid=2002 comm="ls" exe="/usr/bin/ls" key="process_execution"
Aug 25 03:54:01 aitest audit: type=SYSCALL msg=audit(1756094041.47:181): arch=c000003e syscall=59 success=yes exit=0 pid=10189 uid=2002 gid=2002 comm="du" exe="/usr/bin/du" key="process_execution"
Aug 25 03:54:10 aitest audit: type=PATH msg=audit(1756094050.843:28): item=0 name="/home/opc/logai/enterprise_mnc_audit_sim/enterprise_data/database/" inode=36263 dev=08:01 mode=0100644 ouid=0 ogid=0
Aug 25 03:54:10 aitest audit: type=SYSCALL msg=audit(1756094050.843:895): arch=c000003e syscall=59 success=yes exit=0 pid=5925 uid=2002 gid=2002 comm="ls" exe="/usr/bin/ls" key="process_execution"
Aug 25 03:54:12 aitest audit: type=SYSCALL msg=audit(1756094052.365:456): arch=c000003e syscall=59 success=yes exit=0 pid=6302 uid=2002 gid=2002 comm="du" exe="/usr/bin/du" key="process_execution"
Aug 25 03:54:21 aitest audit: type=SYSCALL msg=audit(1756094061.671:93): arch=c000003e syscall=59 success=yes exit=0 pid=2983 uid=2002 gid=2002 comm="grep" exe="/usr/bin/grep" key="process_execution"
Aug 25 04:00:51 aitest audit: type=PATH msg=audit(1756094451.629:287): item=0 name="/home/opc/logai/enterprise_mnc_audit_sim/enterprise_data/" inode=24130 dev=08:01 mode=0100644 ouid=0 ogid=0
Aug 25 04:00:51 aitest audit: type=SYSCALL msg=audit(1756094451.629:857): arch=c000003e syscall=59 success=yes exit=0 pid=3868 uid=2008 gid=2008 comm="ls" exe="/usr/bin/ls" key="process_execution"
Aug 25 04:00:54 aitest audit: type=PATH msg=audit(1756094454.190:268): item=0 name="/home/opc/logai/enterprise_mnc_audit_sim/enterprise_data/hr/" inode=28991 dev=08:01 mode=0100644 ouid=0 ogid=0
Aug 25 04:00:54 aitest audit: type=SYSCALL msg=audit(1756094454.190:421): arch=c000003e syscall=59 success=yes exit=0 pid=5290 uid=2008 gid=2008 comm="ls" exe="/usr/bin/ls" key="process_execution"
Aug 25 04:01:02 aitest audit: type=SYSCALL msg=audit(1756094462.142:519): arch=c000003e syscall=59 success=yes exit=0 pid=5803 uid=2008 gid=2008 comm="find" exe="/usr/bin/find" key="process_execution"
Aug 25 04:02:23 aitest audit: type=PATH msg=audit(1756094543.843:802): item=0 name="/home/opc/logai/enterprise_mnc_audit_sim/enterprise_data/database/" inode=29891 dev=08:01 mode=0100644 ouid=0 ogid=0
Aug 25 04:02:23 aitest audit: type=SYSCALL msg=audit(1756094543.843:553): arch=c000003e syscall=59 success=yes exit=0 pid=8882 uid=2005 gid=2005 comm="ls" exe="/usr/bin/ls" key="process_execution"
Aug 25 04:02:28 aitest audit: type=PATH msg=audit(1756094548.720:867): item=0 name="/home/opc/logai/enterprise_mnc_audit_sim/enterprise_data/database/mysql/db_config.cnf" inode=17509 dev=08:01 mode=0100644 ouid=0 ogid=0
Aug 25 04:02:28 aitest audit: type=SYSCALL msg=audit(1756094548.720:772): arch=c000003e syscall=59 success=yes exit=0 pid=8918 uid=2005 gid=2005 comm="chmod" exe="/usr/bin/chmod" key="process_execution"
Aug 25 04:02:33 aitest audit: type=SYSCALL msg=audit(1756094553.910:47): arch=c000003e syscall=59 success=yes exit=0 pid=8604 uid=2005 gid=2005 comm="cp" exe="/usr/bin/cp" key="process_execution"
Aug 25 04:02:43 aitest audit: type=SYSCALL msg=audit(1756094563.994:819): arch=c000003e syscall=59 success=yes exit=0 pid=5639 uid=2010 gid=2010 comm="top" exe="/usr/bin/top" key="process_execution"
Aug 25 04:02:49 aitest audit: type=SYSCALL msg=audit(1756094569.259:47): arch=c000003e syscall=59 success=yes exit=0 pid=5477 uid=2010 gid=2010 comm="du" exe="/usr/bin/du" key="process_execution"
Aug 25 04:02:58 aitest audit: type=SYSCALL msg=audit(1756094578.400:469): arch=c000003e syscall=59 success=yes exit=0 pid=5646 uid=2010 gid=2010 comm="ps" exe="/usr/bin/ps" key="process_execution"
Aug 25 04:06:11 aitest audit: type=PATH msg=audit(1756094771.247:876): item=0 name="/home/opc/logai/enterprise_mnc_audit_sim/system/configs/server.conf" inode=33061 dev=08:01 mode=0100644 ouid=0 ogid=0
Aug 25 04:06:11 aitest audit: type=SYSCALL msg=audit(1756094771.247:583): arch=c000003e syscall=59 success=yes exit=0 pid=3198 uid=2004 gid=2004 comm="chmod" exe="/usr/bin/chmod" key="process_execution"
Aug 25 04:06:18 aitest audit: type=SYSCALL msg=audit(1756094778.532:731): arch=c000003e syscall=59 success=yes exit=0 pid=9665 uid=2004 gid=2004 comm="free" exe="/usr/bin/free" key="process_execution"
Aug 25 04:07:54 aitest audit: type=SYSCALL msg=audit(1756094874.685:550): arch=c000003e syscall=59 success=yes exit=0 pid=5295 uid=2009 gid=2009 comm="wc" exe="/usr/bin/wc" key="process_execution"
Aug 25 04:08:02 aitest audit: type=SYSCALL msg=audit(1756094882.453:294): arch=c000003e syscall=59 success=yes exit=0 pid=5774 uid=2009 gid=2009 comm="cp" exe="/usr/bin/cp" key="process_execution"
Aug 25 04:11:19 aitest audit: type=SYSCALL msg=audit(1756095079.715:410): arch=c000003e syscall=59 success=yes exit=0 pid=9088 uid=2004 gid=2004 comm="ps" exe="/usr/bin/ps" key="process_execution"
Aug 25 04:11:24 aitest audit: type=SYSCALL msg=audit(1756095084.351:845): arch=c000003e syscall=59 success=yes exit=0 pid=4996 uid=2004 gid=2004 comm="df" exe="/usr/bin/df" key="process_execution"
Aug 25 04:11:33 aitest audit: type=SYSCALL msg=audit(1756095093.220:824): arch=c000003e syscall=59 success=yes exit=0 pid=2988 uid=2004 gid=2004 comm="df" exe="/usr/bin/df" key="process_execution"
Aug 25 04:19:41 aitest audit: type=PATH msg=audit(1756095581.39:975): item=0 name="/home/opc/logai/enterprise_mnc_audit_sim/system/configs/" inode=33532 dev=08:01 mode=0100644 ouid=0 ogid=0
Aug 25 04:19:41 aitest audit: type=SYSCALL msg=audit(1756095581.39:590): arch=c000003e syscall=59 success=yes exit=0 pid=9230 uid=2001 gid=2001 comm="ls" exe="/usr/bin/ls" key="process_execution"
Aug 25 04:19:45 aitest audit: type=SYSCALL msg=audit(1756095585.670:26): arch=c000003e syscall=59 success=yes exit=0 pid=9988 uid=2001 gid=2001 comm="free" exe="/usr/bin/free" key="process_execution"
Aug 25 04:19:46 aitest audit: type=SYSCALL msg=audit(1756095586.858:872): arch=c000003e syscall=59 success=yes exit=0 pid=5475 uid=2001 gid=2001 comm="df" exe="/usr/bin/df" key="process_execution"
Aug 25 04:19:52 aitest audit: type=SYSCALL msg=audit(1756095592.753:825): arch=c000003e syscall=59 success=yes exit=0 pid=5283 uid=2001 gid=2001 comm="netstat" exe="/usr/bin/netstat" key="process_execution"
Aug 25 04:20:01 aitest audit: type=PATH msg=audit(1756095601.277:515): item=0 name="/home/opc/logai/enterprise_mnc_audit_sim/system/logs/application.log" inode=41568 dev=08:01 mode=0100644 ouid=0 ogid=0
Aug 25 04:20:01 aitest audit: type=SYSCALL msg=audit(1756095601.277:148): arch=c000003e syscall=59 success=yes exit=0 pid=11864 uid=2001 gid=2001 comm="tail" exe="/usr/bin/tail" key="process_execution"
Aug 25 04:21:47 aitest audit: type=PATH msg=audit(1756095707.508:838): item=0 name="/home/opc/logai/enterprise_mnc_audit_sim/system/logs/application.log" inode=22977 dev=08:01 mode=0100644 ouid=0 ogid=0
Aug 25 04:21:47 aitest audit: type=SYSCALL msg=audit(1756095707.508:145): arch=c000003e syscall=59 success=yes exit=0 pid=10255 uid=2001 gid=2001 comm="tail" exe="/usr/bin/tail" key="process_execution"
Aug 25 04:21:56 aitest audit: type=PATH msg=audit(1756095716.268:449): item=0 name="/home/opc/logai/enterprise_mnc_audit_sim/system" inode=31043 dev=08:01 mode=0100644 ouid=0 ogid=0
Aug 25 04:21:56 aitest audit: type=SYSCALL msg=audit(1756095716.268:480): arch=c000003e syscall=59 success=yes exit=0 pid=3086 uid=2001 gid=2001 comm="find" exe="/usr/bin/find" key="process_execution"
Aug 25 04:22:06 aitest audit: type=SYSCALL msg=audit(1756095726.111:896): arch=c000003e syscall=59 success=yes exit=0 pid=4484 uid=2001 gid=2001 comm="netstat" exe="/usr/bin/netstat" key="process_execution"
Aug 25 04:22:08 aitest audit: type=PATH msg=audit(1756095728.346:166): item=0 name="/home/opc/logai/enterprise_mnc_audit_sim/system/configs/server.conf" inode=36888 dev=08:01 mode=0100644 ouid=0 ogid=0
Aug 25 04:22:08 aitest audit: type=SYSCALL msg=audit(1756095728.346:370): arch=c000003e syscall=59 success=yes exit=0 pid=11009 uid=2001 gid=2001 comm="cat" exe="/usr/bin/cat" key="process_execution"
Aug 25 04:29:09 aitest audit: type=SYSCALL msg=audit(1756096149.730:796): arch=c000003e syscall=59 success=yes exit=0 pid=8801 uid=2004 gid=2004 comm="netstat" exe="/usr/bin/netstat" key="process_execution"
Aug 25 04:29:16 aitest audit: type=SYSCALL msg=audit(1756096156.731:893): arch=c000003e syscall=59 success=yes exit=0 pid=11668 uid=2004 gid=2004 comm="df" exe="/usr/bin/df" key="process_execution"
Aug 25 04:31:05 aitest audit: type=SYSCALL msg=audit(1756096265.623:13): arch=c000003e syscall=59 success=yes exit=0 pid=2966 uid=2008 gid=2008 comm="find" exe="/usr/bin/find" key="process_execution"
Aug 25 04:31:14 aitest audit: type=PATH msg=audit(1756096274.729:185): item=0 name="/home/opc/logai/enterprise_mnc_audit_sim/enterprise_data/hr/" inode=21520 dev=08:01 mode=0100644 ouid=0 ogid=0
Aug 25 04:31:14 aitest audit: type=SYSCALL msg=audit(1756096274.729:433): arch=c000003e syscall=59 success=yes exit=0 pid=11243 uid=2008 gid=2008 comm="chmod" exe="/usr/bin/chmod" key="process_execution"
Aug 25 04:31:18 aitest audit: type=PATH msg=audit(1756096278.299:431): item=0 name="/home/opc/logai/enterprise_mnc_audit_sim/enterprise_data/hr/" inode=26598 dev=08:01 mode=0100644 ouid=0 ogid=0
Aug 25 04:31:18 aitest audit: type=SYSCALL msg=audit(1756096278.299:9): arch=c000003e syscall=59 success=yes exit=0 pid=3230 uid=2008 gid=2008 comm="chmod" exe="/usr/bin/chmod" key="process_execution"
Aug 25 04:39:17 aitest audit: type=PATH msg=audit(1756096757.67:301): item=0 name="/home/opc/logai/enterprise_mnc_audit_sim/enterprise_data/operations/" inode=23109 dev=08:01 mode=0100644 ouid=0 ogid=0
Aug 25 04:39:17 aitest audit: type=SYSCALL msg=audit(1756096757.67:883): arch=c000003e syscall=59 success=yes exit=0 pid=8194 uid=2010 gid=2010 comm="ls" exe="/usr/bin/ls" key="process_execution"
Aug 25 04:39:20 aitest audit: type=SYSCALL msg=audit(1756096760.919:604): arch=c000003e syscall=59 success=yes exit=0 pid=7642 uid=2010 gid=2010 comm="du" exe="/usr/bin/du" key="process_execution"
Aug 25 04:39:29 aitest audit: type=SYSCALL msg=audit(1756096769.519:132): arch=c000003e syscall=59 success=yes exit=0 pid=2217 uid=2010 gid=2010 comm="du" exe="/usr/bin/du" key="process_execution"
Aug 25 04:39:32 aitest audit: type=SYSCALL msg=audit(1756096772.733:395): arch=c000003e syscall=59 success=yes exit=0 pid=4394 uid=2010 gid=2010 comm="top" exe="/usr/bin/top" key="process_execution"
Aug 25 04:47:26 aitest audit: type=SYSCALL msg=audit(1756097246.709:6): arch=c000003e syscall=59 success=yes exit=0 pid=7312 uid=2003 gid=2003 comm="cp" exe="/usr/bin/cp" key="process_execution"
Aug 25 04:47:29 aitest audit: type=PATH msg=audit(1756097249.190:976): item=0 name="/home/opc/logai/enterprise_mnc_audit_sim/enterprise_data/development/projects/project_alpha.txt" inode=10392 dev=08:01 mode=0100644 ouid=0 ogid=0
Aug 25 04:47:29 aitest audit: type=SYSCALL msg=audit(1756097249.190:464): arch=c000003e syscall=59 success=yes exit=0 pid=3389 uid=2003 gid=2003 comm="cat" exe="/usr/bin/cat" key="process_execution"
Aug 25 04:47:39 aitest audit: type=SYSCALL msg=audit(1756097259.15:768): arch=c000003e syscall=59 success=yes exit=0 pid=2983 uid=2003 gid=2003 comm="grep" exe="/usr/bin/grep" key="process_execution"
Aug 25 04:47:40 aitest audit: type=SYSCALL msg=audit(1756097260.492:634): arch=c000003e syscall=59 success=yes exit=0 pid=7931 uid=2003 gid=2003 comm="cp" exe="/usr/bin/cp" key="process_execution"
Aug 25 04:47:42 aitest audit: type=SYSCALL msg=audit(1756097262.708:479): arch=c000003e syscall=59 success=yes exit=0 pid=4410 uid=2003 gid=2003 comm="cp" exe="/usr/bin/cp" key="process_execution"
Aug 25 04:48:25 aitest audit: type=PATH msg=audit(1756097305.158:931): item=0 name="/home/opc/logai/enterprise_mnc_audit_sim/enterprise_data/" inode=23595 dev=08:01 mode=0100644 ouid=0 ogid=0
Aug 25 04:48:25 aitest audit: type=SYSCALL msg=audit(1756097305.158:567): arch=c000003e syscall=59 success=yes exit=0 pid=9216 uid=2008 gid=2008 comm="ls" exe="/usr/bin/ls" key="process_execution"
Aug 25 04:48:28 aitest audit: type=SYSCALL msg=audit(1756097308.356:21): arch=c000003e syscall=59 success=yes exit=0 pid=9824 uid=2008 gid=2008 comm="w" exe="/usr/bin/w" key="process_execution"
Aug 25 04:48:37 aitest audit: type=SYSCALL msg=audit(1756097317.902:746): arch=c000003e syscall=59 success=yes exit=0 pid=11512 uid=2008 gid=2008 comm="netstat" exe="/usr/bin/netstat" key="process_execution"
Aug 25 04:48:43 aitest audit: type=SYSCALL msg=audit(1756097323.540:315): arch=c000003e syscall=59 success=yes exit=0 pid=11621 uid=2008 gid=2008 comm="who" exe="/usr/bin/who" key="process_execution"
Aug 25 04:50:24 aitest audit: type=SYSCALL msg=audit(1756097424.302:397): arch=c000003e syscall=59 success=yes exit=0 pid=9629 uid=2001 gid=2001 comm="find" exe="/usr/bin/find" key="process_execution"
Aug 25 04:52:38 aitest audit: type=PATH msg=audit(1756097558.232:932): item=0 name="/home/opc/logai/enterprise_mnc_audit_sim/enterprise_data/database/mysql/db_config.cnf" inode=30301 dev=08:01 mode=0100644 ouid=0 ogid=0
Aug 25 04:52:38 aitest audit: type=SYSCALL msg=audit(1756097558.232:792): arch=c000003e syscall=59 success=yes exit=0 pid=8811 uid=2002 gid=2002 comm="cat" exe="/usr/bin/cat" key="process_execution"
Aug 25 04:52:44 aitest audit: type=SYSCALL msg=audit(1756097564.171:573): arch=c000003e syscall=59 success=yes exit=0 pid=10737 uid=2002 gid=2002 comm="cp" exe="/usr/bin/cp" key="process_execution"
Aug 25 04:52:53 aitest audit: type=PATH msg=audit(1756097573.435:256): item=0 name="/home/opc/logai/enterprise_mnc_audit_sim/enterprise_data/database/mysql/db_config.cnf" inode=39140 dev=08:01 mode=0100644 ouid=0 ogid=0
Aug 25 04:52:53 aitest audit: type=SYSCALL msg=audit(1756097573.435:140): arch=c000003e syscall=59 success=yes exit=0 pid=5741 uid=2002 gid=2002 comm="chmod" exe="/usr/bin/chmod" key="process_execution"
Aug 25 04:53:02 aitest audit: type=PATH msg=audit(1756097582.403:457): item=0 name="/home/opc/logai/enterprise_mnc_audit_sim/enterprise_data/database" inode=23278 dev=08:01 mode=0100644 ouid=0 ogid=0
Aug 25 04:53:02 aitest audit: type=SYSCALL msg=audit(1756097582.403:355): arch=c000003e syscall=59 success=yes exit=0 pid=4411 uid=2002 gid=2002 comm="find" exe="/usr/bin/find" key="process_execution"
Aug 25 04:53:12 aitest audit: type=PATH msg=audit(1756097592.104:736): item=0 name="/home/opc/logai/enterprise_mnc_audit_sim/enterprise_data/database" inode=11568 dev=08:01 mode=0100644 ouid=0 ogid=0
Aug 25 04:53:12 aitest audit: type=SYSCALL msg=audit(1756097592.104:716): arch=c000003e syscall=59 success=yes exit=0 pid=4446 uid=2002 gid=2002 comm="find" exe="/usr/bin/find" key="process_execution"
Aug 25 04:58:34 aitest audit: type=PATH msg=audit(1756097914.142:425): item=0 name="/home/opc/logai/enterprise_mnc_audit_sim/system" inode=15946 dev=08:01 mode=0100644 ouid=0 ogid=0
Aug 25 04:58:34 aitest audit: type=SYSCALL msg=audit(1756097914.142:792): arch=c000003e syscall=59 success=yes exit=0 pid=3633 uid=2004 gid=2004 comm="find" exe="/usr/bin/find" key="process_execution"
Aug 25 04:58:43 aitest audit: type=PATH msg=audit(1756097923.61:332): item=0 name="/home/opc/logai/enterprise_mnc_audit_sim/system/configs/server.conf" inode=40299 dev=08:01 mode=0100644 ouid=0 ogid=0
Aug 25 04:58:43 aitest audit: type=SYSCALL msg=audit(1756097923.61:397): arch=c000003e syscall=59 success=yes exit=0 pid=4211 uid=2004 gid=2004 comm="cat" exe="/usr/bin/cat" key="process_execution"
Aug 25 04:58:52 aitest audit: type=SYSCALL msg=audit(1756097932.306:417): arch=c000003e syscall=59 success=yes exit=0 pid=9725 uid=2004 gid=2004 comm="netstat" exe="/usr/bin/netstat" key="process_execution"
Aug 25 05:00:56 aitest audit: type=PATH msg=audit(1756098056.925:651): item=0 name="/home/opc/logai/enterprise_mnc_audit_sim/enterprise_data/development" inode=41220 dev=08:01 mode=0100644 ouid=0 ogid=0
Aug 25 05:00:56 aitest audit: type=SYSCALL msg=audit(1756098056.925:800): arch=c000003e syscall=59 success=yes exit=0 pid=4386 uid=2003 gid=2003 comm="find" exe="/usr/bin/find" key="process_execution"
Aug 25 05:00:57 aitest audit: type=PATH msg=audit(1756098057.977:990): item=0 name="/home/opc/logai/enterprise_mnc_audit_sim/enterprise_data/development" inode=23914 dev=08:01 mode=0100644 ouid=0 ogid=0
Aug 25 05:00:57 aitest audit: type=SYSCALL msg=audit(1756098057.977:589): arch=c000003e syscall=59 success=yes exit=0 pid=2592 uid=2003 gid=2003 comm="find" exe="/usr/bin/find" key="process_execution"
Aug 25 05:01:00 aitest audit: type=PATH msg=audit(1756098060.194:640): item=0 name="/home/opc/logai/enterprise_mnc_audit_sim/enterprise_data/development/projects/project_alpha.txt" inode=10824 dev=08:01 mode=0100644 ouid=0 ogid=0
Aug 25 05:01:00 aitest audit: type=SYSCALL msg=audit(1756098060.194:828): arch=c000003e syscall=59 success=yes exit=0 pid=2017 uid=2003 gid=2003 comm="cat" exe="/usr/bin/cat" key="process_execution"
Aug 25 05:01:03 aitest audit: type=PATH msg=audit(1756098063.540:66): item=0 name="/home/opc/logai/enterprise_mnc_audit_sim/enterprise_data/development" inode=26237 dev=08:01 mode=0100644 ouid=0 ogid=0
Aug 25 05:01:03 aitest audit: type=SYSCALL msg=audit(1756098063.540:710): arch=c000003e syscall=59 success=yes exit=0 pid=4102 uid=2003 gid=2003 comm="find" exe="/usr/bin/find" key="process_execution"
Aug 25 05:01:08 aitest audit: type=PATH msg=audit(1756098068.56:38): item=0 name="/home/opc/logai/enterprise_mnc_audit_sim/enterprise_data/development/projects/" inode=28990 dev=08:01 mode=0100644 ouid=0 ogid=0
Aug 25 05:01:08 aitest audit: type=SYSCALL msg=audit(1756098068.56:909): arch=c000003e syscall=59 success=yes exit=0 pid=2242 uid=2003 gid=2003 comm="ls" exe="/usr/bin/ls" key="process_execution"
Aug 25 05:08:10 aitest audit: type=PATH msg=audit(1756098490.121:463): item=0 name="/home/opc/logai/enterprise_mnc_audit_sim/enterprise_data/operations" inode=31953 dev=08:01 mode=0100644 ouid=0 ogid=0
Aug 25 05:08:10 aitest audit: type=SYSCALL msg=audit(1756098490.121:746): arch=c000003e syscall=59 success=yes exit=0 pid=8819 uid=2010 gid=2010 comm="find" exe="/usr/bin/find" key="process_execution"
Aug 25 05:08:17 aitest audit: type=SYSCALL msg=audit(1756098497.599:596): arch=c000003e syscall=59 success=yes exit=0 pid=10017 uid=2010 gid=2010 comm="tar" exe="/usr/bin/tar" key="process_execution"
Aug 25 05:08:20 aitest audit: type=PATH msg=audit(1756098500.930:149): item=0 name="/home/opc/logai/enterprise_mnc_audit_sim/enterprise_data/operations/scripts/" inode=38732 dev=08:01 mode=0100644 ouid=0 ogid=0
Aug 25 05:08:20 aitest audit: type=SYSCALL msg=audit(1756098500.930:167): arch=c000003e syscall=59 success=yes exit=0 pid=2616 uid=2010 gid=2010 comm="chmod" exe="/usr/bin/chmod" key="process_execution"
Aug 25 05:14:46 aitest audit: type=PATH msg=audit(1756098886.82:934): item=0 name="/home/opc/logai/enterprise_mnc_audit_sim/enterprise_data/operations" inode=34534 dev=08:01 mode=0100644 ouid=0 ogid=0
Aug 25 05:14:46 aitest audit: type=SYSCALL msg=audit(1756098886.82:41): arch=c000003e syscall=59 success=yes exit=0 pid=9258 uid=2010 gid=2010 comm="find" exe="/usr/bin/find" key="process_execution"
Aug 25 05:14:48 aitest audit: type=SYSCALL msg=audit(1756098888.984:932): arch=c000003e syscall=59 success=yes exit=0 pid=10755 uid=2010 gid=2010 comm="top" exe="/usr/bin/top" key="process_execution"
Aug 25 05:14:56 aitest audit: type=SYSCALL msg=audit(1756098896.386:441): arch=c000003e syscall=59 success=yes exit=0 pid=4191 uid=2010 gid=2010 comm="ps" exe="/usr/bin/ps" key="process_execution"
Aug 25 05:15:06 aitest audit: type=PATH msg=audit(1756098906.490:152): item=0 name="/home/opc/logai/enterprise_mnc_audit_sim/enterprise_data/operations/" inode=19955 dev=08:01 mode=0100644 ouid=0 ogid=0
Aug 25 05:15:06 aitest audit: type=SYSCALL msg=audit(1756098906.490:478): arch=c000003e syscall=59 success=yes exit=0 pid=4834 uid=2010 gid=2010 comm="ls" exe="/usr/bin/ls" key="process_execution"
Aug 25 05:32:40 aitest audit: type=SYSCALL msg=audit(1756099960.989:220): arch=c000003e syscall=59 success=yes exit=0 pid=8676 uid=2007 gid=2007 comm="tar" exe="/usr/bin/tar" key="process_execution"
Aug 25 05:32:46 aitest audit: type=PATH msg=audit(1756099966.507:34): item=0 name="/home/opc/logai/enterprise_mnc_audit_sim/applications/" inode=14446 dev=08:01 mode=0100644 ouid=0 ogid=0
Aug 25 05:32:46 aitest audit: type=SYSCALL msg=audit(1756099966.507:562): arch=c000003e syscall=59 success=yes exit=0 pid=4959 uid=2007 gid=2007 comm="ls" exe="/usr/bin/ls" key="process_execution"
Aug 25 05:34:14 aitest audit: type=PATH msg=audit(1756100054.678:368): item=0 name="/home/opc/logai/enterprise_mnc_audit_sim/enterprise_data/database/" inode=27094 dev=08:01 mode=0100644 ouid=0 ogid=0
Aug 25 05:34:14 aitest audit: type=SYSCALL msg=audit(1756100054.678:176): arch=c000003e syscall=59 success=yes exit=0 pid=10035 uid=2002 gid=2002 comm="ls" exe="/usr/bin/ls" key="process_execution"
Aug 25 05:34:19 aitest audit: type=PATH msg=audit(1756100059.455:247): item=0 name="/home/opc/logai/enterprise_mnc_audit_sim/enterprise_data/database" inode=18408 dev=08:01 mode=0100644 ouid=0 ogid=0
Aug 25 05:34:19 aitest audit: type=SYSCALL msg=audit(1756100059.455:1): arch=c000003e syscall=59 success=yes exit=0 pid=7815 uid=2002 gid=2002 comm="find" exe="/usr/bin/find" key="process_execution"
Aug 25 05:34:29 aitest audit: type=SYSCALL msg=audit(1756100069.768:271): arch=c000003e syscall=59 success=yes exit=0 pid=8516 uid=2002 gid=2002 comm="du" exe="/usr/bin/du" key="process_execution"
Aug 25 05:34:37 aitest audit: type=SYSCALL msg=audit(1756100077.968:614): arch=c000003e syscall=59 success=yes exit=0 pid=11074 uid=2002 gid=2002 comm="grep" exe="/usr/bin/grep" key="process_execution"
Aug 25 05:34:43 aitest audit: type=PATH msg=audit(1756100083.793:990): item=0 name="/home/opc/logai/enterprise_mnc_audit_sim/enterprise_data/database" inode=33758 dev=08:01 mode=0100644 ouid=0 ogid=0
Aug 25 05:34:43 aitest audit: type=SYSCALL msg=audit(1756100083.793:999): arch=c000003e syscall=59 success=yes exit=0 pid=5723 uid=2002 gid=2002 comm="find" exe="/usr/bin/find" key="process_execution"
Aug 25 05:42:14 aitest audit: type=SYSCALL msg=audit(1756100534.787:987): arch=c000003e syscall=59 success=yes exit=0 pid=2450 uid=2005 gid=2005 comm="du" exe="/usr/bin/du" key="process_execution"
Aug 25 05:42:17 aitest audit: type=SYSCALL msg=audit(1756100537.753:886): arch=c000003e syscall=59 success=yes exit=0 pid=7930 uid=2005 gid=2005 comm="du" exe="/usr/bin/du" key="process_execution"
Aug 25 05:51:24 aitest audit: type=PATH msg=audit(1756101084.611:912): item=0 name="/home/opc/logai/enterprise_mnc_audit_sim/enterprise_data/development/projects/" inode=39994 dev=08:01 mode=0100644 ouid=0 ogid=0
Aug 25 05:51:24 aitest audit: type=SYSCALL msg=audit(1756101084.611:73): arch=c000003e syscall=59 success=yes exit=0 pid=11133 uid=2009 gid=2009 comm="ls" exe="/usr/bin/ls" key="process_execution"
Aug 25 05:51:27 aitest audit: type=SYSCALL msg=audit(1756101087.780:986): arch=c000003e syscall=59 success=yes exit=0 pid=6944 uid=2009 gid=2009 comm="wc" exe="/usr/bin/wc" key="process_execution"
Aug 25 05:58:35 aitest audit: type=PATH msg=audit(1756101515.354:145): item=0 name="/home/opc/logai/enterprise_mnc_audit_sim/applications/" inode=22667 dev=08:01 mode=0100644 ouid=0 ogid=0
Aug 25 05:58:35 aitest audit: type=SYSCALL msg=audit(1756101515.354:812): arch=c000003e syscall=59 success=yes exit=0 pid=5801 uid=2010 gid=2010 comm="ls" exe="/usr/bin/ls" key="process_execution"
Aug 25 05:58:37 aitest audit: type=PATH msg=audit(1756101517.214:469): item=0 name="/home/opc/logai/enterprise_mnc_audit_sim/enterprise_data/operations/" inode=37701 dev=08:01 mode=0100644 ouid=0 ogid=0
Aug 25 05:58:37 aitest audit: type=SYSCALL msg=audit(1756101517.214:217): arch=c000003e syscall=59 success=yes exit=0 pid=4467 uid=2010 gid=2010 comm="ls" exe="/usr/bin/ls" key="process_execution"
Aug 25 06:02:59 aitest audit: type=PATH msg=audit(1756101779.315:121): item=0 name="/home/opc/logai/enterprise_mnc_audit_sim/system/configs/server.conf" inode=12333 dev=08:01 mode=0100644 ouid=0 ogid=0
Aug 25 06:02:59 aitest audit: type=SYSCALL msg=audit(1756101779.315:513): arch=c000003e syscall=59 success=yes exit=0 pid=7204 uid=2004 gid=2004 comm="chmod" exe="/usr/bin/chmod" key="process_execution"
Aug 25 06:03:03 aitest audit: type=PATH msg=audit(1756101783.901:80): item=0 name="/home/opc/logai/enterprise_mnc_audit_sim/system/logs/application.log" inode=37435 dev=08:01 mode=0100644 ouid=0 ogid=0
Aug 25 06:03:03 aitest audit: type=SYSCALL msg=audit(1756101783.901:816): arch=c000003e syscall=59 success=yes exit=0 pid=10483 uid=2004 gid=2004 comm="tail" exe="/usr/bin/tail" key="process_execution"
Aug 25 06:03:04 aitest audit: type=PATH msg=audit(1756101784.981:838): item=0 name="/home/opc/logai/enterprise_mnc_audit_sim/system/configs/" inode=31933 dev=08:01 mode=0100644 ouid=0 ogid=0
Aug 25 06:03:04 aitest audit: type=SYSCALL msg=audit(1756101784.981:329): arch=c000003e syscall=59 success=yes exit=0 pid=3575 uid=2004 gid=2004 comm="ls" exe="/usr/bin/ls" key="process_execution"
Aug 25 06:03:54 aitest audit: type=SYSCALL msg=audit(1756101834.228:680): arch=c000003e syscall=59 success=yes exit=0 pid=4347 uid=2006 gid=2006 comm="grep" exe="/usr/bin/grep" key="process_execution"
Aug 25 06:04:01 aitest audit: type=PATH msg=audit(1756101841.180:790): item=0 name="/home/opc/logai/enterprise_mnc_audit_sim/enterprise_data/development" inode=16350 dev=08:01 mode=0100644 ouid=0 ogid=0
Aug 25 06:04:01 aitest audit: type=SYSCALL msg=audit(1756101841.180:770): arch=c000003e syscall=59 success=yes exit=0 pid=8969 uid=2006 gid=2006 comm="find" exe="/usr/bin/find" key="process_execution"
Aug 25 06:04:10 aitest audit: type=SYSCALL msg=audit(1756101850.969:629): arch=c000003e syscall=59 success=yes exit=0 pid=10253 uid=2006 gid=2006 comm="cp" exe="/usr/bin/cp" key="process_execution"
Aug 25 06:04:20 aitest audit: type=PATH msg=audit(1756101860.258:967): item=0 name="/home/opc/logai/enterprise_mnc_audit_sim/enterprise_data/development/scripts/build.sh" inode=16949 dev=08:01 mode=0100644 ouid=0 ogid=0
Aug 25 06:04:20 aitest audit: type=SYSCALL msg=audit(1756101860.258:972): arch=c000003e syscall=59 success=yes exit=0 pid=3848 uid=2006 gid=2006 comm="chmod" exe="/usr/bin/chmod" key="process_execution"
Aug 25 06:04:24 aitest audit: type=PATH msg=audit(1756101864.63:461): item=0 name="/home/opc/logai/enterprise_mnc_audit_sim/enterprise_data/development/projects/project_alpha.txt" inode=27260 dev=08:01 mode=0100644 ouid=0 ogid=0
Aug 25 06:04:24 aitest audit: type=SYSCALL msg=audit(1756101864.63:156): arch=c000003e syscall=59 success=yes exit=0 pid=9443 uid=2006 gid=2006 comm="cat" exe="/usr/bin/cat" key="process_execution"
Aug 25 06:09:42 aitest audit: type=PATH msg=audit(1756102182.903:187): item=0 name="/home/opc/logai/enterprise_mnc_audit_sim/enterprise_data/development/" inode=23132 dev=08:01 mode=0100644 ouid=0 ogid=0
Aug 25 06:09:42 aitest audit: type=SYSCALL msg=audit(1756102182.903:747): arch=c000003e syscall=59 success=yes exit=0 pid=2620 uid=2006 gid=2006 comm="ls" exe="/usr/bin/ls" key="process_execution"
Aug 25 06:09:46 aitest audit: type=SYSCALL msg=audit(1756102186.998:951): arch=c000003e syscall=59 success=yes exit=0 pid=5217 uid=2006 gid=2006 comm="cp" exe="/usr/bin/cp" key="process_execution"
Aug 25 06:09:54 aitest audit: type=PATH msg=audit(1756102194.938:282): item=0 name="/home/opc/logai/enterprise_mnc_audit_sim/enterprise_data/development/scripts/build.sh" inode=40237 dev=08:01 mode=0100644 ouid=0 ogid=0
Aug 25 06:09:54 aitest audit: type=SYSCALL msg=audit(1756102194.938:599): arch=c000003e syscall=59 success=yes exit=0 pid=3315 uid=2006 gid=2006 comm="chmod" exe="/usr/bin/chmod" key="process_execution"
Aug 25 06:10:04 aitest audit: type=SYSCALL msg=audit(1756102204.303:953): arch=c000003e syscall=59 success=yes exit=0 pid=4430 uid=2006 gid=2006 comm="cp" exe="/usr/bin/cp" key="process_execution"
Aug 25 06:10:07 aitest audit: type=PATH msg=audit(1756102207.662:994): item=0 name="/home/opc/logai/enterprise_mnc_audit_sim/enterprise_data/development" inode=39352 dev=08:01 mode=0100644 ouid=0 ogid=0
Aug 25 06:10:07 aitest audit: type=SYSCALL msg=audit(1756102207.662:453): arch=c000003e syscall=59 success=yes exit=0 pid=5206 uid=2006 gid=2006 comm="find" exe="/usr/bin/find" key="process_execution"
Aug 25 06:14:55 aitest audit: type=SYSCALL msg=audit(1756102495.123:688): arch=c000003e syscall=59 success=yes exit=0 pid=5313 uid=2005 gid=2005 comm="grep" exe="/usr/bin/grep" key="process_execution"
Aug 25 06:15:01 aitest audit: type=PATH msg=audit(1756102501.794:164): item=0 name="/home/opc/logai/enterprise_mnc_audit_sim/applications/databases/" inode=42074 dev=08:01 mode=0100644 ouid=0 ogid=0
Aug 25 06:15:01 aitest audit: type=SYSCALL msg=audit(1756102501.794:211): arch=c000003e syscall=59 success=yes exit=0 pid=6247 uid=2005 gid=2005 comm="ls" exe="/usr/bin/ls" key="process_execution"
Aug 25 06:15:03 aitest audit: type=SYSCALL msg=audit(1756102503.955:961): arch=c000003e syscall=59 success=yes exit=0 pid=4962 uid=2002 gid=2002 comm="grep" exe="/usr/bin/grep" key="process_execution"
Aug 25 06:15:11 aitest audit: type=PATH msg=audit(1756102511.673:266): item=0 name="/home/opc/logai/enterprise_mnc_audit_sim/enterprise_data/database/mysql/db_config.cnf" inode=25990 dev=08:01 mode=0100644 ouid=0 ogid=0
Aug 25 06:15:11 aitest audit: type=PATH msg=audit(1756102511.951:150): item=0 name="/home/opc/logai/enterprise_mnc_audit_sim/enterprise_data/database" inode=31671 dev=08:01 mode=0100644 ouid=0 ogid=0
Aug 25 06:15:11 aitest audit: type=SYSCALL msg=audit(1756102511.673:117): arch=c000003e syscall=59 success=yes exit=0 pid=10965 uid=2005 gid=2005 comm="cat" exe="/usr/bin/cat" key="process_execution"
Aug 25 06:15:11 aitest audit: type=SYSCALL msg=audit(1756102511.951:956): arch=c000003e syscall=59 success=yes exit=0 pid=5356 uid=2002 gid=2002 comm="find" exe="/usr/bin/find" key="process_execution"
Aug 25 06:15:15 aitest audit: type=SYSCALL msg=audit(1756102515.382:333): arch=c000003e syscall=59 success=yes exit=0 pid=10615 uid=2005 gid=2005 comm="du" exe="/usr/bin/du" key="process_execution"
Aug 25 06:19:01 aitest audit: type=SYSCALL msg=audit(1756102741.47:838): arch=c000003e syscall=59 success=yes exit=0 pid=11366 uid=2008 gid=2008 comm="last" exe="/usr/bin/last" key="process_execution"
Aug 25 06:19:10 aitest audit: type=SYSCALL msg=audit(1756102750.767:205): arch=c000003e syscall=59 success=yes exit=0 pid=11561 uid=2008 gid=2008 comm="netstat" exe="/usr/bin/netstat" key="process_execution"
Aug 25 06:19:16 aitest audit: type=SYSCALL msg=audit(1756102756.512:670): arch=c000003e syscall=59 success=yes exit=0 pid=4189 uid=2008 gid=2008 comm="last" exe="/usr/bin/last" key="process_execution"
Aug 25 06:22:02 aitest audit: type=SYSCALL msg=audit(1756102922.673:261): arch=c000003e syscall=59 success=yes exit=0 pid=6380 uid=2002 gid=2002 comm="du" exe="/usr/bin/du" key="process_execution"
Aug 25 06:22:10 aitest audit: type=PATH msg=audit(1756102930.798:743): item=0 name="/home/opc/logai/enterprise_mnc_audit_sim/enterprise_data/operations/scripts/" inode=41485 dev=08:01 mode=0100644 ouid=0 ogid=0
Aug 25 06:22:10 aitest audit: type=SYSCALL msg=audit(1756102930.462:114): arch=c000003e syscall=59 success=yes exit=0 pid=4585 uid=2002 gid=2002 comm="grep" exe="/usr/bin/grep" key="process_execution"
Aug 25 06:22:10 aitest audit: type=SYSCALL msg=audit(1756102930.798:688): arch=c000003e syscall=59 success=yes exit=0 pid=3212 uid=2007 gid=2007 comm="chmod" exe="/usr/bin/chmod" key="process_execution"
Aug 25 06:22:11 aitest audit: type=PATH msg=audit(1756102931.766:100): item=0 name="/home/opc/logai/enterprise_mnc_audit_sim/enterprise_data/operations/scripts/" inode=29737 dev=08:01 mode=0100644 ouid=0 ogid=0
Aug 25 06:22:11 aitest audit: type=SYSCALL msg=audit(1756102931.766:58): arch=c000003e syscall=59 success=yes exit=0 pid=6193 uid=2007 gid=2007 comm="chmod" exe="/usr/bin/chmod" key="process_execution"
Aug 25 06:22:12 aitest audit: type=PATH msg=audit(1756102932.171:140): item=0 name="/home/opc/logai/enterprise_mnc_audit_sim/enterprise_data/database/mysql/db_config.cnf" inode=26894 dev=08:01 mode=0100644 ouid=0 ogid=0
Aug 25 06:22:12 aitest audit: type=SYSCALL msg=audit(1756102932.171:338): arch=c000003e syscall=59 success=yes exit=0 pid=4372 uid=2002 gid=2002 comm="cat" exe="/usr/bin/cat" key="process_execution"
Aug 25 06:22:16 aitest audit: type=PATH msg=audit(1756102936.676:983): item=0 name="/home/opc/logai/enterprise_mnc_audit_sim/enterprise_data/database/mysql/db_config.cnf" inode=26220 dev=08:01 mode=0100644 ouid=0 ogid=0
Aug 25 06:22:16 aitest audit: type=SYSCALL msg=audit(1756102936.171:732): arch=c000003e syscall=59 success=yes exit=0 pid=5382 uid=2007 gid=2007 comm="top" exe="/usr/bin/top" key="process_execution"
Aug 25 06:22:16 aitest audit: type=SYSCALL msg=audit(1756102936.676:818): arch=c000003e syscall=59 success=yes exit=0 pid=3309 uid=2002 gid=2002 comm="chmod" exe="/usr/bin/chmod" key="process_execution"
Aug 25 06:22:22 aitest audit: type=SYSCALL msg=audit(1756102942.496:298): arch=c000003e syscall=59 success=yes exit=0 pid=7093 uid=2007 gid=2007 comm="ps" exe="/usr/bin/ps" key="process_execution"
Aug 25 06:23:21 aitest audit: type=PATH msg=audit(1756103001.572:801): item=0 name="/home/opc/logai/enterprise_mnc_audit_sim/enterprise_data/development/scripts/build.sh" inode=35115 dev=08:01 mode=0100644 ouid=0 ogid=0
Aug 25 06:23:21 aitest audit: type=SYSCALL msg=audit(1756103001.572:545): arch=c000003e syscall=59 success=yes exit=0 pid=11993 uid=2003 gid=2003 comm="chmod" exe="/usr/bin/chmod" key="process_execution"
Aug 25 06:23:25 aitest audit: type=PATH msg=audit(1756103005.516:960): item=0 name="/home/opc/logai/enterprise_mnc_audit_sim/enterprise_data/development/projects/" inode=36034 dev=08:01 mode=0100644 ouid=0 ogid=0
Aug 25 06:23:25 aitest audit: type=SYSCALL msg=audit(1756103005.516:613): arch=c000003e syscall=59 success=yes exit=0 pid=11684 uid=2003 gid=2003 comm="ls" exe="/usr/bin/ls" key="process_execution"
Aug 25 06:24:12 aitest audit: type=SYSCALL msg=audit(1756103052.548:456): arch=c000003e syscall=59 success=yes exit=0 pid=6014 uid=2005 gid=2005 comm="du" exe="/usr/bin/du" key="process_execution"
Aug 25 06:24:20 aitest audit: type=PATH msg=audit(1756103060.295:392): item=0 name="/home/opc/logai/enterprise_mnc_audit_sim/enterprise_data/database/mysql/db_config.cnf" inode=16211 dev=08:01 mode=0100644 ouid=0 ogid=0
Aug 25 06:24:20 aitest audit: type=SYSCALL msg=audit(1756103060.295:131): arch=c000003e syscall=59 success=yes exit=0 pid=4515 uid=2005 gid=2005 comm="cat" exe="/usr/bin/cat" key="process_execution"
Aug 25 06:24:24 aitest audit: type=SYSCALL msg=audit(1756103064.791:635): arch=c000003e syscall=59 success=yes exit=0 pid=5981 uid=2005 gid=2005 comm="du" exe="/usr/bin/du" key="process_execution"
Aug 25 06:26:29 aitest audit: type=SYSCALL msg=audit(1756103189.334:345): arch=c000003e syscall=59 success=yes exit=0 pid=5975 uid=2008 gid=2008 comm="find" exe="/usr/bin/find" key="process_execution"
Aug 25 06:26:32 aitest audit: type=PATH msg=audit(1756103192.99:877): item=0 name="/home/opc/logai/enterprise_mnc_audit_sim/enterprise_data/hr/" inode=20828 dev=08:01 mode=0100644 ouid=0 ogid=0
Aug 25 06:26:32 aitest audit: type=SYSCALL msg=audit(1756103192.99:16): arch=c000003e syscall=59 success=yes exit=0 pid=7235 uid=2008 gid=2008 comm="ls" exe="/usr/bin/ls" key="process_execution"
Aug 25 06:26:36 aitest audit: type=PATH msg=audit(1756103196.744:431): item=0 name="/home/opc/logai/enterprise_mnc_audit_sim/enterprise_data/hr/" inode=28721 dev=08:01 mode=0100644 ouid=0 ogid=0
Aug 25 06:26:36 aitest audit: type=SYSCALL msg=audit(1756103196.744:307): arch=c000003e syscall=59 success=yes exit=0 pid=4952 uid=2008 gid=2008 comm="chmod" exe="/usr/bin/chmod" key="process_execution"
Aug 25 06:26:39 aitest audit: type=SYSCALL msg=audit(1756103199.266:241): arch=c000003e syscall=59 success=yes exit=0 pid=9579 uid=2008 gid=2008 comm="w" exe="/usr/bin/w" key="process_execution"
Aug 25 06:28:57 aitest audit: type=SYSCALL msg=audit(1756103337.432:649): arch=c000003e syscall=59 success=yes exit=0 pid=5734 uid=2004 gid=2004 comm="free" exe="/usr/bin/free" key="process_execution"
Aug 25 06:29:01 aitest audit: type=SYSCALL msg=audit(1756103341.742:573): arch=c000003e syscall=59 success=yes exit=0 pid=2355 uid=2004 gid=2004 comm="df" exe="/usr/bin/df" key="process_execution"
Aug 25 06:29:07 aitest audit: type=SYSCALL msg=audit(1756103347.276:300): arch=c000003e syscall=59 success=yes exit=0 pid=4184 uid=2004 gid=2004 comm="df" exe="/usr/bin/df" key="process_execution"
Aug 25 06:29:16 aitest audit: type=SYSCALL msg=audit(1756103356.586:564): arch=c000003e syscall=59 success=yes exit=0 pid=2933 uid=2004 gid=2004 comm="ps" exe="/usr/bin/ps" key="process_execution"
Aug 25 06:34:42 aitest audit: type=PATH msg=audit(1756103682.281:215): item=0 name="/home/opc/logai/enterprise_mnc_audit_sim/enterprise_data/development/projects/project_alpha.txt" inode=37582 dev=08:01 mode=0100644 ouid=0 ogid=0
Aug 25 06:34:42 aitest audit: type=SYSCALL msg=audit(1756103682.281:530): arch=c000003e syscall=59 success=yes exit=0 pid=6130 uid=2006 gid=2006 comm="cat" exe="/usr/bin/cat" key="process_execution"
Aug 25 06:34:46 aitest audit: type=PATH msg=audit(1756103686.419:747): item=0 name="/home/opc/logai/enterprise_mnc_audit_sim/enterprise_data/development/projects/project_alpha.txt" inode=25353 dev=08:01 mode=0100644 ouid=0 ogid=0
Aug 25 06:34:46 aitest audit: type=SYSCALL msg=audit(1756103686.419:667): arch=c000003e syscall=59 success=yes exit=0 pid=2961 uid=2006 gid=2006 comm="cat" exe="/usr/bin/cat" key="process_execution"
Aug 25 06:34:47 aitest audit: type=PATH msg=audit(1756103687.147:953): item=0 name="/home/opc/logai/enterprise_mnc_audit_sim/enterprise_data/development/" inode=21883 dev=08:01 mode=0100644 ouid=0 ogid=0
Aug 25 06:34:47 aitest audit: type=SYSCALL msg=audit(1756103687.147:562): arch=c000003e syscall=59 success=yes exit=0 pid=11856 uid=2006 gid=2006 comm="ls" exe="/usr/bin/ls" key="process_execution"
Aug 25 06:34:49 aitest audit: type=PATH msg=audit(1756103689.910:691): item=0 name="/home/opc/logai/enterprise_mnc_audit_sim/enterprise_data/development/scripts/build.sh" inode=35004 dev=08:01 mode=0100644 ouid=0 ogid=0
Aug 25 06:34:49 aitest audit: type=SYSCALL msg=audit(1756103689.910:580): arch=c000003e syscall=59 success=yes exit=0 pid=5750 uid=2006 gid=2006 comm="chmod" exe="/usr/bin/chmod" key="process_execution"
Aug 25 06:34:51 aitest audit: type=PATH msg=audit(1756103691.4:195): item=0 name="/home/opc/logai/enterprise_mnc_audit_sim/enterprise_data/development/projects/" inode=15297 dev=08:01 mode=0100644 ouid=0 ogid=0
Aug 25 06:34:51 aitest audit: type=SYSCALL msg=audit(1756103691.4:764): arch=c000003e syscall=59 success=yes exit=0 pid=7484 uid=2006 gid=2006 comm="ls" exe="/usr/bin/ls" key="process_execution"
Aug 25 06:53:19 aitest audit: type=PATH msg=audit(1756104799.724:695): item=0 name="/home/opc/logai/enterprise_mnc_audit_sim/system/logs/application.log" inode=33640 dev=08:01 mode=0100644 ouid=0 ogid=0
Aug 25 06:53:19 aitest audit: type=SYSCALL msg=audit(1756104799.724:969): arch=c000003e syscall=59 success=yes exit=0 pid=7590 uid=2004 gid=2004 comm="tail" exe="/usr/bin/tail" key="process_execution"
Aug 25 06:53:27 aitest audit: type=PATH msg=audit(1756104807.947:241): item=0 name="/home/opc/logai/enterprise_mnc_audit_sim/system/configs/" inode=15026 dev=08:01 mode=0100644 ouid=0 ogid=0
Aug 25 06:53:27 aitest audit: type=SYSCALL msg=audit(1756104807.947:292): arch=c000003e syscall=59 success=yes exit=0 pid=9481 uid=2004 gid=2004 comm="ls" exe="/usr/bin/ls" key="process_execution"
Aug 25 06:53:35 aitest audit: type=PATH msg=audit(1756104815.62:223): item=0 name="/home/opc/logai/enterprise_mnc_audit_sim/system" inode=16478 dev=08:01 mode=0100644 ouid=0 ogid=0
Aug 25 06:53:35 aitest audit: type=SYSCALL msg=audit(1756104815.62:500): arch=c000003e syscall=59 success=yes exit=0 pid=5256 uid=2004 gid=2004 comm="find" exe="/usr/bin/find" key="process_execution"
Aug 25 06:55:36 aitest audit: type=SYSCALL msg=audit(1756104936.867:367): arch=c000003e syscall=59 success=yes exit=0 pid=4644 uid=2008 gid=2008 comm="last" exe="/usr/bin/last" key="process_execution"
Aug 25 06:55:42 aitest audit: type=SYSCALL msg=audit(1756104942.549:955): arch=c000003e syscall=59 success=yes exit=0 pid=2391 uid=2008 gid=2008 comm="find" exe="/usr/bin/find" key="process_execution"
Aug 25 06:55:49 aitest audit: type=SYSCALL msg=audit(1756104949.654:214): arch=c000003e syscall=59 success=yes exit=0 pid=11573 uid=2008 gid=2008 comm="find" exe="/usr/bin/find" key="process_execution"
Aug 25 06:56:39 aitest audit: type=PATH msg=audit(1756104999.986:950): item=0 name="/home/opc/logai/enterprise_mnc_audit_sim/enterprise_data/database" inode=12520 dev=08:01 mode=0100644 ouid=0 ogid=0
Aug 25 06:56:39 aitest audit: type=SYSCALL msg=audit(1756104999.986:677): arch=c000003e syscall=59 success=yes exit=0 pid=6641 uid=2005 gid=2005 comm="find" exe="/usr/bin/find" key="process_execution"
Aug 25 06:56:46 aitest audit: type=PATH msg=audit(1756105006.895:872): item=0 name="/home/opc/logai/enterprise_mnc_audit_sim/enterprise_data/database/mysql/db_config.cnf" inode=27642 dev=08:01 mode=0100644 ouid=0 ogid=0
Aug 25 06:56:46 aitest audit: type=SYSCALL msg=audit(1756105006.895:421): arch=c000003e syscall=59 success=yes exit=0 pid=4181 uid=2005 gid=2005 comm="chmod" exe="/usr/bin/chmod" key="process_execution"
Aug 25 07:05:27 aitest audit: type=SYSCALL msg=audit(1756105527.314:736): arch=c000003e syscall=59 success=yes exit=0 pid=4983 uid=2001 gid=2001 comm="netstat" exe="/usr/bin/netstat" key="process_execution"
Aug 25 07:05:29 aitest audit: type=PATH msg=audit(1756105529.682:916): item=0 name="/home/opc/logai/enterprise_mnc_audit_sim/applications/" inode=11402 dev=08:01 mode=0100644 ouid=0 ogid=0
Aug 25 07:05:29 aitest audit: type=SYSCALL msg=audit(1756105529.682:24): arch=c000003e syscall=59 success=yes exit=0 pid=9722 uid=2001 gid=2001 comm="ls" exe="/usr/bin/ls" key="process_execution"
Aug 25 07:05:38 aitest audit: type=PATH msg=audit(1756105538.332:452): item=0 name="/home/opc/logai/enterprise_mnc_audit_sim/system/configs/server.conf" inode=23913 dev=08:01 mode=0100644 ouid=0 ogid=0
Aug 25 07:05:38 aitest audit: type=SYSCALL msg=audit(1756105538.332:749): arch=c000003e syscall=59 success=yes exit=0 pid=2833 uid=2001 gid=2001 comm="chmod" exe="/usr/bin/chmod" key="process_execution"
Aug 25 07:05:45 aitest audit: type=SYSCALL msg=audit(1756105545.122:165): arch=c000003e syscall=59 success=yes exit=0 pid=3566 uid=2001 gid=2001 comm="ps" exe="/usr/bin/ps" key="process_execution"
Aug 25 07:16:04 aitest audit: type=PATH msg=audit(1756106164.627:671): item=0 name="/home/opc/logai/enterprise_mnc_audit_sim/enterprise_data/development" inode=20427 dev=08:01 mode=0100644 ouid=0 ogid=0
Aug 25 07:16:04 aitest audit: type=SYSCALL msg=audit(1756106164.627:170): arch=c000003e syscall=59 success=yes exit=0 pid=9555 uid=2003 gid=2003 comm="find" exe="/usr/bin/find" key="process_execution"
Aug 25 07:16:05 aitest audit: type=PATH msg=audit(1756106165.957:245): item=0 name="/home/opc/logai/enterprise_mnc_audit_sim/enterprise_data/development/scripts/build.sh" inode=18478 dev=08:01 mode=0100644 ouid=0 ogid=0
Aug 25 07:16:05 aitest audit: type=SYSCALL msg=audit(1756106165.957:393): arch=c000003e syscall=59 success=yes exit=0 pid=6043 uid=2003 gid=2003 comm="chmod" exe="/usr/bin/chmod" key="process_execution"
Aug 25 07:16:14 aitest audit: type=PATH msg=audit(1756106174.473:903): item=0 name="/home/opc/logai/enterprise_mnc_audit_sim/enterprise_data/development/projects/" inode=18984 dev=08:01 mode=0100644 ouid=0 ogid=0
Aug 25 07:16:14 aitest audit: type=SYSCALL msg=audit(1756106174.473:719): arch=c000003e syscall=59 success=yes exit=0 pid=7960 uid=2003 gid=2003 comm="ls" exe="/usr/bin/ls" key="process_execution"
Aug 25 07:19:16 aitest audit: type=SYSCALL msg=audit(1756106356.454:574): arch=c000003e syscall=59 success=yes exit=0 pid=3528 uid=2007 gid=2007 comm="ps" exe="/usr/bin/ps" key="process_execution"
Aug 25 07:19:22 aitest audit: type=SYSCALL msg=audit(1756106362.158:297): arch=c000003e syscall=59 success=yes exit=0 pid=8097 uid=2007 gid=2007 comm="top" exe="/usr/bin/top" key="process_execution"
Aug 25 07:19:28 aitest audit: type=SYSCALL msg=audit(1756106368.276:842): arch=c000003e syscall=59 success=yes exit=0 pid=3674 uid=2007 gid=2007 comm="tar" exe="/usr/bin/tar" key="process_execution"
Aug 25 07:19:34 aitest audit: type=SYSCALL msg=audit(1756106374.772:138): arch=c000003e syscall=59 success=yes exit=0 pid=10819 uid=2007 gid=2007 comm="top" exe="/usr/bin/top" key="process_execution"
Aug 25 07:31:33 aitest audit: type=PATH msg=audit(1756107093.221:302): item=0 name="/home/opc/logai/enterprise_mnc_audit_sim/applications/" inode=16103 dev=08:01 mode=0100644 ouid=0 ogid=0
Aug 25 07:31:33 aitest audit: type=SYSCALL msg=audit(1756107093.221:225): arch=c000003e syscall=59 success=yes exit=0 pid=4739 uid=2010 gid=2010 comm="ls" exe="/usr/bin/ls" key="process_execution"
Aug 25 07:31:41 aitest audit: type=SYSCALL msg=audit(1756107101.140:771): arch=c000003e syscall=59 success=yes exit=0 pid=3687 uid=2010 gid=2010 comm="ps" exe="/usr/bin/ps" key="process_execution"
Aug 25 07:31:42 aitest audit: type=SYSCALL msg=audit(1756107102.63:997): arch=c000003e syscall=59 success=yes exit=0 pid=11336 uid=2010 gid=2010 comm="du" exe="/usr/bin/du" key="process_execution"
Aug 25 07:31:45 aitest audit: type=SYSCALL msg=audit(1756107105.759:230): arch=c000003e syscall=59 success=yes exit=0 pid=7599 uid=2010 gid=2010 comm="tar" exe="/usr/bin/tar" key="process_execution"
Aug 25 07:31:49 aitest audit: type=SYSCALL msg=audit(1756107109.607:947): arch=c000003e syscall=59 success=yes exit=0 pid=9836 uid=2010 gid=2010 comm="ps" exe="/usr/bin/ps" key="process_execution"
Aug 25 07:36:47 aitest audit: type=SYSCALL msg=audit(1756107407.246:287): arch=c000003e syscall=59 success=yes exit=0 pid=3047 uid=2007 gid=2007 comm="du" exe="/usr/bin/du" key="process_execution"
Aug 25 07:36:49 aitest audit: type=PATH msg=audit(1756107409.864:687): item=0 name="/home/opc/logai/enterprise_mnc_audit_sim/applications/" inode=24201 dev=08:01 mode=0100644 ouid=0 ogid=0
Aug 25 07:36:49 aitest audit: type=SYSCALL msg=audit(1756107409.864:188): arch=c000003e syscall=59 success=yes exit=0 pid=5485 uid=2007 gid=2007 comm="ls" exe="/usr/bin/ls" key="process_execution"
Aug 25 07:36:58 aitest audit: type=SYSCALL msg=audit(1756107418.926:172): arch=c000003e syscall=59 success=yes exit=0 pid=6099 uid=2007 gid=2007 comm="top" exe="/usr/bin/top" key="process_execution"
Aug 25 07:38:15 aitest audit: type=PATH msg=audit(1756107495.421:710): item=0 name="/home/opc/logai/enterprise_mnc_audit_sim/enterprise_data/development" inode=16645 dev=08:01 mode=0100644 ouid=0 ogid=0
Aug 25 07:38:15 aitest audit: type=SYSCALL msg=audit(1756107495.421:56): arch=c000003e syscall=59 success=yes exit=0 pid=10847 uid=2003 gid=2003 comm="find" exe="/usr/bin/find" key="process_execution"
Aug 25 07:38:17 aitest audit: type=PATH msg=audit(1756107497.395:284): item=0 name="/home/opc/logai/enterprise_mnc_audit_sim/enterprise_data/development/projects/project_alpha.txt" inode=18261 dev=08:01 mode=0100644 ouid=0 ogid=0
Aug 25 07:38:17 aitest audit: type=SYSCALL msg=audit(1756107497.395:805): arch=c000003e syscall=59 success=yes exit=0 pid=2679 uid=2003 gid=2003 comm="cat" exe="/usr/bin/cat" key="process_execution"
Aug 25 07:38:19 aitest audit: type=PATH msg=audit(1756107499.341:79): item=0 name="/home/opc/logai/enterprise_mnc_audit_sim/enterprise_data/development" inode=19689 dev=08:01 mode=0100644 ouid=0 ogid=0
Aug 25 07:38:19 aitest audit: type=SYSCALL msg=audit(1756107499.341:509): arch=c000003e syscall=59 success=yes exit=0 pid=11520 uid=2003 gid=2003 comm="find" exe="/usr/bin/find" key="process_execution"
Aug 25 08:01:09 aitest audit: type=SYSCALL msg=audit(1756108869.167:201): arch=c000003e syscall=59 success=yes exit=0 pid=7032 uid=2006 gid=2006 comm="find" exe="/usr/bin/find" key="process_execution"
Aug 25 08:09:34 aitest audit: type=SYSCALL msg=audit(1756109374.744:867): arch=c000003e syscall=59 success=yes exit=0 pid=2934 uid=2003 gid=2003 comm="grep" exe="/usr/bin/grep" key="process_execution"
Aug 25 08:09:39 aitest audit: type=PATH msg=audit(1756109379.267:11): item=0 name="/home/opc/logai/enterprise_mnc_audit_sim/enterprise_data/development/projects/" inode=13348 dev=08:01 mode=0100644 ouid=0 ogid=0
Aug 25 08:09:39 aitest audit: type=SYSCALL msg=audit(1756109379.267:321): arch=c000003e syscall=59 success=yes exit=0 pid=6377 uid=2003 gid=2003 comm="ls" exe="/usr/bin/ls" key="process_execution"
Aug 25 08:09:44 aitest audit: type=PATH msg=audit(1756109384.812:106): item=0 name="/home/opc/logai/enterprise_mnc_audit_sim/enterprise_data/development/scripts/build.sh" inode=35304 dev=08:01 mode=0100644 ouid=0 ogid=0
Aug 25 08:09:44 aitest audit: type=SYSCALL msg=audit(1756109384.812:192): arch=c000003e syscall=59 success=yes exit=0 pid=6470 uid=2003 gid=2003 comm="chmod" exe="/usr/bin/chmod" key="process_execution"
Aug 25 08:25:28 aitest audit: type=PATH msg=audit(1756110328.934:517): item=0 name="/home/opc/logai/enterprise_mnc_audit_sim/enterprise_data/development/projects/" inode=30187 dev=08:01 mode=0100644 ouid=0 ogid=0
Aug 25 08:25:28 aitest audit: type=SYSCALL msg=audit(1756110328.934:612): arch=c000003e syscall=59 success=yes exit=0 pid=3470 uid=2006 gid=2006 comm="ls" exe="/usr/bin/ls" key="process_execution"
Aug 25 08:25:36 aitest audit: type=PATH msg=audit(1756110336.611:311): item=0 name="/home/opc/logai/enterprise_mnc_audit_sim/enterprise_data/development/scripts/build.sh" inode=16989 dev=08:01 mode=0100644 ouid=0 ogid=0
Aug 25 08:25:36 aitest audit: type=SYSCALL msg=audit(1756110336.611:656): arch=c000003e syscall=59 success=yes exit=0 pid=7931 uid=2006 gid=2006 comm="chmod" exe="/usr/bin/chmod" key="process_execution"
Aug 25 08:25:38 aitest audit: type=PATH msg=audit(1756110338.179:832): item=0 name="/home/opc/logai/enterprise_mnc_audit_sim/enterprise_data/development/projects/" inode=34356 dev=08:01 mode=0100644 ouid=0 ogid=0
Aug 25 08:25:38 aitest audit: type=SYSCALL msg=audit(1756110338.179:474): arch=c000003e syscall=59 success=yes exit=0 pid=10212 uid=2006 gid=2006 comm="ls" exe="/usr/bin/ls" key="process_execution"
Aug 25 08:27:32 aitest audit: type=SYSCALL msg=audit(1756110452.652:77): arch=c000003e syscall=59 success=yes exit=0 pid=3196 uid=2007 gid=2007 comm="tar" exe="/usr/bin/tar" key="process_execution"
Aug 25 08:27:37 aitest audit: type=PATH msg=audit(1756110457.8:223): item=0 name="/home/opc/logai/enterprise_mnc_audit_sim/enterprise_data/operations/" inode=16756 dev=08:01 mode=0100644 ouid=0 ogid=0
Aug 25 08:27:37 aitest audit: type=SYSCALL msg=audit(1756110457.8:916): arch=c000003e syscall=59 success=yes exit=0 pid=3702 uid=2007 gid=2007 comm="ls" exe="/usr/bin/ls" key="process_execution"
Aug 25 08:27:43 aitest audit: type=SYSCALL msg=audit(1756110463.718:647): arch=c000003e syscall=59 success=yes exit=0 pid=6720 uid=2007 gid=2007 comm="du" exe="/usr/bin/du" key="process_execution"
Aug 25 08:29:48 aitest audit: type=SYSCALL msg=audit(1756110588.632:173): arch=c000003e syscall=59 success=yes exit=0 pid=7100 uid=2007 gid=2007 comm="top" exe="/usr/bin/top" key="process_execution"
Aug 25 08:29:52 aitest audit: type=PATH msg=audit(1756110592.64:970): item=0 name="/home/opc/logai/enterprise_mnc_audit_sim/enterprise_data/operations" inode=29153 dev=08:01 mode=0100644 ouid=0 ogid=0
Aug 25 08:29:52 aitest audit: type=SYSCALL msg=audit(1756110592.64:981): arch=c000003e syscall=59 success=yes exit=0 pid=3672 uid=2007 gid=2007 comm="find" exe="/usr/bin/find" key="process_execution"
Aug 25 08:38:15 aitest audit: type=SYSCALL msg=audit(1756111095.284:749): arch=c000003e syscall=59 success=yes exit=0 pid=9134 uid=2007 gid=2007 comm="top" exe="/usr/bin/top" key="process_execution"
Aug 25 08:38:24 aitest audit: type=PATH msg=audit(1756111104.676:47): item=0 name="/home/opc/logai/enterprise_mnc_audit_sim/applications/" inode=32372 dev=08:01 mode=0100644 ouid=0 ogid=0
Aug 25 08:38:24 aitest audit: type=SYSCALL msg=audit(1756111104.676:914): arch=c000003e syscall=59 success=yes exit=0 pid=5720 uid=2007 gid=2007 comm="ls" exe="/usr/bin/ls" key="process_execution"
Aug 25 08:38:34 aitest audit: type=PATH msg=audit(1756111114.781:600): item=0 name="/home/opc/logai/enterprise_mnc_audit_sim/enterprise_data/operations" inode=15485 dev=08:01 mode=0100644 ouid=0 ogid=0
Aug 25 08:38:34 aitest audit: type=SYSCALL msg=audit(1756111114.781:581): arch=c000003e syscall=59 success=yes exit=0 pid=7379 uid=2007 gid=2007 comm="find" exe="/usr/bin/find" key="process_execution"
Aug 25 08:38:41 aitest audit: type=PATH msg=audit(1756111121.784:588): item=0 name="/home/opc/logai/enterprise_mnc_audit_sim/enterprise_data/operations/" inode=28746 dev=08:01 mode=0100644 ouid=0 ogid=0
Aug 25 08:38:41 aitest audit: type=SYSCALL msg=audit(1756111121.784:675): arch=c000003e syscall=59 success=yes exit=0 pid=6792 uid=2007 gid=2007 comm="ls" exe="/usr/bin/ls" key="process_execution"
Aug 25 08:40:13 aitest audit: type=SYSCALL msg=audit(1756111213.213:738): arch=c000003e syscall=59 success=yes exit=0 pid=3597 uid=2005 gid=2005 comm="du" exe="/usr/bin/du" key="process_execution"
Aug 25 08:40:21 aitest audit: type=SYSCALL msg=audit(1756111221.274:488): arch=c000003e syscall=59 success=yes exit=0 pid=7746 uid=2005 gid=2005 comm="grep" exe="/usr/bin/grep" key="process_execution"
Aug 25 08:40:24 aitest audit: type=PATH msg=audit(1756111224.389:533): item=0 name="/home/opc/logai/enterprise_mnc_audit_sim/applications/databases/" inode=25282 dev=08:01 mode=0100644 ouid=0 ogid=0
Aug 25 08:40:24 aitest audit: type=SYSCALL msg=audit(1756111224.389:645): arch=c000003e syscall=59 success=yes exit=0 pid=9374 uid=2005 gid=2005 comm="ls" exe="/usr/bin/ls" key="process_execution"
Aug 25 08:40:30 aitest audit: type=SYSCALL msg=audit(1756111230.721:283): arch=c000003e syscall=59 success=yes exit=0 pid=10593 uid=2005 gid=2005 comm="cp" exe="/usr/bin/cp" key="process_execution"
Aug 25 08:40:40 aitest audit: type=PATH msg=audit(1756111240.484:585): item=0 name="/home/opc/logai/enterprise_mnc_audit_sim/applications/databases/" inode=21585 dev=08:01 mode=0100644 ouid=0 ogid=0
Aug 25 08:40:40 aitest audit: type=SYSCALL msg=audit(1756111240.484:683): arch=c000003e syscall=59 success=yes exit=0 pid=2478 uid=2005 gid=2005 comm="ls" exe="/usr/bin/ls" key="process_execution"
Aug 25 08:43:16 aitest audit: type=PATH msg=audit(1756111396.720:822): item=0 name="/home/opc/logai/enterprise_mnc_audit_sim/system/configs/" inode=36950 dev=08:01 mode=0100644 ouid=0 ogid=0
Aug 25 08:43:16 aitest audit: type=SYSCALL msg=audit(1756111396.720:667): arch=c000003e syscall=59 success=yes exit=0 pid=3598 uid=2001 gid=2001 comm="ls" exe="/usr/bin/ls" key="process_execution"
Aug 25 08:43:24 aitest audit: type=PATH msg=audit(1756111404.393:73): item=0 name="/home/opc/logai/enterprise_mnc_audit_sim/system/configs/" inode=20743 dev=08:01 mode=0100644 ouid=0 ogid=0
Aug 25 08:43:24 aitest audit: type=SYSCALL msg=audit(1756111404.393:350): arch=c000003e syscall=59 success=yes exit=0 pid=10528 uid=2001 gid=2001 comm="ls" exe="/usr/bin/ls" key="process_execution"
Aug 25 08:43:30 aitest audit: type=SYSCALL msg=audit(1756111410.548:560): arch=c000003e syscall=59 success=yes exit=0 pid=7415 uid=2001 gid=2001 comm="free" exe="/usr/bin/free" key="process_execution"
Aug 25 08:43:36 aitest audit: type=PATH msg=audit(1756111416.778:901): item=0 name="/home/opc/logai/enterprise_mnc_audit_sim/system/logs/application.log" inode=38292 dev=08:01 mode=0100644 ouid=0 ogid=0
Aug 25 08:43:36 aitest audit: type=SYSCALL msg=audit(1756111416.778:577): arch=c000003e syscall=59 success=yes exit=0 pid=10059 uid=2001 gid=2001 comm="tail" exe="/usr/bin/tail" key="process_execution"
Aug 25 08:43:43 aitest audit: type=PATH msg=audit(1756111423.631:173): item=0 name="/home/opc/logai/enterprise_mnc_audit_sim/system/logs/application.log" inode=37977 dev=08:01 mode=0100644 ouid=0 ogid=0
Aug 25 08:43:43 aitest audit: type=SYSCALL msg=audit(1756111423.631:605): arch=c000003e syscall=59 success=yes exit=0 pid=3775 uid=2001 gid=2001 comm="tail" exe="/usr/bin/tail" key="process_execution"
Aug 25 08:55:16 aitest audit: type=SYSCALL msg=audit(1756112116.253:80): arch=c000003e syscall=59 success=yes exit=0 pid=5027 uid=2001 gid=2001 comm="netstat" exe="/usr/bin/netstat" key="process_execution"
Aug 25 08:55:21 aitest audit: type=PATH msg=audit(1756112121.66:627): item=0 name="/home/opc/logai/enterprise_mnc_audit_sim/system/logs/application.log" inode=32454 dev=08:01 mode=0100644 ouid=0 ogid=0
Aug 25 08:55:21 aitest audit: type=SYSCALL msg=audit(1756112121.66:862): arch=c000003e syscall=59 success=yes exit=0 pid=8873 uid=2001 gid=2001 comm="tail" exe="/usr/bin/tail" key="process_execution"
Aug 25 08:55:25 aitest audit: type=SYSCALL msg=audit(1756112125.443:184): arch=c000003e syscall=59 success=yes exit=0 pid=3849 uid=2001 gid=2001 comm="ps" exe="/usr/bin/ps" key="process_execution"
Aug 25 08:59:24 aitest audit: type=PATH msg=audit(1756112364.863:919): item=0 name="/home/opc/logai/enterprise_mnc_audit_sim/enterprise_data/database" inode=15297 dev=08:01 mode=0100644 ouid=0 ogid=0
Aug 25 08:59:24 aitest audit: type=SYSCALL msg=audit(1756112364.863:141): arch=c000003e syscall=59 success=yes exit=0 pid=6219 uid=2005 gid=2005 comm="find" exe="/usr/bin/find" key="process_execution"
Aug 25 08:59:29 aitest audit: type=SYSCALL msg=audit(1756112369.915:232): arch=c000003e syscall=59 success=yes exit=0 pid=4197 uid=2005 gid=2005 comm="grep" exe="/usr/bin/grep" key="process_execution"
Aug 25 08:59:39 aitest audit: type=SYSCALL msg=audit(1756112379.817:250): arch=c000003e syscall=59 success=yes exit=0 pid=9646 uid=2005 gid=2005 comm="grep" exe="/usr/bin/grep" key="process_execution"
Aug 25 09:02:10 aitest audit: type=PATH msg=audit(1756112530.36:17): item=0 name="/home/opc/logai/enterprise_mnc_audit_sim/enterprise_data/hr/" inode=12478 dev=08:01 mode=0100644 ouid=0 ogid=0
Aug 25 09:02:10 aitest audit: type=SYSCALL msg=audit(1756112530.36:640): arch=c000003e syscall=59 success=yes exit=0 pid=6378 uid=2008 gid=2008 comm="chmod" exe="/usr/bin/chmod" key="process_execution"
Aug 25 09:02:17 aitest audit: type=SYSCALL msg=audit(1756112537.523:382): arch=c000003e syscall=59 success=yes exit=0 pid=5712 uid=2008 gid=2008 comm="netstat" exe="/usr/bin/netstat" key="process_execution"
Aug 25 09:02:18 aitest audit: type=SYSCALL msg=audit(1756112538.479:347): arch=c000003e syscall=59 success=yes exit=0 pid=6833 uid=2008 gid=2008 comm="w" exe="/usr/bin/w" key="process_execution"
Aug 25 09:02:22 aitest audit: type=SYSCALL msg=audit(1756112542.117:771): arch=c000003e syscall=59 success=yes exit=0 pid=10343 uid=2008 gid=2008 comm="find" exe="/usr/bin/find" key="process_execution"
Aug 25 09:02:24 aitest audit: type=SYSCALL msg=audit(1756112544.764:773): arch=c000003e syscall=59 success=yes exit=0 pid=8152 uid=2008 gid=2008 comm="w" exe="/usr/bin/w" key="process_execution"
Aug 25 09:02:52 aitest audit: type=PATH msg=audit(1756112572.253:944): item=0 name="/home/opc/logai/enterprise_mnc_audit_sim/system" inode=29865 dev=08:01 mode=0100644 ouid=0 ogid=0
Aug 25 09:02:52 aitest audit: type=SYSCALL msg=audit(1756112572.253:800): arch=c000003e syscall=59 success=yes exit=0 pid=10515 uid=2001 gid=2001 comm="find" exe="/usr/bin/find" key="process_execution"
Aug 25 09:02:54 aitest audit: type=SYSCALL msg=audit(1756112574.165:233): arch=c000003e syscall=59 success=yes exit=0 pid=2739 uid=2001 gid=2001 comm="df" exe="/usr/bin/df" key="process_execution"
Aug 25 09:03:04 aitest audit: type=PATH msg=audit(1756112584.740:898): item=0 name="/home/opc/logai/enterprise_mnc_audit_sim/applications/" inode=38683 dev=08:01 mode=0100644 ouid=0 ogid=0
Aug 25 09:03:04 aitest audit: type=SYSCALL msg=audit(1756112584.740:13): arch=c000003e syscall=59 success=yes exit=0 pid=2938 uid=2001 gid=2001 comm="ls" exe="/usr/bin/ls" key="process_execution"
Aug 25 09:03:13 aitest audit: type=SYSCALL msg=audit(1756112593.572:866): arch=c000003e syscall=59 success=yes exit=0 pid=8509 uid=2001 gid=2001 comm="ps" exe="/usr/bin/ps" key="process_execution"
Aug 25 09:03:16 aitest audit: type=PATH msg=audit(1756112596.730:452): item=0 name="/home/opc/logai/enterprise_mnc_audit_sim/system/logs/application.log" inode=24224 dev=08:01 mode=0100644 ouid=0 ogid=0
Aug 25 09:03:16 aitest audit: type=SYSCALL msg=audit(1756112596.730:552): arch=c000003e syscall=59 success=yes exit=0 pid=10611 uid=2001 gid=2001 comm="tail" exe="/usr/bin/tail" key="process_execution"
Aug 25 09:04:08 aitest audit: type=PATH msg=audit(1756112648.87:922): item=0 name="/home/opc/logai/enterprise_mnc_audit_sim/enterprise_data/database" inode=37456 dev=08:01 mode=0100644 ouid=0 ogid=0
Aug 25 09:04:08 aitest audit: type=SYSCALL msg=audit(1756112648.87:770): arch=c000003e syscall=59 success=yes exit=0 pid=5810 uid=2005 gid=2005 comm="find" exe="/usr/bin/find" key="process_execution"
Aug 25 09:04:09 aitest audit: type=SYSCALL msg=audit(1756112649.62:373): arch=c000003e syscall=59 success=yes exit=0 pid=2594 uid=2005 gid=2005 comm="grep" exe="/usr/bin/grep" key="process_execution"
Aug 25 09:04:19 aitest audit: type=PATH msg=audit(1756112659.677:694): item=0 name="/home/opc/logai/enterprise_mnc_audit_sim/enterprise_data/database" inode=16891 dev=08:01 mode=0100644 ouid=0 ogid=0
Aug 25 09:04:19 aitest audit: type=SYSCALL msg=audit(1756112659.677:997): arch=c000003e syscall=59 success=yes exit=0 pid=7977 uid=2005 gid=2005 comm="find" exe="/usr/bin/find" key="process_execution"
Aug 25 09:04:22 aitest audit: type=PATH msg=audit(1756112662.222:674): item=0 name="/home/opc/logai/enterprise_mnc_audit_sim/applications/databases/" inode=36683 dev=08:01 mode=0100644 ouid=0 ogid=0
Aug 25 09:04:22 aitest audit: type=SYSCALL msg=audit(1756112662.222:172): arch=c000003e syscall=59 success=yes exit=0 pid=2301 uid=2005 gid=2005 comm="ls" exe="/usr/bin/ls" key="process_execution"
Aug 25 09:04:59 aitest audit: type=PATH msg=audit(1756112699.256:418): item=0 name="/home/opc/logai/enterprise_mnc_audit_sim/enterprise_data/hr/" inode=12644 dev=08:01 mode=0100644 ouid=0 ogid=0
Aug 25 09:04:59 aitest audit: type=SYSCALL msg=audit(1756112699.256:547): arch=c000003e syscall=59 success=yes exit=0 pid=4061 uid=2008 gid=2008 comm="ls" exe="/usr/bin/ls" key="process_execution"
Aug 25 09:05:06 aitest audit: type=PATH msg=audit(1756112706.581:395): item=0 name="/home/opc/logai/enterprise_mnc_audit_sim/enterprise_data/hr/" inode=41393 dev=08:01 mode=0100644 ouid=0 ogid=0
Aug 25 09:05:06 aitest audit: type=SYSCALL msg=audit(1756112706.581:962): arch=c000003e syscall=59 success=yes exit=0 pid=11307 uid=2008 gid=2008 comm="ls" exe="/usr/bin/ls" key="process_execution"
Aug 25 09:05:07 aitest audit: type=PATH msg=audit(1756112707.74:590): item=0 name="/home/opc/logai/enterprise_mnc_audit_sim/enterprise_data/" inode=26640 dev=08:01 mode=0100644 ouid=0 ogid=0
Aug 25 09:05:07 aitest audit: type=SYSCALL msg=audit(1756112707.74:4): arch=c000003e syscall=59 success=yes exit=0 pid=5415 uid=2008 gid=2008 comm="ls" exe="/usr/bin/ls" key="process_execution"
Aug 25 09:05:13 aitest audit: type=SYSCALL msg=audit(1756112713.854:153): arch=c000003e syscall=59 success=yes exit=0 pid=4235 uid=2008 gid=2008 comm="find" exe="/usr/bin/find" key="process_execution"
