Aug 20 00:00:56: User heidi executed 'netstat' (/usr/bin/netstat) on file '/home/opc/logai/enterprise_mnc_audit_sim/enterprise_data/hr/'
Aug 20 00:07:09: User heidi executed 'ls' (/usr/bin/ls) on file '/home/opc/logai/enterprise_mnc_audit_sim/system/configs/server.conf'
Aug 20 00:07:11: User dave executed 'chmod' (/usr/bin/chmod) on file '/home/opc/logai/enterprise_mnc_audit_sim/system/configs/server.conf'
Aug 20 00:07:14: User dave executed 'chmod' (/usr/bin/chmod) on file '/home/opc/logai/enterprise_mnc_audit_sim/system/configs/server.conf'
Aug 20 00:15:34: User dave executed 'df' (/usr/bin/df) on file '/home/opc/logai/enterprise_mnc_audit_sim/enterprise_data/hr/'
Aug 20 00:15:46: User heidi executed 'w' (/usr/bin/w) on file '/home/opc/logai/enterprise_mnc_audit_sim/enterprise_data/hr/'
Aug 20 00:23:52: User heidi executed 'ls' (/usr/bin/ls) on file '/home/opc/logai/enterprise_mnc_audit_sim/system'
Aug 20 00:24:08: User dave executed 'netstat' (/usr/bin/netstat) on file '/home/opc/logai/enterprise_mnc_audit_sim/system/logs/application.log'
Aug 20 00:31:12: User dave executed 'tail' (/usr/bin/tail) on file '/home/opc/logai/enterprise_mnc_audit_sim/enterprise_data/'
Aug 20 00:35:58: User carol executed 'wc' (/usr/bin/wc) on file '/home/opc/logai/enterprise_mnc_audit_sim/enterprise_data/development/'
Aug 20 00:36:02: User carol executed 'ls' (/usr/bin/ls) on file '/home/opc/logai/enterprise_mnc_audit_sim/enterprise_data/development/projects/'
Aug 20 00:38:03: User bob executed 'du' (/usr/bin/du) on file '/home/opc/logai/enterprise_mnc_audit_sim/applications/databases/'
Aug 20 00:55:52: User bob executed 'ls' (/usr/bin/ls) on file '/home/opc/logai/enterprise_mnc_audit_sim/enterprise_data/development'
Aug 20 00:55:55: User frank executed 'find' (/usr/bin/find) on file '/home/opc/logai/enterprise_mnc_audit_sim/enterprise_data/development/'
Aug 20 00:56:02: User frank executed 'ls' (/usr/bin/ls) on file '/home/opc/logai/enterprise_mnc_audit_sim/enterprise_data/development/projects/'
Aug 20 00:56:07: User frank executed 'ls' (/usr/bin/ls) on file '/home/opc/logai/enterprise_mnc_audit_sim/enterprise_data/development/projects/project_alpha.txt'
Aug 20 00:56:09: User frank executed 'cat' (/usr/bin/cat) on file '/home/opc/logai/enterprise_mnc_audit_sim/enterprise_data/development/'
Aug 20 01:13:46: User john executed 'cp' (/usr/bin/cp) on file '/home/opc/logai/enterprise_mnc_audit_sim/enterprise_data/development/scripts/build.sh'
Aug 20 01:13:55: User john executed 'chmod' (/usr/bin/chmod) on file '/home/opc/logai/enterprise_mnc_audit_sim/enterprise_data/development'
Aug 20 01:14:03: User john executed 'wc' (/usr/bin/wc) on file '/home/opc/logai/enterprise_mnc_audit_sim/enterprise_data/development/scripts/build.sh'
Aug 20 01:18:56: User john executed 'chmod' (/usr/bin/chmod) on file '/home/opc/logai/enterprise_mnc_audit_sim/enterprise_data/database/'
Aug 20 01:19:01: User eve executed 'ls' (/usr/bin/ls) on file '/home/opc/logai/enterprise_mnc_audit_sim/enterprise_data/database/mysql/db_config.cnf'
Aug 20 01:22:33: User heidi executed 'who' (/usr/bin/who) on file '/home/opc/logai/enterprise_mnc_audit_sim/enterprise_data/'
Aug 20 01:25:55: User grace executed 'top' (/usr/bin/top) on file '/home/opc/logai/enterprise_mnc_audit_sim/enterprise_data/operations/'
Aug 20 01:38:21: User grace executed 'tar' (/usr/bin/tar) on file '/home/opc/logai/enterprise_mnc_audit_sim/enterprise_data/operations/scripts/'
Aug 20 01:38:29: User grace executed 'chmod' (/usr/bin/chmod) on file '/home/opc/logai/enterprise_mnc_audit_sim/enterprise_data/operations/scripts/'
Aug 20 01:38:37: Authentication event for user john - Failed password for john from 192.168.1.100
Aug 20 01:46:02: User john executed 'history' (/usr/bin/history) on file '/home/opc/logai/enterprise_mnc_audit_sim/applications/'
Aug 20 01:46:03: User dave executed 'ls' (/usr/bin/ls) on file '/home/opc/logai/enterprise_mnc_audit_sim/system/logs/application.log'
Aug 20 01:46:08: User dave executed 'netstat' (/usr/bin/netstat) on file '/home/opc/logai/enterprise_mnc_audit_sim/system'
Aug 20 01:48:49: User frank executed 'cp' (/usr/bin/cp) on file '/home/opc/logai/enterprise_mnc_audit_sim/enterprise_data/development/'
Aug 20 01:49:13: User frank executed 'cp' (/usr/bin/cp) on file '/home/opc/logai/enterprise_mnc_audit_sim/enterprise_data/development/projects/'
Aug 20 01:56:59: User alice executed 'free' (/usr/bin/free) on file '/home/opc/logai/enterprise_mnc_audit_sim/applications/'
Aug 20 01:57:07: User alice executed 'ls' (/usr/bin/ls) on file '/home/opc/logai/enterprise_mnc_audit_sim/system/configs/'
Aug 20 02:00:13: User alice executed 'ls' (/usr/bin/ls) on file '/home/opc/logai/enterprise_mnc_audit_sim/system/logs/application.log'
Aug 20 02:00:18: User alice executed 'tail' (/usr/bin/tail) on file '/home/opc/logai/enterprise_mnc_audit_sim/system/configs/'
Aug 20 02:00:25: User alice executed 'ls' (/usr/bin/ls) on file '/home/opc/logai/enterprise_mnc_audit_sim/applications/'
Aug 20 02:00:34: User alice executed 'ls' (/usr/bin/ls) on file '/home/opc/logai/enterprise_mnc_audit_sim/system/logs/application.log'
Aug 20 02:05:09: User alice executed 'tail' (/usr/bin/tail) on file '/home/opc/logai/enterprise_mnc_audit_sim/enterprise_data/development/scripts/build.sh'
Aug 20 02:05:17: User frank executed 'chmod' (/usr/bin/chmod) on file '/home/opc/logai/enterprise_mnc_audit_sim/enterprise_data/development/projects/project_alpha.txt'
Aug 20 02:05:25: User frank executed 'cat' (/usr/bin/cat) on file '/home/opc/logai/enterprise_mnc_audit_sim/enterprise_data/development/scripts/build.sh'
Aug 20 02:05:35: User frank executed 'chmod' (/usr/bin/chmod) on file '/home/opc/logai/enterprise_mnc_audit_sim/enterprise_data/development/scripts/build.sh'
Aug 20 02:05:42: User frank executed 'chmod' (/usr/bin/chmod) on file '/home/opc/logai/enterprise_mnc_audit_sim/enterprise_data/development/scripts/build.sh'
Aug 20 02:09:51: User frank executed 'chmod' (/usr/bin/chmod) on file '/home/opc/logai/enterprise_mnc_audit_sim/enterprise_data/operations'
Aug 20 02:14:33: User grace executed 'ps' (/usr/bin/ps) on file '/home/opc/logai/enterprise_mnc_audit_sim/enterprise_data/database/'
Aug 20 02:14:36: User bob executed 'ls' (/usr/bin/ls) on file '/home/opc/logai/enterprise_mnc_audit_sim/enterprise_data/database'
Aug 20 02:20:08: User frank executed 'grep' (/usr/bin/grep) on file '/home/opc/logai/enterprise_mnc_audit_sim/enterprise_data/development/projects/project_alpha.txt'
Aug 20 02:20:14: User frank executed 'cat' (/usr/bin/cat) on file '/home/opc/logai/enterprise_mnc_audit_sim/enterprise_data/development/projects/project_alpha.txt'
Aug 20 02:23:40: User frank executed 'cat' (/usr/bin/cat) on file '/home/opc/logai/enterprise_mnc_audit_sim/system/configs/'
Aug 20 02:24:05: User dave executed 'netstat' (/usr/bin/netstat) on file '/home/opc/logai/enterprise_mnc_audit_sim/enterprise_data/operations'
Aug 20 02:24:05: Authentication event for user grace - Accepted password for grace from 192.168.1.50
Aug 20 02:24:15: User grace executed 'find' (/usr/bin/find) on file '/home/opc/logai/enterprise_mnc_audit_sim/applications/'
Aug 20 02:24:16: User grace executed 'ls' (/usr/bin/ls) on file '/home/opc/logai/enterprise_mnc_audit_sim/enterprise_data/operations'
Aug 20 02:24:22: User grace executed 'find' (/usr/bin/find) on file '/home/opc/logai/enterprise_mnc_audit_sim/applications/'
Aug 20 02:24:26: User grace executed 'ls' (/usr/bin/ls) on file '/home/opc/logai/enterprise_mnc_audit_sim/enterprise_data/operations/scripts/'
Aug 20 02:24:34: User sarah executed 'chmod' (/usr/bin/chmod) on file '/home/opc/logai/enterprise_mnc_audit_sim/enterprise_data/operations/'
Aug 20 02:27:59: User sarah executed 'ls' (/usr/bin/ls) on file '/home/opc/logai/enterprise_mnc_audit_sim/system/logs/application.log'
Aug 20 02:28:05: User alice executed 'tail' (/usr/bin/tail) on file '/home/opc/logai/enterprise_mnc_audit_sim/system/configs/server.conf'
Aug 20 02:28:50: User alice executed 'ps' (/usr/bin/ps) on file '/home/opc/logai/enterprise_mnc_audit_sim/enterprise_data/development'
Aug 20 02:28:59: User frank executed 'find' (/usr/bin/find) on file '/home/opc/logai/enterprise_mnc_audit_sim/enterprise_data/development/'
Aug 20 02:29:02: User frank executed 'ls' (/usr/bin/ls) on file '/home/opc/logai/enterprise_mnc_audit_sim/enterprise_data/development'
Aug 20 02:35:23: User frank executed 'find' (/usr/bin/find) on file '/home/opc/logai/enterprise_mnc_audit_sim/enterprise_data/database/mysql/db_config.cnf'
Aug 20 02:35:29: User eve executed 'chmod' (/usr/bin/chmod) on file '/home/opc/logai/enterprise_mnc_audit_sim/enterprise_data/database'
Aug 20 02:35:56: User eve executed 'grep' (/usr/bin/grep) on file '/home/opc/logai/enterprise_mnc_audit_sim/enterprise_data/database/'
Aug 20 02:36:03: User bob executed 'ls' (/usr/bin/ls) on file '/home/opc/logai/enterprise_mnc_audit_sim/enterprise_data/database/'
Aug 20 02:36:19: User bob executed 'du' (/usr/bin/du) on file '/home/opc/logai/enterprise_mnc_audit_sim/enterprise_data/database/mysql/db_config.cnf'
Aug 20 02:41:17: User bob executed 'cat' (/usr/bin/cat) on file '/home/opc/logai/enterprise_mnc_audit_sim/applications/'
Aug 20 02:46:04: User alice executed 'netstat' (/usr/bin/netstat) on file '/home/opc/logai/enterprise_mnc_audit_sim/applications/'
Aug 20 02:46:08: User dave executed 'ls' (/usr/bin/ls) on file '/home/opc/logai/enterprise_mnc_audit_sim/system'
Aug 20 02:46:18: User dave executed 'find' (/usr/bin/find) on file '/home/opc/logai/enterprise_mnc_audit_sim/system/configs/server.conf'
Aug 20 02:46:20: User dave executed 'chmod' (/usr/bin/chmod) on file '/home/opc/logai/enterprise_mnc_audit_sim/system/configs/server.conf'
Aug 20 02:46:27: User dave executed 'chmod' (/usr/bin/chmod) on file '/home/opc/logai/enterprise_mnc_audit_sim/system'
Aug 20 02:49:35: User dave executed 'find' (/usr/bin/find) on file '/home/opc/logai/enterprise_mnc_audit_sim/enterprise_data/database'
Aug 20 03:10:33: User bob executed 'du' (/usr/bin/du) on file '/home/opc/logai/enterprise_mnc_audit_sim/enterprise_data/database/mysql/db_config.cnf'
Aug 20 03:10:40: User bob executed 'chmod' (/usr/bin/chmod) on file '/home/opc/logai/enterprise_mnc_audit_sim/enterprise_data/database/mysql/db_config.cnf'
Aug 20 03:18:42: User bob executed 'cat' (/usr/bin/cat) on file '/home/opc/logai/enterprise_mnc_audit_sim/system/configs/server.conf'
Aug 20 03:23:24: User alice executed 'free' (/usr/bin/free) on file '/home/opc/logai/enterprise_mnc_audit_sim/enterprise_data/development/scripts/build.sh'
Aug 20 03:23:31: User john executed 'chmod' (/usr/bin/chmod) on file '/home/opc/logai/enterprise_mnc_audit_sim/enterprise_data/development/scripts/build.sh'
Aug 20 03:23:38: User john executed 'chmod' (/usr/bin/chmod) on file '/home/opc/logai/enterprise_mnc_audit_sim/enterprise_data/development/scripts/build.sh'
Aug 20 03:24:55: User john executed 'grep' (/usr/bin/grep) on file '/home/opc/logai/enterprise_mnc_audit_sim/enterprise_data/development/'
Aug 20 03:24:59: User carol executed 'ls' (/usr/bin/ls) on file '/home/opc/logai/enterprise_mnc_audit_sim/enterprise_data/development/scripts/build.sh'
Aug 20 03:25:00: User carol executed 'chmod' (/usr/bin/chmod) on file '/home/opc/logai/enterprise_mnc_audit_sim/enterprise_data/development/projects/project_alpha.txt'
Aug 20 03:25:05: User carol executed 'cat' (/usr/bin/cat) on file '/home/opc/logai/enterprise_mnc_audit_sim/enterprise_data/development/projects/project_alpha.txt'
Aug 20 03:27:15: User sarah executed 'tar' (/usr/bin/tar) on file '/home/opc/logai/enterprise_mnc_audit_sim/enterprise_data/operations/scripts/'
Aug 20 03:27:29: User sarah executed 'ps' (/usr/bin/ps) on file '/home/opc/logai/enterprise_mnc_audit_sim/enterprise_data/operations'
Aug 20 03:35:13: Authentication event for user sarah - Failed password for sarah from 192.168.1.100
Aug 20 03:39:02: User sarah executed 'wget' (/usr/bin/wget) on file '/home/opc/logai/enterprise_mnc_audit_sim/applications/'
Aug 20 03:39:06: User sarah executed 'ls' (/usr/bin/ls) on file '/home/opc/logai/enterprise_mnc_audit_sim/applications/'
Aug 20 03:39:21: User sarah executed 'ps' (/usr/bin/ps) on file '/home/opc/logai/enterprise_mnc_audit_sim/enterprise_data/operations'
Aug 20 03:46:30: User dave executed 'ps' (/usr/bin/ps) on file '/home/opc/logai/enterprise_mnc_audit_sim/system/configs/server.conf'
Aug 20 03:46:31: User dave executed 'chmod' (/usr/bin/chmod) on file '/home/opc/logai/enterprise_mnc_audit_sim/system/logs/application.log'
Aug 20 03:54:38: User dave executed 'tail' (/usr/bin/tail) on file '/home/opc/logai/enterprise_mnc_audit_sim/enterprise_data/development/projects/project_alpha.txt'
Aug 20 03:54:38: Authentication event for user frank - Accepted password for frank from 192.168.1.50
Aug 20 03:54:48: User frank executed 'cat' (/usr/bin/cat) on file '/home/opc/logai/enterprise_mnc_audit_sim/enterprise_data/development/'
Aug 20 03:58:02: User heidi executed 'last' (/usr/bin/last) on file '/home/opc/logai/enterprise_mnc_audit_sim/enterprise_data/'
Aug 20 04:00:20: User heidi executed 'who' (/usr/bin/who) on file '/home/opc/logai/enterprise_mnc_audit_sim/enterprise_data/'
Aug 20 04:05:08: User heidi executed 'ls' (/usr/bin/ls) on file '/home/opc/logai/enterprise_mnc_audit_sim/enterprise_data/development/projects/'
Aug 20 04:05:14: User john executed 'ls' (/usr/bin/ls) on file '/home/opc/logai/enterprise_mnc_audit_sim/enterprise_data/development/'
Aug 20 04:11:47: Authentication event for user dave - Accepted password for dave from 192.168.1.50
Aug 20 04:12:00: User dave executed 'netstat' (/usr/bin/netstat) on file '/home/opc/logai/enterprise_mnc_audit_sim/system/logs/application.log'
Aug 20 04:12:16: User dave executed 'ps' (/usr/bin/ps) on file '/home/opc/logai/enterprise_mnc_audit_sim/applications/'
Aug 20 04:37:21: User eve executed 'du' (/usr/bin/du) on file '/home/opc/logai/enterprise_mnc_audit_sim/enterprise_data/database/'
Aug 20 04:37:30: User eve executed 'ls' (/usr/bin/ls) on file '/home/opc/logai/enterprise_mnc_audit_sim/enterprise_data/database/mysql/db_config.cnf'
Aug 20 04:42:47: User grace executed 'ps' (/usr/bin/ps) on file '/home/opc/logai/enterprise_mnc_audit_sim/applications/'
Aug 20 04:44:45: User grace executed 'top' (/usr/bin/top) on file '/home/opc/logai/enterprise_mnc_audit_sim/enterprise_data/development/projects/project_alpha.txt'
Aug 20 04:44:53: User frank executed 'cat' (/usr/bin/cat) on file '/home/opc/logai/enterprise_mnc_audit_sim/enterprise_data/development/scripts/build.sh'
Aug 20 04:45:02: User frank executed 'chmod' (/usr/bin/chmod) on file '/home/opc/logai/enterprise_mnc_audit_sim/enterprise_data/development/projects/project_alpha.txt'
Aug 20 04:45:09: User frank executed 'cat' (/usr/bin/cat) on file '/home/opc/logai/enterprise_mnc_audit_sim/enterprise_data/development/'
Aug 20 04:45:19: User frank executed 'ls' (/usr/bin/ls) on file '/home/opc/logai/enterprise_mnc_audit_sim/enterprise_data/development/projects/'
Aug 20 04:49:30: User bob executed 'du' (/usr/bin/du) on file '/home/opc/logai/enterprise_mnc_audit_sim/enterprise_data/database'
Aug 20 04:49:37: User bob executed 'find' (/usr/bin/find) on file '/home/opc/logai/enterprise_mnc_audit_sim/enterprise_data/database'
Aug 20 04:49:38: User bob executed 'find' (/usr/bin/find) on file '/home/opc/logai/enterprise_mnc_audit_sim/enterprise_data/database/mysql/db_config.cnf'
Aug 20 04:50:09: User alice executed 'df' (/usr/bin/df) on file '/home/opc/logai/enterprise_mnc_audit_sim/system'
Aug 20 04:50:10: User alice executed 'find' (/usr/bin/find) on file '/home/opc/logai/enterprise_mnc_audit_sim/system/configs/server.conf'
Aug 20 05:01:48: User bob executed 'grep' (/usr/bin/grep) on file '/home/opc/logai/enterprise_mnc_audit_sim/applications/databases/'
Aug 20 05:01:57: User bob executed 'cp' (/usr/bin/cp) on file '/home/opc/logai/enterprise_mnc_audit_sim/enterprise_data/database/'
Aug 20 05:03:20: User bob executed 'ls' (/usr/bin/ls) on file '/home/opc/logai/enterprise_mnc_audit_sim/enterprise_data/operations/scripts/'
Aug 20 05:04:24: User sarah executed 'top' (/usr/bin/top) on file '/home/opc/logai/enterprise_mnc_audit_sim/enterprise_data/operations/scripts/'
Aug 20 05:04:37: User sarah executed 'du' (/usr/bin/du) on file '/home/opc/logai/enterprise_mnc_audit_sim/applications/'
Aug 20 05:07:23: User frank executed 'wc' (/usr/bin/wc) on file '/home/opc/logai/enterprise_mnc_audit_sim/enterprise_data/development/projects/project_alpha.txt'
Aug 20 05:07:26: User frank executed 'cat' (/usr/bin/cat) on file '/home/opc/logai/enterprise_mnc_audit_sim/enterprise_data/development'
Aug 20 05:19:52: User frank executed 'find' (/usr/bin/find) on file '/home/opc/logai/enterprise_mnc_audit_sim/enterprise_data/development/'
Aug 20 05:19:58: User frank executed 'ls' (/usr/bin/ls) on file '/home/opc/logai/enterprise_mnc_audit_sim/enterprise_data/development'
Aug 20 05:20:07: User frank executed 'find' (/usr/bin/find) on file '/home/opc/logai/enterprise_mnc_audit_sim/enterprise_data/development/projects/project_alpha.txt'
Aug 20 05:20:08: User frank executed 'cat' (/usr/bin/cat) on file '/home/opc/logai/enterprise_mnc_audit_sim/enterprise_data/development/'
Aug 20 05:22:43: User frank executed 'ls' (/usr/bin/ls) on file '/home/opc/logai/enterprise_mnc_audit_sim/enterprise_data/development'
Aug 20 05:35:18: User carol executed 'wc' (/usr/bin/wc) on file '/home/opc/logai/enterprise_mnc_audit_sim/enterprise_data/development/projects/'
Aug 20 05:35:24: User frank executed 'ls' (/usr/bin/ls) on file '/home/opc/logai/enterprise_mnc_audit_sim/enterprise_data/development/'
Aug 20 05:35:29: User frank executed 'ls' (/usr/bin/ls) on file '/home/opc/logai/enterprise_mnc_audit_sim/enterprise_data/development'
Aug 20 05:35:30: User frank executed 'find' (/usr/bin/find) on file '/home/opc/logai/enterprise_mnc_audit_sim/enterprise_data/development'
Aug 20 05:35:33: User frank executed 'find' (/usr/bin/find) on file '/home/opc/logai/enterprise_mnc_audit_sim/applications/'
Aug 20 05:35:40: User sarah executed 'ls' (/usr/bin/ls) on file '/home/opc/logai/enterprise_mnc_audit_sim/enterprise_data/operations'
Aug 20 05:35:53: User sarah executed 'top' (/usr/bin/top) on file '/home/opc/logai/enterprise_mnc_audit_sim/system/configs/server.conf'
Aug 20 05:35:55: User dave executed 'chmod' (/usr/bin/chmod) on file '/home/opc/logai/enterprise_mnc_audit_sim/applications/'
Aug 20 05:35:57: User dave executed 'ls' (/usr/bin/ls) on file '/home/opc/logai/enterprise_mnc_audit_sim/applications/'
Aug 20 05:35:58: User sarah executed 'ls' (/usr/bin/ls) on file '/home/opc/logai/enterprise_mnc_audit_sim/system'
Aug 20 05:38:31: User dave executed 'find' (/usr/bin/find) on file '/home/opc/logai/enterprise_mnc_audit_sim/enterprise_data/operations/scripts/'
Aug 20 05:38:40: User sarah executed 'chmod' (/usr/bin/chmod) on file '/home/opc/logai/enterprise_mnc_audit_sim/applications/'
Aug 20 05:38:49: User sarah executed 'ls' (/usr/bin/ls) on file '/home/opc/logai/enterprise_mnc_audit_sim/enterprise_data/operations/'
Aug 20 05:41:48: User bob executed 'du' (/usr/bin/du) on file '/home/opc/logai/enterprise_mnc_audit_sim/enterprise_data/database/mysql/db_config.cnf'
Aug 20 05:41:54: User bob executed 'chmod' (/usr/bin/chmod) on file '/home/opc/logai/enterprise_mnc_audit_sim/enterprise_data/database'
Aug 20 05:42:03: User bob executed 'find' (/usr/bin/find) on file '/home/opc/logai/enterprise_mnc_audit_sim/enterprise_data/database/'
Aug 20 05:53:12: User bob executed 'ls' (/usr/bin/ls) on file '/home/opc/logai/enterprise_mnc_audit_sim/enterprise_data/database/mysql/db_config.cnf'
Aug 20 05:53:12: Authentication event for user eve - Accepted password for eve from 192.168.1.50
Aug 20 05:53:14: Authentication event for user unknown - Failed password for unknown from 192.168.1.100
Aug 20 05:53:21: User eve executed 'cat' (/usr/bin/cat) on file '/home/opc/logai/enterprise_mnc_audit_sim/enterprise_data/database/mysql/db_config.cnf'
Aug 20 05:53:23: User eve executed 'cat' (/usr/bin/cat) on file '/home/opc/logai/enterprise_mnc_audit_sim/enterprise_data/database/mysql/db_config.cnf'
Aug 20 05:53:30: User eve executed 'chmod' (/usr/bin/chmod) on file '/home/opc/logai/enterprise_mnc_audit_sim/enterprise_data/database/mysql/db_config.cnf'
Aug 20 05:58:02: User eve executed 'chmod' (/usr/bin/chmod) on file '/home/opc/logai/enterprise_mnc_audit_sim/enterprise_data/hr/'
Aug 20 05:58:08: User heidi executed 'w' (/usr/bin/w) on file '/home/opc/logai/enterprise_mnc_audit_sim/enterprise_data/hr/'
Aug 20 05:58:54: User heidi executed 'ls' (/usr/bin/ls) on file '/home/opc/logai/enterprise_mnc_audit_sim/enterprise_data/database/mysql/db_config.cnf'
Aug 20 05:58:56: User bob executed 'cat' (/usr/bin/cat) on file '/home/opc/logai/enterprise_mnc_audit_sim/applications/databases/'
Aug 20 05:59:03: User bob executed 'ls' (/usr/bin/ls) on file '/home/opc/logai/enterprise_mnc_audit_sim/applications/databases/'
Aug 20 05:59:11: User bob executed 'ls' (/usr/bin/ls) on file '/home/opc/logai/enterprise_mnc_audit_sim/enterprise_data/database'
Aug 20 06:02:44: User bob executed 'du' (/usr/bin/du) on file '/home/opc/logai/enterprise_mnc_audit_sim/enterprise_data/development/'
Aug 20 06:02:48: User john executed 'ls' (/usr/bin/ls) on file '/home/opc/logai/enterprise_mnc_audit_sim/enterprise_data/development/projects/project_alpha.txt'
Aug 20 06:02:54: User john executed 'cat' (/usr/bin/cat) on file '/home/opc/logai/enterprise_mnc_audit_sim/enterprise_data/development/scripts/build.sh'
Aug 20 06:03:04: User john executed 'chmod' (/usr/bin/chmod) on file '/home/opc/logai/enterprise_mnc_audit_sim/enterprise_data/development/projects/'
Aug 20 06:04:02: User john executed 'ls' (/usr/bin/ls) on file '/home/opc/logai/enterprise_mnc_audit_sim/enterprise_data/operations/scripts/'
Aug 20 06:04:12: User sarah executed 'chmod' (/usr/bin/chmod) on file '/home/opc/logai/enterprise_mnc_audit_sim/enterprise_data/operations/'
Aug 20 06:13:04: User grace executed 'tar' (/usr/bin/tar) on file '/home/opc/logai/enterprise_mnc_audit_sim/enterprise_data/operations/scripts/'
Aug 20 06:13:09: User grace executed 'chmod' (/usr/bin/chmod) on file '/home/opc/logai/enterprise_mnc_audit_sim/applications/'
Aug 20 06:14:35: User grace executed 'top' (/usr/bin/top) on file '/home/opc/logai/enterprise_mnc_audit_sim/enterprise_data/operations/scripts/'
Aug 20 06:14:41: User grace executed 'chmod' (/usr/bin/chmod) on file '/home/opc/logai/enterprise_mnc_audit_sim/applications/'
Aug 20 06:21:10: User grace executed 'ls' (/usr/bin/ls) on file '/home/opc/logai/enterprise_mnc_audit_sim/enterprise_data/operations'
Aug 20 06:21:27: User sarah executed 'ps' (/usr/bin/ps) on file '/home/opc/logai/enterprise_mnc_audit_sim/enterprise_data/operations'
Aug 20 06:21:33: User sarah executed 'find' (/usr/bin/find) on file '/home/opc/logai/enterprise_mnc_audit_sim/enterprise_data/operations'
Aug 20 06:26:06: User sarah executed 'tar' (/usr/bin/tar) on file '/home/opc/logai/enterprise_mnc_audit_sim/system/configs/server.conf'
Aug 20 06:26:13: User alice executed 'cat' (/usr/bin/cat) on file '/home/opc/logai/enterprise_mnc_audit_sim/system/configs/'
Aug 20 06:29:32: User alice executed 'ls' (/usr/bin/ls) on file '/home/opc/logai/enterprise_mnc_audit_sim/system'
Aug 20 06:29:32: Authentication event for user dave - Accepted password for dave from 192.168.1.50
Aug 20 06:45:50: User dave executed 'df' (/usr/bin/df) on file '/home/opc/logai/enterprise_mnc_audit_sim/enterprise_data/database/mysql/db_config.cnf'
Aug 20 06:45:59: User bob executed 'chmod' (/usr/bin/chmod) on file '/home/opc/logai/enterprise_mnc_audit_sim/enterprise_data/database/mysql/db_config.cnf'
Aug 20 06:46:04: User bob executed 'cat' (/usr/bin/cat) on file '/home/opc/logai/enterprise_mnc_audit_sim/enterprise_data/database/mysql/db_config.cnf'
Aug 20 06:49:07: User sarah executed 'tar' (/usr/bin/tar) on file '/home/opc/logai/enterprise_mnc_audit_sim/enterprise_data/operations'
Aug 20 06:49:17: User sarah executed 'find' (/usr/bin/find) on file '/home/opc/logai/enterprise_mnc_audit_sim/applications/'
Aug 20 06:49:22: User sarah executed 'ls' (/usr/bin/ls) on file '/home/opc/logai/enterprise_mnc_audit_sim/applications/'
Aug 20 06:57:54: User bob executed 'cp' (/usr/bin/cp) on file '/home/opc/logai/enterprise_mnc_audit_sim/enterprise_data/database'
Aug 20 06:57:57: User bob executed 'find' (/usr/bin/find) on file '/home/opc/logai/enterprise_mnc_audit_sim/enterprise_data/database/mysql/db_config.cnf'
Aug 20 06:58:32: User bob executed 'cat' (/usr/bin/cat) on file '/home/opc/logai/enterprise_mnc_audit_sim/enterprise_data/'
Aug 20 06:58:38: User heidi executed 'ls' (/usr/bin/ls) on file '/home/opc/logai/enterprise_mnc_audit_sim/enterprise_data/hr/'
Aug 20 07:01:22: User alice executed 'free' (/usr/bin/free) on file '/home/opc/logai/enterprise_mnc_audit_sim/system/configs/server.conf'
Aug 20 07:02:35: User dave executed 'ps' (/usr/bin/ps) on file '/home/opc/logai/enterprise_mnc_audit_sim/system'
Aug 20 07:02:38: User dave executed 'find' (/usr/bin/find) on file '/home/opc/logai/enterprise_mnc_audit_sim/system/configs/'
Aug 20 07:08:30: User frank executed 'wc' (/usr/bin/wc) on file '/home/opc/logai/enterprise_mnc_audit_sim/enterprise_data/development'
Aug 20 07:08:38: User frank executed 'find' (/usr/bin/find) on file '/home/opc/logai/enterprise_mnc_audit_sim/enterprise_data/development/scripts/build.sh'
Aug 20 07:08:39: User frank executed 'chmod' (/usr/bin/chmod) on file '/home/opc/logai/enterprise_mnc_audit_sim/enterprise_data/development'
Aug 20 07:18:05: Authentication event for user alice - Accepted password for alice from 192.168.1.50
Aug 20 07:18:11: User alice executed 'netstat' (/usr/bin/netstat) on file '/home/opc/logai/enterprise_mnc_audit_sim/system/configs/'
Aug 20 07:18:21: User alice executed 'ls' (/usr/bin/ls) on file '/home/opc/logai/enterprise_mnc_audit_sim/system'
Aug 20 07:18:28: User alice executed 'find' (/usr/bin/find) on file '/home/opc/logai/enterprise_mnc_audit_sim/system'
Aug 20 07:18:35: User alice executed 'find' (/usr/bin/find) on file '/home/opc/logai/enterprise_mnc_audit_sim/system'
Aug 20 07:27:57: User eve executed 'du' (/usr/bin/du) on file '/home/opc/logai/enterprise_mnc_audit_sim/enterprise_data/database/mysql/db_config.cnf'
Aug 20 07:28:02: User eve executed 'chmod' (/usr/bin/chmod) on file '/home/opc/logai/enterprise_mnc_audit_sim/enterprise_data/database/mysql/db_config.cnf'
Aug 20 07:33:48: User eve executed 'cat' (/usr/bin/cat) on file '/home/opc/logai/enterprise_mnc_audit_sim/enterprise_data/database/mysql/db_config.cnf'
Aug 20 07:34:00: User eve executed 'cp' (/usr/bin/cp) on file '/home/opc/logai/enterprise_mnc_audit_sim/enterprise_data/database/mysql/db_config.cnf'
Aug 20 07:34:05: User eve executed 'chmod' (/usr/bin/chmod) on file '/home/opc/logai/enterprise_mnc_audit_sim/enterprise_data/database'
Aug 20 07:37:13: User eve executed 'find' (/usr/bin/find) on file '/home/opc/logai/enterprise_mnc_audit_sim/system/configs/server.conf'
Aug 20 07:37:20: User dave executed 'chmod' (/usr/bin/chmod) on file '/home/opc/logai/enterprise_mnc_audit_sim/system'
Aug 20 07:47:45: User dave executed 'ps' (/usr/bin/ps) on file '/home/opc/logai/enterprise_mnc_audit_sim/enterprise_data/database/'
Aug 20 07:47:55: User eve executed 'ls' (/usr/bin/ls) on file '/home/opc/logai/enterprise_mnc_audit_sim/enterprise_data/database/mysql/db_config.cnf'
Aug 20 07:54:12: User eve executed 'chmod' (/usr/bin/chmod) on file '/home/opc/logai/enterprise_mnc_audit_sim/enterprise_data/database/'
Aug 20 07:54:22: User eve executed 'ls' (/usr/bin/ls) on file '/home/opc/logai/enterprise_mnc_audit_sim/enterprise_data/database/'
Aug 20 07:54:23: User eve executed 'ls' (/usr/bin/ls) on file '/home/opc/logai/enterprise_mnc_audit_sim/enterprise_data/database/mysql/db_config.cnf'
Aug 20 07:55:16: User bob executed 'grep' (/usr/bin/grep) on file '/home/opc/logai/enterprise_mnc_audit_sim/enterprise_data/database/mysql/db_config.cnf'
Aug 20 07:55:20: User bob executed 'chmod' (/usr/bin/chmod) on file '/home/opc/logai/enterprise_mnc_audit_sim/enterprise_data/database/mysql/db_config.cnf'
Aug 20 08:00:48: User bob executed 'cp' (/usr/bin/cp) on file '/home/opc/logai/enterprise_mnc_audit_sim/enterprise_data/database/mysql/db_config.cnf'
Aug 20 08:00:49: User eve executed 'cat' (/usr/bin/cat) on file '/home/opc/logai/enterprise_mnc_audit_sim/enterprise_data/database/mysql/db_config.cnf'
Aug 20 08:00:52: User eve executed 'chmod' (/usr/bin/chmod) on file '/home/opc/logai/enterprise_mnc_audit_sim/enterprise_data/database/mysql/db_config.cnf'
Aug 20 08:01:08: User eve executed 'cp' (/usr/bin/cp) on file '/home/opc/logai/enterprise_mnc_audit_sim/enterprise_data/database/'
Aug 20 08:06:06: User eve executed 'ls' (/usr/bin/ls) on file '/home/opc/logai/enterprise_mnc_audit_sim/applications/'
Aug 20 08:06:11: User grace executed 'ls' (/usr/bin/ls) on file '/home/opc/logai/enterprise_mnc_audit_sim/applications/'
Aug 20 08:14:46: User frank executed 'wc' (/usr/bin/wc) on file '/home/opc/logai/enterprise_mnc_audit_sim/enterprise_data/development/scripts/build.sh'
Aug 20 08:14:51: User frank executed 'chmod' (/usr/bin/chmod) on file '/home/opc/logai/enterprise_mnc_audit_sim/enterprise_data/development/'
Aug 20 08:14:57: User frank executed 'ls' (/usr/bin/ls) on file '/home/opc/logai/enterprise_mnc_audit_sim/enterprise_data/development/projects/'
Aug 20 08:16:14: User frank executed 'ls' (/usr/bin/ls) on file '/home/opc/logai/enterprise_mnc_audit_sim/enterprise_data/development/projects/'
Aug 20 08:16:23: User frank executed 'ls' (/usr/bin/ls) on file '/home/opc/logai/enterprise_mnc_audit_sim/enterprise_data/development/projects/'
Aug 20 08:16:39: User frank executed 'wc' (/usr/bin/wc) on file '/home/opc/logai/enterprise_mnc_audit_sim/enterprise_data/development/projects/'
Aug 20 08:17:30: User frank executed 'ls' (/usr/bin/ls) on file '/home/opc/logai/enterprise_mnc_audit_sim/system/configs/server.conf'
Aug 20 08:19:28: User alice executed 'df' (/usr/bin/df) on file '/home/opc/logai/enterprise_mnc_audit_sim/system/logs/application.log'
Aug 20 08:19:33: User alice executed 'tail' (/usr/bin/tail) on file '/home/opc/logai/enterprise_mnc_audit_sim/system/configs/'
Aug 20 08:22:41: User eve executed 'cp' (/usr/bin/cp) on file '/home/opc/logai/enterprise_mnc_audit_sim/enterprise_data/database/mysql/db_config.cnf'
Aug 20 08:23:17: User eve executed 'cat' (/usr/bin/cat) on file '/home/opc/logai/enterprise_mnc_audit_sim/enterprise_data/operations/'
Aug 20 08:23:22: User sarah executed 'ls' (/usr/bin/ls) on file '/home/opc/logai/enterprise_mnc_audit_sim/applications/'
Aug 20 08:23:30: User sarah executed 'ls' (/usr/bin/ls) on file '/home/opc/logai/enterprise_mnc_audit_sim/enterprise_data/operations/'
Aug 20 08:23:46: User sarah executed 'top' (/usr/bin/top) on file '/home/opc/logai/enterprise_mnc_audit_sim/enterprise_data/operations'
Aug 20 08:25:17: User alice executed 'df' (/usr/bin/df) on file '/home/opc/logai/enterprise_mnc_audit_sim/system/configs/server.conf'
Aug 20 08:25:25: User alice executed 'cat' (/usr/bin/cat) on file '/home/opc/logai/enterprise_mnc_audit_sim/system/logs/application.log'
Aug 20 08:25:33: User alice executed 'tail' (/usr/bin/tail) on file '/home/opc/logai/enterprise_mnc_audit_sim/applications/'
Aug 20 08:27:09: User alice executed 'ls' (/usr/bin/ls) on file '/home/opc/logai/enterprise_mnc_audit_sim/enterprise_data/development/scripts/build.sh'
Aug 20 08:27:12: User frank executed 'chmod' (/usr/bin/chmod) on file '/home/opc/logai/enterprise_mnc_audit_sim/enterprise_data/development/projects/project_alpha.txt'
Aug 20 08:35:38: User frank executed 'cat' (/usr/bin/cat) on file '/home/opc/logai/enterprise_mnc_audit_sim/enterprise_data/database'
Aug 20 08:35:38: Authentication event for user eve - Accepted password for eve from 192.168.1.50
Aug 20 08:35:51: User eve executed 'grep' (/usr/bin/grep) on file '/home/opc/logai/enterprise_mnc_audit_sim/enterprise_data/database/mysql/db_config.cnf'
Aug 20 08:35:53: User eve executed 'chmod' (/usr/bin/chmod) on file '/home/opc/logai/enterprise_mnc_audit_sim/applications/databases/'
Aug 20 08:35:57: User eve executed 'ls' (/usr/bin/ls) on file '/home/opc/logai/enterprise_mnc_audit_sim/enterprise_data/database/mysql/db_config.cnf'
Aug 20 08:39:10: User dave executed 'free' (/usr/bin/free) on file '/home/opc/logai/enterprise_mnc_audit_sim/enterprise_data/database/mysql/db_config.cnf'
Aug 20 08:46:46: User bob executed 'cp' (/usr/bin/cp) on file '/home/opc/logai/enterprise_mnc_audit_sim/system'
Aug 20 08:46:46: Authentication event for user dave - Accepted password for dave from 192.168.1.50
Aug 20 08:46:52: User dave executed 'find' (/usr/bin/find) on file '/home/opc/logai/enterprise_mnc_audit_sim/system/logs/application.log'
Aug 20 08:47:20: User carol executed 'grep' (/usr/bin/grep) on file '/home/opc/logai/enterprise_mnc_audit_sim/enterprise_data/development/projects/project_alpha.txt'
Aug 20 08:47:23: User carol executed 'cat' (/usr/bin/cat) on file '/home/opc/logai/enterprise_mnc_audit_sim/enterprise_data/development/projects/'
Aug 20 09:02:27: User carol executed 'ls' (/usr/bin/ls) on file '/home/opc/logai/enterprise_mnc_audit_sim/enterprise_data/development/'
Aug 20 09:02:45: User frank executed 'cp' (/usr/bin/cp) on file '/home/opc/logai/enterprise_mnc_audit_sim/enterprise_data/development/projects/'
Aug 21 00:07:08: User frank executed 'cp' (/usr/bin/cp) on file '/home/opc/logai/enterprise_mnc_audit_sim/enterprise_data/development/scripts/build.sh'
Aug 21 00:10:03: User frank executed 'chmod' (/usr/bin/chmod) on file '/home/opc/logai/enterprise_mnc_audit_sim/enterprise_data/development'
Aug 21 00:10:04: User john executed 'find' (/usr/bin/find) on file '/home/opc/logai/enterprise_mnc_audit_sim/enterprise_data/development/scripts/build.sh'
Aug 21 00:10:11: User john executed 'chmod' (/usr/bin/chmod) on file '/home/opc/logai/enterprise_mnc_audit_sim/enterprise_data/development/projects/'
Aug 21 00:10:12: User john executed 'ls' (/usr/bin/ls) on file '/home/opc/logai/enterprise_mnc_audit_sim/enterprise_data/development/scripts/build.sh'
Aug 21 00:20:54: User john executed 'chmod' (/usr/bin/chmod) on file '/home/opc/logai/enterprise_mnc_audit_sim/applications/databases/'
Aug 21 00:20:56: User bob executed 'ls' (/usr/bin/ls) on file '/home/opc/logai/enterprise_mnc_audit_sim/applications/databases/'
Aug 21 00:21:09: User bob executed 'du' (/usr/bin/du) on file '/home/opc/logai/enterprise_mnc_audit_sim/enterprise_data/database/'
Aug 21 00:21:48: Authentication event for user frank - Accepted password for frank from 192.168.1.50
Aug 21 00:23:27: User frank executed 'cp' (/usr/bin/cp) on file '/home/opc/logai/enterprise_mnc_audit_sim/applications/'
Aug 21 00:23:36: User dave executed 'ls' (/usr/bin/ls) on file '/home/opc/logai/enterprise_mnc_audit_sim/system/logs/application.log'
Aug 21 00:23:43: User dave executed 'tail' (/usr/bin/tail) on file '/home/opc/logai/enterprise_mnc_audit_sim/applications/'
Aug 21 00:23:46: User dave executed 'netstat' (/usr/bin/netstat) on file '/home/opc/logai/enterprise_mnc_audit_sim/system/configs/server.conf'
Aug 21 00:25:23: User dave executed 'chmod' (/usr/bin/chmod) on file '/home/opc/logai/enterprise_mnc_audit_sim/enterprise_data/operations'
Aug 21 00:25:43: User sarah executed 'ps' (/usr/bin/ps) on file '/home/opc/logai/enterprise_mnc_audit_sim/enterprise_data/operations/'
Aug 21 00:32:21: User frank executed 'cp' (/usr/bin/cp) on file '/home/opc/logai/enterprise_mnc_audit_sim/enterprise_data/development'
Aug 21 00:32:31: User frank executed 'find' (/usr/bin/find) on file '/home/opc/logai/enterprise_mnc_audit_sim/enterprise_data/development/'
Aug 21 00:32:36: User frank executed 'ls' (/usr/bin/ls) on file '/home/opc/logai/enterprise_mnc_audit_sim/enterprise_data/development'
Aug 21 00:38:23: User heidi executed 'w' (/usr/bin/w) on file '/home/opc/logai/enterprise_mnc_audit_sim/enterprise_data/operations/'
Aug 21 00:38:35: User grace executed 'ps' (/usr/bin/ps) on file '/home/opc/logai/enterprise_mnc_audit_sim/applications/'
Aug 21 00:38:36: User alice executed 'ls' (/usr/bin/ls) on file '/home/opc/logai/enterprise_mnc_audit_sim/applications/'
Aug 21 00:38:43: User grace executed 'ls' (/usr/bin/ls) on file '/home/opc/logai/enterprise_mnc_audit_sim/system'
Aug 21 00:39:30: User alice executed 'find' (/usr/bin/find) on file '/home/opc/logai/enterprise_mnc_audit_sim/enterprise_data/database/mysql/db_config.cnf'
Aug 21 00:39:38: User eve executed 'cat' (/usr/bin/cat) on file '/home/opc/logai/enterprise_mnc_audit_sim/applications/databases/'
Aug 21 00:39:48: User eve executed 'ls' (/usr/bin/ls) on file '/home/opc/logai/enterprise_mnc_audit_sim/enterprise_data/database/'
Aug 21 00:39:54: User eve executed 'ls' (/usr/bin/ls) on file '/home/opc/logai/enterprise_mnc_audit_sim/enterprise_data/database/mysql/db_config.cnf'
Aug 21 00:56:06: User eve executed 'cat' (/usr/bin/cat) on file '/home/opc/logai/enterprise_mnc_audit_sim/enterprise_data/operations'
Aug 21 01:06:20: User frank executed 'cp' (/usr/bin/cp) on file '/home/opc/logai/enterprise_mnc_audit_sim/enterprise_data/development/projects/project_alpha.txt'
Aug 21 01:06:22: User frank executed 'cat' (/usr/bin/cat) on file '/home/opc/logai/enterprise_mnc_audit_sim/enterprise_data/development/'
Aug 21 01:09:49: User frank executed 'ls' (/usr/bin/ls) on file '/home/opc/logai/enterprise_mnc_audit_sim/enterprise_data/database/'
Aug 21 01:09:56: User bob executed 'ls' (/usr/bin/ls) on file '/home/opc/logai/enterprise_mnc_audit_sim/enterprise_data/database/mysql/db_config.cnf'
Aug 21 01:10:08: User bob executed 'du' (/usr/bin/du) on file '/home/opc/logai/enterprise_mnc_audit_sim/applications/databases/'
Aug 21 01:13:07: User bob executed 'ls' (/usr/bin/ls) on file '/home/opc/logai/enterprise_mnc_audit_sim/enterprise_data/development'
Aug 21 01:13:40: User heidi executed 'who' (/usr/bin/who) on file '/home/opc/logai/enterprise_mnc_audit_sim/enterprise_data/'
Aug 21 01:19:06: User heidi executed 'last' (/usr/bin/last) on file '/home/opc/logai/enterprise_mnc_audit_sim/enterprise_data/database'
Aug 21 01:28:26: User alice executed 'df' (/usr/bin/df) on file '/home/opc/logai/enterprise_mnc_audit_sim/system'
Aug 21 01:39:55: User alice executed 'find' (/usr/bin/find) on file '/home/opc/logai/enterprise_mnc_audit_sim/applications/databases/'
Aug 21 01:39:56: User bob executed 'ls' (/usr/bin/ls) on file '/home/opc/logai/enterprise_mnc_audit_sim/applications/databases/'
Aug 21 01:39:58: User bob executed 'ls' (/usr/bin/ls) on file '/home/opc/logai/enterprise_mnc_audit_sim/enterprise_data/database/'
Aug 21 01:40:02: User bob executed 'ls' (/usr/bin/ls) on file '/home/opc/logai/enterprise_mnc_audit_sim/enterprise_data/database'
Aug 21 02:11:35: User frank executed 'grep' (/usr/bin/grep) on file '/home/opc/logai/enterprise_mnc_audit_sim/enterprise_data/development/scripts/build.sh'
Aug 21 02:14:15: User frank executed 'chmod' (/usr/bin/chmod) on file '/home/opc/logai/enterprise_mnc_audit_sim/applications/databases/'
Aug 21 02:14:17: User eve executed 'ls' (/usr/bin/ls) on file '/home/opc/logai/enterprise_mnc_audit_sim/enterprise_data/database'
Aug 21 02:14:23: User eve executed 'find' (/usr/bin/find) on file '/home/opc/logai/enterprise_mnc_audit_sim/enterprise_data/database/mysql/db_config.cnf'
Aug 21 02:21:17: User grace executed 'du' (/usr/bin/du) on file '/home/opc/logai/enterprise_mnc_audit_sim/system'
Aug 21 02:21:17: Authentication event for user dave - Accepted password for dave from 192.168.1.50
Aug 21 02:21:27: User dave executed 'find' (/usr/bin/find) on file '/home/opc/logai/enterprise_mnc_audit_sim/system/configs/'
Aug 21 02:21:28: User dave executed 'ls' (/usr/bin/ls) on file '/home/opc/logai/enterprise_mnc_audit_sim/system/configs/server.conf'
Aug 21 02:28:46: User dave executed 'ps' (/usr/bin/ps) on file '/home/opc/logai/enterprise_mnc_audit_sim/enterprise_data/database/mysql/db_config.cnf'
Aug 21 02:28:51: User bob executed 'chmod' (/usr/bin/chmod) on file '/home/opc/logai/enterprise_mnc_audit_sim/enterprise_data/database'
Aug 21 02:29:00: User bob executed 'find' (/usr/bin/find) on file '/home/opc/logai/enterprise_mnc_audit_sim/enterprise_data/database/'
Aug 21 02:29:16: User grace executed 'du' (/usr/bin/du) on file '/home/opc/logai/enterprise_mnc_audit_sim/enterprise_data/operations'
Aug 21 02:29:25: User grace executed 'du' (/usr/bin/du) on file '/home/opc/logai/enterprise_mnc_audit_sim/enterprise_data/operations'
Aug 21 02:29:33: User grace executed 'find' (/usr/bin/find) on file '/home/opc/logai/enterprise_mnc_audit_sim/enterprise_data/operations/'
Aug 21 02:30:00: User grace executed 'ls' (/usr/bin/ls) on file '/home/opc/logai/enterprise_mnc_audit_sim/enterprise_data/development/scripts/build.sh'
Aug 21 02:30:05: User frank executed 'chmod' (/usr/bin/chmod) on file '/home/opc/logai/enterprise_mnc_audit_sim/enterprise_data/development'
Aug 21 02:30:12: User frank executed 'find' (/usr/bin/find) on file '/home/opc/logai/enterprise_mnc_audit_sim/enterprise_data/development/'
Aug 21 02:32:50: User frank executed 'ls' (/usr/bin/ls) on file '/home/opc/logai/enterprise_mnc_audit_sim/enterprise_data/development/'
Aug 21 02:33:04: User carol executed 'cp' (/usr/bin/cp) on file '/home/opc/logai/enterprise_mnc_audit_sim/enterprise_data/development/scripts/build.sh'
Aug 21 02:34:01: User carol executed 'cp' (/usr/bin/cp) on file '/home/opc/logai/enterprise_mnc_audit_sim/system'
Aug 21 02:34:01: Authentication event for user alice - Accepted password for alice from 192.168.1.50
Aug 21 02:34:07: User alice executed 'find' (/usr/bin/find) on file '/home/opc/logai/enterprise_mnc_audit_sim/system/logs/application.log'
Aug 21 02:34:08: User alice executed 'tail' (/usr/bin/tail) on file '/home/opc/logai/enterprise_mnc_audit_sim/enterprise_data/hr/'
Aug 21 02:34:15: User heidi executed 'ls' (/usr/bin/ls) on file '/home/opc/logai/enterprise_mnc_audit_sim/system'
Aug 21 02:34:26: User alice executed 'df' (/usr/bin/df) on file '/home/opc/logai/enterprise_mnc_audit_sim/enterprise_data/'
Aug 21 02:44:01: User heidi executed 'ls' (/usr/bin/ls) on file '/home/opc/logai/enterprise_mnc_audit_sim/enterprise_data/development/'
Aug 21 02:44:07: User carol executed 'ls' (/usr/bin/ls) on file '/home/opc/logai/enterprise_mnc_audit_sim/enterprise_data/development'
Aug 21 02:44:09: User carol executed 'find' (/usr/bin/find) on file '/home/opc/logai/enterprise_mnc_audit_sim/enterprise_data/development/projects/project_alpha.txt'
Aug 21 02:44:11: User carol executed 'cat' (/usr/bin/cat) on file '/home/opc/logai/enterprise_mnc_audit_sim/enterprise_data/development/'
Aug 21 02:51:02: User frank executed 'wc' (/usr/bin/wc) on file '/home/opc/logai/enterprise_mnc_audit_sim/enterprise_data/development/scripts/build.sh'
Aug 21 02:51:09: User frank executed 'chmod' (/usr/bin/chmod) on file '/home/opc/logai/enterprise_mnc_audit_sim/enterprise_data/development/projects/project_alpha.txt'
Aug 21 02:51:17: User frank executed 'cat' (/usr/bin/cat) on file '/home/opc/logai/enterprise_mnc_audit_sim/enterprise_data/development'
Aug 21 02:57:12: User sarah executed 'top' (/usr/bin/top) on file '/home/opc/logai/enterprise_mnc_audit_sim/enterprise_data/operations/scripts/'
Aug 21 02:57:15: User sarah executed 'chmod' (/usr/bin/chmod) on file '/home/opc/logai/enterprise_mnc_audit_sim/system/configs/'
Aug 21 02:57:18: User dave executed 'ls' (/usr/bin/ls) on file '/home/opc/logai/enterprise_mnc_audit_sim/enterprise_data/operations'
Aug 21 02:57:19: User sarah executed 'find' (/usr/bin/find) on file '/home/opc/logai/enterprise_mnc_audit_sim/system/logs/application.log'
Aug 21 02:58:50: User dave executed 'tail' (/usr/bin/tail) on file '/home/opc/logai/enterprise_mnc_audit_sim/enterprise_data/operations/scripts/'
Aug 21 02:58:53: User sarah executed 'top' (/usr/bin/top) on file '/home/opc/logai/enterprise_mnc_audit_sim/enterprise_data/operations/scripts/'
Aug 21 02:59:02: User sarah executed 'chmod' (/usr/bin/chmod) on file '/home/opc/logai/enterprise_mnc_audit_sim/enterprise_data/operations/'
Aug 21 03:03:19: User sarah executed 'ls' (/usr/bin/ls) on file '/home/opc/logai/enterprise_mnc_audit_sim/enterprise_data/development'
Aug 21 03:03:27: User carol executed 'find' (/usr/bin/find) on file '/home/opc/logai/enterprise_mnc_audit_sim/enterprise_data/development/'
Aug 21 03:03:32: User carol executed 'ls' (/usr/bin/ls) on file '/home/opc/logai/enterprise_mnc_audit_sim/enterprise_data/development/scripts/build.sh'
Aug 21 03:03:48: User carol executed 'wc' (/usr/bin/wc) on file '/home/opc/logai/enterprise_mnc_audit_sim/enterprise_data/development/projects/project_alpha.txt'
Aug 21 03:16:19: User alice executed 'free' (/usr/bin/free) on file '/home/opc/logai/enterprise_mnc_audit_sim/system/configs/server.conf'
Aug 21 03:16:35: User alice executed 'netstat' (/usr/bin/netstat) on file '/home/opc/logai/enterprise_mnc_audit_sim/applications/'
Aug 21 03:17:46: User alice executed 'ps' (/usr/bin/ps) on file '/home/opc/logai/enterprise_mnc_audit_sim/enterprise_data/development'
Aug 21 03:17:59: User carol executed 'wc' (/usr/bin/wc) on file '/home/opc/logai/enterprise_mnc_audit_sim/enterprise_data/development/projects/project_alpha.txt'
Aug 21 03:18:09: User john executed 'cat' (/usr/bin/cat) on file '/home/opc/logai/enterprise_mnc_audit_sim/enterprise_data/development'
Aug 21 03:18:15: User john executed 'find' (/usr/bin/find) on file '/home/opc/logai/enterprise_mnc_audit_sim/enterprise_data/development/scripts/build.sh'
Aug 21 03:28:55: User john executed 'chmod' (/usr/bin/chmod) on file '/home/opc/logai/enterprise_mnc_audit_sim/enterprise_data/database/mysql/db_config.cnf'
Aug 21 03:32:42: User john executed 'grep' (/usr/bin/grep) on file '/home/opc/logai/enterprise_mnc_audit_sim/enterprise_data/development/scripts/build.sh'
Aug 21 03:33:53: User john executed 'chmod' (/usr/bin/chmod) on file '/home/opc/logai/enterprise_mnc_audit_sim/enterprise_data/development/scripts/build.sh'
Aug 21 03:33:53: Authentication event for user carol - Accepted password for carol from 192.168.1.50
Aug 21 03:33:59: User carol executed 'chmod' (/usr/bin/chmod) on file '/home/opc/logai/enterprise_mnc_audit_sim/enterprise_data/development/projects/'
Aug 21 03:40:56: User heidi executed 'last' (/usr/bin/last) on file '/home/opc/logai/enterprise_mnc_audit_sim/enterprise_data/'
Aug 21 03:41:08: User heidi executed 'last' (/usr/bin/last) on file '/home/opc/logai/enterprise_mnc_audit_sim/enterprise_data/hr/'
Aug 21 03:41:16: User heidi executed 'chmod' (/usr/bin/chmod) on file '/home/opc/logai/enterprise_mnc_audit_sim/enterprise_data/'
Aug 21 03:52:38: User heidi executed 'ls' (/usr/bin/ls) on file '/home/opc/logai/enterprise_mnc_audit_sim/enterprise_data/database'
Aug 21 03:52:38: Authentication event for user bob - Accepted password for bob from 192.168.1.50
Aug 21 03:52:47: User bob executed 'find' (/usr/bin/find) on file '/home/opc/logai/enterprise_mnc_audit_sim/enterprise_data/database/'
Aug 21 03:55:41: Authentication event for user alice - Accepted password for alice from 192.168.1.50
Aug 21 03:55:51: User alice executed 'ps' (/usr/bin/ps) on file '/home/opc/logai/enterprise_mnc_audit_sim/system/configs/server.conf'
Aug 21 03:55:55: User alice executed 'chmod' (/usr/bin/chmod) on file '/home/opc/logai/enterprise_mnc_audit_sim/system/configs/server.conf'
Aug 21 04:06:46: User alice executed 'netstat' (/usr/bin/netstat) on file '/home/opc/logai/enterprise_mnc_audit_sim/system/logs/application.log'
Aug 21 04:06:52: User alice executed 'tail' (/usr/bin/tail) on file '/home/opc/logai/enterprise_mnc_audit_sim/system'
Aug 21 04:11:43: User john executed 'wc' (/usr/bin/wc) on file '/home/opc/logai/enterprise_mnc_audit_sim/enterprise_data/development/projects/project_alpha.txt'
Aug 21 04:11:54: User john executed 'cp' (/usr/bin/cp) on file '/home/opc/logai/enterprise_mnc_audit_sim/enterprise_data/development/projects/project_alpha.txt'
Aug 21 04:11:55: User john executed 'cat' (/usr/bin/cat) on file '/home/opc/logai/enterprise_mnc_audit_sim/enterprise_data/development/projects/project_alpha.txt'
Aug 21 04:25:10: User john executed 'cat' (/usr/bin/cat) on file '/home/opc/logai/enterprise_mnc_audit_sim/enterprise_data/development/scripts/build.sh'
Aug 21 04:25:21: User carol executed 'cp' (/usr/bin/cp) on file '/home/opc/logai/enterprise_mnc_audit_sim/enterprise_data/development'
Aug 21 04:27:25: User heidi executed 'w' (/usr/bin/w) on file '/home/opc/logai/enterprise_mnc_audit_sim/enterprise_data/hr/'
Aug 21 04:27:30: User heidi executed 'ls' (/usr/bin/ls) on file '/home/opc/logai/enterprise_mnc_audit_sim/enterprise_data/'
Aug 21 04:31:39: User sarah executed 'tar' (/usr/bin/tar) on file '/home/opc/logai/enterprise_mnc_audit_sim/applications/'
Aug 21 04:31:42: User sarah executed 'ls' (/usr/bin/ls) on file '/home/opc/logai/enterprise_mnc_audit_sim/enterprise_data/operations/scripts/'
Aug 21 04:36:34: Authentication event for user frank - Failed password for frank from 192.168.1.100
Aug 21 04:41:30: User frank executed 'find' (/usr/bin/find) on file '/home/opc/logai/enterprise_mnc_audit_sim/enterprise_data/operations/'
Aug 21 04:41:43: User sarah executed 'du' (/usr/bin/du) on file '/home/opc/logai/enterprise_mnc_audit_sim/applications/'
Aug 21 04:48:37: User alice executed 'ps' (/usr/bin/ps) on file '/home/opc/logai/enterprise_mnc_audit_sim/system/logs/application.log'
Aug 21 04:54:09: User alice executed 'tail' (/usr/bin/tail) on file '/home/opc/logai/enterprise_mnc_audit_sim/enterprise_data/development/'
Aug 21 04:54:18: User john executed 'grep' (/usr/bin/grep) on file '/home/opc/logai/enterprise_mnc_audit_sim/enterprise_data/development'
Aug 21 04:54:25: User john executed 'find' (/usr/bin/find) on file '/home/opc/logai/enterprise_mnc_audit_sim/enterprise_data/development/projects/'
Aug 21 04:58:05: User john executed 'ls' (/usr/bin/ls) on file '/home/opc/logai/enterprise_mnc_audit_sim/applications/databases/'
Aug 21 04:58:23: User bob executed 'du' (/usr/bin/du) on file '/home/opc/logai/enterprise_mnc_audit_sim/applications/databases/'
Aug 21 04:58:39: User bob executed 'grep' (/usr/bin/grep) on file '/home/opc/logai/enterprise_mnc_audit_sim/enterprise_data/operations/scripts/'
Aug 21 04:59:03: User grace executed 'du' (/usr/bin/du) on file '/home/opc/logai/enterprise_mnc_audit_sim/enterprise_data/operations/scripts/'
Aug 21 05:11:36: User grace executed 'chmod' (/usr/bin/chmod) on file '/home/opc/logai/enterprise_mnc_audit_sim/system/configs/server.conf'
Aug 21 05:11:37: User dave executed 'cat' (/usr/bin/cat) on file '/home/opc/logai/enterprise_mnc_audit_sim/system'
Aug 21 05:11:40: User dave executed 'find' (/usr/bin/find) on file '/home/opc/logai/enterprise_mnc_audit_sim/applications/'
Aug 21 05:15:22: User alice executed 'free' (/usr/bin/free) on file '/home/opc/logai/enterprise_mnc_audit_sim/system/configs/'
Aug 21 05:17:40: User alice executed 'ls' (/usr/bin/ls) on file '/home/opc/logai/enterprise_mnc_audit_sim/enterprise_data/development/projects/'
Aug 21 05:17:53: User frank executed 'wc' (/usr/bin/wc) on file '/home/opc/logai/enterprise_mnc_audit_sim/enterprise_data/development/projects/project_alpha.txt'
Aug 21 05:29:35: User frank executed 'cat' (/usr/bin/cat) on file '/home/opc/logai/enterprise_mnc_audit_sim/applications/'
Aug 21 05:32:07: User alice executed 'netstat' (/usr/bin/netstat) on file '/home/opc/logai/enterprise_mnc_audit_sim/system/logs/application.log'
Aug 21 05:32:12: User alice executed 'tail' (/usr/bin/tail) on file '/home/opc/logai/enterprise_mnc_audit_sim/system/configs/server.conf'
Aug 21 05:32:33: Authentication event for user unknown - Failed password for unknown from 192.168.1.100
Aug 21 05:36:26: Authentication event for user sarah - Accepted password for sarah from 192.168.1.50
Aug 21 05:36:36: User sarah executed 'du' (/usr/bin/du) on file '/home/opc/logai/enterprise_mnc_audit_sim/enterprise_data/development/projects/project_alpha.txt'
Aug 21 05:36:39: User frank executed 'cat' (/usr/bin/cat) on file '/home/opc/logai/enterprise_mnc_audit_sim/enterprise_data/development/projects/'
Aug 21 05:53:25: User frank executed 'wc' (/usr/bin/wc) on file '/home/opc/logai/enterprise_mnc_audit_sim/enterprise_data/database'
Aug 21 06:05:09: User eve executed 'du' (/usr/bin/du) on file '/home/opc/logai/enterprise_mnc_audit_sim/enterprise_data/development/projects/project_alpha.txt'
Aug 21 06:05:58: User carol executed 'cp' (/usr/bin/cp) on file '/home/opc/logai/enterprise_mnc_audit_sim/enterprise_data/development/projects/'
Aug 21 06:06:12: User carol executed 'grep' (/usr/bin/grep) on file '/home/opc/logai/enterprise_mnc_audit_sim/enterprise_data/development/projects/'
Aug 21 06:06:14: User carol executed 'wc' (/usr/bin/wc) on file '/home/opc/logai/enterprise_mnc_audit_sim/enterprise_data/development/projects/'
Aug 21 06:08:58: User carol executed 'ls' (/usr/bin/ls) on file '/home/opc/logai/enterprise_mnc_audit_sim/applications/databases/'
Aug 21 06:09:12: User bob executed 'grep' (/usr/bin/grep) on file '/home/opc/logai/enterprise_mnc_audit_sim/applications/databases/'
Aug 21 06:09:13: User bob executed 'ls' (/usr/bin/ls) on file '/home/opc/logai/enterprise_mnc_audit_sim/enterprise_data/database/mysql/db_config.cnf'
Aug 21 06:09:14: User bob executed 'cat' (/usr/bin/cat) on file '/home/opc/logai/enterprise_mnc_audit_sim/enterprise_data/development/'
Aug 21 06:09:22: User carol executed 'ls' (/usr/bin/ls) on file '/home/opc/logai/enterprise_mnc_audit_sim/enterprise_data/development/projects/project_alpha.txt'
Aug 21 06:15:32: Authentication event for user john - Accepted password for john from 192.168.1.50
Aug 21 06:15:33: User john executed 'wc' (/usr/bin/wc) on file '/home/opc/logai/enterprise_mnc_audit_sim/enterprise_data/development/'
Aug 21 06:17:46: User john executed 'ls' (/usr/bin/ls) on file '/home/opc/logai/enterprise_mnc_audit_sim/enterprise_data/database/mysql/db_config.cnf'
Aug 21 06:18:04: User bob executed 'grep' (/usr/bin/grep) on file '/home/opc/logai/enterprise_mnc_audit_sim/enterprise_data/database/'
Aug 21 06:18:07: User bob executed 'ls' (/usr/bin/ls) on file '/home/opc/logai/enterprise_mnc_audit_sim/enterprise_data/database/mysql/db_config.cnf'
Aug 21 06:20:20: User bob executed 'grep' (/usr/bin/grep) on file '/home/opc/logai/enterprise_mnc_audit_sim/applications/'
Aug 21 06:20:29: User alice executed 'ls' (/usr/bin/ls) on file '/home/opc/logai/enterprise_mnc_audit_sim/applications/'
Aug 21 06:23:56: User alice executed 'ls' (/usr/bin/ls) on file '/home/opc/logai/enterprise_mnc_audit_sim/enterprise_data/operations/scripts/'
Aug 21 06:24:03: User sarah executed 'du' (/usr/bin/du) on file '/home/opc/logai/enterprise_mnc_audit_sim/enterprise_data/operations/'
Aug 21 06:38:39: User sarah executed 'ls' (/usr/bin/ls) on file '/home/opc/logai/enterprise_mnc_audit_sim/enterprise_data/development/projects/project_alpha.txt'
Aug 21 06:38:50: User carol executed 'cp' (/usr/bin/cp) on file '/home/opc/logai/enterprise_mnc_audit_sim/enterprise_data/development/'
Aug 21 06:38:57: User carol executed 'ls' (/usr/bin/ls) on file '/home/opc/logai/enterprise_mnc_audit_sim/enterprise_data/development'
Aug 21 06:48:16: User alice executed 'ps' (/usr/bin/ps) on file '/home/opc/logai/enterprise_mnc_audit_sim/system/configs/server.conf'
Aug 21 06:48:25: User alice executed 'chmod' (/usr/bin/chmod) on file '/home/opc/logai/enterprise_mnc_audit_sim/system/configs/server.conf'
Aug 21 07:04:18: User alice executed 'chmod' (/usr/bin/chmod) on file '/home/opc/logai/enterprise_mnc_audit_sim/enterprise_data/development/projects/'
Aug 21 07:04:23: User frank executed 'cp' (/usr/bin/cp) on file '/home/opc/logai/enterprise_mnc_audit_sim/enterprise_data/development/projects/project_alpha.txt'
Aug 21 07:04:31: User frank executed 'cat' (/usr/bin/cat) on file '/home/opc/logai/enterprise_mnc_audit_sim/enterprise_data/development/projects/'
Aug 21 07:09:18: User frank executed 'ls' (/usr/bin/ls) on file '/home/opc/logai/enterprise_mnc_audit_sim/system/configs/server.conf'
Aug 21 07:09:26: User dave executed 'netstat' (/usr/bin/netstat) on file '/home/opc/logai/enterprise_mnc_audit_sim/applications/'
Aug 21 07:09:30: User dave executed 'ls' (/usr/bin/ls) on file '/home/opc/logai/enterprise_mnc_audit_sim/applications/'
Aug 21 07:09:31: User dave executed 'ls' (/usr/bin/ls) on file '/home/opc/logai/enterprise_mnc_audit_sim/system/configs/server.conf'
Aug 21 07:15:48: User dave executed 'cat' (/usr/bin/cat) on file '/home/opc/logai/enterprise_mnc_audit_sim/system/configs/server.conf'
Aug 21 07:15:49: User dave executed 'cat' (/usr/bin/cat) on file '/home/opc/logai/enterprise_mnc_audit_sim/system/configs/'
Aug 21 07:15:59: User dave executed 'ps' (/usr/bin/ps) on file '/home/opc/logai/enterprise_mnc_audit_sim/system/configs/server.conf'
Aug 21 07:16:20: User dave executed 'chmod' (/usr/bin/chmod) on file '/home/opc/logai/enterprise_mnc_audit_sim/enterprise_data/database/'
Aug 21 07:16:40: User bob executed 'grep' (/usr/bin/grep) on file '/home/opc/logai/enterprise_mnc_audit_sim/enterprise_data/database/'
Aug 21 07:16:42: User bob executed 'ls' (/usr/bin/ls) on file '/home/opc/logai/enterprise_mnc_audit_sim/applications/databases/'
Aug 21 07:21:59: User bob executed 'ls' (/usr/bin/ls) on file '/home/opc/logai/enterprise_mnc_audit_sim/applications/databases/'
Aug 21 07:22:00: User eve executed 'ls' (/usr/bin/ls) on file '/home/opc/logai/enterprise_mnc_audit_sim/enterprise_data/database/mysql/db_config.cnf'
Aug 21 07:22:01: User eve executed 'cat' (/usr/bin/cat) on file '/home/opc/logai/enterprise_mnc_audit_sim/enterprise_data/database/mysql/db_config.cnf'
Aug 21 07:22:11: User eve executed 'du' (/usr/bin/du) on file '/home/opc/logai/enterprise_mnc_audit_sim/enterprise_data/development/'
Aug 21 07:22:21: User frank executed 'ls' (/usr/bin/ls) on file '/home/opc/logai/enterprise_mnc_audit_sim/enterprise_data/development/projects/project_alpha.txt'
Aug 21 07:22:36: User frank executed 'wc' (/usr/bin/wc) on file '/home/opc/logai/enterprise_mnc_audit_sim/enterprise_data/development/projects/project_alpha.txt'
Aug 21 07:34:19: User sarah executed 'tar' (/usr/bin/tar) on file '/home/opc/logai/enterprise_mnc_audit_sim/applications/'
Aug 21 07:34:21: User sarah executed 'ls' (/usr/bin/ls) on file '/home/opc/logai/enterprise_mnc_audit_sim/enterprise_data/operations'
Aug 21 07:34:54: User heidi executed 'find' (/usr/bin/find) on file '/home/opc/logai/enterprise_mnc_audit_sim/applications/'
Aug 21 07:34:59: User sarah executed 'tar' (/usr/bin/tar) on file '/home/opc/logai/enterprise_mnc_audit_sim/enterprise_data/hr/'
Aug 21 07:35:02: User heidi executed 'chmod' (/usr/bin/chmod) on file '/home/opc/logai/enterprise_mnc_audit_sim/enterprise_data/operations/scripts/'
Aug 21 07:35:06: Authentication event for user heidi - Accepted password for heidi from 192.168.1.50
Aug 21 07:35:11: User heidi executed 'w' (/usr/bin/w) on file '/home/opc/logai/enterprise_mnc_audit_sim/enterprise_data/'
Aug 21 07:35:24: User heidi executed 'who' (/usr/bin/who) on file '/home/opc/logai/enterprise_mnc_audit_sim/enterprise_data/hr/'
Aug 21 07:49:44: User heidi executed 'ls' (/usr/bin/ls) on file '/home/opc/logai/enterprise_mnc_audit_sim/enterprise_data/development/projects/project_alpha.txt'
Aug 21 07:49:45: User john executed 'cat' (/usr/bin/cat) on file '/home/opc/logai/enterprise_mnc_audit_sim/enterprise_data/development/projects/'
Aug 21 07:49:51: User john executed 'ls' (/usr/bin/ls) on file '/home/opc/logai/enterprise_mnc_audit_sim/enterprise_data/development'
Aug 21 07:49:58: User john executed 'find' (/usr/bin/find) on file '/home/opc/logai/enterprise_mnc_audit_sim/enterprise_data/development/'
Aug 21 07:53:47: User grace executed 'du' (/usr/bin/du) on file '/home/opc/logai/enterprise_mnc_audit_sim/enterprise_data/operations/'
Aug 21 07:53:55: User grace executed 'ls' (/usr/bin/ls) on file '/home/opc/logai/enterprise_mnc_audit_sim/enterprise_data/operations/'
Aug 21 07:53:58: User grace executed 'ls' (/usr/bin/ls) on file '/home/opc/logai/enterprise_mnc_audit_sim/applications/'
Aug 21 07:54:02: User grace executed 'ls' (/usr/bin/ls) on file '/home/opc/logai/enterprise_mnc_audit_sim/enterprise_data/operations/scripts/'
Aug 21 07:55:29: User grace executed 'chmod' (/usr/bin/chmod) on file '/home/opc/logai/enterprise_mnc_audit_sim/enterprise_data/development/scripts/build.sh'
Aug 21 07:55:39: User frank executed 'chmod' (/usr/bin/chmod) on file '/home/opc/logai/enterprise_mnc_audit_sim/enterprise_data/development/scripts/build.sh'
Aug 21 07:57:33: User alice executed 'free' (/usr/bin/free) on file '/home/opc/logai/enterprise_mnc_audit_sim/system/configs/'
Aug 21 07:57:34: User alice executed 'ls' (/usr/bin/ls) on file '/home/opc/logai/enterprise_mnc_audit_sim/system'
Aug 21 08:10:02: User alice executed 'find' (/usr/bin/find) on file '/home/opc/logai/enterprise_mnc_audit_sim/enterprise_data/development'
Aug 21 08:10:06: User frank executed 'find' (/usr/bin/find) on file '/home/opc/logai/enterprise_mnc_audit_sim/enterprise_data/development'
Aug 21 08:10:11: User frank executed 'find' (/usr/bin/find) on file '/home/opc/logai/enterprise_mnc_audit_sim/enterprise_data/development/scripts/build.sh'
Aug 21 08:19:18: User sarah executed 'ps' (/usr/bin/ps) on file '/home/opc/logai/enterprise_mnc_audit_sim/enterprise_data/development/projects/project_alpha.txt'
Aug 21 08:19:20: User carol executed 'cat' (/usr/bin/cat) on file '/home/opc/logai/enterprise_mnc_audit_sim/enterprise_data/development/projects/project_alpha.txt'
Aug 21 08:19:29: User carol executed 'cat' (/usr/bin/cat) on file '/home/opc/logai/enterprise_mnc_audit_sim/enterprise_data/development/projects/project_alpha.txt'
Aug 21 08:22:34: User carol executed 'cat' (/usr/bin/cat) on file '/home/opc/logai/enterprise_mnc_audit_sim/applications/databases/'
Aug 21 08:22:42: User eve executed 'ls' (/usr/bin/ls) on file '/home/opc/logai/enterprise_mnc_audit_sim/enterprise_data/database/mysql/db_config.cnf'
Aug 21 08:24:57: User eve executed 'chmod' (/usr/bin/chmod) on file '/home/opc/logai/enterprise_mnc_audit_sim/enterprise_data/operations'
Aug 21 08:24:57: Authentication event for user sarah - Accepted password for sarah from 192.168.1.50
Aug 21 08:25:03: User sarah executed 'find' (/usr/bin/find) on file '/home/opc/logai/enterprise_mnc_audit_sim/enterprise_data/operations/'
Aug 21 08:25:12: User sarah executed 'ls' (/usr/bin/ls) on file '/home/opc/logai/enterprise_mnc_audit_sim/applications/'
Aug 21 08:26:33: Authentication event for user bob - Accepted password for bob from 192.168.1.50
Aug 21 08:26:40: User bob executed 'du' (/usr/bin/du) on file '/home/opc/logai/enterprise_mnc_audit_sim/applications/databases/'
Aug 21 08:26:50: User bob executed 'ls' (/usr/bin/ls) on file '/home/opc/logai/enterprise_mnc_audit_sim/enterprise_data/database/mysql/db_config.cnf'
Aug 21 08:30:53: User frank executed 'cp' (/usr/bin/cp) on file '/home/opc/logai/enterprise_mnc_audit_sim/enterprise_data/development/'
Aug 21 08:31:00: User frank executed 'ls' (/usr/bin/ls) on file '/home/opc/logai/enterprise_mnc_audit_sim/enterprise_data/development/projects/'
Aug 21 08:34:46: User eve executed 'cp' (/usr/bin/cp) on file '/home/opc/logai/enterprise_mnc_audit_sim/enterprise_data/database'
Aug 21 08:44:00: User eve executed 'cp' (/usr/bin/cp) on file '/home/opc/logai/enterprise_mnc_audit_sim/enterprise_data/development/projects/project_alpha.txt'
Aug 21 08:44:01: User frank executed 'cat' (/usr/bin/cat) on file '/home/opc/logai/enterprise_mnc_audit_sim/enterprise_data/development/scripts/build.sh'
Aug 21 08:54:17: User carol executed 'cp' (/usr/bin/cp) on file '/home/opc/logai/enterprise_mnc_audit_sim/enterprise_data/development/projects/project_alpha.txt'
Aug 21 08:54:22: User carol executed 'cat' (/usr/bin/cat) on file '/home/opc/logai/enterprise_mnc_audit_sim/enterprise_data/development/projects/project_alpha.txt'
Aug 21 08:54:30: User carol executed 'cp' (/usr/bin/cp) on file '/home/opc/logai/enterprise_mnc_audit_sim/enterprise_data/development/projects/'
Aug 21 08:54:35: User carol executed 'ls' (/usr/bin/ls) on file '/home/opc/logai/enterprise_mnc_audit_sim/enterprise_data/development'
Aug 21 08:54:43: User carol executed 'wc' (/usr/bin/wc) on file '/home/opc/logai/enterprise_mnc_audit_sim/enterprise_data/development/scripts/build.sh'
Aug 22 00:01:02: User carol executed 'chmod' (/usr/bin/chmod) on file '/home/opc/logai/enterprise_mnc_audit_sim/enterprise_data/development/scripts/build.sh'
Aug 22 00:01:09: User carol executed 'chmod' (/usr/bin/chmod) on file '/home/opc/logai/enterprise_mnc_audit_sim/enterprise_data/development/scripts/build.sh'
Aug 22 00:12:00: User heidi executed 'last' (/usr/bin/last) on file '/home/opc/logai/enterprise_mnc_audit_sim/enterprise_data/hr/'
Aug 22 00:21:36: User heidi executed 'chmod' (/usr/bin/chmod) on file '/home/opc/logai/enterprise_mnc_audit_sim/system/configs/'
Aug 22 00:21:55: User dave executed 'free' (/usr/bin/free) on file '/home/opc/logai/enterprise_mnc_audit_sim/system/configs/server.conf'
Aug 22 00:22:01: User dave executed 'chmod' (/usr/bin/chmod) on file '/home/opc/logai/enterprise_mnc_audit_sim/system/configs/server.conf'
Aug 22 00:44:30: User dave executed 'chmod' (/usr/bin/chmod) on file '/home/opc/logai/enterprise_mnc_audit_sim/enterprise_data/development'
Aug 22 00:44:38: User john executed 'find' (/usr/bin/find) on file '/home/opc/logai/enterprise_mnc_audit_sim/enterprise_data/development/projects/'
Aug 22 00:44:48: User john executed 'ls' (/usr/bin/ls) on file '/home/opc/logai/enterprise_mnc_audit_sim/enterprise_data/development'
Aug 22 00:44:55: User john executed 'find' (/usr/bin/find) on file '/home/opc/logai/enterprise_mnc_audit_sim/enterprise_data/development/'
Aug 22 00:53:18: User john executed 'grep' (/usr/bin/grep) on file '/home/opc/logai/enterprise_mnc_audit_sim/enterprise_data/operations'
Aug 22 00:53:24: User sarah executed 'find' (/usr/bin/find) on file '/home/opc/logai/enterprise_mnc_audit_sim/enterprise_data/operations/scripts/'
Aug 22 00:53:30: User sarah executed 'du' (/usr/bin/du) on file '/home/opc/logai/enterprise_mnc_audit_sim/enterprise_data/operations'
Aug 22 00:55:38: User sarah executed 'find' (/usr/bin/find) on file '/home/opc/logai/enterprise_mnc_audit_sim/enterprise_data/development/scripts/build.sh'
Aug 22 00:55:57: User carol executed 'wc' (/usr/bin/wc) on file '/home/opc/logai/enterprise_mnc_audit_sim/enterprise_data/development'
Aug 22 00:55:58: User carol executed 'find' (/usr/bin/find) on file '/home/opc/logai/enterprise_mnc_audit_sim/enterprise_data/development/projects/project_alpha.txt'
Aug 22 00:58:32: User john executed 'cp' (/usr/bin/cp) on file '/home/opc/logai/enterprise_mnc_audit_sim/enterprise_data/development/projects/project_alpha.txt'
Aug 22 00:58:36: User john executed 'cat' (/usr/bin/cat) on file '/home/opc/logai/enterprise_mnc_audit_sim/enterprise_data/development'
Aug 22 00:58:46: User john executed 'find' (/usr/bin/find) on file '/home/opc/logai/enterprise_mnc_audit_sim/enterprise_data/development/projects/project_alpha.txt'
Aug 22 00:58:51: User john executed 'cat' (/usr/bin/cat) on file '/home/opc/logai/enterprise_mnc_audit_sim/enterprise_data/development/'
Aug 22 00:58:56: User john executed 'ls' (/usr/bin/ls) on file '/home/opc/logai/enterprise_mnc_audit_sim/enterprise_data/database'
Aug 22 00:58:56: Authentication event for user bob - Accepted password for bob from 192.168.1.50
Aug 22 00:59:05: User bob executed 'find' (/usr/bin/find) on file '/home/opc/logai/enterprise_mnc_audit_sim/enterprise_data/database'
Aug 22 00:59:15: User bob executed 'find' (/usr/bin/find) on file '/home/opc/logai/enterprise_mnc_audit_sim/applications/databases/'
Aug 22 01:02:31: User bob executed 'ls' (/usr/bin/ls) on file '/home/opc/logai/enterprise_mnc_audit_sim/system/configs/server.conf'
Aug 22 01:02:42: User alice executed 'netstat' (/usr/bin/netstat) on file '/home/opc/logai/enterprise_mnc_audit_sim/system/configs/server.conf'
Aug 22 01:08:14: User alice executed 'free' (/usr/bin/free) on file '/home/opc/logai/enterprise_mnc_audit_sim/enterprise_data/database/mysql/db_config.cnf'
Aug 22 01:08:29: User eve executed 'grep' (/usr/bin/grep) on file '/home/opc/logai/enterprise_mnc_audit_sim/applications/databases/'
Aug 22 01:14:25: User john executed 'cp' (/usr/bin/cp) on file '/home/opc/logai/enterprise_mnc_audit_sim/enterprise_data/development/scripts/build.sh'
Aug 22 01:28:13: User dave executed 'netstat' (/usr/bin/netstat) on file '/home/opc/logai/enterprise_mnc_audit_sim/system'
Aug 22 01:30:19: User dave executed 'find' (/usr/bin/find) on file '/home/opc/logai/enterprise_mnc_audit_sim/enterprise_data/development'
Aug 22 01:30:22: User carol executed 'find' (/usr/bin/find) on file '/home/opc/logai/enterprise_mnc_audit_sim/enterprise_data/development/projects/project_alpha.txt'
Aug 22 01:30:23: User carol executed 'cat' (/usr/bin/cat) on file '/home/opc/logai/enterprise_mnc_audit_sim/enterprise_data/development/'
Aug 22 01:31:01: User carol executed 'ls' (/usr/bin/ls) on file '/home/opc/logai/enterprise_mnc_audit_sim/enterprise_data/database/'
Aug 22 01:31:10: User eve executed 'du' (/usr/bin/du) on file '/home/opc/logai/enterprise_mnc_audit_sim/enterprise_data/database/mysql/db_config.cnf'
Aug 22 01:33:46: User eve executed 'cat' (/usr/bin/cat) on file '/home/opc/logai/enterprise_mnc_audit_sim/applications/databases/'
Aug 22 01:33:52: User bob executed 'ls' (/usr/bin/ls) on file '/home/opc/logai/enterprise_mnc_audit_sim/enterprise_data/database/mysql/db_config.cnf'
Aug 22 01:33:57: User bob executed 'chmod' (/usr/bin/chmod) on file '/home/opc/logai/enterprise_mnc_audit_sim/enterprise_data/database/mysql/db_config.cnf'
Aug 22 01:34:08: User bob executed 'grep' (/usr/bin/grep) on file '/home/opc/logai/enterprise_mnc_audit_sim/enterprise_data/database/'
Aug 22 01:46:37: User bob executed 'ls' (/usr/bin/ls) on file '/home/opc/logai/enterprise_mnc_audit_sim/enterprise_data/development/projects/project_alpha.txt'
Aug 22 01:46:37: Authentication event for user frank - Accepted password for frank from 192.168.1.50
Aug 22 01:46:41: User frank executed 'cat' (/usr/bin/cat) on file '/home/opc/logai/enterprise_mnc_audit_sim/enterprise_data/development'
Aug 22 01:46:47: User frank executed 'find' (/usr/bin/find) on file '/home/opc/logai/enterprise_mnc_audit_sim/enterprise_data/development/'
Aug 22 01:46:49: User frank executed 'ls' (/usr/bin/ls) on file '/home/opc/logai/enterprise_mnc_audit_sim/enterprise_data/development/scripts/build.sh'
Aug 22 01:50:49: Authentication event for user bob - Accepted password for bob from 192.168.1.50
Aug 22 01:50:52: User bob executed 'cp' (/usr/bin/cp) on file '/home/opc/logai/enterprise_mnc_audit_sim/applications/databases/'
Aug 22 01:50:55: User bob executed 'ls' (/usr/bin/ls) on file '/home/opc/logai/enterprise_mnc_audit_sim/enterprise_data/database'
Aug 22 01:51:04: User bob executed 'find' (/usr/bin/find) on file '/home/opc/logai/enterprise_mnc_audit_sim/enterprise_data/database'
Aug 22 01:51:10: User bob executed 'find' (/usr/bin/find) on file '/home/opc/logai/enterprise_mnc_audit_sim/enterprise_data/database/'
Aug 22 01:58:13: User bob executed 'ls' (/usr/bin/ls) on file '/home/opc/logai/enterprise_mnc_audit_sim/system'
Aug 22 01:58:16: User alice executed 'find' (/usr/bin/find) on file '/home/opc/logai/enterprise_mnc_audit_sim/system'
Aug 22 01:58:19: User alice executed 'find' (/usr/bin/find) on file '/home/opc/logai/enterprise_mnc_audit_sim/system/configs/server.conf'
Aug 22 01:58:29: User alice executed 'chmod' (/usr/bin/chmod) on file '/home/opc/logai/enterprise_mnc_audit_sim/system'
Aug 22 02:01:22: User alice executed 'netstat' (/usr/bin/netstat) on file '/home/opc/logai/enterprise_mnc_audit_sim/enterprise_data/database'
Aug 22 02:03:35: Authentication event for user dave - Accepted password for dave from 192.168.1.50
Aug 22 02:03:43: User dave executed 'ps' (/usr/bin/ps) on file '/home/opc/logai/enterprise_mnc_audit_sim/system/logs/application.log'
Aug 22 02:03:50: User dave executed 'tail' (/usr/bin/tail) on file '/home/opc/logai/enterprise_mnc_audit_sim/system/logs/application.log'
Aug 22 02:04:00: User dave executed 'tail' (/usr/bin/tail) on file '/home/opc/logai/enterprise_mnc_audit_sim/applications/'
Aug 22 02:06:02: User alice executed 'free' (/usr/bin/free) on file '/home/opc/logai/enterprise_mnc_audit_sim/system/configs/server.conf'
Aug 22 02:14:40: User alice executed 'chmod' (/usr/bin/chmod) on file '/home/opc/logai/enterprise_mnc_audit_sim/enterprise_data/database'
Aug 22 02:14:50: User bob executed 'cp' (/usr/bin/cp) on file '/home/opc/logai/enterprise_mnc_audit_sim/enterprise_data/database/mysql/db_config.cnf'
Aug 22 02:21:20: User bob executed 'chmod' (/usr/bin/chmod) on file '/home/opc/logai/enterprise_mnc_audit_sim/enterprise_data/development/scripts/build.sh'
Aug 22 02:21:29: User john executed 'chmod' (/usr/bin/chmod) on file '/home/opc/logai/enterprise_mnc_audit_sim/enterprise_data/development/'
Aug 22 03:02:33: User eve executed 'du' (/usr/bin/du) on file '/home/opc/logai/enterprise_mnc_audit_sim/enterprise_data/database/mysql/db_config.cnf'
Aug 22 03:04:14: User eve executed 'cat' (/usr/bin/cat) on file '/home/opc/logai/enterprise_mnc_audit_sim/enterprise_data/development'
Aug 22 03:04:20: User carol executed 'grep' (/usr/bin/grep) on file '/home/opc/logai/enterprise_mnc_audit_sim/enterprise_data/operations/'
Aug 22 03:04:23: User grace executed 'ls' (/usr/bin/ls) on file '/home/opc/logai/enterprise_mnc_audit_sim/applications/'
Aug 22 03:04:24: User grace executed 'ls' (/usr/bin/ls) on file '/home/opc/logai/enterprise_mnc_audit_sim/enterprise_data/development'
Aug 22 03:09:00: User grace executed 'ps' (/usr/bin/ps) on file '/home/opc/logai/enterprise_mnc_audit_sim/enterprise_data/development/scripts/build.sh'
Aug 22 03:09:06: User carol executed 'chmod' (/usr/bin/chmod) on file '/home/opc/logai/enterprise_mnc_audit_sim/enterprise_data/development/'
Aug 22 03:12:08: User bob executed 'du' (/usr/bin/du) on file '/home/opc/logai/enterprise_mnc_audit_sim/enterprise_data/database/mysql/db_config.cnf'
Aug 22 03:12:17: User bob executed 'chmod' (/usr/bin/chmod) on file '/home/opc/logai/enterprise_mnc_audit_sim/enterprise_data/database/mysql/db_config.cnf'
Aug 22 03:12:27: User bob executed 'cat' (/usr/bin/cat) on file '/home/opc/logai/enterprise_mnc_audit_sim/enterprise_data/database/mysql/db_config.cnf'
Aug 22 03:22:43: User bob executed 'cp' (/usr/bin/cp) on file '/home/opc/logai/enterprise_mnc_audit_sim/enterprise_data/database/'
Aug 22 03:25:26: User bob executed 'ls' (/usr/bin/ls) on file '/home/opc/logai/enterprise_mnc_audit_sim/enterprise_data/database/mysql/db_config.cnf'
Aug 22 03:25:28: User eve executed 'chmod' (/usr/bin/chmod) on file '/home/opc/logai/enterprise_mnc_audit_sim/enterprise_data/database/mysql/db_config.cnf'
Aug 22 03:25:37: User eve executed 'cat' (/usr/bin/cat) on file '/home/opc/logai/enterprise_mnc_audit_sim/enterprise_data/database/mysql/db_config.cnf'
Aug 22 03:25:43: User eve executed 'cat' (/usr/bin/cat) on file '/home/opc/logai/enterprise_mnc_audit_sim/applications/databases/'
Aug 22 03:25:48: User eve executed 'ls' (/usr/bin/ls) on file '/home/opc/logai/enterprise_mnc_audit_sim/enterprise_data/database/mysql/db_config.cnf'
Aug 22 03:29:30: User frank executed 'grep' (/usr/bin/grep) on file '/home/opc/logai/enterprise_mnc_audit_sim/enterprise_data/development/scripts/build.sh'
Aug 22 03:29:33: User frank executed 'chmod' (/usr/bin/chmod) on file '/home/opc/logai/enterprise_mnc_audit_sim/enterprise_data/development/scripts/build.sh'
Aug 22 03:32:51: User heidi executed 'last' (/usr/bin/last) on file '/home/opc/logai/enterprise_mnc_audit_sim/enterprise_data/development/'
Aug 22 03:32:53: User carol executed 'ls' (/usr/bin/ls) on file '/home/opc/logai/enterprise_mnc_audit_sim/enterprise_data/development/'
Aug 22 03:32:59: User carol executed 'ls' (/usr/bin/ls) on file '/home/opc/logai/enterprise_mnc_audit_sim/enterprise_data/development/'
Aug 22 03:33:01: User carol executed 'ls' (/usr/bin/ls) on file '/home/opc/logai/enterprise_mnc_audit_sim/enterprise_data/development/'
Aug 22 03:35:35: User john executed 'wc' (/usr/bin/wc) on file '/home/opc/logai/enterprise_mnc_audit_sim/enterprise_data/development/projects/project_alpha.txt'
Aug 22 03:38:05: User john executed 'cat' (/usr/bin/cat) on file '/home/opc/logai/enterprise_mnc_audit_sim/enterprise_data/database/'
Aug 22 03:38:10: User bob executed 'ls' (/usr/bin/ls) on file '/home/opc/logai/enterprise_mnc_audit_sim/enterprise_data/database/mysql/db_config.cnf'
Aug 22 03:38:17: User bob executed 'du' (/usr/bin/du) on file '/home/opc/logai/enterprise_mnc_audit_sim/enterprise_data/database/'
Aug 22 03:39:20: User bob executed 'cp' (/usr/bin/cp) on file '/home/opc/logai/enterprise_mnc_audit_sim/applications/databases/'
Aug 22 03:48:08: User bob executed 'ls' (/usr/bin/ls) on file '/home/opc/logai/enterprise_mnc_audit_sim/enterprise_data/development/scripts/build.sh'
Aug 22 03:48:21: User carol executed 'grep' (/usr/bin/grep) on file '/home/opc/logai/enterprise_mnc_audit_sim/enterprise_data/development/scripts/build.sh'
Aug 22 03:52:01: User carol executed 'cp' (/usr/bin/cp) on file '/home/opc/logai/enterprise_mnc_audit_sim/enterprise_data/development/projects/project_alpha.txt'
Aug 22 03:52:07: User carol executed 'cat' (/usr/bin/cat) on file '/home/opc/logai/enterprise_mnc_audit_sim/enterprise_data/development'
Aug 22 03:55:16: User carol executed 'grep' (/usr/bin/grep) on file '/home/opc/logai/enterprise_mnc_audit_sim/enterprise_data/database/mysql/db_config.cnf'
Aug 22 03:56:40: User carol executed 'wc' (/usr/bin/wc) on file '/home/opc/logai/enterprise_mnc_audit_sim/enterprise_data/development/projects/project_alpha.txt'
Aug 22 04:08:52: User grace executed 'tar' (/usr/bin/tar) on file '/home/opc/logai/enterprise_mnc_audit_sim/enterprise_data/operations'
Aug 22 04:08:53: User grace executed 'find' (/usr/bin/find) on file '/home/opc/logai/enterprise_mnc_audit_sim/applications/'
Aug 22 04:09:45: User bob executed 'grep' (/usr/bin/grep) on file '/home/opc/logai/enterprise_mnc_audit_sim/enterprise_data/database'
Aug 22 04:15:18: User bob executed 'du' (/usr/bin/du) on file '/home/opc/logai/enterprise_mnc_audit_sim/applications/'
Aug 22 04:15:23: User dave executed 'ls' (/usr/bin/ls) on file '/home/opc/logai/enterprise_mnc_audit_sim/system/configs/server.conf'
Aug 22 04:20:07: User eve executed 'du' (/usr/bin/du) on file '/home/opc/logai/enterprise_mnc_audit_sim/enterprise_data/database/'
Aug 22 04:20:09: User eve executed 'ls' (/usr/bin/ls) on file '/home/opc/logai/enterprise_mnc_audit_sim/applications/databases/'
Aug 22 04:34:07: User grace executed 'top' (/usr/bin/top) on file '/home/opc/logai/enterprise_mnc_audit_sim/enterprise_data/operations/'
Aug 22 04:34:10: User grace executed 'ls' (/usr/bin/ls) on file '/home/opc/logai/enterprise_mnc_audit_sim/enterprise_data/operations'
Aug 22 04:34:19: User grace executed 'find' (/usr/bin/find) on file '/home/opc/logai/enterprise_mnc_audit_sim/enterprise_data/operations/'
Aug 22 04:35:29: User heidi executed 'who' (/usr/bin/who) on file '/home/opc/logai/enterprise_mnc_audit_sim/enterprise_data/hr/'
Aug 22 04:46:47: User frank executed 'grep' (/usr/bin/grep) on file '/home/opc/logai/enterprise_mnc_audit_sim/enterprise_data/database/'
Aug 22 04:46:54: User eve executed 'ls' (/usr/bin/ls) on file '/home/opc/logai/enterprise_mnc_audit_sim/enterprise_data/database/'
Aug 22 04:52:32: User eve executed 'du' (/usr/bin/du) on file '/home/opc/logai/enterprise_mnc_audit_sim/system/configs/'
Aug 22 04:59:45: User carol executed 'grep' (/usr/bin/grep) on file '/home/opc/logai/enterprise_mnc_audit_sim/enterprise_data/development/projects/'
Aug 22 05:02:30: User carol executed 'ls' (/usr/bin/ls) on file '/home/opc/logai/enterprise_mnc_audit_sim/enterprise_data/operations/'
Aug 22 05:10:38: User grace executed 'tar' (/usr/bin/tar) on file '/home/opc/logai/enterprise_mnc_audit_sim/enterprise_data/database'
Aug 22 05:10:45: User bob executed 'find' (/usr/bin/find) on file '/home/opc/logai/enterprise_mnc_audit_sim/enterprise_data/database/mysql/db_config.cnf'
Aug 22 05:10:50: User bob executed 'chmod' (/usr/bin/chmod) on file '/home/opc/logai/enterprise_mnc_audit_sim/applications/databases/'
Aug 22 05:10:54: User bob executed 'ls' (/usr/bin/ls) on file '/home/opc/logai/enterprise_mnc_audit_sim/enterprise_data/database'
Aug 22 05:13:05: User eve executed 'grep' (/usr/bin/grep) on file '/home/opc/logai/enterprise_mnc_audit_sim/enterprise_data/database/mysql/db_config.cnf'
Aug 22 05:13:07: User eve executed 'cat' (/usr/bin/cat) on file '/home/opc/logai/enterprise_mnc_audit_sim/applications/databases/'
Aug 22 05:21:19: User eve executed 'cp' (/usr/bin/cp) on file '/home/opc/logai/enterprise_mnc_audit_sim/enterprise_data/development/scripts/build.sh'
Aug 22 05:21:29: User frank executed 'grep' (/usr/bin/grep) on file '/home/opc/logai/enterprise_mnc_audit_sim/enterprise_data/development/scripts/build.sh'
Aug 22 05:21:43: User frank executed 'cp' (/usr/bin/cp) on file '/home/opc/logai/enterprise_mnc_audit_sim/enterprise_data/development/scripts/build.sh'
Aug 22 05:25:02: User frank executed 'chmod' (/usr/bin/chmod) on file '/home/opc/logai/enterprise_mnc_audit_sim/enterprise_data/development'
Aug 22 05:25:10: User john executed 'find' (/usr/bin/find) on file '/home/opc/logai/enterprise_mnc_audit_sim/enterprise_data/development/projects/project_alpha.txt'
Aug 22 05:25:12: User john executed 'cat' (/usr/bin/cat) on file '/home/opc/logai/enterprise_mnc_audit_sim/enterprise_data/development'
Aug 22 05:25:15: User john executed 'find' (/usr/bin/find) on file '/home/opc/logai/enterprise_mnc_audit_sim/enterprise_data/development'
Aug 22 05:27:21: Authentication event for user sarah - Accepted password for sarah from 192.168.1.50
Aug 22 05:27:30: User sarah executed 'ps' (/usr/bin/ps) on file '/home/opc/logai/enterprise_mnc_audit_sim/enterprise_data/operations/scripts/'
Aug 22 05:31:45: User eve executed 'du' (/usr/bin/du) on file '/home/opc/logai/enterprise_mnc_audit_sim/applications/databases/'
Aug 22 05:31:49: User eve executed 'grep' (/usr/bin/grep) on file '/home/opc/logai/enterprise_mnc_audit_sim/enterprise_data/database/mysql/db_config.cnf'
Aug 22 05:40:19: User grace executed 'du' (/usr/bin/du) on file '/home/opc/logai/enterprise_mnc_audit_sim/enterprise_data/database'
Aug 22 05:40:21: User eve executed 'find' (/usr/bin/find) on file '/home/opc/logai/enterprise_mnc_audit_sim/enterprise_data/database/'
Aug 22 05:40:30: User eve executed 'ls' (/usr/bin/ls) on file '/home/opc/logai/enterprise_mnc_audit_sim/enterprise_data/database/'
Aug 22 05:44:30: User eve executed 'ls' (/usr/bin/ls) on file '/home/opc/logai/enterprise_mnc_audit_sim/enterprise_data/operations/'
Aug 22 05:44:39: User sarah executed 'du' (/usr/bin/du) on file '/home/opc/logai/enterprise_mnc_audit_sim/enterprise_data/operations/scripts/'
Aug 22 05:44:46: User sarah executed 'chmod' (/usr/bin/chmod) on file '/home/opc/logai/enterprise_mnc_audit_sim/enterprise_data/operations/scripts/'
Aug 22 05:46:09: User sarah executed 'top' (/usr/bin/top) on file '/home/opc/logai/enterprise_mnc_audit_sim/enterprise_data/development/'
Aug 22 05:46:25: User john executed 'cp' (/usr/bin/cp) on file '/home/opc/logai/enterprise_mnc_audit_sim/enterprise_data/development/projects/'
Aug 22 05:48:29: User grace executed 'du' (/usr/bin/du) on file '/home/opc/logai/enterprise_mnc_audit_sim/enterprise_data/operations/scripts/'
Aug 22 05:51:18: User grace executed 'chmod' (/usr/bin/chmod) on file '/home/opc/logai/enterprise_mnc_audit_sim/enterprise_data/development/projects/project_alpha.txt'
Aug 22 05:54:18: User grace executed 'top' (/usr/bin/top) on file '/home/opc/logai/enterprise_mnc_audit_sim/enterprise_data/operations'
Aug 22 05:54:21: User grace executed 'find' (/usr/bin/find) on file '/home/opc/logai/enterprise_mnc_audit_sim/applications/'
Aug 22 05:54:26: User grace executed 'ls' (/usr/bin/ls) on file '/home/opc/logai/enterprise_mnc_audit_sim/enterprise_data/operations/'
Aug 22 05:54:32: User grace executed 'ls' (/usr/bin/ls) on file '/home/opc/logai/enterprise_mnc_audit_sim/applications/'
Aug 22 05:56:16: User grace executed 'ls' (/usr/bin/ls) on file '/home/opc/logai/enterprise_mnc_audit_sim/applications/'
Aug 22 05:59:59: User dave executed 'ps' (/usr/bin/ps) on file '/home/opc/logai/enterprise_mnc_audit_sim/applications/'
Aug 22 06:00:03: User dave executed 'ls' (/usr/bin/ls) on file '/home/opc/logai/enterprise_mnc_audit_sim/system/configs/'
Aug 22 06:00:09: User dave executed 'free' (/usr/bin/free) on file '/home/opc/logai/enterprise_mnc_audit_sim/system/configs/'
Aug 22 06:04:43: User heidi executed 'last' (/usr/bin/last) on file '/home/opc/logai/enterprise_mnc_audit_sim/enterprise_data/hr/'
Aug 22 06:08:07: User frank executed 'cp' (/usr/bin/cp) on file '/home/opc/logai/enterprise_mnc_audit_sim/enterprise_data/development'
Aug 22 06:08:17: User frank executed 'find' (/usr/bin/find) on file '/home/opc/logai/enterprise_mnc_audit_sim/enterprise_data/development/projects/'
Aug 22 06:12:36: User frank executed 'cp' (/usr/bin/cp) on file '/home/opc/logai/enterprise_mnc_audit_sim/enterprise_data/database/mysql/db_config.cnf'
Aug 22 06:12:43: User eve executed 'cat' (/usr/bin/cat) on file '/home/opc/logai/enterprise_mnc_audit_sim/enterprise_data/database/mysql/db_config.cnf'
Aug 22 06:20:24: User eve executed 'chmod' (/usr/bin/chmod) on file '/home/opc/logai/enterprise_mnc_audit_sim/system/configs/server.conf'
Aug 22 06:33:43: User eve executed 'grep' (/usr/bin/grep) on file '/home/opc/logai/enterprise_mnc_audit_sim/enterprise_data/database'
Aug 22 06:33:52: User eve executed 'find' (/usr/bin/find) on file '/home/opc/logai/enterprise_mnc_audit_sim/enterprise_data/database/'
Aug 22 06:34:00: User eve executed 'ls' (/usr/bin/ls) on file '/home/opc/logai/enterprise_mnc_audit_sim/enterprise_data/database'
Aug 22 06:45:45: User eve executed 'grep' (/usr/bin/grep) on file '/home/opc/logai/enterprise_mnc_audit_sim/enterprise_data/development'
Aug 22 06:45:45: Authentication event for user john - Accepted password for john from 192.168.1.50
Aug 22 06:46:00: User john executed 'grep' (/usr/bin/grep) on file '/home/opc/logai/enterprise_mnc_audit_sim/enterprise_data/development/'
Aug 22 06:50:16: User john executed 'grep' (/usr/bin/grep) on file '/home/opc/logai/enterprise_mnc_audit_sim/enterprise_data/operations/'
Aug 22 06:50:20: User grace executed 'ls' (/usr/bin/ls) on file '/home/opc/logai/enterprise_mnc_audit_sim/applications/'
Aug 22 06:52:16: User heidi executed 'last' (/usr/bin/last) on file '/home/opc/logai/enterprise_mnc_audit_sim/enterprise_data/hr/'
Aug 22 07:08:10: User grace executed 'du' (/usr/bin/du) on file '/home/opc/logai/enterprise_mnc_audit_sim/enterprise_data/operations'
Aug 22 07:08:18: User grace executed 'find' (/usr/bin/find) on file '/home/opc/logai/enterprise_mnc_audit_sim/applications/'
Aug 22 07:23:51: User carol executed 'cp' (/usr/bin/cp) on file '/home/opc/logai/enterprise_mnc_audit_sim/applications/'
Aug 22 07:24:00: User alice executed 'ps' (/usr/bin/ps) on file '/home/opc/logai/enterprise_mnc_audit_sim/system/configs/server.conf'
Aug 22 07:30:16: User heidi executed 'who' (/usr/bin/who) on file '/home/opc/logai/enterprise_mnc_audit_sim/system/configs/server.conf'
Aug 22 07:30:18: User alice executed 'cat' (/usr/bin/cat) on file '/home/opc/logai/enterprise_mnc_audit_sim/system/configs/server.conf'
Aug 22 07:30:29: User alice executed 'free' (/usr/bin/free) on file '/home/opc/logai/enterprise_mnc_audit_sim/system/configs/'
Aug 22 07:30:31: User alice executed 'ls' (/usr/bin/ls) on file '/home/opc/logai/enterprise_mnc_audit_sim/system/configs/'
Aug 22 07:32:42: User bob executed 'du' (/usr/bin/du) on file '/home/opc/logai/enterprise_mnc_audit_sim/enterprise_data/database'
Aug 22 07:37:05: User bob executed 'find' (/usr/bin/find) on file '/home/opc/logai/enterprise_mnc_audit_sim/enterprise_data/database/'
Aug 22 07:37:12: User eve executed 'ls' (/usr/bin/ls) on file '/home/opc/logai/enterprise_mnc_audit_sim/enterprise_data/database/mysql/db_config.cnf'
Aug 22 07:37:27: User eve executed 'du' (/usr/bin/du) on file '/home/opc/logai/enterprise_mnc_audit_sim/applications/databases/'
Aug 22 07:37:30: User eve executed 'ls' (/usr/bin/ls) on file '/home/opc/logai/enterprise_mnc_audit_sim/enterprise_data/database'
Aug 22 07:39:00: User eve executed 'find' (/usr/bin/find) on file '/home/opc/logai/enterprise_mnc_audit_sim/enterprise_data/development/'
Aug 22 07:39:10: User john executed 'ls' (/usr/bin/ls) on file '/home/opc/logai/enterprise_mnc_audit_sim/enterprise_data/development/'
Aug 22 07:53:47: User carol executed 'cp' (/usr/bin/cp) on file '/home/opc/logai/enterprise_mnc_audit_sim/enterprise_data/development/projects/project_alpha.txt'
Aug 22 07:53:50: User carol executed 'cat' (/usr/bin/cat) on file '/home/opc/logai/enterprise_mnc_audit_sim/enterprise_data/development/projects/'
Aug 22 07:59:06: User carol executed 'cp' (/usr/bin/cp) on file '/home/opc/logai/enterprise_mnc_audit_sim/enterprise_data/development/projects/project_alpha.txt'
Aug 22 08:03:19: Authentication event for user alice - Failed password for alice from 192.168.1.100
Aug 22 08:08:38: Authentication event for user frank - Accepted password for frank from 192.168.1.50
Aug 22 08:08:51: User frank executed 'grep' (/usr/bin/grep) on file '/home/opc/logai/enterprise_mnc_audit_sim/enterprise_data/development/scripts/build.sh'
Aug 22 08:09:11: Authentication event for user unknown - Failed password for unknown from 192.168.1.100
Aug 22 08:19:54: User frank executed 'chmod' (/usr/bin/chmod) on file '/home/opc/logai/enterprise_mnc_audit_sim/enterprise_data/database'
Aug 22 08:20:05: User bob executed 'du' (/usr/bin/du) on file '/home/opc/logai/enterprise_mnc_audit_sim/enterprise_data/database/mysql/db_config.cnf'
Aug 22 08:20:39: User bob executed 'grep' (/usr/bin/grep) on file '/home/opc/logai/enterprise_mnc_audit_sim/system/configs/server.conf'
Aug 22 08:20:41: User dave executed 'chmod' (/usr/bin/chmod) on file '/home/opc/logai/enterprise_mnc_audit_sim/system/configs/'
Aug 22 08:20:42: User dave executed 'ls' (/usr/bin/ls) on file '/home/opc/logai/enterprise_mnc_audit_sim/system/configs/'
Aug 22 08:25:21: User dave executed 'ls' (/usr/bin/ls) on file '/home/opc/logai/enterprise_mnc_audit_sim/enterprise_data/development/scripts/build.sh'
Aug 22 08:25:29: User carol executed 'chmod' (/usr/bin/chmod) on file '/home/opc/logai/enterprise_mnc_audit_sim/enterprise_data/development/scripts/build.sh'
Aug 22 08:25:33: User carol executed 'chmod' (/usr/bin/chmod) on file '/home/opc/logai/enterprise_mnc_audit_sim/enterprise_data/development/projects/'
Aug 22 08:29:28: User carol executed 'grep' (/usr/bin/grep) on file '/home/opc/logai/enterprise_mnc_audit_sim/enterprise_data/development'
Aug 22 08:29:31: User carol executed 'find' (/usr/bin/find) on file '/home/opc/logai/enterprise_mnc_audit_sim/enterprise_data/development/projects/'
Aug 22 08:30:40: User carol executed 'grep' (/usr/bin/grep) on file '/home/opc/logai/enterprise_mnc_audit_sim/enterprise_data/operations'
Aug 22 08:35:23: Authentication event for user unknown - Failed password for unknown from 192.168.1.100
Aug 22 08:50:48: User grace executed 'du' (/usr/bin/du) on file '/home/opc/logai/enterprise_mnc_audit_sim/enterprise_data/development/projects/'
Aug 22 09:02:25: User carol executed 'grep' (/usr/bin/grep) on file '/home/opc/logai/enterprise_mnc_audit_sim/enterprise_data/database/mysql/db_config.cnf'
Aug 22 09:02:25: Authentication event for user bob - Accepted password for bob from 192.168.1.50
Aug 22 09:02:28: User bob executed 'cat' (/usr/bin/cat) on file '/home/opc/logai/enterprise_mnc_audit_sim/enterprise_data/database/mysql/db_config.cnf'
Aug 22 09:02:34: User bob executed 'cat' (/usr/bin/cat) on file '/home/opc/logai/enterprise_mnc_audit_sim/enterprise_data/database/mysql/db_config.cnf'
Aug 23 00:21:33: Authentication event for user alice - Accepted password for alice from 192.168.1.50
Aug 23 00:28:43: User grace executed 'tar' (/usr/bin/tar) on file '/home/opc/logai/enterprise_mnc_audit_sim/enterprise_data/operations/scripts/'
Aug 23 00:33:45: User grace executed 'top' (/usr/bin/top) on file '/home/opc/logai/enterprise_mnc_audit_sim/enterprise_data/development'
Aug 23 00:33:48: User john executed 'find' (/usr/bin/find) on file '/home/opc/logai/enterprise_mnc_audit_sim/enterprise_data/development/projects/'
Aug 23 00:33:49: User john executed 'ls' (/usr/bin/ls) on file '/home/opc/logai/enterprise_mnc_audit_sim/enterprise_data/development/projects/project_alpha.txt'
Aug 23 00:34:05: User john executed 'cp' (/usr/bin/cp) on file '/home/opc/logai/enterprise_mnc_audit_sim/enterprise_data/development/projects/project_alpha.txt'
Aug 23 00:35:00: Authentication event for user unknown - Failed password for unknown from 192.168.1.100
Aug 23 00:40:24: User john executed 'cat' (/usr/bin/cat) on file '/home/opc/logai/enterprise_mnc_audit_sim/enterprise_data/database/'
Aug 23 00:40:24: Authentication event for user bob - Accepted password for bob from 192.168.1.50
Aug 23 00:40:33: User bob executed 'ls' (/usr/bin/ls) on file '/home/opc/logai/enterprise_mnc_audit_sim/enterprise_data/database'
Aug 23 00:52:29: User carol executed 'grep' (/usr/bin/grep) on file '/home/opc/logai/enterprise_mnc_audit_sim/enterprise_data/development/scripts/build.sh'
Aug 23 00:53:57: User carol executed 'chmod' (/usr/bin/chmod) on file '/home/opc/logai/enterprise_mnc_audit_sim/enterprise_data/development/projects/project_alpha.txt'
Aug 23 00:55:05: User carol executed 'wc' (/usr/bin/wc) on file '/home/opc/logai/enterprise_mnc_audit_sim/enterprise_data/database'
Aug 23 00:55:08: User bob executed 'find' (/usr/bin/find) on file '/home/opc/logai/enterprise_mnc_audit_sim/enterprise_data/database'
Aug 23 00:55:14: User bob executed 'cp' (/usr/bin/cp) on file '/home/opc/logai/enterprise_mnc_audit_sim/enterprise_data/database/'
Aug 23 00:55:37: User bob executed 'cp' (/usr/bin/cp) on file '/home/opc/logai/enterprise_mnc_audit_sim/enterprise_data/hr/'
Aug 23 00:55:41: User heidi executed 'last' (/usr/bin/last) on file '/home/opc/logai/enterprise_mnc_audit_sim/enterprise_data/hr/'
Aug 23 00:57:57: User eve executed 'cp' (/usr/bin/cp) on file '/home/opc/logai/enterprise_mnc_audit_sim/applications/databases/'
Aug 23 00:57:59: User eve executed 'ls' (/usr/bin/ls) on file '/home/opc/logai/enterprise_mnc_audit_sim/enterprise_data/database/mysql/db_config.cnf'
Aug 23 00:58:09: User eve executed 'cat' (/usr/bin/cat) on file '/home/opc/logai/enterprise_mnc_audit_sim/enterprise_data/database/'
Aug 23 01:10:38: User heidi executed 'find' (/usr/bin/find) on file '/home/opc/logai/enterprise_mnc_audit_sim/enterprise_data/hr/'
Aug 23 01:10:48: User heidi executed 'chmod' (/usr/bin/chmod) on file '/home/opc/logai/enterprise_mnc_audit_sim/enterprise_data/hr/'
Aug 23 01:15:48: User john executed 'grep' (/usr/bin/grep) on file '/home/opc/logai/enterprise_mnc_audit_sim/enterprise_data/development'
Aug 23 01:15:56: User john executed 'find' (/usr/bin/find) on file '/home/opc/logai/enterprise_mnc_audit_sim/enterprise_data/development'
Aug 23 01:16:00: User john executed 'find' (/usr/bin/find) on file '/home/opc/logai/enterprise_mnc_audit_sim/enterprise_data/development/projects/'
Aug 23 01:16:09: User john executed 'ls' (/usr/bin/ls) on file '/home/opc/logai/enterprise_mnc_audit_sim/enterprise_data/development/projects/'
Aug 23 01:16:58: User bob executed 'cp' (/usr/bin/cp) on file '/home/opc/logai/enterprise_mnc_audit_sim/enterprise_data/database/mysql/db_config.cnf'
Aug 23 01:17:03: User bob executed 'cat' (/usr/bin/cat) on file '/home/opc/logai/enterprise_mnc_audit_sim/enterprise_data/database'
Aug 23 01:20:24: User grace executed 'du' (/usr/bin/du) on file '/home/opc/logai/enterprise_mnc_audit_sim/enterprise_data/operations/'
Aug 23 01:34:57: User grace executed 'ls' (/usr/bin/ls) on file '/home/opc/logai/enterprise_mnc_audit_sim/enterprise_data/development'
Aug 23 01:35:01: User john executed 'find' (/usr/bin/find) on file '/home/opc/logai/enterprise_mnc_audit_sim/enterprise_data/development/projects/'
Aug 23 01:35:03: User john executed 'ls' (/usr/bin/ls) on file '/home/opc/logai/enterprise_mnc_audit_sim/enterprise_data/development/projects/project_alpha.txt'
Aug 23 01:57:36: User grace executed 'du' (/usr/bin/du) on file '/home/opc/logai/enterprise_mnc_audit_sim/enterprise_data/operations/scripts/'
Aug 23 02:04:35: User grace executed 'chmod' (/usr/bin/chmod) on file '/home/opc/logai/enterprise_mnc_audit_sim/enterprise_data/development/scripts/build.sh'
Aug 23 02:04:36: User frank executed 'chmod' (/usr/bin/chmod) on file '/home/opc/logai/enterprise_mnc_audit_sim/enterprise_data/development/projects/project_alpha.txt'
Aug 23 02:13:22: User frank executed 'cp' (/usr/bin/cp) on file '/home/opc/logai/enterprise_mnc_audit_sim/enterprise_data/development'
Aug 23 02:13:31: User frank executed 'find' (/usr/bin/find) on file '/home/opc/logai/enterprise_mnc_audit_sim/enterprise_data/development'
Aug 23 02:13:38: User frank executed 'find' (/usr/bin/find) on file '/home/opc/logai/enterprise_mnc_audit_sim/enterprise_data/development/scripts/build.sh'
Aug 23 02:20:51: User frank executed 'wc' (/usr/bin/wc) on file '/home/opc/logai/enterprise_mnc_audit_sim/enterprise_data/development/projects/'
Aug 23 02:43:23: User bob executed 'grep' (/usr/bin/grep) on file '/home/opc/logai/enterprise_mnc_audit_sim/applications/databases/'
Aug 23 02:47:02: User sarah executed 'top' (/usr/bin/top) on file '/home/opc/logai/enterprise_mnc_audit_sim/applications/'
Aug 23 02:47:08: User sarah executed 'ls' (/usr/bin/ls) on file '/home/opc/logai/enterprise_mnc_audit_sim/enterprise_data/operations'
Aug 23 02:51:42: User sarah executed 'tar' (/usr/bin/tar) on file '/home/opc/logai/enterprise_mnc_audit_sim/enterprise_data/database/'
Aug 23 02:51:43: User bob executed 'ls' (/usr/bin/ls) on file '/home/opc/logai/enterprise_mnc_audit_sim/applications/databases/'
Aug 23 02:51:46: User bob executed 'ls' (/usr/bin/ls) on file '/home/opc/logai/enterprise_mnc_audit_sim/enterprise_data/database/mysql/db_config.cnf'
Aug 23 02:51:50: User bob executed 'chmod' (/usr/bin/chmod) on file '/home/opc/logai/enterprise_mnc_audit_sim/enterprise_data/database/mysql/db_config.cnf'
Aug 23 02:53:30: User bob executed 'chmod' (/usr/bin/chmod) on file '/home/opc/logai/enterprise_mnc_audit_sim/enterprise_data/hr/'
Aug 23 02:53:52: User heidi executed 'w' (/usr/bin/w) on file '/home/opc/logai/enterprise_mnc_audit_sim/enterprise_data/hr/'
Aug 23 02:56:57: User sarah executed 'tar' (/usr/bin/tar) on file '/home/opc/logai/enterprise_mnc_audit_sim/applications/'
Aug 23 02:56:58: User sarah executed 'ls' (/usr/bin/ls) on file '/home/opc/logai/enterprise_mnc_audit_sim/applications/'
Aug 23 02:57:12: User sarah executed 'ps' (/usr/bin/ps) on file '/home/opc/logai/enterprise_mnc_audit_sim/enterprise_data/operations/'
Aug 23 03:00:44: User sarah executed 'ls' (/usr/bin/ls) on file '/home/opc/logai/enterprise_mnc_audit_sim/system/configs/server.conf'
Aug 23 03:00:49: User alice executed 'cat' (/usr/bin/cat) on file '/home/opc/logai/enterprise_mnc_audit_sim/system/configs/server.conf'
Aug 23 03:02:55: User alice executed 'df' (/usr/bin/df) on file '/home/opc/logai/enterprise_mnc_audit_sim/enterprise_data/database/'
Aug 23 03:02:58: User bob executed 'ls' (/usr/bin/ls) on file '/home/opc/logai/enterprise_mnc_audit_sim/enterprise_data/database/'
Aug 23 03:03:04: User bob executed 'ls' (/usr/bin/ls) on file '/home/opc/logai/enterprise_mnc_audit_sim/enterprise_data/database/mysql/db_config.cnf'
Aug 23 03:04:51: User bob executed 'cat' (/usr/bin/cat) on file '/home/opc/logai/enterprise_mnc_audit_sim/enterprise_data/development/projects/'
Aug 23 03:05:07: User carol executed 'grep' (/usr/bin/grep) on file '/home/opc/logai/enterprise_mnc_audit_sim/enterprise_data/development'
Aug 23 03:12:10: User carol executed 'cp' (/usr/bin/cp) on file '/home/opc/logai/enterprise_mnc_audit_sim/enterprise_data/development/'
Aug 23 03:12:10: Authentication event for user frank - Accepted password for frank from 192.168.1.50
Aug 23 03:27:56: User frank executed 'cp' (/usr/bin/cp) on file '/home/opc/logai/enterprise_mnc_audit_sim/enterprise_data/database/'
Aug 23 03:28:05: User eve executed 'ls' (/usr/bin/ls) on file '/home/opc/logai/enterprise_mnc_audit_sim/enterprise_data/database/'
Aug 23 03:28:13: User eve executed 'ls' (/usr/bin/ls) on file '/home/opc/logai/enterprise_mnc_audit_sim/enterprise_data/database/mysql/db_config.cnf'
Aug 23 03:28:46: User eve executed 'chmod' (/usr/bin/chmod) on file '/home/opc/logai/enterprise_mnc_audit_sim/enterprise_data/development'
Aug 23 03:43:26: User sarah executed 'du' (/usr/bin/du) on file '/home/opc/logai/enterprise_mnc_audit_sim/applications/'
Aug 23 03:43:32: User sarah executed 'ls' (/usr/bin/ls) on file '/home/opc/logai/enterprise_mnc_audit_sim/enterprise_data/operations/scripts/'
Aug 23 03:45:30: User sarah executed 'chmod' (/usr/bin/chmod) on file '/home/opc/logai/enterprise_mnc_audit_sim/system/logs/application.log'
Aug 23 03:45:45: User alice executed 'netstat' (/usr/bin/netstat) on file '/home/opc/logai/enterprise_mnc_audit_sim/system'
Aug 23 03:46:41: User alice executed 'netstat' (/usr/bin/netstat) on file '/home/opc/logai/enterprise_mnc_audit_sim/applications/databases/'
Aug 23 03:46:47: User bob executed 'ls' (/usr/bin/ls) on file '/home/opc/logai/enterprise_mnc_audit_sim/applications/databases/'
Aug 23 03:51:00: User bob executed 'cp' (/usr/bin/cp) on file '/home/opc/logai/enterprise_mnc_audit_sim/enterprise_data/development/'
Aug 23 03:58:59: User heidi executed 'who' (/usr/bin/who) on file '/home/opc/logai/enterprise_mnc_audit_sim/enterprise_data/hr/'
Aug 23 04:04:30: User heidi executed 'who' (/usr/bin/who) on file '/home/opc/logai/enterprise_mnc_audit_sim/enterprise_data/development/scripts/build.sh'
Aug 23 04:04:49: User frank executed 'wc' (/usr/bin/wc) on file '/home/opc/logai/enterprise_mnc_audit_sim/enterprise_data/development/projects/project_alpha.txt'
Aug 23 04:04:50: User frank executed 'cat' (/usr/bin/cat) on file '/home/opc/logai/enterprise_mnc_audit_sim/enterprise_data/development/projects/project_alpha.txt'
Aug 23 04:06:39: User frank executed 'cat' (/usr/bin/cat) on file '/home/opc/logai/enterprise_mnc_audit_sim/system'
Aug 23 04:06:49: User alice executed 'find' (/usr/bin/find) on file '/home/opc/logai/enterprise_mnc_audit_sim/system/configs/server.conf'
Aug 23 04:06:55: User alice executed 'cat' (/usr/bin/cat) on file '/home/opc/logai/enterprise_mnc_audit_sim/system/configs/'
Aug 23 04:13:13: User sarah executed 'ps' (/usr/bin/ps) on file '/home/opc/logai/enterprise_mnc_audit_sim/enterprise_data/development/projects/'
Aug 23 04:13:13: Authentication event for user frank - Accepted password for frank from 192.168.1.50
Aug 23 04:13:22: User frank executed 'ls' (/usr/bin/ls) on file '/home/opc/logai/enterprise_mnc_audit_sim/enterprise_data/development/projects/project_alpha.txt'
Aug 23 04:14:25: User carol executed 'wc' (/usr/bin/wc) on file '/home/opc/logai/enterprise_mnc_audit_sim/enterprise_data/development/projects/project_alpha.txt'
Aug 23 04:14:37: User carol executed 'wc' (/usr/bin/wc) on file '/home/opc/logai/enterprise_mnc_audit_sim/enterprise_data/development/scripts/build.sh'
Aug 23 04:14:40: User carol executed 'chmod' (/usr/bin/chmod) on file '/home/opc/logai/enterprise_mnc_audit_sim/enterprise_data/development/'
Aug 23 04:23:59: User carol executed 'ls' (/usr/bin/ls) on file '/home/opc/logai/enterprise_mnc_audit_sim/enterprise_data/development/projects/'
Aug 23 04:24:08: User john executed 'grep' (/usr/bin/grep) on file '/home/opc/logai/enterprise_mnc_audit_sim/enterprise_data/development/'
Aug 23 04:24:10: User john executed 'ls' (/usr/bin/ls) on file '/home/opc/logai/enterprise_mnc_audit_sim/enterprise_data/development/'
Aug 23 04:43:48: User john executed 'wc' (/usr/bin/wc) on file '/home/opc/logai/enterprise_mnc_audit_sim/enterprise_data/database'
Aug 23 04:43:48: Authentication event for user bob - Accepted password for bob from 192.168.1.50
Aug 23 04:43:57: User bob executed 'grep' (/usr/bin/grep) on file '/home/opc/logai/enterprise_mnc_audit_sim/enterprise_data/database/'
Aug 23 04:51:45: User bob executed 'ls' (/usr/bin/ls) on file '/home/opc/logai/enterprise_mnc_audit_sim/enterprise_data/operations/'
Aug 23 04:51:59: User grace executed 'ps' (/usr/bin/ps) on file '/home/opc/logai/enterprise_mnc_audit_sim/enterprise_data/operations/'
Aug 23 05:01:30: User grace executed 'ls' (/usr/bin/ls) on file '/home/opc/logai/enterprise_mnc_audit_sim/enterprise_data/operations/'
Aug 23 05:08:32: User sarah executed 'du' (/usr/bin/du) on file '/home/opc/logai/enterprise_mnc_audit_sim/enterprise_data/operations/'
Aug 23 05:11:17: User grace executed 'ps' (/usr/bin/ps) on file '/home/opc/logai/enterprise_mnc_audit_sim/enterprise_data/'
Aug 23 05:11:27: User heidi executed 'ls' (/usr/bin/ls) on file '/home/opc/logai/enterprise_mnc_audit_sim/enterprise_data/hr/'
Aug 23 05:14:08: User heidi executed 'who' (/usr/bin/who) on file '/home/opc/logai/enterprise_mnc_audit_sim/enterprise_data/hr/'
Aug 23 05:22:51: User heidi executed 'netstat' (/usr/bin/netstat) on file '/home/opc/logai/enterprise_mnc_audit_sim/enterprise_data/database'
Aug 23 05:22:54: User bob executed 'find' (/usr/bin/find) on file '/home/opc/logai/enterprise_mnc_audit_sim/enterprise_data/database/mysql/db_config.cnf'
Aug 23 05:23:01: User bob executed 'cat' (/usr/bin/cat) on file '/home/opc/logai/enterprise_mnc_audit_sim/enterprise_data/database/'
Aug 23 05:23:10: User bob executed 'ls' (/usr/bin/ls) on file '/home/opc/logai/enterprise_mnc_audit_sim/enterprise_data/database/mysql/db_config.cnf'
Aug 23 05:47:09: User john executed 'wc' (/usr/bin/wc) on file '/home/opc/logai/enterprise_mnc_audit_sim/enterprise_data/development/scripts/build.sh'
Aug 23 05:52:01: User john executed 'chmod' (/usr/bin/chmod) on file '/home/opc/logai/enterprise_mnc_audit_sim/applications/'
Aug 23 05:52:11: User dave executed 'ls' (/usr/bin/ls) on file '/home/opc/logai/enterprise_mnc_audit_sim/system/configs/'
Aug 23 06:00:34: User dave executed 'netstat' (/usr/bin/netstat) on file '/home/opc/logai/enterprise_mnc_audit_sim/enterprise_data/development/projects/project_alpha.txt'
Aug 23 06:00:40: User carol executed 'wc' (/usr/bin/wc) on file '/home/opc/logai/enterprise_mnc_audit_sim/enterprise_data/development'
Aug 23 06:00:50: User carol executed 'find' (/usr/bin/find) on file '/home/opc/logai/enterprise_mnc_audit_sim/enterprise_data/development'
Aug 23 06:00:59: User carol executed 'find' (/usr/bin/find) on file '/home/opc/logai/enterprise_mnc_audit_sim/enterprise_data/development'
Aug 23 06:00:59: User carol executed 'find' (/usr/bin/find) on file '/home/opc/logai/enterprise_mnc_audit_sim/enterprise_data/development/scripts/build.sh'
Aug 23 06:01:25: User carol executed 'grep' (/usr/bin/grep) on file '/home/opc/logai/enterprise_mnc_audit_sim/enterprise_data/development/scripts/build.sh'
Aug 23 06:08:36: User grace executed 'ps' (/usr/bin/ps) on file '/home/opc/logai/enterprise_mnc_audit_sim/enterprise_data/operations/'
Aug 23 06:18:50: User grace executed 'ls' (/usr/bin/ls) on file '/home/opc/logai/enterprise_mnc_audit_sim/applications/databases/'
Aug 23 06:19:07: User bob executed 'du' (/usr/bin/du) on file '/home/opc/logai/enterprise_mnc_audit_sim/applications/databases/'
Aug 23 06:20:46: User bob executed 'ls' (/usr/bin/ls) on file '/home/opc/logai/enterprise_mnc_audit_sim/enterprise_data/development'
Aug 23 06:20:52: User frank executed 'grep' (/usr/bin/grep) on file '/home/opc/logai/enterprise_mnc_audit_sim/enterprise_data/development/'
Aug 23 06:20:57: User frank executed 'ls' (/usr/bin/ls) on file '/home/opc/logai/enterprise_mnc_audit_sim/enterprise_data/development/'
Aug 23 06:28:19: User frank executed 'ls' (/usr/bin/ls) on file '/home/opc/logai/enterprise_mnc_audit_sim/enterprise_data/development/'
Aug 23 06:28:29: User carol executed 'ls' (/usr/bin/ls) on file '/home/opc/logai/enterprise_mnc_audit_sim/enterprise_data/development/projects/'
Aug 23 06:36:03: User dave executed 'netstat' (/usr/bin/netstat) on file '/home/opc/logai/enterprise_mnc_audit_sim/system'
Aug 23 06:43:58: User dave executed 'find' (/usr/bin/find) on file '/home/opc/logai/enterprise_mnc_audit_sim/applications/'
Aug 23 06:44:04: User dave executed 'ls' (/usr/bin/ls) on file '/home/opc/logai/enterprise_mnc_audit_sim/system'
Aug 23 06:44:13: User dave executed 'find' (/usr/bin/find) on file '/home/opc/logai/enterprise_mnc_audit_sim/system/logs/application.log'
Aug 23 06:44:19: User dave executed 'tail' (/usr/bin/tail) on file '/home/opc/logai/enterprise_mnc_audit_sim/system/logs/application.log'
Aug 23 06:45:57: User dave executed 'netstat' (/usr/bin/netstat) on file '/home/opc/logai/enterprise_mnc_audit_sim/enterprise_data/'
Aug 23 06:45:59: User heidi executed 'ls' (/usr/bin/ls) on file '/home/opc/logai/enterprise_mnc_audit_sim/enterprise_data/database'
Aug 23 06:45:59: Authentication event for user bob - Accepted password for bob from 192.168.1.50
Aug 23 06:46:08: User heidi executed 'w' (/usr/bin/w) on file '/home/opc/logai/enterprise_mnc_audit_sim/enterprise_data/'
Aug 23 06:46:08: User heidi executed 'w' (/usr/bin/w) on file '/home/opc/logai/enterprise_mnc_audit_sim/enterprise_data/database/mysql/db_config.cnf'
Aug 23 06:46:13: User bob executed 'cat' (/usr/bin/cat) on file '/home/opc/logai/enterprise_mnc_audit_sim/enterprise_data/database/'
Aug 23 06:46:20: User heidi executed 'find' (/usr/bin/find) on file '/home/opc/logai/enterprise_mnc_audit_sim/enterprise_data/database'
Aug 23 06:46:28: User bob executed 'du' (/usr/bin/du) on file '/home/opc/logai/enterprise_mnc_audit_sim/enterprise_data/database'
Aug 23 06:46:38: User bob executed 'find' (/usr/bin/find) on file '/home/opc/logai/enterprise_mnc_audit_sim/enterprise_data/database'
Aug 23 06:46:54: User bob executed 'grep' (/usr/bin/grep) on file '/home/opc/logai/enterprise_mnc_audit_sim/enterprise_data/database/mysql/db_config.cnf'
Aug 23 06:47:03: User bob executed 'cat' (/usr/bin/cat) on file '/home/opc/logai/enterprise_mnc_audit_sim/enterprise_data/database'
Aug 23 06:47:30: User bob executed 'find' (/usr/bin/find) on file '/home/opc/logai/enterprise_mnc_audit_sim/enterprise_data/'
Aug 23 06:47:39: User heidi executed 'w' (/usr/bin/w) on file '/home/opc/logai/enterprise_mnc_audit_sim/enterprise_data/'
Aug 23 06:48:00: User heidi executed 'who' (/usr/bin/who) on file '/home/opc/logai/enterprise_mnc_audit_sim/enterprise_data/operations/scripts/'
Aug 23 06:48:00: Authentication event for user sarah - Accepted password for sarah from 192.168.1.50
Aug 23 06:48:02: User sarah executed 'chmod' (/usr/bin/chmod) on file '/home/opc/logai/enterprise_mnc_audit_sim/enterprise_data/operations'
Aug 23 06:48:50: User sarah executed 'tar' (/usr/bin/tar) on file '/home/opc/logai/enterprise_mnc_audit_sim/enterprise_data/database'
Aug 23 06:49:07: User bob executed 'grep' (/usr/bin/grep) on file '/home/opc/logai/enterprise_mnc_audit_sim/applications/databases/'
Aug 23 06:51:06: User bob executed 'ls' (/usr/bin/ls) on file '/home/opc/logai/enterprise_mnc_audit_sim/enterprise_data/hr/'
Aug 23 06:51:09: User heidi executed 'ls' (/usr/bin/ls) on file '/home/opc/logai/enterprise_mnc_audit_sim/enterprise_data/'
Aug 23 06:51:45: User heidi executed 'ls' (/usr/bin/ls) on file '/home/opc/logai/enterprise_mnc_audit_sim/enterprise_data/development/'
Aug 23 06:51:46: User carol executed 'ls' (/usr/bin/ls) on file '/home/opc/logai/enterprise_mnc_audit_sim/enterprise_data/development/scripts/build.sh'
Aug 23 06:51:50: User carol executed 'chmod' (/usr/bin/chmod) on file '/home/opc/logai/enterprise_mnc_audit_sim/enterprise_data/development'
Aug 23 06:57:06: User carol executed 'cp' (/usr/bin/cp) on file '/home/opc/logai/enterprise_mnc_audit_sim/enterprise_data/development/scripts/build.sh'
Aug 23 06:57:14: User carol executed 'chmod' (/usr/bin/chmod) on file '/home/opc/logai/enterprise_mnc_audit_sim/enterprise_data/development/scripts/build.sh'
Aug 23 07:05:17: User carol executed 'chmod' (/usr/bin/chmod) on file '/home/opc/logai/enterprise_mnc_audit_sim/applications/databases/'
Aug 23 07:05:18: User bob executed 'ls' (/usr/bin/ls) on file '/home/opc/logai/enterprise_mnc_audit_sim/applications/databases/'
Aug 23 07:13:43: User john executed 'cp' (/usr/bin/cp) on file '/home/opc/logai/enterprise_mnc_audit_sim/enterprise_data/development/scripts/build.sh'
Aug 23 07:24:00: User bob executed 'grep' (/usr/bin/grep) on file '/home/opc/logai/enterprise_mnc_audit_sim/enterprise_data/database/'
Aug 23 07:24:09: User bob executed 'ls' (/usr/bin/ls) on file '/home/opc/logai/enterprise_mnc_audit_sim/enterprise_data/database/mysql/db_config.cnf'
Aug 23 07:24:33: User sarah executed 'tar' (/usr/bin/tar) on file '/home/opc/logai/enterprise_mnc_audit_sim/applications/'
Aug 23 07:30:22: User sarah executed 'ps' (/usr/bin/ps) on file '/home/opc/logai/enterprise_mnc_audit_sim/system/configs/server.conf'
Aug 23 07:30:38: User alice executed 'df' (/usr/bin/df) on file '/home/opc/logai/enterprise_mnc_audit_sim/system/configs/server.conf'
Aug 23 07:33:43: User alice executed 'free' (/usr/bin/free) on file '/home/opc/logai/enterprise_mnc_audit_sim/system/logs/application.log'
Aug 23 07:33:48: User alice executed 'tail' (/usr/bin/tail) on file '/home/opc/logai/enterprise_mnc_audit_sim/system'
Aug 23 07:34:22: User alice executed 'netstat' (/usr/bin/netstat) on file '/home/opc/logai/enterprise_mnc_audit_sim/enterprise_data/operations/scripts/'
Aug 23 07:34:30: User grace executed 'chmod' (/usr/bin/chmod) on file '/home/opc/logai/enterprise_mnc_audit_sim/enterprise_data/operations/scripts/'
Aug 23 07:41:58: User grace executed 'top' (/usr/bin/top) on file '/home/opc/logai/enterprise_mnc_audit_sim/enterprise_data/development'
Aug 23 07:42:04: User john executed 'find' (/usr/bin/find) on file '/home/opc/logai/enterprise_mnc_audit_sim/enterprise_data/development/scripts/build.sh'
Aug 23 07:42:12: User john executed 'grep' (/usr/bin/grep) on file '/home/opc/logai/enterprise_mnc_audit_sim/enterprise_data/development/projects/project_alpha.txt'
Aug 23 07:48:29: User john executed 'grep' (/usr/bin/grep) on file '/home/opc/logai/enterprise_mnc_audit_sim/enterprise_data/operations/scripts/'
Aug 23 07:48:36: User sarah executed 'chmod' (/usr/bin/chmod) on file '/home/opc/logai/enterprise_mnc_audit_sim/applications/'
Aug 23 07:48:48: User sarah executed 'du' (/usr/bin/du) on file '/home/opc/logai/enterprise_mnc_audit_sim/enterprise_data/operations/'
Aug 23 07:59:48: User sarah executed 'top' (/usr/bin/top) on file '/home/opc/logai/enterprise_mnc_audit_sim/enterprise_data/development/scripts/build.sh'
Aug 23 07:59:53: User carol executed 'chmod' (/usr/bin/chmod) on file '/home/opc/logai/enterprise_mnc_audit_sim/enterprise_data/development/projects/'
Aug 23 08:00:02: User carol executed 'grep' (/usr/bin/grep) on file '/home/opc/logai/enterprise_mnc_audit_sim/enterprise_data/development/'
Aug 23 08:00:03: User carol executed 'ls' (/usr/bin/ls) on file '/home/opc/logai/enterprise_mnc_audit_sim/enterprise_data/development/projects/project_alpha.txt'
Aug 23 08:00:57: User frank executed 'grep' (/usr/bin/grep) on file '/home/opc/logai/enterprise_mnc_audit_sim/enterprise_data/development/scripts/build.sh'
Aug 23 08:02:25: User eve executed 'cp' (/usr/bin/cp) on file '/home/opc/logai/enterprise_mnc_audit_sim/enterprise_data/database/mysql/db_config.cnf'
Aug 23 08:15:15: User eve executed 'chmod' (/usr/bin/chmod) on file '/home/opc/logai/enterprise_mnc_audit_sim/enterprise_data/development'
Aug 23 08:19:12: User john executed 'wc' (/usr/bin/wc) on file '/home/opc/logai/enterprise_mnc_audit_sim/enterprise_data/development/projects/'
Aug 23 08:19:22: User carol executed 'ls' (/usr/bin/ls) on file '/home/opc/logai/enterprise_mnc_audit_sim/enterprise_data/development'
Aug 23 08:19:28: User carol executed 'find' (/usr/bin/find) on file '/home/opc/logai/enterprise_mnc_audit_sim/enterprise_data/development/scripts/build.sh'
Aug 23 08:19:44: User carol executed 'cp' (/usr/bin/cp) on file '/home/opc/logai/enterprise_mnc_audit_sim/enterprise_data/development/'
Aug 23 08:32:01: User carol executed 'ls' (/usr/bin/ls) on file '/home/opc/logai/enterprise_mnc_audit_sim/enterprise_data/database/'
Aug 23 08:32:17: User eve executed 'du' (/usr/bin/du) on file '/home/opc/logai/enterprise_mnc_audit_sim/enterprise_data/database/mysql/db_config.cnf'
Aug 23 08:33:43: User alice executed 'free' (/usr/bin/free) on file '/home/opc/logai/enterprise_mnc_audit_sim/system/configs/server.conf'
Aug 23 08:43:22: User sarah executed 'du' (/usr/bin/du) on file '/home/opc/logai/enterprise_mnc_audit_sim/enterprise_data/operations/'
Aug 23 08:43:31: User sarah executed 'ls' (/usr/bin/ls) on file '/home/opc/logai/enterprise_mnc_audit_sim/enterprise_data/operations'
Aug 23 08:43:34: User sarah executed 'find' (/usr/bin/find) on file '/home/opc/logai/enterprise_mnc_audit_sim/applications/'
Aug 23 08:43:38: User sarah executed 'ls' (/usr/bin/ls) on file '/home/opc/logai/enterprise_mnc_audit_sim/applications/databases/'
Aug 23 08:43:41: User eve executed 'ls' (/usr/bin/ls) on file '/home/opc/logai/enterprise_mnc_audit_sim/enterprise_data/database/mysql/db_config.cnf'
Aug 23 08:43:42: User eve executed 'chmod' (/usr/bin/chmod) on file '/home/opc/logai/enterprise_mnc_audit_sim/applications/databases/'
Aug 23 08:43:53: User eve executed 'grep' (/usr/bin/grep) on file '/home/opc/logai/enterprise_mnc_audit_sim/enterprise_data/database/mysql/db_config.cnf'
Aug 23 08:54:00: User heidi executed 'w' (/usr/bin/w) on file '/home/opc/logai/enterprise_mnc_audit_sim/enterprise_data/hr/'
Aug 23 08:58:02: User heidi executed 'who' (/usr/bin/who) on file '/home/opc/logai/enterprise_mnc_audit_sim/applications/'
Aug 23 08:58:05: User grace executed 'ls' (/usr/bin/ls) on file '/home/opc/logai/enterprise_mnc_audit_sim/enterprise_data/operations/'
Aug 23 08:59:47: User frank executed 'grep' (/usr/bin/grep) on file '/home/opc/logai/enterprise_mnc_audit_sim/enterprise_data/development/projects/'
Aug 23 09:02:24: User frank executed 'wc' (/usr/bin/wc) on file '/home/opc/logai/enterprise_mnc_audit_sim/system/configs/server.conf'
Aug 24 00:06:35: User alice executed 'free' (/usr/bin/free) on file '/home/opc/logai/enterprise_mnc_audit_sim/enterprise_data/database'
Aug 24 00:06:38: User bob executed 'find' (/usr/bin/find) on file '/home/opc/logai/enterprise_mnc_audit_sim/enterprise_data/database/'
Aug 24 00:06:41: User bob executed 'ls' (/usr/bin/ls) on file '/home/opc/logai/enterprise_mnc_audit_sim/enterprise_data/database'
Aug 24 00:23:59: User eve executed 'du' (/usr/bin/du) on file '/home/opc/logai/enterprise_mnc_audit_sim/enterprise_data/database/'
Aug 24 00:26:32: User bob executed 'du' (/usr/bin/du) on file '/home/opc/logai/enterprise_mnc_audit_sim/enterprise_data/database'
Aug 24 00:27:43: User carol executed 'cp' (/usr/bin/cp) on file '/home/opc/logai/enterprise_mnc_audit_sim/enterprise_data/development/projects/'
Aug 24 00:27:55: User grace executed 'top' (/usr/bin/top) on file '/home/opc/logai/enterprise_mnc_audit_sim/enterprise_data/operations'
Aug 24 00:27:59: User grace executed 'find' (/usr/bin/find) on file '/home/opc/logai/enterprise_mnc_audit_sim/enterprise_data/operations'
Aug 24 00:28:09: User grace executed 'find' (/usr/bin/find) on file '/home/opc/logai/enterprise_mnc_audit_sim/enterprise_data/operations/'
Aug 24 00:54:41: User grace executed 'ls' (/usr/bin/ls) on file '/home/opc/logai/enterprise_mnc_audit_sim/enterprise_data/operations/'
Aug 24 00:54:41: Authentication event for user sarah - Accepted password for sarah from 192.168.1.50
Aug 24 00:54:42: User sarah executed 'ls' (/usr/bin/ls) on file '/home/opc/logai/enterprise_mnc_audit_sim/enterprise_data/operations/'
Aug 24 00:54:44: User sarah executed 'ls' (/usr/bin/ls) on file '/home/opc/logai/enterprise_mnc_audit_sim/enterprise_data/operations/scripts/'
Aug 24 01:11:54: User frank executed 'wc' (/usr/bin/wc) on file '/home/opc/logai/enterprise_mnc_audit_sim/enterprise_data/development/scripts/build.sh'
Aug 24 01:15:45: User frank executed 'wc' (/usr/bin/wc) on file '/home/opc/logai/enterprise_mnc_audit_sim/enterprise_data/development/projects/'
Aug 24 01:15:45: Authentication event for user carol - Accepted password for carol from 192.168.1.50
Aug 24 01:15:55: User carol executed 'grep' (/usr/bin/grep) on file '/home/opc/logai/enterprise_mnc_audit_sim/enterprise_data/development/projects/project_alpha.txt'
Aug 24 01:15:57: User carol executed 'cat' (/usr/bin/cat) on file '/home/opc/logai/enterprise_mnc_audit_sim/enterprise_data/development'
Aug 24 01:16:57: User carol executed 'find' (/usr/bin/find) on file '/home/opc/logai/enterprise_mnc_audit_sim/enterprise_data/development'
Aug 24 01:27:08: User john executed 'cp' (/usr/bin/cp) on file '/home/opc/logai/enterprise_mnc_audit_sim/enterprise_data/development/scripts/build.sh'
Aug 24 01:28:05: User john executed 'chmod' (/usr/bin/chmod) on file '/home/opc/logai/enterprise_mnc_audit_sim/enterprise_data/development/projects/project_alpha.txt'
Aug 24 01:28:10: User frank executed 'wc' (/usr/bin/wc) on file '/home/opc/logai/enterprise_mnc_audit_sim/enterprise_data/development/projects/'
Aug 24 01:28:57: User eve executed 'cp' (/usr/bin/cp) on file '/home/opc/logai/enterprise_mnc_audit_sim/enterprise_data/database'
Aug 24 01:29:07: User eve executed 'grep' (/usr/bin/grep) on file '/home/opc/logai/enterprise_mnc_audit_sim/enterprise_data/database/mysql/db_config.cnf'
Aug 24 01:29:41: User eve executed 'chmod' (/usr/bin/chmod) on file '/home/opc/logai/enterprise_mnc_audit_sim/applications/databases/'
Aug 24 01:29:47: User bob executed 'ls' (/usr/bin/ls) on file '/home/opc/logai/enterprise_mnc_audit_sim/applications/databases/'
Aug 24 01:30:03: User bob executed 'grep' (/usr/bin/grep) on file '/home/opc/logai/enterprise_mnc_audit_sim/enterprise_data/database/'
Aug 24 01:34:39: User heidi executed 'last' (/usr/bin/last) on file '/home/opc/logai/enterprise_mnc_audit_sim/enterprise_data/'
Aug 24 01:47:24: User heidi executed 'w' (/usr/bin/w) on file '/home/opc/logai/enterprise_mnc_audit_sim/system/configs/server.conf'
Aug 24 01:47:30: User dave executed 'cat' (/usr/bin/cat) on file '/home/opc/logai/enterprise_mnc_audit_sim/applications/'
Aug 24 01:47:55: User dave executed 'df' (/usr/bin/df) on file '/home/opc/logai/enterprise_mnc_audit_sim/system/configs/server.conf'
Aug 24 01:48:21: User dave executed 'cat' (/usr/bin/cat) on file '/home/opc/logai/enterprise_mnc_audit_sim/enterprise_data/database/mysql/db_config.cnf'
Aug 24 01:48:25: User eve executed 'cat' (/usr/bin/cat) on file '/home/opc/logai/enterprise_mnc_audit_sim/enterprise_data/database'
Aug 24 01:48:33: User eve executed 'find' (/usr/bin/find) on file '/home/opc/logai/enterprise_mnc_audit_sim/enterprise_data/database/mysql/db_config.cnf'
Aug 24 01:57:33: User eve executed 'du' (/usr/bin/du) on file '/home/opc/logai/enterprise_mnc_audit_sim/system/configs/server.conf'
Aug 24 01:57:47: User dave executed 'df' (/usr/bin/df) on file '/home/opc/logai/enterprise_mnc_audit_sim/system'
Aug 24 02:02:05: User grace executed 'du' (/usr/bin/du) on file '/home/opc/logai/enterprise_mnc_audit_sim/enterprise_data/operations'
Aug 24 02:03:45: User heidi executed 'netstat' (/usr/bin/netstat) on file '/home/opc/logai/enterprise_mnc_audit_sim/enterprise_data/'
Aug 24 02:13:15: User grace executed 'ps' (/usr/bin/ps) on file '/home/opc/logai/enterprise_mnc_audit_sim/enterprise_data/operations/'
Aug 24 02:25:59: User heidi executed 'w' (/usr/bin/w) on file '/home/opc/logai/enterprise_mnc_audit_sim/enterprise_data/development/'
Aug 24 02:26:08: User carol executed 'ls' (/usr/bin/ls) on file '/home/opc/logai/enterprise_mnc_audit_sim/enterprise_data/development'
Aug 24 02:31:11: User carol executed 'grep' (/usr/bin/grep) on file '/home/opc/logai/enterprise_mnc_audit_sim/enterprise_data/development'
Aug 24 02:31:19: User carol executed 'find' (/usr/bin/find) on file '/home/opc/logai/enterprise_mnc_audit_sim/enterprise_data/development/projects/project_alpha.txt'
Aug 24 02:54:23: User dave executed 'ps' (/usr/bin/ps) on file '/home/opc/logai/enterprise_mnc_audit_sim/enterprise_data/'
Aug 24 02:54:42: User dave executed 'netstat' (/usr/bin/netstat) on file '/home/opc/logai/enterprise_mnc_audit_sim/system'
Aug 24 02:54:52: User dave executed 'find' (/usr/bin/find) on file '/home/opc/logai/enterprise_mnc_audit_sim/system/configs/'
Aug 24 03:02:57: User dave executed 'ls' (/usr/bin/ls) on file '/home/opc/logai/enterprise_mnc_audit_sim/enterprise_data/operations/scripts/'
Aug 24 03:02:59: User grace executed 'chmod' (/usr/bin/chmod) on file '/home/opc/logai/enterprise_mnc_audit_sim/applications/'
Aug 24 03:03:07: User grace executed 'tar' (/usr/bin/tar) on file '/home/opc/logai/enterprise_mnc_audit_sim/enterprise_data/operations'
Aug 24 03:08:16: User dave executed 'netstat' (/usr/bin/netstat) on file '/home/opc/logai/enterprise_mnc_audit_sim/system/configs/server.conf'
Aug 24 03:27:17: Authentication event for user john - Failed password for john from 192.168.1.100
Aug 24 03:33:08: User john executed 'rm' (/usr/bin/rm) on file '/home/opc/logai/enterprise_mnc_audit_sim/enterprise_data/operations/scripts/'
Aug 24 03:33:11: User grace executed 'chmod' (/usr/bin/chmod) on file '/home/opc/logai/enterprise_mnc_audit_sim/applications/'
Aug 24 03:33:15: User grace executed 'ls' (/usr/bin/ls) on file '/home/opc/logai/enterprise_mnc_audit_sim/applications/'
Aug 24 03:33:17: User grace executed 'ls' (/usr/bin/ls) on file '/home/opc/logai/enterprise_mnc_audit_sim/enterprise_data/operations/'
Aug 24 03:38:51: User grace executed 'du' (/usr/bin/du) on file '/home/opc/logai/enterprise_mnc_audit_sim/system/logs/application.log'
Aug 24 03:38:51: Authentication event for user alice - Accepted password for alice from 192.168.1.50
Aug 24 03:38:58: User alice executed 'tail' (/usr/bin/tail) on file '/home/opc/logai/enterprise_mnc_audit_sim/system/configs/server.conf'
Aug 24 03:39:02: User alice executed 'chmod' (/usr/bin/chmod) on file '/home/opc/logai/enterprise_mnc_audit_sim/system/configs/server.conf'
Aug 24 03:42:29: User alice executed 'cat' (/usr/bin/cat) on file '/home/opc/logai/enterprise_mnc_audit_sim/enterprise_data/database'
Aug 24 03:42:39: User bob executed 'find' (/usr/bin/find) on file '/home/opc/logai/enterprise_mnc_audit_sim/enterprise_data/database'
Aug 24 03:42:53: User bob executed 'du' (/usr/bin/du) on file '/home/opc/logai/enterprise_mnc_audit_sim/enterprise_data/database/mysql/db_config.cnf'
Aug 24 03:49:09: User sarah executed 'ps' (/usr/bin/ps) on file '/home/opc/logai/enterprise_mnc_audit_sim/enterprise_data/operations/scripts/'
Aug 24 03:49:17: User sarah executed 'chmod' (/usr/bin/chmod) on file '/home/opc/logai/enterprise_mnc_audit_sim/enterprise_data/operations/scripts/'
Aug 24 03:49:54: User sarah executed 'chmod' (/usr/bin/chmod) on file '/home/opc/logai/enterprise_mnc_audit_sim/system/logs/application.log'
Aug 24 03:50:02: User dave executed 'tail' (/usr/bin/tail) on file '/home/opc/logai/enterprise_mnc_audit_sim/system/configs/server.conf'
Aug 24 03:50:04: User dave executed 'cat' (/usr/bin/cat) on file '/home/opc/logai/enterprise_mnc_audit_sim/system/configs/server.conf'
Aug 24 03:59:10: User dave executed 'netstat' (/usr/bin/netstat) on file '/home/opc/logai/enterprise_mnc_audit_sim/system/logs/application.log'
Aug 24 04:10:48: User dave executed 'df' (/usr/bin/df) on file '/home/opc/logai/enterprise_mnc_audit_sim/enterprise_data/development/'
Aug 24 04:19:49: User sarah executed 'ps' (/usr/bin/ps) on file '/home/opc/logai/enterprise_mnc_audit_sim/enterprise_data/operations/scripts/'
Aug 24 04:31:55: Authentication event for user unknown - Failed password for unknown from 192.168.1.100
Aug 24 04:39:39: User sarah executed 'chmod' (/usr/bin/chmod) on file '/home/opc/logai/enterprise_mnc_audit_sim/applications/databases/'
Aug 24 04:39:55: User eve executed 'cp' (/usr/bin/cp) on file '/home/opc/logai/enterprise_mnc_audit_sim/system'
Aug 24 04:40:09: User alice executed 'netstat' (/usr/bin/netstat) on file '/home/opc/logai/enterprise_mnc_audit_sim/system'
Aug 24 04:40:11: User alice executed 'find' (/usr/bin/find) on file '/home/opc/logai/enterprise_mnc_audit_sim/system'
Aug 24 04:43:57: User alice executed 'df' (/usr/bin/df) on file '/home/opc/logai/enterprise_mnc_audit_sim/system/configs/server.conf'
Aug 24 04:47:26: User alice executed 'netstat' (/usr/bin/netstat) on file '/home/opc/logai/enterprise_mnc_audit_sim/enterprise_data/database/mysql/db_config.cnf'
Aug 24 04:47:32: User bob executed 'chmod' (/usr/bin/chmod) on file '/home/opc/logai/enterprise_mnc_audit_sim/applications/databases/'
Aug 24 04:49:14: User bob executed 'grep' (/usr/bin/grep) on file '/home/opc/logai/enterprise_mnc_audit_sim/enterprise_data/database/mysql/db_config.cnf'
Aug 24 04:54:33: User john executed 'grep' (/usr/bin/grep) on file '/home/opc/logai/enterprise_mnc_audit_sim/applications/'
Aug 24 04:54:33: Authentication event for user alice - Accepted password for alice from 192.168.1.50
Aug 24 04:54:35: User alice executed 'ls' (/usr/bin/ls) on file '/home/opc/logai/enterprise_mnc_audit_sim/system'
Aug 24 04:54:45: User alice executed 'find' (/usr/bin/find) on file '/home/opc/logai/enterprise_mnc_audit_sim/system/configs/server.conf'
Aug 24 04:56:49: User alice executed 'ps' (/usr/bin/ps) on file '/home/opc/logai/enterprise_mnc_audit_sim/enterprise_data/operations'
Aug 24 04:56:56: User grace executed 'top' (/usr/bin/top) on file '/home/opc/logai/enterprise_mnc_audit_sim/enterprise_data/operations'
Aug 24 04:57:06: User grace executed 'find' (/usr/bin/find) on file '/home/opc/logai/enterprise_mnc_audit_sim/enterprise_data/operations'
Aug 24 04:57:07: User grace executed 'find' (/usr/bin/find) on file '/home/opc/logai/enterprise_mnc_audit_sim/enterprise_data/operations/'
Aug 24 05:03:11: User grace executed 'ls' (/usr/bin/ls) on file '/home/opc/logai/enterprise_mnc_audit_sim/enterprise_data/hr/'
Aug 24 05:03:15: User heidi executed 'ls' (/usr/bin/ls) on file '/home/opc/logai/enterprise_mnc_audit_sim/enterprise_data/hr/'
Aug 24 05:04:19: User heidi executed 'who' (/usr/bin/who) on file '/home/opc/logai/enterprise_mnc_audit_sim/enterprise_data/development/projects/'
Aug 24 05:04:20: User carol executed 'ls' (/usr/bin/ls) on file '/home/opc/logai/enterprise_mnc_audit_sim/enterprise_data/development/scripts/build.sh'
Aug 24 05:07:55: User bob executed 'cp' (/usr/bin/cp) on file '/home/opc/logai/enterprise_mnc_audit_sim/enterprise_data/database'
Aug 24 05:08:03: User bob executed 'find' (/usr/bin/find) on file '/home/opc/logai/enterprise_mnc_audit_sim/enterprise_data/database/mysql/db_config.cnf'
Aug 24 05:08:05: User bob executed 'chmod' (/usr/bin/chmod) on file '/home/opc/logai/enterprise_mnc_audit_sim/enterprise_data/operations/'
Aug 24 05:08:17: User sarah executed 'ps' (/usr/bin/ps) on file '/home/opc/logai/enterprise_mnc_audit_sim/applications/'
Aug 24 05:08:23: User sarah executed 'ls' (/usr/bin/ls) on file '/home/opc/logai/enterprise_mnc_audit_sim/enterprise_data/operations/'
Aug 24 05:23:11: User sarah executed 'ps' (/usr/bin/ps) on file '/home/opc/logai/enterprise_mnc_audit_sim/applications/'
Aug 24 05:23:26: User grace executed 'du' (/usr/bin/du) on file '/home/opc/logai/enterprise_mnc_audit_sim/enterprise_data/operations/'
Aug 24 05:23:30: User grace executed 'ls' (/usr/bin/ls) on file '/home/opc/logai/enterprise_mnc_audit_sim/enterprise_data/operations/scripts/'
Aug 24 05:25:07: User sarah executed 'du' (/usr/bin/du) on file '/home/opc/logai/enterprise_mnc_audit_sim/enterprise_data/operations/'
Aug 24 05:25:24: User sarah executed 'tar' (/usr/bin/tar) on file '/home/opc/logai/enterprise_mnc_audit_sim/enterprise_data/operations/'
Aug 24 05:29:38: User carol executed 'wc' (/usr/bin/wc) on file '/home/opc/logai/enterprise_mnc_audit_sim/enterprise_data/development'
Aug 24 05:31:11: Authentication event for user unknown - Failed password for unknown from 192.168.1.100
Aug 24 05:35:04: User carol executed 'find' (/usr/bin/find) on file '/home/opc/logai/enterprise_mnc_audit_sim/enterprise_data/database/mysql/db_config.cnf'
Aug 24 05:44:08: User bob executed 'grep' (/usr/bin/grep) on file '/home/opc/logai/enterprise_mnc_audit_sim/enterprise_data/operations/scripts/'
Aug 24 05:49:11: User frank executed 'cp' (/usr/bin/cp) on file '/home/opc/logai/enterprise_mnc_audit_sim/enterprise_data/development/'
Aug 24 05:49:14: User frank executed 'ls' (/usr/bin/ls) on file '/home/opc/logai/enterprise_mnc_audit_sim/enterprise_data/development/projects/project_alpha.txt'
Aug 24 06:03:52: User frank executed 'cat' (/usr/bin/cat) on file '/home/opc/logai/enterprise_mnc_audit_sim/enterprise_data/database/mysql/db_config.cnf'
Aug 24 06:03:52: Authentication event for user bob - Accepted password for bob from 192.168.1.50
Aug 24 06:07:39: User bob executed 'grep' (/usr/bin/grep) on file '/home/opc/logai/enterprise_mnc_audit_sim/enterprise_data/development'
Aug 24 06:07:43: User frank executed 'find' (/usr/bin/find) on file '/home/opc/logai/enterprise_mnc_audit_sim/enterprise_data/development/projects/'
Aug 24 06:07:47: User frank executed 'ls' (/usr/bin/ls) on file '/home/opc/logai/enterprise_mnc_audit_sim/enterprise_data/development/'
Aug 24 06:07:57: User frank executed 'ls' (/usr/bin/ls) on file '/home/opc/logai/enterprise_mnc_audit_sim/enterprise_data/development/projects/'
Aug 24 06:08:50: User eve executed 'du' (/usr/bin/du) on file '/home/opc/logai/enterprise_mnc_audit_sim/enterprise_data/database/mysql/db_config.cnf'
Aug 24 06:10:55: User eve executed 'chmod' (/usr/bin/chmod) on file '/home/opc/logai/enterprise_mnc_audit_sim/enterprise_data/development/scripts/build.sh'
Aug 24 06:11:09: User frank executed 'wc' (/usr/bin/wc) on file '/home/opc/logai/enterprise_mnc_audit_sim/enterprise_data/development/projects/'
Aug 24 06:11:17: User frank executed 'ls' (/usr/bin/ls) on file '/home/opc/logai/enterprise_mnc_audit_sim/enterprise_data/development'
Aug 24 06:12:13: User john executed 'cp' (/usr/bin/cp) on file '/home/opc/logai/enterprise_mnc_audit_sim/enterprise_data/development/projects/'
Aug 24 06:12:21: User john executed 'wc' (/usr/bin/wc) on file '/home/opc/logai/enterprise_mnc_audit_sim/enterprise_data/development/projects/'
Aug 24 06:15:58: User heidi executed 'w' (/usr/bin/w) on file '/home/opc/logai/enterprise_mnc_audit_sim/applications/'
Aug 24 06:16:04: User grace executed 'ls' (/usr/bin/ls) on file '/home/opc/logai/enterprise_mnc_audit_sim/enterprise_data/operations'
Aug 24 06:16:11: User grace executed 'find' (/usr/bin/find) on file '/home/opc/logai/enterprise_mnc_audit_sim/enterprise_data/operations/'
Aug 24 06:28:50: User alice executed 'ps' (/usr/bin/ps) on file '/home/opc/logai/enterprise_mnc_audit_sim/enterprise_data/'
Aug 24 06:35:10: User dave executed 'ps' (/usr/bin/ps) on file '/home/opc/logai/enterprise_mnc_audit_sim/system/logs/application.log'
Aug 24 06:35:26: User dave executed 'free' (/usr/bin/free) on file '/home/opc/logai/enterprise_mnc_audit_sim/system/configs/server.conf'
Aug 24 06:36:31: User john executed 'grep' (/usr/bin/grep) on file '/home/opc/logai/enterprise_mnc_audit_sim/enterprise_data/development/scripts/build.sh'
Aug 24 06:36:37: User john executed 'wc' (/usr/bin/wc) on file '/home/opc/logai/enterprise_mnc_audit_sim/enterprise_data/development'
Aug 24 06:40:22: User john executed 'find' (/usr/bin/find) on file '/home/opc/logai/enterprise_mnc_audit_sim/applications/databases/'
Aug 24 06:40:32: User bob executed 'ls' (/usr/bin/ls) on file '/home/opc/logai/enterprise_mnc_audit_sim/enterprise_data/database/'
Aug 24 06:40:46: User bob executed 'grep' (/usr/bin/grep) on file '/home/opc/logai/enterprise_mnc_audit_sim/enterprise_data/database'
Aug 24 06:40:48: User bob executed 'find' (/usr/bin/find) on file '/home/opc/logai/enterprise_mnc_audit_sim/enterprise_data/database/mysql/db_config.cnf'
Aug 24 06:52:45: User alice executed 'netstat' (/usr/bin/netstat) on file '/home/opc/logai/enterprise_mnc_audit_sim/applications/'
Aug 24 06:52:48: User alice executed 'ls' (/usr/bin/ls) on file '/home/opc/logai/enterprise_mnc_audit_sim/system'
Aug 24 06:52:56: User alice executed 'find' (/usr/bin/find) on file '/home/opc/logai/enterprise_mnc_audit_sim/system/configs/server.conf'
Aug 24 06:54:14: User alice executed 'chmod' (/usr/bin/chmod) on file '/home/opc/logai/enterprise_mnc_audit_sim/enterprise_data/development/projects/project_alpha.txt'
Aug 24 06:54:21: User frank executed 'cat' (/usr/bin/cat) on file '/home/opc/logai/enterprise_mnc_audit_sim/enterprise_data/development/projects/project_alpha.txt'
Aug 24 06:54:40: User frank executed 'cp' (/usr/bin/cp) on file '/home/opc/logai/enterprise_mnc_audit_sim/enterprise_data/development/projects/project_alpha.txt'
Aug 24 06:59:19: User dave executed 'ps' (/usr/bin/ps) on file '/home/opc/logai/enterprise_mnc_audit_sim/system/configs/'
Aug 24 06:59:22: User dave executed 'ls' (/usr/bin/ls) on file '/home/opc/logai/enterprise_mnc_audit_sim/system/configs/'
Aug 24 07:06:26: User dave executed 'ls' (/usr/bin/ls) on file '/home/opc/logai/enterprise_mnc_audit_sim/enterprise_data/'
Aug 24 07:17:45: User heidi executed 'last' (/usr/bin/last) on file '/home/opc/logai/enterprise_mnc_audit_sim/system'
Aug 24 07:17:45: Authentication event for user dave - Accepted password for dave from 192.168.1.50
Aug 24 07:17:53: User dave executed 'find' (/usr/bin/find) on file '/home/opc/logai/enterprise_mnc_audit_sim/applications/'
Aug 24 07:18:01: User dave executed 'ls' (/usr/bin/ls) on file '/home/opc/logai/enterprise_mnc_audit_sim/system/logs/application.log'
Aug 24 07:26:20: User grace executed 'tar' (/usr/bin/tar) on file '/home/opc/logai/enterprise_mnc_audit_sim/enterprise_data/operations/'
Aug 24 07:26:30: User grace executed 'ls' (/usr/bin/ls) on file '/home/opc/logai/enterprise_mnc_audit_sim/enterprise_data/operations'
Aug 24 07:26:38: User grace executed 'ps' (/usr/bin/ps) on file '/home/opc/logai/enterprise_mnc_audit_sim/enterprise_data/operations/scripts/'
Aug 24 07:37:17: User grace executed 'chmod' (/usr/bin/chmod) on file '/home/opc/logai/enterprise_mnc_audit_sim/enterprise_data/development/projects/project_alpha.txt'
Aug 24 07:37:21: User john executed 'cat' (/usr/bin/cat) on file '/home/opc/logai/enterprise_mnc_audit_sim/enterprise_data/development/scripts/build.sh'
Aug 24 07:37:31: User john executed 'chmod' (/usr/bin/chmod) on file '/home/opc/logai/enterprise_mnc_audit_sim/enterprise_data/development/projects/project_alpha.txt'
Aug 24 07:37:38: User john executed 'cat' (/usr/bin/cat) on file '/home/opc/logai/enterprise_mnc_audit_sim/enterprise_data/database'
Aug 24 07:37:40: User eve executed 'find' (/usr/bin/find) on file '/home/opc/logai/enterprise_mnc_audit_sim/enterprise_data/development'
Aug 24 07:40:27: User eve executed 'cp' (/usr/bin/cp) on file '/home/opc/logai/enterprise_mnc_audit_sim/applications/'
Aug 24 07:40:37: User sarah executed 'tar' (/usr/bin/tar) on file '/home/opc/logai/enterprise_mnc_audit_sim/enterprise_data/operations'
Aug 24 07:40:45: User sarah executed 'find' (/usr/bin/find) on file '/home/opc/logai/enterprise_mnc_audit_sim/applications/'
Aug 24 07:47:27: User sarah executed 'ls' (/usr/bin/ls) on file '/home/opc/logai/enterprise_mnc_audit_sim/enterprise_data/database/mysql/db_config.cnf'
Aug 24 07:47:29: User eve executed 'chmod' (/usr/bin/chmod) on file '/home/opc/logai/enterprise_mnc_audit_sim/enterprise_data/database/'
Aug 24 07:51:11: User eve executed 'ls' (/usr/bin/ls) on file '/home/opc/logai/enterprise_mnc_audit_sim/enterprise_data/operations/scripts/'
Aug 24 07:51:20: User grace executed 'chmod' (/usr/bin/chmod) on file '/home/opc/logai/enterprise_mnc_audit_sim/enterprise_data/operations'
Aug 24 07:51:30: User grace executed 'find' (/usr/bin/find) on file '/home/opc/logai/enterprise_mnc_audit_sim/enterprise_data/operations'
Aug 24 07:52:10: User carol executed 'wc' (/usr/bin/wc) on file '/home/opc/logai/enterprise_mnc_audit_sim/enterprise_data/development/projects/project_alpha.txt'
Aug 24 07:53:09: User carol executed 'cat' (/usr/bin/cat) on file '/home/opc/logai/enterprise_mnc_audit_sim/enterprise_data/database/mysql/db_config.cnf'
Aug 24 07:53:16: User bob executed 'cp' (/usr/bin/cp) on file '/home/opc/logai/enterprise_mnc_audit_sim/enterprise_data/database/mysql/db_config.cnf'
Aug 24 07:53:22: User bob executed 'cat' (/usr/bin/cat) on file '/home/opc/logai/enterprise_mnc_audit_sim/enterprise_data/database/'
Aug 24 07:56:34: User eve executed 'grep' (/usr/bin/grep) on file '/home/opc/logai/enterprise_mnc_audit_sim/applications/'
Aug 24 07:56:47: User grace executed 'top' (/usr/bin/top) on file '/home/opc/logai/enterprise_mnc_audit_sim/enterprise_data/development/projects/project_alpha.txt'
Aug 24 07:57:02: User john executed 'wc' (/usr/bin/wc) on file '/home/opc/logai/enterprise_mnc_audit_sim/enterprise_data/development/projects/'
Aug 24 07:57:09: User john executed 'ls' (/usr/bin/ls) on file '/home/opc/logai/enterprise_mnc_audit_sim/enterprise_data/development/projects/project_alpha.txt'
Aug 24 07:57:10: User carol executed 'cat' (/usr/bin/cat) on file '/home/opc/logai/enterprise_mnc_audit_sim/enterprise_data/development'
Aug 24 07:57:14: User carol executed 'find' (/usr/bin/find) on file '/home/opc/logai/enterprise_mnc_audit_sim/enterprise_data/development/'
Aug 24 07:57:17: User carol executed 'ls' (/usr/bin/ls) on file '/home/opc/logai/enterprise_mnc_audit_sim/enterprise_data/development/scripts/build.sh'
Aug 24 08:08:03: User carol executed 'cp' (/usr/bin/cp) on file '/home/opc/logai/enterprise_mnc_audit_sim/applications/'
Aug 24 08:08:24: User grace executed 'tar' (/usr/bin/tar) on file '/home/opc/logai/enterprise_mnc_audit_sim/enterprise_data/operations/scripts/'
Aug 24 08:11:34: User grace executed 'ps' (/usr/bin/ps) on file '/home/opc/logai/enterprise_mnc_audit_sim/enterprise_data/operations/'
Aug 24 08:13:27: User grace executed 'ls' (/usr/bin/ls) on file '/home/opc/logai/enterprise_mnc_audit_sim/system/configs/server.conf'
Aug 24 08:13:30: User dave executed 'cat' (/usr/bin/cat) on file '/home/opc/logai/enterprise_mnc_audit_sim/system'
Aug 24 08:13:31: User dave executed 'find' (/usr/bin/find) on file '/home/opc/logai/enterprise_mnc_audit_sim/applications/'
Aug 24 08:13:33: User dave executed 'ls' (/usr/bin/ls) on file '/home/opc/logai/enterprise_mnc_audit_sim/system/configs/'
Aug 24 08:17:37: User grace executed 'top' (/usr/bin/top) on file '/home/opc/logai/enterprise_mnc_audit_sim/enterprise_data/database/mysql/db_config.cnf'
Aug 24 08:17:47: User eve executed 'chmod' (/usr/bin/chmod) on file '/home/opc/logai/enterprise_mnc_audit_sim/enterprise_data/database/'
Aug 24 08:27:44: User eve executed 'grep' (/usr/bin/grep) on file '/home/opc/logai/enterprise_mnc_audit_sim/enterprise_data/database/'
Aug 24 08:27:54: User eve executed 'du' (/usr/bin/du) on file '/home/opc/logai/enterprise_mnc_audit_sim/applications/databases/'
Aug 24 08:27:55: User eve executed 'ls' (/usr/bin/ls) on file '/home/opc/logai/enterprise_mnc_audit_sim/enterprise_data/database/'
Aug 24 08:28:05: User eve executed 'ls' (/usr/bin/ls) on file '/home/opc/logai/enterprise_mnc_audit_sim/enterprise_data/database/mysql/db_config.cnf'
Aug 24 08:31:24: User eve executed 'cat' (/usr/bin/cat) on file '/home/opc/logai/enterprise_mnc_audit_sim/system/configs/server.conf'
Aug 24 08:31:30: User alice executed 'cat' (/usr/bin/cat) on file '/home/opc/logai/enterprise_mnc_audit_sim/system/configs/server.conf'
Aug 24 08:31:42: User alice executed 'df' (/usr/bin/df) on file '/home/opc/logai/enterprise_mnc_audit_sim/system/configs/server.conf'
Aug 24 08:37:30: User alice executed 'chmod' (/usr/bin/chmod) on file '/home/opc/logai/enterprise_mnc_audit_sim/enterprise_data/database/'
Aug 24 08:37:46: User eve executed 'grep' (/usr/bin/grep) on file '/home/opc/logai/enterprise_mnc_audit_sim/enterprise_data/database/mysql/db_config.cnf'
Aug 24 08:37:50: User eve executed 'cat' (/usr/bin/cat) on file '/home/opc/logai/enterprise_mnc_audit_sim/enterprise_data/database/'
Aug 24 08:37:56: User eve executed 'ls' (/usr/bin/ls) on file '/home/opc/logai/enterprise_mnc_audit_sim/enterprise_data/database/'
Aug 24 08:39:14: User john executed 'wc' (/usr/bin/wc) on file '/home/opc/logai/enterprise_mnc_audit_sim/enterprise_data/development/scripts/build.sh'
Aug 24 08:39:19: User john executed 'chmod' (/usr/bin/chmod) on file '/home/opc/logai/enterprise_mnc_audit_sim/enterprise_data/development'
Aug 24 08:44:11: User john executed 'find' (/usr/bin/find) on file '/home/opc/logai/enterprise_mnc_audit_sim/enterprise_data/database/'
Aug 24 08:44:18: User eve executed 'ls' (/usr/bin/ls) on file '/home/opc/logai/enterprise_mnc_audit_sim/enterprise_data/database/mysql/db_config.cnf'
Aug 24 08:44:25: User eve executed 'chmod' (/usr/bin/chmod) on file '/home/opc/logai/enterprise_mnc_audit_sim/enterprise_data/database'
Aug 24 08:44:27: User eve executed 'grep' (/usr/bin/grep) on file '/home/opc/logai/enterprise_mnc_audit_sim/enterprise_data/database'
Aug 24 08:48:27: User eve executed 'find' (/usr/bin/find) on file '/home/opc/logai/enterprise_mnc_audit_sim/enterprise_data/database/'
Aug 24 08:51:07: User sarah executed 'tar' (/usr/bin/tar) on file '/home/opc/logai/enterprise_mnc_audit_sim/applications/'
Aug 24 08:53:35: User sarah executed 'ls' (/usr/bin/ls) on file '/home/opc/logai/enterprise_mnc_audit_sim/enterprise_data/development/projects/'
Aug 24 08:53:41: User john executed 'ls' (/usr/bin/ls) on file '/home/opc/logai/enterprise_mnc_audit_sim/enterprise_data/development'
Aug 24 09:00:58: User heidi executed 'who' (/usr/bin/who) on file '/home/opc/logai/enterprise_mnc_audit_sim/enterprise_data/hr/'
Aug 25 00:01:10: User heidi executed 'who' (/usr/bin/who) on file '/home/opc/logai/enterprise_mnc_audit_sim/enterprise_data/development/projects/project_alpha.txt'
Aug 25 00:01:18: User frank executed 'cat' (/usr/bin/cat) on file '/home/opc/logai/enterprise_mnc_audit_sim/enterprise_data/development/projects/'
Aug 25 00:01:26: User frank executed 'ls' (/usr/bin/ls) on file '/home/opc/logai/enterprise_mnc_audit_sim/enterprise_data/development/'
Aug 25 00:01:29: User frank executed 'ls' (/usr/bin/ls) on file '/home/opc/logai/enterprise_mnc_audit_sim/enterprise_data/development/projects/project_alpha.txt'
Aug 25 00:01:37: User frank executed 'cat' (/usr/bin/cat) on file '/home/opc/logai/enterprise_mnc_audit_sim/enterprise_data/development/scripts/build.sh'
Aug 25 00:01:48: User frank executed 'chmod' (/usr/bin/chmod) on file '/home/opc/logai/enterprise_mnc_audit_sim/enterprise_data/development/scripts/build.sh'
Aug 25 00:01:56: User frank executed 'chmod' (/usr/bin/chmod) on file '/home/opc/logai/enterprise_mnc_audit_sim/enterprise_data/development/projects/project_alpha.txt'
Aug 25 00:02:03: User frank executed 'cat' (/usr/bin/cat) on file '/home/opc/logai/enterprise_mnc_audit_sim/enterprise_data/development/projects/'
Aug 25 00:02:11: User frank executed 'ls' (/usr/bin/ls) on file '/home/opc/logai/enterprise_mnc_audit_sim/enterprise_data/development'
Aug 25 00:02:14: User frank executed 'find' (/usr/bin/find) on file '/home/opc/logai/enterprise_mnc_audit_sim/enterprise_data/development/'
Aug 25 00:04:02: User frank executed 'ls' (/usr/bin/ls) on file '/home/opc/logai/enterprise_mnc_audit_sim/system/logs/application.log'
Aug 25 00:04:08: User alice executed 'tail' (/usr/bin/tail) on file '/home/opc/logai/enterprise_mnc_audit_sim/system/logs/application.log'
Aug 25 00:15:34: User eve executed 'cp' (/usr/bin/cp) on file '/home/opc/logai/enterprise_mnc_audit_sim/enterprise_data/database/'
Aug 25 00:15:40: User eve executed 'cp' (/usr/bin/cp) on file '/home/opc/logai/enterprise_mnc_audit_sim/enterprise_data/database/'
Aug 25 00:23:33: User eve executed 'ls' (/usr/bin/ls) on file '/home/opc/logai/enterprise_mnc_audit_sim/system'
Aug 25 00:23:36: User alice executed 'find' (/usr/bin/find) on file '/home/opc/logai/enterprise_mnc_audit_sim/system/configs/server.conf'
Aug 25 00:23:37: User alice executed 'chmod' (/usr/bin/chmod) on file '/home/opc/logai/enterprise_mnc_audit_sim/system'
Aug 25 00:25:17: User alice executed 'free' (/usr/bin/free) on file '/home/opc/logai/enterprise_mnc_audit_sim/enterprise_data/development/'
Aug 25 00:25:22: User john executed 'ls' (/usr/bin/ls) on file '/home/opc/logai/enterprise_mnc_audit_sim/enterprise_data/development/scripts/build.sh'
Aug 25 00:25:31: User john executed 'grep' (/usr/bin/grep) on file '/home/opc/logai/enterprise_mnc_audit_sim/enterprise_data/development/'
Aug 25 00:26:25: User john executed 'ls' (/usr/bin/ls) on file '/home/opc/logai/enterprise_mnc_audit_sim/applications/'
Aug 25 00:26:35: User sarah executed 'ls' (/usr/bin/ls) on file '/home/opc/logai/enterprise_mnc_audit_sim/enterprise_data/operations/'
Aug 25 00:27:24: User sarah executed 'ps' (/usr/bin/ps) on file '/home/opc/logai/enterprise_mnc_audit_sim/enterprise_data/operations/'
Aug 25 00:27:27: User sarah executed 'ls' (/usr/bin/ls) on file '/home/opc/logai/enterprise_mnc_audit_sim/enterprise_data/operations'
Aug 25 00:27:29: User sarah executed 'find' (/usr/bin/find) on file '/home/opc/logai/enterprise_mnc_audit_sim/enterprise_data/operations'
Aug 25 00:30:29: User sarah executed 'find' (/usr/bin/find) on file '/home/opc/logai/enterprise_mnc_audit_sim/enterprise_data/development/scripts/build.sh'
Aug 25 00:30:39: User john executed 'chmod' (/usr/bin/chmod) on file '/home/opc/logai/enterprise_mnc_audit_sim/enterprise_data/development/projects/'
Aug 25 00:30:40: User john executed 'ls' (/usr/bin/ls) on file '/home/opc/logai/enterprise_mnc_audit_sim/enterprise_data/development/projects/'
Aug 25 00:30:44: User john executed 'ls' (/usr/bin/ls) on file '/home/opc/logai/enterprise_mnc_audit_sim/enterprise_data/development/scripts/build.sh'
Aug 25 00:30:46: User john executed 'chmod' (/usr/bin/chmod) on file '/home/opc/logai/enterprise_mnc_audit_sim/enterprise_data/development/scripts/build.sh'
Aug 25 00:33:02: User alice executed 'ps' (/usr/bin/ps) on file '/home/opc/logai/enterprise_mnc_audit_sim/system/logs/application.log'
Aug 25 00:33:05: User alice executed 'tail' (/usr/bin/tail) on file '/home/opc/logai/enterprise_mnc_audit_sim/system/configs/server.conf'
Aug 25 00:44:29: User sarah executed 'ps' (/usr/bin/ps) on file '/home/opc/logai/enterprise_mnc_audit_sim/enterprise_data/operations/scripts/'
Aug 25 00:45:48: User sarah executed 'chmod' (/usr/bin/chmod) on file '/home/opc/logai/enterprise_mnc_audit_sim/enterprise_data/development/'
Aug 25 00:46:04: User john executed 'grep' (/usr/bin/grep) on file '/home/opc/logai/enterprise_mnc_audit_sim/enterprise_data/development/projects/'
Aug 25 00:55:16: Authentication event for user frank - Accepted password for frank from 192.168.1.50
Aug 25 00:55:26: User frank executed 'grep' (/usr/bin/grep) on file '/home/opc/logai/enterprise_mnc_audit_sim/enterprise_data/development/'
Aug 25 00:56:23: User frank executed 'ls' (/usr/bin/ls) on file '/home/opc/logai/enterprise_mnc_audit_sim/enterprise_data/development'
Aug 25 00:56:28: User john executed 'find' (/usr/bin/find) on file '/home/opc/logai/enterprise_mnc_audit_sim/enterprise_data/development'
Aug 25 01:17:24: User john executed 'grep' (/usr/bin/grep) on file '/home/opc/logai/enterprise_mnc_audit_sim/enterprise_data/development/projects/project_alpha.txt'
Aug 25 01:17:27: User john executed 'cat' (/usr/bin/cat) on file '/home/opc/logai/enterprise_mnc_audit_sim/enterprise_data/development/'
Aug 25 01:17:36: User john executed 'ls' (/usr/bin/ls) on file '/home/opc/logai/enterprise_mnc_audit_sim/enterprise_data/development/'
Aug 25 01:25:42: User john executed 'cp' (/usr/bin/cp) on file '/home/opc/logai/enterprise_mnc_audit_sim/enterprise_data/database/mysql/db_config.cnf'
Aug 25 01:25:45: User eve executed 'chmod' (/usr/bin/chmod) on file '/home/opc/logai/enterprise_mnc_audit_sim/enterprise_data/database/'
Aug 25 01:27:25: User eve executed 'grep' (/usr/bin/grep) on file '/home/opc/logai/enterprise_mnc_audit_sim/enterprise_data/development/projects/project_alpha.txt'
Aug 25 01:27:31: User frank executed 'cat' (/usr/bin/cat) on file '/home/opc/logai/enterprise_mnc_audit_sim/enterprise_data/development/projects/'
Aug 25 01:27:36: User frank executed 'ls' (/usr/bin/ls) on file '/home/opc/logai/enterprise_mnc_audit_sim/enterprise_data/development/projects/'
Aug 25 01:27:37: User frank executed 'ls' (/usr/bin/ls) on file '/home/opc/logai/enterprise_mnc_audit_sim/enterprise_data/development'
Aug 25 01:50:51: User carol executed 'grep' (/usr/bin/grep) on file '/home/opc/logai/enterprise_mnc_audit_sim/enterprise_data/development/scripts/build.sh'
Aug 25 01:50:56: User carol executed 'grep' (/usr/bin/grep) on file '/home/opc/logai/enterprise_mnc_audit_sim/enterprise_data/development/'
Aug 25 01:51:01: User carol executed 'ls' (/usr/bin/ls) on file '/home/opc/logai/enterprise_mnc_audit_sim/enterprise_data/development/projects/project_alpha.txt'
Aug 25 01:51:43: User carol executed 'wc' (/usr/bin/wc) on file '/home/opc/logai/enterprise_mnc_audit_sim/enterprise_data/development'
Aug 25 01:51:52: User carol executed 'find' (/usr/bin/find) on file '/home/opc/logai/enterprise_mnc_audit_sim/enterprise_data/development'
Aug 25 01:58:56: User carol executed 'find' (/usr/bin/find) on file '/home/opc/logai/enterprise_mnc_audit_sim/system/logs/application.log'
Aug 25 01:59:08: User alice executed 'netstat' (/usr/bin/netstat) on file '/home/opc/logai/enterprise_mnc_audit_sim/system/configs/'
Aug 25 01:59:09: User alice executed 'ls' (/usr/bin/ls) on file '/home/opc/logai/enterprise_mnc_audit_sim/system/logs/application.log'
Aug 25 02:01:37: User sarah executed 'ps' (/usr/bin/ps) on file '/home/opc/logai/enterprise_mnc_audit_sim/enterprise_data/operations/'
Aug 25 02:02:45: User sarah executed 'du' (/usr/bin/du) on file '/home/opc/logai/enterprise_mnc_audit_sim/enterprise_data/database/mysql/db_config.cnf'
Aug 25 02:02:49: User bob executed 'cat' (/usr/bin/cat) on file '/home/opc/logai/enterprise_mnc_audit_sim/applications/databases/'
Aug 25 02:03:00: User bob executed 'du' (/usr/bin/du) on file '/home/opc/logai/enterprise_mnc_audit_sim/enterprise_data/database/mysql/db_config.cnf'
Aug 25 02:03:10: User bob executed 'chmod' (/usr/bin/chmod) on file '/home/opc/logai/enterprise_mnc_audit_sim/enterprise_data/database/mysql/db_config.cnf'
Aug 25 02:03:37: User bob executed 'chmod' (/usr/bin/chmod) on file '/home/opc/logai/enterprise_mnc_audit_sim/system/configs/server.conf'
Aug 25 02:13:41: User dave executed 'netstat' (/usr/bin/netstat) on file '/home/opc/logai/enterprise_mnc_audit_sim/system/configs/server.conf'
Aug 25 02:13:57: User dave executed 'netstat' (/usr/bin/netstat) on file '/home/opc/logai/enterprise_mnc_audit_sim/enterprise_data/database/'
Aug 25 02:14:01: User eve executed 'ls' (/usr/bin/ls) on file '/home/opc/logai/enterprise_mnc_audit_sim/system/configs/server.conf'
Aug 25 02:14:05: User dave executed 'chmod' (/usr/bin/chmod) on file '/home/opc/logai/enterprise_mnc_audit_sim/enterprise_data/database/mysql/db_config.cnf'
Aug 25 02:14:10: User eve executed 'chmod' (/usr/bin/chmod) on file '/home/opc/logai/enterprise_mnc_audit_sim/applications/databases/'
Aug 25 02:14:16: User eve executed 'ls' (/usr/bin/ls) on file '/home/opc/logai/enterprise_mnc_audit_sim/enterprise_data/development'
Aug 25 02:14:22: User frank executed 'find' (/usr/bin/find) on file '/home/opc/logai/enterprise_mnc_audit_sim/enterprise_data/development/projects/project_alpha.txt'
Aug 25 02:19:29: User frank executed 'cat' (/usr/bin/cat) on file '/home/opc/logai/enterprise_mnc_audit_sim/applications/'
Aug 25 02:19:34: User sarah executed 'ls' (/usr/bin/ls) on file '/home/opc/logai/enterprise_mnc_audit_sim/enterprise_data/operations/scripts/'
Aug 25 02:19:49: User sarah executed 'ps' (/usr/bin/ps) on file '/home/opc/logai/enterprise_mnc_audit_sim/enterprise_data/operations/scripts/'
Aug 25 02:19:51: User grace executed 'chmod' (/usr/bin/chmod) on file '/home/opc/logai/enterprise_mnc_audit_sim/enterprise_data/operations/'
Aug 25 02:20:02: User grace executed 'ls' (/usr/bin/ls) on file '/home/opc/logai/enterprise_mnc_audit_sim/enterprise_data/operations'
Aug 25 02:20:10: User sarah executed 'find' (/usr/bin/find) on file '/home/opc/logai/enterprise_mnc_audit_sim/enterprise_data/operations/'
Aug 25 02:20:13: User sarah executed 'ls' (/usr/bin/ls) on file '/home/opc/logai/enterprise_mnc_audit_sim/enterprise_data/operations/'
Aug 25 02:23:17: Authentication event for user unknown - Failed password for unknown from 192.168.1.100
Aug 25 02:24:44: User sarah executed 'tar' (/usr/bin/tar) on file '/home/opc/logai/enterprise_mnc_audit_sim/enterprise_data/development'
Aug 25 02:26:55: User john executed 'grep' (/usr/bin/grep) on file '/home/opc/logai/enterprise_mnc_audit_sim/enterprise_data/development/projects/project_alpha.txt'
Aug 25 02:26:56: User john executed 'cat' (/usr/bin/cat) on file '/home/opc/logai/enterprise_mnc_audit_sim/enterprise_data/development/projects/project_alpha.txt'
Aug 25 02:38:17: User john executed 'cat' (/usr/bin/cat) on file '/home/opc/logai/enterprise_mnc_audit_sim/applications/'
Aug 25 02:38:27: User dave executed 'ls' (/usr/bin/ls) on file '/home/opc/logai/enterprise_mnc_audit_sim/system/configs/server.conf'
Aug 25 02:38:31: User dave executed 'chmod' (/usr/bin/chmod) on file '/home/opc/logai/enterprise_mnc_audit_sim/system/configs/server.conf'
Aug 25 02:38:43: User dave executed 'netstat' (/usr/bin/netstat) on file '/home/opc/logai/enterprise_mnc_audit_sim/system/configs/server.conf'
Aug 25 03:10:09: User alice executed 'netstat' (/usr/bin/netstat) on file '/home/opc/logai/enterprise_mnc_audit_sim/applications/'
Aug 25 03:10:12: User grace executed 'ls' (/usr/bin/ls) on file '/home/opc/logai/enterprise_mnc_audit_sim/system/logs/application.log'
Aug 25 03:10:29: User grace executed 'ps' (/usr/bin/ps) on file '/home/opc/logai/enterprise_mnc_audit_sim/enterprise_data/operations'
Aug 25 03:17:11: User alice executed 'free' (/usr/bin/free) on file '/home/opc/logai/enterprise_mnc_audit_sim/applications/'
Aug 25 03:23:44: User alice executed 'df' (/usr/bin/df) on file '/home/opc/logai/enterprise_mnc_audit_sim/enterprise_data/development'
Aug 25 03:23:51: User john executed 'find' (/usr/bin/find) on file '/home/opc/logai/enterprise_mnc_audit_sim/enterprise_data/development/projects/project_alpha.txt'
Aug 25 03:24:03: User john executed 'grep' (/usr/bin/grep) on file '/home/opc/logai/enterprise_mnc_audit_sim/enterprise_data/development/projects/project_alpha.txt'
Aug 25 03:24:10: User john executed 'cat' (/usr/bin/cat) on file '/home/opc/logai/enterprise_mnc_audit_sim/enterprise_data/development/'
Aug 25 03:26:06: User john executed 'ls' (/usr/bin/ls) on file '/home/opc/logai/enterprise_mnc_audit_sim/applications/databases/'
Aug 25 03:26:14: User bob executed 'ls' (/usr/bin/ls) on file '/home/opc/logai/enterprise_mnc_audit_sim/enterprise_data/database/mysql/db_config.cnf'
Aug 25 03:26:22: User bob executed 'cat' (/usr/bin/cat) on file '/home/opc/logai/enterprise_mnc_audit_sim/enterprise_data/database/'
Aug 25 03:48:31: User sarah executed 'ps' (/usr/bin/ps) on file '/home/opc/logai/enterprise_mnc_audit_sim/enterprise_data/operations'
Aug 25 03:50:45: User sarah executed 'top' (/usr/bin/top) on file '/home/opc/logai/enterprise_mnc_audit_sim/enterprise_data/hr/'
Aug 25 03:50:53: User heidi executed 'ls' (/usr/bin/ls) on file '/home/opc/logai/enterprise_mnc_audit_sim/enterprise_data/development'
Aug 25 03:50:53: Authentication event for user carol - Accepted password for carol from 192.168.1.50
Aug 25 03:50:55: User carol executed 'find' (/usr/bin/find) on file '/home/opc/logai/enterprise_mnc_audit_sim/enterprise_data/hr/'
Aug 25 03:51:00: User heidi executed 'ls' (/usr/bin/ls) on file '/home/opc/logai/enterprise_mnc_audit_sim/enterprise_data/hr/'
Aug 25 03:51:00: User heidi executed 'ls' (/usr/bin/ls) on file '/home/opc/logai/enterprise_mnc_audit_sim/enterprise_data/development/'
Aug 25 03:51:01: User heidi executed 'chmod' (/usr/bin/chmod) on file '/home/opc/logai/enterprise_mnc_audit_sim/enterprise_data/development/scripts/build.sh'
Aug 25 03:51:05: User carol executed 'chmod' (/usr/bin/chmod) on file '/home/opc/logai/enterprise_mnc_audit_sim/enterprise_data/development/'
Aug 25 03:53:58: User carol executed 'ls' (/usr/bin/ls) on file '/home/opc/logai/enterprise_mnc_audit_sim/applications/databases/'
Aug 25 03:54:10: User bob executed 'du' (/usr/bin/du) on file '/home/opc/logai/enterprise_mnc_audit_sim/enterprise_data/database/'
Aug 25 04:00:51: User bob executed 'grep' (/usr/bin/grep) on file '/home/opc/logai/enterprise_mnc_audit_sim/enterprise_data/'
Aug 25 04:00:54: User heidi executed 'ls' (/usr/bin/ls) on file '/home/opc/logai/enterprise_mnc_audit_sim/enterprise_data/hr/'
Aug 25 04:02:23: User heidi executed 'find' (/usr/bin/find) on file '/home/opc/logai/enterprise_mnc_audit_sim/enterprise_data/database/'
Aug 25 04:02:28: User eve executed 'ls' (/usr/bin/ls) on file '/home/opc/logai/enterprise_mnc_audit_sim/enterprise_data/database/mysql/db_config.cnf'
Aug 25 04:06:11: User sarah executed 'ps' (/usr/bin/ps) on file '/home/opc/logai/enterprise_mnc_audit_sim/system/configs/server.conf'
Aug 25 04:19:41: User dave executed 'df' (/usr/bin/df) on file '/home/opc/logai/enterprise_mnc_audit_sim/system/configs/'
Aug 25 04:20:01: User alice executed 'netstat' (/usr/bin/netstat) on file '/home/opc/logai/enterprise_mnc_audit_sim/system/logs/application.log'
Aug 25 04:21:47: User alice executed 'tail' (/usr/bin/tail) on file '/home/opc/logai/enterprise_mnc_audit_sim/system/logs/application.log'
Aug 25 04:21:56: User alice executed 'tail' (/usr/bin/tail) on file '/home/opc/logai/enterprise_mnc_audit_sim/system'
Aug 25 04:22:08: User alice executed 'netstat' (/usr/bin/netstat) on file '/home/opc/logai/enterprise_mnc_audit_sim/system/configs/server.conf'
Aug 25 04:31:14: User heidi executed 'find' (/usr/bin/find) on file '/home/opc/logai/enterprise_mnc_audit_sim/enterprise_data/hr/'
Aug 25 04:31:18: User heidi executed 'chmod' (/usr/bin/chmod) on file '/home/opc/logai/enterprise_mnc_audit_sim/enterprise_data/hr/'
Aug 25 04:39:17: User heidi executed 'chmod' (/usr/bin/chmod) on file '/home/opc/logai/enterprise_mnc_audit_sim/enterprise_data/operations/'
Aug 25 04:47:29: User carol executed 'cp' (/usr/bin/cp) on file '/home/opc/logai/enterprise_mnc_audit_sim/enterprise_data/development/projects/project_alpha.txt'
Aug 25 04:48:25: User carol executed 'cp' (/usr/bin/cp) on file '/home/opc/logai/enterprise_mnc_audit_sim/enterprise_data/'
Aug 25 04:50:24: Authentication event for user alice - Failed password for alice from 192.168.1.100
Aug 25 04:52:38: User alice executed 'find' (/usr/bin/find) on file '/home/opc/logai/enterprise_mnc_audit_sim/enterprise_data/database/mysql/db_config.cnf'
Aug 25 04:52:53: User bob executed 'cp' (/usr/bin/cp) on file '/home/opc/logai/enterprise_mnc_audit_sim/enterprise_data/database/mysql/db_config.cnf'
Aug 25 04:53:02: User bob executed 'chmod' (/usr/bin/chmod) on file '/home/opc/logai/enterprise_mnc_audit_sim/enterprise_data/database'
Aug 25 04:53:12: User bob executed 'find' (/usr/bin/find) on file '/home/opc/logai/enterprise_mnc_audit_sim/enterprise_data/database'
Aug 25 04:58:34: User bob executed 'find' (/usr/bin/find) on file '/home/opc/logai/enterprise_mnc_audit_sim/system'
Aug 25 04:58:43: User dave executed 'find' (/usr/bin/find) on file '/home/opc/logai/enterprise_mnc_audit_sim/system/configs/server.conf'
Aug 25 05:00:56: User dave executed 'netstat' (/usr/bin/netstat) on file '/home/opc/logai/enterprise_mnc_audit_sim/enterprise_data/development'
Aug 25 05:00:57: User carol executed 'find' (/usr/bin/find) on file '/home/opc/logai/enterprise_mnc_audit_sim/enterprise_data/development'
Aug 25 05:01:00: User carol executed 'find' (/usr/bin/find) on file '/home/opc/logai/enterprise_mnc_audit_sim/enterprise_data/development/projects/project_alpha.txt'
Aug 25 05:01:03: User carol executed 'cat' (/usr/bin/cat) on file '/home/opc/logai/enterprise_mnc_audit_sim/enterprise_data/development'
Aug 25 05:01:08: User carol executed 'find' (/usr/bin/find) on file '/home/opc/logai/enterprise_mnc_audit_sim/enterprise_data/development/projects/'
Aug 25 05:08:10: User carol executed 'ls' (/usr/bin/ls) on file '/home/opc/logai/enterprise_mnc_audit_sim/enterprise_data/operations'
Aug 25 05:08:20: User sarah executed 'tar' (/usr/bin/tar) on file '/home/opc/logai/enterprise_mnc_audit_sim/enterprise_data/operations/scripts/'
Aug 25 05:14:46: User sarah executed 'chmod' (/usr/bin/chmod) on file '/home/opc/logai/enterprise_mnc_audit_sim/enterprise_data/operations'
Aug 25 05:15:06: User sarah executed 'ps' (/usr/bin/ps) on file '/home/opc/logai/enterprise_mnc_audit_sim/enterprise_data/operations/'
Aug 25 05:32:46: User grace executed 'tar' (/usr/bin/tar) on file '/home/opc/logai/enterprise_mnc_audit_sim/applications/'
Aug 25 05:34:14: User grace executed 'ls' (/usr/bin/ls) on file '/home/opc/logai/enterprise_mnc_audit_sim/enterprise_data/database/'
Aug 25 05:34:19: User bob executed 'ls' (/usr/bin/ls) on file '/home/opc/logai/enterprise_mnc_audit_sim/enterprise_data/database'
Aug 25 05:34:43: User bob executed 'grep' (/usr/bin/grep) on file '/home/opc/logai/enterprise_mnc_audit_sim/enterprise_data/database'
Aug 25 05:51:24: User eve executed 'du' (/usr/bin/du) on file '/home/opc/logai/enterprise_mnc_audit_sim/enterprise_data/development/projects/'
Aug 25 05:58:35: User john executed 'wc' (/usr/bin/wc) on file '/home/opc/logai/enterprise_mnc_audit_sim/applications/'
Aug 25 05:58:37: User sarah executed 'ls' (/usr/bin/ls) on file '/home/opc/logai/enterprise_mnc_audit_sim/enterprise_data/operations/'
Aug 25 06:02:59: User sarah executed 'ls' (/usr/bin/ls) on file '/home/opc/logai/enterprise_mnc_audit_sim/system/configs/server.conf'
Aug 25 06:03:03: User dave executed 'chmod' (/usr/bin/chmod) on file '/home/opc/logai/enterprise_mnc_audit_sim/system/logs/application.log'
Aug 25 06:03:04: User dave executed 'tail' (/usr/bin/tail) on file '/home/opc/logai/enterprise_mnc_audit_sim/system/configs/'
Aug 25 06:04:01: User frank executed 'grep' (/usr/bin/grep) on file '/home/opc/logai/enterprise_mnc_audit_sim/enterprise_data/development'
Aug 25 06:04:20: User frank executed 'cp' (/usr/bin/cp) on file '/home/opc/logai/enterprise_mnc_audit_sim/enterprise_data/development/scripts/build.sh'
Aug 25 06:04:24: User frank executed 'chmod' (/usr/bin/chmod) on file '/home/opc/logai/enterprise_mnc_audit_sim/enterprise_data/development/projects/project_alpha.txt'
Aug 25 06:09:42: User frank executed 'cat' (/usr/bin/cat) on file '/home/opc/logai/enterprise_mnc_audit_sim/enterprise_data/development/'
Aug 25 06:09:54: User frank executed 'cp' (/usr/bin/cp) on file '/home/opc/logai/enterprise_mnc_audit_sim/enterprise_data/development/scripts/build.sh'
Aug 25 06:10:07: User frank executed 'cp' (/usr/bin/cp) on file '/home/opc/logai/enterprise_mnc_audit_sim/enterprise_data/development'
Aug 25 06:15:01: User eve executed 'grep' (/usr/bin/grep) on file '/home/opc/logai/enterprise_mnc_audit_sim/applications/databases/'
Aug 25 06:15:11: User bob executed 'grep' (/usr/bin/grep) on file '/home/opc/logai/enterprise_mnc_audit_sim/enterprise_data/database/mysql/db_config.cnf'
Aug 25 06:15:11: User bob executed 'grep' (/usr/bin/grep) on file '/home/opc/logai/enterprise_mnc_audit_sim/enterprise_data/database'
Aug 25 06:22:10: User bob executed 'du' (/usr/bin/du) on file '/home/opc/logai/enterprise_mnc_audit_sim/enterprise_data/operations/scripts/'
Aug 25 06:22:11: User grace executed 'chmod' (/usr/bin/chmod) on file '/home/opc/logai/enterprise_mnc_audit_sim/enterprise_data/operations/scripts/'
Aug 25 06:22:12: User grace executed 'chmod' (/usr/bin/chmod) on file '/home/opc/logai/enterprise_mnc_audit_sim/enterprise_data/database/mysql/db_config.cnf'
Aug 25 06:22:16: User bob executed 'cat' (/usr/bin/cat) on file '/home/opc/logai/enterprise_mnc_audit_sim/enterprise_data/database/mysql/db_config.cnf'
Aug 25 06:23:21: User grace executed 'ps' (/usr/bin/ps) on file '/home/opc/logai/enterprise_mnc_audit_sim/enterprise_data/development/scripts/build.sh'
Aug 25 06:23:25: User carol executed 'chmod' (/usr/bin/chmod) on file '/home/opc/logai/enterprise_mnc_audit_sim/enterprise_data/development/projects/'
Aug 25 06:24:20: User eve executed 'du' (/usr/bin/du) on file '/home/opc/logai/enterprise_mnc_audit_sim/enterprise_data/database/mysql/db_config.cnf'
Aug 25 06:26:32: User heidi executed 'find' (/usr/bin/find) on file '/home/opc/logai/enterprise_mnc_audit_sim/enterprise_data/hr/'
Aug 25 06:26:36: User heidi executed 'ls' (/usr/bin/ls) on file '/home/opc/logai/enterprise_mnc_audit_sim/enterprise_data/hr/'
Aug 25 06:34:42: User dave executed 'ps' (/usr/bin/ps) on file '/home/opc/logai/enterprise_mnc_audit_sim/enterprise_data/development/projects/project_alpha.txt'
Aug 25 06:34:46: User frank executed 'cat' (/usr/bin/cat) on file '/home/opc/logai/enterprise_mnc_audit_sim/enterprise_data/development/projects/project_alpha.txt'
Aug 25 06:34:47: User frank executed 'cat' (/usr/bin/cat) on file '/home/opc/logai/enterprise_mnc_audit_sim/enterprise_data/development/'
Aug 25 06:34:49: User frank executed 'ls' (/usr/bin/ls) on file '/home/opc/logai/enterprise_mnc_audit_sim/enterprise_data/development/scripts/build.sh'
Aug 25 06:34:51: User frank executed 'chmod' (/usr/bin/chmod) on file '/home/opc/logai/enterprise_mnc_audit_sim/enterprise_data/development/projects/'
Aug 25 06:53:19: User frank executed 'ls' (/usr/bin/ls) on file '/home/opc/logai/enterprise_mnc_audit_sim/system/logs/application.log'
Aug 25 06:53:27: User dave executed 'tail' (/usr/bin/tail) on file '/home/opc/logai/enterprise_mnc_audit_sim/system/configs/'
Aug 25 06:53:35: User dave executed 'ls' (/usr/bin/ls) on file '/home/opc/logai/enterprise_mnc_audit_sim/system'
Aug 25 06:56:39: User heidi executed 'find' (/usr/bin/find) on file '/home/opc/logai/enterprise_mnc_audit_sim/enterprise_data/database'
Aug 25 06:56:46: User eve executed 'find' (/usr/bin/find) on file '/home/opc/logai/enterprise_mnc_audit_sim/enterprise_data/database/mysql/db_config.cnf'
Aug 25 07:05:29: User alice executed 'netstat' (/usr/bin/netstat) on file '/home/opc/logai/enterprise_mnc_audit_sim/applications/'
Aug 25 07:05:38: User alice executed 'ls' (/usr/bin/ls) on file '/home/opc/logai/enterprise_mnc_audit_sim/system/configs/server.conf'
Aug 25 07:16:04: User alice executed 'ps' (/usr/bin/ps) on file '/home/opc/logai/enterprise_mnc_audit_sim/enterprise_data/development'
Aug 25 07:16:05: User carol executed 'find' (/usr/bin/find) on file '/home/opc/logai/enterprise_mnc_audit_sim/enterprise_data/development/scripts/build.sh'
Aug 25 07:16:14: User carol executed 'chmod' (/usr/bin/chmod) on file '/home/opc/logai/enterprise_mnc_audit_sim/enterprise_data/development/projects/'
Aug 25 07:19:16: Authentication event for user grace - Accepted password for grace from 192.168.1.50
Aug 25 07:31:33: User grace executed 'top' (/usr/bin/top) on file '/home/opc/logai/enterprise_mnc_audit_sim/applications/'
Aug 25 07:31:33: Authentication event for user sarah - Accepted password for sarah from 192.168.1.50
Aug 25 07:36:49: User grace executed 'du' (/usr/bin/du) on file '/home/opc/logai/enterprise_mnc_audit_sim/applications/'
Aug 25 07:38:15: User grace executed 'top' (/usr/bin/top) on file '/home/opc/logai/enterprise_mnc_audit_sim/enterprise_data/development'
Aug 25 07:38:17: User carol executed 'find' (/usr/bin/find) on file '/home/opc/logai/enterprise_mnc_audit_sim/enterprise_data/development/projects/project_alpha.txt'
Aug 25 07:38:19: User carol executed 'cat' (/usr/bin/cat) on file '/home/opc/logai/enterprise_mnc_audit_sim/enterprise_data/development'
Aug 25 08:01:09: Authentication event for user frank - Failed password for frank from 192.168.1.100
Aug 25 08:09:39: User carol executed 'grep' (/usr/bin/grep) on file '/home/opc/logai/enterprise_mnc_audit_sim/enterprise_data/development/projects/'
Aug 25 08:09:44: User carol executed 'ls' (/usr/bin/ls) on file '/home/opc/logai/enterprise_mnc_audit_sim/enterprise_data/development/scripts/build.sh'
Aug 25 08:25:28: User carol executed 'chmod' (/usr/bin/chmod) on file '/home/opc/logai/enterprise_mnc_audit_sim/enterprise_data/development/projects/'
Aug 25 08:25:36: User frank executed 'ls' (/usr/bin/ls) on file '/home/opc/logai/enterprise_mnc_audit_sim/enterprise_data/development/scripts/build.sh'
Aug 25 08:25:38: User frank executed 'chmod' (/usr/bin/chmod) on file '/home/opc/logai/enterprise_mnc_audit_sim/enterprise_data/development/projects/'
Aug 25 08:27:37: User grace executed 'tar' (/usr/bin/tar) on file '/home/opc/logai/enterprise_mnc_audit_sim/enterprise_data/operations/'
Aug 25 08:29:52: User grace executed 'top' (/usr/bin/top) on file '/home/opc/logai/enterprise_mnc_audit_sim/enterprise_data/operations'
Aug 25 08:38:24: User grace executed 'top' (/usr/bin/top) on file '/home/opc/logai/enterprise_mnc_audit_sim/applications/'
Aug 25 08:38:34: User grace executed 'ls' (/usr/bin/ls) on file '/home/opc/logai/enterprise_mnc_audit_sim/enterprise_data/operations'
Aug 25 08:38:41: User grace executed 'find' (/usr/bin/find) on file '/home/opc/logai/enterprise_mnc_audit_sim/enterprise_data/operations/'
Aug 25 08:40:24: User eve executed 'grep' (/usr/bin/grep) on file '/home/opc/logai/enterprise_mnc_audit_sim/applications/databases/'
Aug 25 08:40:40: User eve executed 'cp' (/usr/bin/cp) on file '/home/opc/logai/enterprise_mnc_audit_sim/applications/databases/'
Aug 25 08:43:16: User eve executed 'ls' (/usr/bin/ls) on file '/home/opc/logai/enterprise_mnc_audit_sim/system/configs/'
Aug 25 08:43:24: User alice executed 'ls' (/usr/bin/ls) on file '/home/opc/logai/enterprise_mnc_audit_sim/system/configs/'
Aug 25 08:43:36: User alice executed 'free' (/usr/bin/free) on file '/home/opc/logai/enterprise_mnc_audit_sim/system/logs/application.log'
Aug 25 08:43:43: User alice executed 'tail' (/usr/bin/tail) on file '/home/opc/logai/enterprise_mnc_audit_sim/system/logs/application.log'
Aug 25 08:55:21: User alice executed 'netstat' (/usr/bin/netstat) on file '/home/opc/logai/enterprise_mnc_audit_sim/system/logs/application.log'
Aug 25 08:59:24: User alice executed 'ps' (/usr/bin/ps) on file '/home/opc/logai/enterprise_mnc_audit_sim/enterprise_data/database'
Aug 25 09:02:10: User eve executed 'grep' (/usr/bin/grep) on file '/home/opc/logai/enterprise_mnc_audit_sim/enterprise_data/hr/'
Aug 25 09:02:10: Authentication event for user heidi - Accepted password for heidi from 192.168.1.50
Aug 25 09:02:52: User heidi executed 'w' (/usr/bin/w) on file '/home/opc/logai/enterprise_mnc_audit_sim/system'
Aug 25 09:03:04: User alice executed 'df' (/usr/bin/df) on file '/home/opc/logai/enterprise_mnc_audit_sim/applications/'
Aug 25 09:03:16: User alice executed 'ps' (/usr/bin/ps) on file '/home/opc/logai/enterprise_mnc_audit_sim/system/logs/application.log'
Aug 25 09:04:08: User alice executed 'tail' (/usr/bin/tail) on file '/home/opc/logai/enterprise_mnc_audit_sim/enterprise_data/database'
Aug 25 09:04:19: User eve executed 'grep' (/usr/bin/grep) on file '/home/opc/logai/enterprise_mnc_audit_sim/enterprise_data/database'
Aug 25 09:04:22: User eve executed 'find' (/usr/bin/find) on file '/home/opc/logai/enterprise_mnc_audit_sim/applications/databases/'
Aug 25 09:04:59: User eve executed 'ls' (/usr/bin/ls) on file '/home/opc/logai/enterprise_mnc_audit_sim/enterprise_data/hr/'
Aug 25 09:05:06: User heidi executed 'ls' (/usr/bin/ls) on file '/home/opc/logai/enterprise_mnc_audit_sim/enterprise_data/hr/'
Aug 25 09:05:07: User heidi executed 'ls' (/usr/bin/ls) on file '/home/opc/logai/enterprise_mnc_audit_sim/enterprise_data/'
Aug 26 00:05:37: User heidi executed 'find' (/usr/bin/find) on file '/home/opc/logai/enterprise_mnc_audit_sim/enterprise_data/hr/'
Aug 26 00:20:28: User eve executed 'du' (/usr/bin/du) on file '/home/opc/logai/enterprise_mnc_audit_sim/applications/databases/'
Aug 26 00:20:29: User eve executed 'ls' (/usr/bin/ls) on file '/home/opc/logai/enterprise_mnc_audit_sim/enterprise_data/database/mysql/db_config.cnf'
Aug 26 00:27:30: User eve executed 'chmod' (/usr/bin/chmod) on file '/home/opc/logai/enterprise_mnc_audit_sim/enterprise_data/operations/'
Aug 26 00:42:30: User sarah executed 'ps' (/usr/bin/ps) on file '/home/opc/logai/enterprise_mnc_audit_sim/system/configs/server.conf'
Aug 26 00:42:35: User alice executed 'chmod' (/usr/bin/chmod) on file '/home/opc/logai/enterprise_mnc_audit_sim/system/configs/'
Aug 26 00:42:46: User alice executed 'df' (/usr/bin/df) on file '/home/opc/logai/enterprise_mnc_audit_sim/system/logs/application.log'
Aug 26 00:47:37: User carol executed 'cp' (/usr/bin/cp) on file '/home/opc/logai/enterprise_mnc_audit_sim/enterprise_data/development'
Aug 26 01:05:31: User carol executed 'find' (/usr/bin/find) on file '/home/opc/logai/enterprise_mnc_audit_sim/enterprise_data/development/projects/'
Aug 26 01:05:34: User john executed 'ls' (/usr/bin/ls) on file '/home/opc/logai/enterprise_mnc_audit_sim/enterprise_data/development/'
Aug 26 01:05:41: User john executed 'ls' (/usr/bin/ls) on file '/home/opc/logai/enterprise_mnc_audit_sim/enterprise_data/development/'
Aug 26 01:08:12: User john executed 'wc' (/usr/bin/wc) on file '/home/opc/logai/enterprise_mnc_audit_sim/enterprise_data/development/projects/'
Aug 26 01:08:18: User frank executed 'wc' (/usr/bin/wc) on file '/home/opc/logai/enterprise_mnc_audit_sim/enterprise_data/development'
Aug 26 01:23:06: User frank executed 'grep' (/usr/bin/grep) on file '/home/opc/logai/enterprise_mnc_audit_sim/enterprise_data/development/scripts/build.sh'
Aug 26 01:23:08: User john executed 'chmod' (/usr/bin/chmod) on file '/home/opc/logai/enterprise_mnc_audit_sim/enterprise_data/development/scripts/build.sh'
Aug 26 01:24:29: User eve executed 'du' (/usr/bin/du) on file '/home/opc/logai/enterprise_mnc_audit_sim/applications/databases/'
Aug 26 01:24:40: User eve executed 'du' (/usr/bin/du) on file '/home/opc/logai/enterprise_mnc_audit_sim/enterprise_data/database/mysql/db_config.cnf'
Aug 26 01:29:01: User eve executed 'cat' (/usr/bin/cat) on file '/home/opc/logai/enterprise_mnc_audit_sim/enterprise_data/development/scripts/build.sh'
Aug 26 01:29:08: User carol executed 'chmod' (/usr/bin/chmod) on file '/home/opc/logai/enterprise_mnc_audit_sim/enterprise_data/development/scripts/build.sh'
Aug 26 01:29:13: User carol executed 'chmod' (/usr/bin/chmod) on file '/home/opc/logai/enterprise_mnc_audit_sim/enterprise_data/development/projects/project_alpha.txt'
Aug 26 01:29:23: User carol executed 'wc' (/usr/bin/wc) on file '/home/opc/logai/enterprise_mnc_audit_sim/enterprise_data/development/scripts/build.sh'
Aug 26 01:31:33: User carol executed 'chmod' (/usr/bin/chmod) on file '/home/opc/logai/enterprise_mnc_audit_sim/applications/'
Aug 26 01:43:53: User dave executed 'free' (/usr/bin/free) on file '/home/opc/logai/enterprise_mnc_audit_sim/system'
Aug 26 01:45:28: User alice executed 'netstat' (/usr/bin/netstat) on file '/home/opc/logai/enterprise_mnc_audit_sim/applications/'
Aug 26 01:45:37: User grace executed 'ps' (/usr/bin/ps) on file '/home/opc/logai/enterprise_mnc_audit_sim/enterprise_data/operations/scripts/'
Aug 26 01:45:58: User grace executed 'ps' (/usr/bin/ps) on file '/home/opc/logai/enterprise_mnc_audit_sim/enterprise_data/'
Aug 26 01:46:01: User heidi executed 'ls' (/usr/bin/ls) on file '/home/opc/logai/enterprise_mnc_audit_sim/enterprise_data/hr/'
Aug 26 01:49:58: User frank executed 'wc' (/usr/bin/wc) on file '/home/opc/logai/enterprise_mnc_audit_sim/enterprise_data/development/projects/project_alpha.txt'
Aug 26 01:50:04: User frank executed 'cat' (/usr/bin/cat) on file '/home/opc/logai/enterprise_mnc_audit_sim/enterprise_data/development/scripts/build.sh'
Aug 26 01:50:15: User frank executed 'wc' (/usr/bin/wc) on file '/home/opc/logai/enterprise_mnc_audit_sim/enterprise_data/development/projects/project_alpha.txt'
Aug 26 02:01:45: User frank executed 'cat' (/usr/bin/cat) on file '/home/opc/logai/enterprise_mnc_audit_sim/enterprise_data/operations'
Aug 26 02:01:50: User sarah executed 'find' (/usr/bin/find) on file '/home/opc/logai/enterprise_mnc_audit_sim/enterprise_data/operations/'
Aug 26 02:02:04: User sarah executed 'ps' (/usr/bin/ps) on file '/home/opc/logai/enterprise_mnc_audit_sim/enterprise_data/operations/scripts/'
Aug 26 02:04:34: User sarah executed 'chmod' (/usr/bin/chmod) on file '/home/opc/logai/enterprise_mnc_audit_sim/system/configs/server.conf'
Aug 26 02:04:41: User dave executed 'cat' (/usr/bin/cat) on file '/home/opc/logai/enterprise_mnc_audit_sim/system/configs/server.conf'
Aug 26 02:07:50: User dave executed 'netstat' (/usr/bin/netstat) on file '/home/opc/logai/enterprise_mnc_audit_sim/enterprise_data/operations'
Aug 26 02:11:09: User heidi executed 'w' (/usr/bin/w) on file '/home/opc/logai/enterprise_mnc_audit_sim/enterprise_data/hr/'
Aug 26 02:11:14: User heidi executed 'who' (/usr/bin/who) on file '/home/opc/logai/enterprise_mnc_audit_sim/enterprise_data/'
Aug 26 02:13:23: User john executed 'grep' (/usr/bin/grep) on file '/home/opc/logai/enterprise_mnc_audit_sim/system/logs/application.log'
Aug 26 02:13:25: User dave executed 'tail' (/usr/bin/tail) on file '/home/opc/logai/enterprise_mnc_audit_sim/applications/'
Aug 26 02:13:33: User dave executed 'ls' (/usr/bin/ls) on file '/home/opc/logai/enterprise_mnc_audit_sim/system/configs/'
Aug 26 02:13:35: User dave executed 'ls' (/usr/bin/ls) on file '/home/opc/logai/enterprise_mnc_audit_sim/system/configs/server.conf'
Aug 26 02:20:46: User dave executed 'cat' (/usr/bin/cat) on file '/home/opc/logai/enterprise_mnc_audit_sim/enterprise_data/database/mysql/db_config.cnf'
Aug 26 02:20:49: User bob executed 'cat' (/usr/bin/cat) on file '/home/opc/logai/enterprise_mnc_audit_sim/enterprise_data/database'
Aug 26 02:20:57: User bob executed 'grep' (/usr/bin/grep) on file '/home/opc/logai/enterprise_mnc_audit_sim/enterprise_data/database/mysql/db_config.cnf'
Aug 26 02:21:06: User bob executed 'grep' (/usr/bin/grep) on file '/home/opc/logai/enterprise_mnc_audit_sim/enterprise_data/database'
Aug 26 02:30:38: User eve executed 'grep' (/usr/bin/grep) on file '/home/opc/logai/enterprise_mnc_audit_sim/enterprise_data/operations/'
Aug 26 02:31:10: User sarah executed 'ps' (/usr/bin/ps) on file '/home/opc/logai/enterprise_mnc_audit_sim/enterprise_data/operations/'
Aug 26 02:49:13: User heidi executed 'who' (/usr/bin/who) on file '/home/opc/logai/enterprise_mnc_audit_sim/enterprise_data/development'
Aug 26 02:49:13: Authentication event for user john - Accepted password for john from 192.168.1.50
Aug 26 02:49:19: User john executed 'find' (/usr/bin/find) on file '/home/opc/logai/enterprise_mnc_audit_sim/enterprise_data/development'
Aug 26 02:55:22: User bob executed 'cp' (/usr/bin/cp) on file '/home/opc/logai/enterprise_mnc_audit_sim/enterprise_data/database/'
Aug 26 02:58:25: User bob executed 'du' (/usr/bin/du) on file '/home/opc/logai/enterprise_mnc_audit_sim/system/configs/'
Aug 26 03:02:02: User frank executed 'cp' (/usr/bin/cp) on file '/home/opc/logai/enterprise_mnc_audit_sim/enterprise_data/development/'
Aug 26 03:02:09: User frank executed 'ls' (/usr/bin/ls) on file '/home/opc/logai/enterprise_mnc_audit_sim/enterprise_data/development/projects/'
Aug 26 03:02:15: User frank executed 'ls' (/usr/bin/ls) on file '/home/opc/logai/enterprise_mnc_audit_sim/enterprise_data/development'
Aug 26 03:04:34: User frank executed 'find' (/usr/bin/find) on file '/home/opc/logai/enterprise_mnc_audit_sim/enterprise_data/development/scripts/build.sh'
Aug 26 03:04:43: User carol executed 'chmod' (/usr/bin/chmod) on file '/home/opc/logai/enterprise_mnc_audit_sim/enterprise_data/development/projects/'
Aug 26 03:05:14: User carol executed 'wc' (/usr/bin/wc) on file '/home/opc/logai/enterprise_mnc_audit_sim/system/configs/server.conf'
Aug 26 03:05:17: User dave executed 'chmod' (/usr/bin/chmod) on file '/home/opc/logai/enterprise_mnc_audit_sim/system/configs/'
Aug 26 03:12:55: User alice executed 'free' (/usr/bin/free) on file '/home/opc/logai/enterprise_mnc_audit_sim/system/configs/'
Aug 26 03:22:04: User alice executed 'ls' (/usr/bin/ls) on file '/home/opc/logai/enterprise_mnc_audit_sim/enterprise_data/operations/'
Aug 26 03:22:10: User grace executed 'ls' (/usr/bin/ls) on file '/home/opc/logai/enterprise_mnc_audit_sim/applications/'
Aug 26 03:22:13: User grace executed 'ls' (/usr/bin/ls) on file '/home/opc/logai/enterprise_mnc_audit_sim/enterprise_data/operations'
Aug 26 03:22:14: User grace executed 'find' (/usr/bin/find) on file '/home/opc/logai/enterprise_mnc_audit_sim/applications/'
Aug 26 03:22:22: User grace executed 'ls' (/usr/bin/ls) on file '/home/opc/logai/enterprise_mnc_audit_sim/enterprise_data/operations/scripts/'
Aug 26 03:28:46: User grace executed 'chmod' (/usr/bin/chmod) on file '/home/opc/logai/enterprise_mnc_audit_sim/enterprise_data/operations/scripts/'
Aug 26 03:28:53: User sarah executed 'chmod' (/usr/bin/chmod) on file '/home/opc/logai/enterprise_mnc_audit_sim/enterprise_data/operations'
Aug 26 03:38:11: User sarah executed 'du' (/usr/bin/du) on file '/home/opc/logai/enterprise_mnc_audit_sim/enterprise_data/operations/scripts/'
Aug 26 03:38:16: User sarah executed 'ps' (/usr/bin/ps) on file '/home/opc/logai/enterprise_mnc_audit_sim/applications/'
Aug 26 03:38:50: User sarah executed 'du' (/usr/bin/du) on file '/home/opc/logai/enterprise_mnc_audit_sim/enterprise_data/operations/'
Aug 26 03:39:02: User sarah executed 'ps' (/usr/bin/ps) on file '/home/opc/logai/enterprise_mnc_audit_sim/enterprise_data/operations/scripts/'
Aug 26 03:47:19: User sarah executed 'ps' (/usr/bin/ps) on file '/home/opc/logai/enterprise_mnc_audit_sim/enterprise_data/development'
Aug 26 03:47:24: User frank executed 'find' (/usr/bin/find) on file '/home/opc/logai/enterprise_mnc_audit_sim/enterprise_data/development/projects/'
Aug 26 03:47:27: User frank executed 'ls' (/usr/bin/ls) on file '/home/opc/logai/enterprise_mnc_audit_sim/enterprise_data/development/projects/'
Aug 26 03:47:30: User frank executed 'ls' (/usr/bin/ls) on file '/home/opc/logai/enterprise_mnc_audit_sim/enterprise_data/development/projects/project_alpha.txt'
Aug 26 03:53:31: User frank executed 'cat' (/usr/bin/cat) on file '/home/opc/logai/enterprise_mnc_audit_sim/enterprise_data/development/projects/project_alpha.txt'
Aug 26 03:57:13: User heidi executed 'find' (/usr/bin/find) on file '/home/opc/logai/enterprise_mnc_audit_sim/enterprise_data/hr/'
Aug 26 03:57:23: User heidi executed 'ls' (/usr/bin/ls) on file '/home/opc/logai/enterprise_mnc_audit_sim/enterprise_data/hr/'
Aug 26 04:06:26: User heidi executed 'last' (/usr/bin/last) on file '/home/opc/logai/enterprise_mnc_audit_sim/system/configs/'
Aug 26 04:06:27: User dave executed 'ls' (/usr/bin/ls) on file '/home/opc/logai/enterprise_mnc_audit_sim/system/logs/application.log'
Aug 26 04:31:20: User heidi executed 'w' (/usr/bin/w) on file '/home/opc/logai/enterprise_mnc_audit_sim/enterprise_data/operations'
Aug 26 04:32:56: User heidi executed 'w' (/usr/bin/w) on file '/home/opc/logai/enterprise_mnc_audit_sim/enterprise_data/'
Aug 26 04:34:40: User frank executed 'cp' (/usr/bin/cp) on file '/home/opc/logai/enterprise_mnc_audit_sim/enterprise_data/development/projects/project_alpha.txt'
Aug 26 04:36:12: User frank executed 'cat' (/usr/bin/cat) on file '/home/opc/logai/enterprise_mnc_audit_sim/enterprise_data/database'
Aug 26 04:36:17: User bob executed 'find' (/usr/bin/find) on file '/home/opc/logai/enterprise_mnc_audit_sim/enterprise_data/database/mysql/db_config.cnf'
Aug 26 04:46:56: User bob executed 'chmod' (/usr/bin/chmod) on file '/home/opc/logai/enterprise_mnc_audit_sim/enterprise_data/development'
Aug 26 04:47:04: User john executed 'find' (/usr/bin/find) on file '/home/opc/logai/enterprise_mnc_audit_sim/enterprise_data/development'
Aug 26 04:47:10: User john executed 'grep' (/usr/bin/grep) on file '/home/opc/logai/enterprise_mnc_audit_sim/enterprise_data/development/projects/'
Aug 26 04:47:17: User john executed 'ls' (/usr/bin/ls) on file '/home/opc/logai/enterprise_mnc_audit_sim/enterprise_data/development/scripts/build.sh'
Aug 26 04:51:23: User sarah executed 'top' (/usr/bin/top) on file '/home/opc/logai/enterprise_mnc_audit_sim/enterprise_data/operations/'
Aug 26 04:51:31: User sarah executed 'ls' (/usr/bin/ls) on file '/home/opc/logai/enterprise_mnc_audit_sim/applications/'
Aug 26 04:51:37: User sarah executed 'ls' (/usr/bin/ls) on file '/home/opc/logai/enterprise_mnc_audit_sim/enterprise_data/operations/scripts/'
Aug 26 04:53:31: Authentication event for user unknown - Failed password for unknown from 192.168.1.100
Aug 26 05:08:01: User sarah executed 'du' (/usr/bin/du) on file '/home/opc/logai/enterprise_mnc_audit_sim/enterprise_data/operations/scripts/'
Aug 26 05:16:33: User sarah executed 'ps' (/usr/bin/ps) on file '/home/opc/logai/enterprise_mnc_audit_sim/enterprise_data/database'
Aug 26 05:16:53: User bob executed 'du' (/usr/bin/du) on file '/home/opc/logai/enterprise_mnc_audit_sim/enterprise_data/operations'
Aug 26 05:16:58: User sarah executed 'find' (/usr/bin/find) on file '/home/opc/logai/enterprise_mnc_audit_sim/applications/'
Aug 26 05:19:08: User alice executed 'ps' (/usr/bin/ps) on file '/home/opc/logai/enterprise_mnc_audit_sim/system/configs/server.conf'
Aug 26 05:19:13: User alice executed 'cat' (/usr/bin/cat) on file '/home/opc/logai/enterprise_mnc_audit_sim/applications/'
Aug 26 05:19:23: User alice executed 'ls' (/usr/bin/ls) on file '/home/opc/logai/enterprise_mnc_audit_sim/system'
Aug 26 05:19:28: User alice executed 'find' (/usr/bin/find) on file '/home/opc/logai/enterprise_mnc_audit_sim/system'
Aug 26 05:25:19: User alice executed 'find' (/usr/bin/find) on file '/home/opc/logai/enterprise_mnc_audit_sim/enterprise_data/development/scripts/build.sh'
Aug 26 05:25:33: User john executed 'grep' (/usr/bin/grep) on file '/home/opc/logai/enterprise_mnc_audit_sim/enterprise_data/development/projects/'
Aug 26 05:29:54: User frank executed 'grep' (/usr/bin/grep) on file '/home/opc/logai/enterprise_mnc_audit_sim/enterprise_data/development/'
Aug 26 05:40:12: User alice executed 'ps' (/usr/bin/ps) on file '/home/opc/logai/enterprise_mnc_audit_sim/system'
Aug 26 05:40:18: User alice executed 'find' (/usr/bin/find) on file '/home/opc/logai/enterprise_mnc_audit_sim/system/configs/server.conf'
Aug 26 05:42:59: User alice executed 'cat' (/usr/bin/cat) on file '/home/opc/logai/enterprise_mnc_audit_sim/system/logs/application.log'
Aug 26 05:43:09: User alice executed 'tail' (/usr/bin/tail) on file '/home/opc/logai/enterprise_mnc_audit_sim/system/logs/application.log'
Aug 26 05:43:11: User alice executed 'tail' (/usr/bin/tail) on file '/home/opc/logai/enterprise_mnc_audit_sim/system/configs/server.conf'
Aug 26 05:50:40: User dave executed 'ps' (/usr/bin/ps) on file '/home/opc/logai/enterprise_mnc_audit_sim/enterprise_data/database/'
Aug 26 05:50:42: User bob executed 'ls' (/usr/bin/ls) on file '/home/opc/logai/enterprise_mnc_audit_sim/applications/databases/'
Aug 26 05:50:45: User bob executed 'cp' (/usr/bin/cp) on file '/home/opc/logai/enterprise_mnc_audit_sim/enterprise_data/database'
Aug 26 05:50:52: User bob executed 'find' (/usr/bin/find) on file '/home/opc/logai/enterprise_mnc_audit_sim/enterprise_data/database/mysql/db_config.cnf'
Aug 26 05:56:55: User bob executed 'cat' (/usr/bin/cat) on file '/home/opc/logai/enterprise_mnc_audit_sim/enterprise_data/development/projects/'
Aug 26 05:56:58: User carol executed 'ls' (/usr/bin/ls) on file '/home/opc/logai/enterprise_mnc_audit_sim/enterprise_data/development/projects/'
Aug 26 06:02:07: User carol executed 'ls' (/usr/bin/ls) on file '/home/opc/logai/enterprise_mnc_audit_sim/system/configs/'
Aug 26 06:02:10: User alice executed 'ls' (/usr/bin/ls) on file '/home/opc/logai/enterprise_mnc_audit_sim/system/configs/'
Aug 26 06:08:35: User alice executed 'df' (/usr/bin/df) on file '/home/opc/logai/enterprise_mnc_audit_sim/enterprise_data/operations/scripts/'
Aug 26 06:08:48: User sarah executed 'ps' (/usr/bin/ps) on file '/home/opc/logai/enterprise_mnc_audit_sim/enterprise_data/operations/'
Aug 26 06:11:39: User sarah executed 'ls' (/usr/bin/ls) on file '/home/opc/logai/enterprise_mnc_audit_sim/enterprise_data/database/'
Aug 26 06:11:43: User eve executed 'ls' (/usr/bin/ls) on file '/home/opc/logai/enterprise_mnc_audit_sim/enterprise_data/database/mysql/db_config.cnf'
Aug 26 06:11:45: User eve executed 'cat' (/usr/bin/cat) on file '/home/opc/logai/enterprise_mnc_audit_sim/enterprise_data/database'
Aug 26 06:13:29: User eve executed 'cp' (/usr/bin/cp) on file '/home/opc/logai/enterprise_mnc_audit_sim/enterprise_data/database/'
Aug 26 06:13:41: User eve executed 'grep' (/usr/bin/grep) on file '/home/opc/logai/enterprise_mnc_audit_sim/enterprise_data/database/mysql/db_config.cnf'
Aug 26 06:15:29: User eve executed 'chmod' (/usr/bin/chmod) on file '/home/opc/logai/enterprise_mnc_audit_sim/enterprise_data/development/scripts/build.sh'
Aug 26 06:15:34: User carol executed 'chmod' (/usr/bin/chmod) on file '/home/opc/logai/enterprise_mnc_audit_sim/enterprise_data/development/scripts/build.sh'
Aug 26 06:15:42: User carol executed 'chmod' (/usr/bin/chmod) on file '/home/opc/logai/enterprise_mnc_audit_sim/enterprise_data/development/'
Aug 26 06:15:46: User carol executed 'ls' (/usr/bin/ls) on file '/home/opc/logai/enterprise_mnc_audit_sim/enterprise_data/development'
Aug 26 06:15:54: User carol executed 'find' (/usr/bin/find) on file '/home/opc/logai/enterprise_mnc_audit_sim/enterprise_data/development/projects/'
Aug 26 06:18:06: User carol executed 'ls' (/usr/bin/ls) on file '/home/opc/logai/enterprise_mnc_audit_sim/enterprise_data/database/'
Aug 26 06:18:14: User eve executed 'ls' (/usr/bin/ls) on file '/home/opc/logai/enterprise_mnc_audit_sim/enterprise_data/database/'
Aug 26 06:18:23: User eve executed 'ls' (/usr/bin/ls) on file '/home/opc/logai/enterprise_mnc_audit_sim/applications/databases/'
Aug 26 06:18:27: User eve executed 'ls' (/usr/bin/ls) on file '/home/opc/logai/enterprise_mnc_audit_sim/enterprise_data/operations/'
Aug 26 06:18:31: User eve executed 'du' (/usr/bin/du) on file '/home/opc/logai/enterprise_mnc_audit_sim/enterprise_data/database/mysql/db_config.cnf'
Aug 26 06:45:38: User grace executed 'top' (/usr/bin/top) on file '/home/opc/logai/enterprise_mnc_audit_sim/enterprise_data/development'
Aug 26 06:45:47: User frank executed 'find' (/usr/bin/find) on file '/home/opc/logai/enterprise_mnc_audit_sim/enterprise_data/development/projects/'
Aug 26 06:46:07: User john executed 'wc' (/usr/bin/wc) on file '/home/opc/logai/enterprise_mnc_audit_sim/enterprise_data/development/projects/project_alpha.txt'
Aug 26 06:59:32: User heidi executed 'find' (/usr/bin/find) on file '/home/opc/logai/enterprise_mnc_audit_sim/enterprise_data/'
Aug 26 06:59:50: User eve executed 'cp' (/usr/bin/cp) on file '/home/opc/logai/enterprise_mnc_audit_sim/enterprise_data/database/mysql/db_config.cnf'
Aug 26 07:01:13: User heidi executed 'w' (/usr/bin/w) on file '/home/opc/logai/enterprise_mnc_audit_sim/enterprise_data/development'
Aug 26 07:01:20: User carol executed 'find' (/usr/bin/find) on file '/home/opc/logai/enterprise_mnc_audit_sim/enterprise_data/development/scripts/build.sh'
Aug 26 07:01:33: User carol executed 'wc' (/usr/bin/wc) on file '/home/opc/logai/enterprise_mnc_audit_sim/enterprise_data/development/'
Aug 26 07:23:48: User heidi executed 'find' (/usr/bin/find) on file '/home/opc/logai/enterprise_mnc_audit_sim/enterprise_data/'
Aug 26 07:25:51: User frank executed 'cp' (/usr/bin/cp) on file '/home/opc/logai/enterprise_mnc_audit_sim/enterprise_data/database/mysql/db_config.cnf'
Aug 26 07:25:55: User eve executed 'chmod' (/usr/bin/chmod) on file '/home/opc/logai/enterprise_mnc_audit_sim/enterprise_data/database'
Aug 26 07:30:07: User bob executed 'cp' (/usr/bin/cp) on file '/home/opc/logai/enterprise_mnc_audit_sim/enterprise_data/database/mysql/db_config.cnf'
Aug 26 07:30:12: User bob executed 'cat' (/usr/bin/cat) on file '/home/opc/logai/enterprise_mnc_audit_sim/enterprise_data/database/mysql/db_config.cnf'
Aug 26 07:30:14: User bob executed 'cat' (/usr/bin/cat) on file '/home/opc/logai/enterprise_mnc_audit_sim/enterprise_data/database/mysql/db_config.cnf'
Aug 26 07:30:15: User bob executed 'cat' (/usr/bin/cat) on file '/home/opc/logai/enterprise_mnc_audit_sim/enterprise_data/database/'
Aug 26 07:34:43: User bob executed 'ls' (/usr/bin/ls) on file '/home/opc/logai/enterprise_mnc_audit_sim/enterprise_data/development/projects/project_alpha.txt'
Aug 26 07:34:49: User carol executed 'cp' (/usr/bin/cp) on file '/home/opc/logai/enterprise_mnc_audit_sim/enterprise_data/development/'
Aug 26 07:34:58: User carol executed 'ls' (/usr/bin/ls) on file '/home/opc/logai/enterprise_mnc_audit_sim/enterprise_data/development/'
Aug 26 07:42:40: User dave executed 'free' (/usr/bin/free) on file '/home/opc/logai/enterprise_mnc_audit_sim/applications/'
Aug 26 07:44:22: User alice executed 'free' (/usr/bin/free) on file '/home/opc/logai/enterprise_mnc_audit_sim/applications/'
Aug 26 07:44:39: User alice executed 'df' (/usr/bin/df) on file '/home/opc/logai/enterprise_mnc_audit_sim/applications/'
Aug 26 07:44:41: User grace executed 'ps' (/usr/bin/ps) on file '/home/opc/logai/enterprise_mnc_audit_sim/enterprise_data/operations/scripts/'
Aug 26 07:44:45: User alice executed 'ps' (/usr/bin/ps) on file '/home/opc/logai/enterprise_mnc_audit_sim/applications/'
Aug 26 07:48:33: User grace executed 'top' (/usr/bin/top) on file '/home/opc/logai/enterprise_mnc_audit_sim/enterprise_data/development'
Aug 26 07:48:41: User carol executed 'find' (/usr/bin/find) on file '/home/opc/logai/enterprise_mnc_audit_sim/enterprise_data/development/scripts/build.sh'
Aug 26 07:48:51: User carol executed 'chmod' (/usr/bin/chmod) on file '/home/opc/logai/enterprise_mnc_audit_sim/enterprise_data/development'
Aug 26 07:48:52: User carol executed 'find' (/usr/bin/find) on file '/home/opc/logai/enterprise_mnc_audit_sim/enterprise_data/development/'
Aug 26 07:49:00: User carol executed 'ls' (/usr/bin/ls) on file '/home/opc/logai/enterprise_mnc_audit_sim/enterprise_data/development/projects/'
Aug 26 07:49:29: User carol executed 'ls' (/usr/bin/ls) on file '/home/opc/logai/enterprise_mnc_audit_sim/enterprise_data/hr/'
Aug 26 07:55:55: User sarah executed 'top' (/usr/bin/top) on file '/home/opc/logai/enterprise_mnc_audit_sim/enterprise_data/operations/'
Aug 26 08:08:02: User sarah executed 'ls' (/usr/bin/ls) on file '/home/opc/logai/enterprise_mnc_audit_sim/enterprise_data/database/mysql/db_config.cnf'
Aug 26 08:08:04: User bob executed 'cat' (/usr/bin/cat) on file '/home/opc/logai/enterprise_mnc_audit_sim/applications/databases/'
Aug 26 08:08:27: User bob executed 'cp' (/usr/bin/cp) on file '/home/opc/logai/enterprise_mnc_audit_sim/enterprise_data/database'
Aug 26 08:16:29: User frank executed 'wc' (/usr/bin/wc) on file '/home/opc/logai/enterprise_mnc_audit_sim/enterprise_data/development/projects/project_alpha.txt'
Aug 26 08:16:39: User frank executed 'wc' (/usr/bin/wc) on file '/home/opc/logai/enterprise_mnc_audit_sim/enterprise_data/development/projects/'
Aug 26 08:19:12: User frank executed 'ls' (/usr/bin/ls) on file '/home/opc/logai/enterprise_mnc_audit_sim/system/configs/'
Aug 26 08:19:14: User dave executed 'ls' (/usr/bin/ls) on file '/home/opc/logai/enterprise_mnc_audit_sim/system/configs/server.conf'
Aug 26 08:21:33: User dave executed 'chmod' (/usr/bin/chmod) on file '/home/opc/logai/enterprise_mnc_audit_sim/enterprise_data/operations'
Aug 26 08:21:33: Authentication event for user grace - Accepted password for grace from 192.168.1.50
Aug 26 08:21:39: User grace executed 'find' (/usr/bin/find) on file '/home/opc/logai/enterprise_mnc_audit_sim/enterprise_data/operations/scripts/'
Aug 26 08:28:08: User frank executed 'grep' (/usr/bin/grep) on file '/home/opc/logai/enterprise_mnc_audit_sim/enterprise_data/development/projects/'
Aug 26 08:29:07: User frank executed 'cp' (/usr/bin/cp) on file '/home/opc/logai/enterprise_mnc_audit_sim/applications/'
Aug 26 08:29:07: Authentication event for user sarah - Accepted password for sarah from 192.168.1.50
Aug 26 08:29:15: User sarah executed 'ls' (/usr/bin/ls) on file '/home/opc/logai/enterprise_mnc_audit_sim/enterprise_data/operations'
Aug 26 08:29:20: User sarah executed 'du' (/usr/bin/du) on file '/home/opc/logai/enterprise_mnc_audit_sim/enterprise_data/operations'
Aug 26 08:46:29: User sarah executed 'find' (/usr/bin/find) on file '/home/opc/logai/enterprise_mnc_audit_sim/system/configs/server.conf'
Aug 26 08:47:31: User sarah executed 'du' (/usr/bin/du) on file '/home/opc/logai/enterprise_mnc_audit_sim/enterprise_data/operations'
Aug 26 08:47:49: User sarah executed 'top' (/usr/bin/top) on file '/home/opc/logai/enterprise_mnc_audit_sim/enterprise_data/hr/'
Aug 26 08:56:36: User john executed 'wc' (/usr/bin/wc) on file '/home/opc/logai/enterprise_mnc_audit_sim/enterprise_data/development/projects/project_alpha.txt'
Aug 26 08:56:42: User john executed 'cat' (/usr/bin/cat) on file '/home/opc/logai/enterprise_mnc_audit_sim/enterprise_data/development/'
Aug 26 08:56:51: User john executed 'ls' (/usr/bin/ls) on file '/home/opc/logai/enterprise_mnc_audit_sim/enterprise_data/development'
Aug 26 08:56:52: User john executed 'find' (/usr/bin/find) on file '/home/opc/logai/enterprise_mnc_audit_sim/enterprise_data/development/scripts/build.sh'
Aug 26 09:00:19: User john executed 'chmod' (/usr/bin/chmod) on file '/home/opc/logai/enterprise_mnc_audit_sim/enterprise_data/database/mysql/db_config.cnf'
Aug 26 09:00:22: User bob executed 'cat' (/usr/bin/cat) on file '/home/opc/logai/enterprise_mnc_audit_sim/applications/databases/'
Aug 26 09:00:29: User bob executed 'cp' (/usr/bin/cp) on file '/home/opc/logai/enterprise_mnc_audit_sim/enterprise_data/database/mysql/db_config.cnf'
Aug 27 00:07:03: User grace executed 'du' (/usr/bin/du) on file '/home/opc/logai/enterprise_mnc_audit_sim/enterprise_data/operations/'
Aug 27 00:07:12: User grace executed 'ls' (/usr/bin/ls) on file '/home/opc/logai/enterprise_mnc_audit_sim/enterprise_data/operations/scripts/'
Aug 27 00:14:20: User grace executed 'chmod' (/usr/bin/chmod) on file '/home/opc/logai/enterprise_mnc_audit_sim/system/logs/application.log'
Aug 27 00:20:26: User bob executed 'cp' (/usr/bin/cp) on file '/home/opc/logai/enterprise_mnc_audit_sim/enterprise_data/database/mysql/db_config.cnf'
Aug 27 00:28:44: User grace executed 'ps' (/usr/bin/ps) on file '/home/opc/logai/enterprise_mnc_audit_sim/applications/'
Aug 27 00:52:22: User carol executed 'cp' (/usr/bin/cp) on file '/home/opc/logai/enterprise_mnc_audit_sim/enterprise_data/development/projects/'
Aug 27 00:52:37: User carol executed 'cp' (/usr/bin/cp) on file '/home/opc/logai/enterprise_mnc_audit_sim/enterprise_data/development'
Aug 27 00:56:58: User carol executed 'cp' (/usr/bin/cp) on file '/home/opc/logai/enterprise_mnc_audit_sim/enterprise_data/development/'
Aug 27 00:57:06: User carol executed 'ls' (/usr/bin/ls) on file '/home/opc/logai/enterprise_mnc_audit_sim/enterprise_data/development'
Aug 27 01:01:53: User eve executed 'du' (/usr/bin/du) on file '/home/opc/logai/enterprise_mnc_audit_sim/enterprise_data/database'
Aug 27 01:24:10: User eve executed 'find' (/usr/bin/find) on file '/home/opc/logai/enterprise_mnc_audit_sim/system/logs/application.log'
Aug 27 01:24:24: User alice executed 'netstat' (/usr/bin/netstat) on file '/home/opc/logai/enterprise_mnc_audit_sim/system/configs/server.conf'
Aug 27 01:27:31: User alice executed 'cat' (/usr/bin/cat) on file '/home/opc/logai/enterprise_mnc_audit_sim/enterprise_data/database/mysql/db_config.cnf'
Aug 27 01:27:38: User bob executed 'du' (/usr/bin/du) on file '/home/opc/logai/enterprise_mnc_audit_sim/applications/databases/'
Aug 27 01:27:47: User bob executed 'ls' (/usr/bin/ls) on file '/home/opc/logai/enterprise_mnc_audit_sim/enterprise_data/database'
Aug 27 01:27:51: User bob executed 'find' (/usr/bin/find) on file '/home/opc/logai/enterprise_mnc_audit_sim/enterprise_data/database/'
Aug 27 01:29:18: User grace executed 'tar' (/usr/bin/tar) on file '/home/opc/logai/enterprise_mnc_audit_sim/enterprise_data/operations'
Aug 27 01:29:25: User grace executed 'find' (/usr/bin/find) on file '/home/opc/logai/enterprise_mnc_audit_sim/enterprise_data/operations/'
Aug 27 01:29:35: User grace executed 'du' (/usr/bin/du) on file '/home/opc/logai/enterprise_mnc_audit_sim/enterprise_data/operations/scripts/'
Aug 27 01:32:20: User grace executed 'chmod' (/usr/bin/chmod) on file '/home/opc/logai/enterprise_mnc_audit_sim/enterprise_data/development/projects/'
Aug 27 01:32:22: User frank executed 'ls' (/usr/bin/ls) on file '/home/opc/logai/enterprise_mnc_audit_sim/enterprise_data/development/projects/project_alpha.txt'
Aug 27 01:41:16: User alice executed 'df' (/usr/bin/df) on file '/home/opc/logai/enterprise_mnc_audit_sim/system/configs/'
Aug 27 01:42:32: User dave executed 'ps' (/usr/bin/ps) on file '/home/opc/logai/enterprise_mnc_audit_sim/system/configs/server.conf'
Aug 27 02:04:50: User frank executed 'wc' (/usr/bin/wc) on file '/home/opc/logai/enterprise_mnc_audit_sim/enterprise_data/development/'
Aug 27 02:04:52: User frank executed 'ls' (/usr/bin/ls) on file '/home/opc/logai/enterprise_mnc_audit_sim/enterprise_data/development/projects/'
Aug 27 02:05:00: User frank executed 'ls' (/usr/bin/ls) on file '/home/opc/logai/enterprise_mnc_audit_sim/enterprise_data/development/scripts/build.sh'
Aug 27 02:05:57: User eve executed 'cp' (/usr/bin/cp) on file '/home/opc/logai/enterprise_mnc_audit_sim/enterprise_data/database/mysql/db_config.cnf'
Aug 27 02:06:00: User eve executed 'cat' (/usr/bin/cat) on file '/home/opc/logai/enterprise_mnc_audit_sim/applications/'
Aug 27 02:06:03: User dave executed 'ls' (/usr/bin/ls) on file '/home/opc/logai/enterprise_mnc_audit_sim/enterprise_data/database/mysql/db_config.cnf'
Aug 27 02:06:10: User eve executed 'cat' (/usr/bin/cat) on file '/home/opc/logai/enterprise_mnc_audit_sim/applications/'
Aug 27 02:06:11: User dave executed 'ls' (/usr/bin/ls) on file '/home/opc/logai/enterprise_mnc_audit_sim/enterprise_data/database'
Aug 27 02:06:13: User eve executed 'find' (/usr/bin/find) on file '/home/opc/logai/enterprise_mnc_audit_sim/system/configs/server.conf'
Aug 27 02:06:20: User dave executed 'cat' (/usr/bin/cat) on file '/home/opc/logai/enterprise_mnc_audit_sim/applications/'
Aug 27 02:14:15: User dave executed 'ps' (/usr/bin/ps) on file '/home/opc/logai/enterprise_mnc_audit_sim/enterprise_data/operations/'
Aug 27 02:14:22: User grace executed 'ls' (/usr/bin/ls) on file '/home/opc/logai/enterprise_mnc_audit_sim/enterprise_data/operations'
Aug 27 02:14:32: User grace executed 'find' (/usr/bin/find) on file '/home/opc/logai/enterprise_mnc_audit_sim/enterprise_data/operations/'
Aug 27 02:23:15: User alice executed 'netstat' (/usr/bin/netstat) on file '/home/opc/logai/enterprise_mnc_audit_sim/enterprise_data/'
Aug 27 02:23:20: User heidi executed 'ls' (/usr/bin/ls) on file '/home/opc/logai/enterprise_mnc_audit_sim/enterprise_data/'
Aug 27 02:23:41: User alice executed 'netstat' (/usr/bin/netstat) on file '/home/opc/logai/enterprise_mnc_audit_sim/system/logs/application.log'
Aug 27 02:23:54: User alice executed 'netstat' (/usr/bin/netstat) on file '/home/opc/logai/enterprise_mnc_audit_sim/system/configs/server.conf'
Aug 27 02:35:25: User heidi executed 'who' (/usr/bin/who) on file '/home/opc/logai/enterprise_mnc_audit_sim/enterprise_data/'
Aug 27 02:39:52: User heidi executed 'last' (/usr/bin/last) on file '/home/opc/logai/enterprise_mnc_audit_sim/enterprise_data/database/mysql/db_config.cnf'
Aug 27 02:39:58: User eve executed 'cat' (/usr/bin/cat) on file '/home/opc/logai/enterprise_mnc_audit_sim/enterprise_data/database/mysql/db_config.cnf'
Aug 27 02:41:29: User bob executed 'du' (/usr/bin/du) on file '/home/opc/logai/enterprise_mnc_audit_sim/enterprise_data/database/mysql/db_config.cnf'
Aug 27 02:51:14: User dave executed 'free' (/usr/bin/free) on file '/home/opc/logai/enterprise_mnc_audit_sim/system'
Aug 27 02:51:18: User dave executed 'find' (/usr/bin/find) on file '/home/opc/logai/enterprise_mnc_audit_sim/system/configs/'
Aug 27 02:51:25: User dave executed 'ls' (/usr/bin/ls) on file '/home/opc/logai/enterprise_mnc_audit_sim/system'
Aug 27 02:58:55: User dave executed 'find' (/usr/bin/find) on file '/home/opc/logai/enterprise_mnc_audit_sim/enterprise_data/database'
Aug 27 02:59:01: User eve executed 'find' (/usr/bin/find) on file '/home/opc/logai/enterprise_mnc_audit_sim/enterprise_data/database/'
Aug 27 03:03:18: User eve executed 'ls' (/usr/bin/ls) on file '/home/opc/logai/enterprise_mnc_audit_sim/enterprise_data/database'
Aug 27 03:03:20: User bob executed 'find' (/usr/bin/find) on file '/home/opc/logai/enterprise_mnc_audit_sim/enterprise_data/database/'
Aug 27 03:03:21: User bob executed 'ls' (/usr/bin/ls) on file '/home/opc/logai/enterprise_mnc_audit_sim/enterprise_data/development/projects/'
Aug 27 03:03:22: User frank executed 'ls' (/usr/bin/ls) on file '/home/opc/logai/enterprise_mnc_audit_sim/enterprise_data/development/'
Aug 27 03:03:24: User frank executed 'ls' (/usr/bin/ls) on file '/home/opc/logai/enterprise_mnc_audit_sim/enterprise_data/development/projects/'
Aug 27 03:03:29: User frank executed 'ls' (/usr/bin/ls) on file '/home/opc/logai/enterprise_mnc_audit_sim/enterprise_data/database/mysql/db_config.cnf'
Aug 27 03:03:35: User frank executed 'grep' (/usr/bin/grep) on file '/home/opc/logai/enterprise_mnc_audit_sim/enterprise_data/database/'
Aug 27 03:03:41: User bob executed 'ls' (/usr/bin/ls) on file '/home/opc/logai/enterprise_mnc_audit_sim/enterprise_data/database/mysql/db_config.cnf'
Aug 27 03:08:36: User bob executed 'chmod' (/usr/bin/chmod) on file '/home/opc/logai/enterprise_mnc_audit_sim/applications/'
Aug 27 03:08:45: User alice executed 'ls' (/usr/bin/ls) on file '/home/opc/logai/enterprise_mnc_audit_sim/system/configs/server.conf'
Aug 27 03:11:20: User alice executed 'chmod' (/usr/bin/chmod) on file '/home/opc/logai/enterprise_mnc_audit_sim/applications/databases/'
Aug 27 03:11:40: User eve executed 'du' (/usr/bin/du) on file '/home/opc/logai/enterprise_mnc_audit_sim/enterprise_data/database/'
Aug 27 03:11:53: Authentication event for user dave - Accepted password for dave from 192.168.1.50
Aug 27 03:11:59: User dave executed 'netstat' (/usr/bin/netstat) on file '/home/opc/logai/enterprise_mnc_audit_sim/system/logs/application.log'
Aug 27 03:12:02: User dave executed 'tail' (/usr/bin/tail) on file '/home/opc/logai/enterprise_mnc_audit_sim/system/configs/'
Aug 27 03:19:48: User alice executed 'free' (/usr/bin/free) on file '/home/opc/logai/enterprise_mnc_audit_sim/system/configs/server.conf'
Aug 27 03:19:51: User alice executed 'chmod' (/usr/bin/chmod) on file '/home/opc/logai/enterprise_mnc_audit_sim/system'
Aug 27 03:19:52: User alice executed 'find' (/usr/bin/find) on file '/home/opc/logai/enterprise_mnc_audit_sim/system/configs/server.conf'
Aug 27 03:19:53: User alice executed 'cat' (/usr/bin/cat) on file '/home/opc/logai/enterprise_mnc_audit_sim/system/configs/server.conf'
Aug 27 03:25:47: User alice executed 'cat' (/usr/bin/cat) on file '/home/opc/logai/enterprise_mnc_audit_sim/applications/'
Aug 27 03:25:57: User grace executed 'ls' (/usr/bin/ls) on file '/home/opc/logai/enterprise_mnc_audit_sim/enterprise_data/operations'
Aug 27 03:26:02: User grace executed 'find' (/usr/bin/find) on file '/home/opc/logai/enterprise_mnc_audit_sim/enterprise_data/operations/scripts/'
Aug 27 03:26:15: User grace executed 'ps' (/usr/bin/ps) on file '/home/opc/logai/enterprise_mnc_audit_sim/enterprise_data/operations/'
Aug 27 03:32:34: User grace executed 'ls' (/usr/bin/ls) on file '/home/opc/logai/enterprise_mnc_audit_sim/system/configs/server.conf'
Aug 27 03:32:43: User alice executed 'cat' (/usr/bin/cat) on file '/home/opc/logai/enterprise_mnc_audit_sim/system/configs/server.conf'
Aug 27 03:32:45: User alice executed 'chmod' (/usr/bin/chmod) on file '/home/opc/logai/enterprise_mnc_audit_sim/system/configs/server.conf'
Aug 27 03:45:30: User alice executed 'cat' (/usr/bin/cat) on file '/home/opc/logai/enterprise_mnc_audit_sim/enterprise_data/database'
Aug 27 03:45:31: User bob executed 'find' (/usr/bin/find) on file '/home/opc/logai/enterprise_mnc_audit_sim/enterprise_data/database/mysql/db_config.cnf'
Aug 27 03:49:29: User heidi executed 'w' (/usr/bin/w) on file '/home/opc/logai/enterprise_mnc_audit_sim/enterprise_data/hr/'
Aug 27 03:54:02: User heidi executed 'ls' (/usr/bin/ls) on file '/home/opc/logai/enterprise_mnc_audit_sim/system/configs/server.conf'
Aug 27 03:54:05: User alice executed 'cat' (/usr/bin/cat) on file '/home/opc/logai/enterprise_mnc_audit_sim/system'
Aug 27 04:06:20: User dave executed 'free' (/usr/bin/free) on file '/home/opc/logai/enterprise_mnc_audit_sim/system/configs/server.conf'
Aug 27 04:06:26: User dave executed 'chmod' (/usr/bin/chmod) on file '/home/opc/logai/enterprise_mnc_audit_sim/applications/'
Aug 27 04:10:09: User heidi executed 'last' (/usr/bin/last) on file '/home/opc/logai/enterprise_mnc_audit_sim/enterprise_data/hr/'
Aug 27 04:13:21: User heidi executed 'chmod' (/usr/bin/chmod) on file '/home/opc/logai/enterprise_mnc_audit_sim/enterprise_data/development/projects/project_alpha.txt'
Aug 27 04:13:24: User frank executed 'cat' (/usr/bin/cat) on file '/home/opc/logai/enterprise_mnc_audit_sim/enterprise_data/development/projects/'
Aug 27 04:13:31: User frank executed 'ls' (/usr/bin/ls) on file '/home/opc/logai/enterprise_mnc_audit_sim/enterprise_data/development/projects/'
Aug 27 04:16:50: User dave executed 'netstat' (/usr/bin/netstat) on file '/home/opc/logai/enterprise_mnc_audit_sim/applications/'
Aug 27 04:23:56: User dave executed 'ps' (/usr/bin/ps) on file '/home/opc/logai/enterprise_mnc_audit_sim/system/configs/server.conf'
Aug 27 04:26:15: User dave executed 'netstat' (/usr/bin/netstat) on file '/home/opc/logai/enterprise_mnc_audit_sim/applications/databases/'
Aug 27 04:26:22: User eve executed 'ls' (/usr/bin/ls) on file '/home/opc/logai/enterprise_mnc_audit_sim/enterprise_data/database/'
Aug 27 04:26:30: User eve executed 'du' (/usr/bin/du) on file '/home/opc/logai/enterprise_mnc_audit_sim/enterprise_data/database/mysql/db_config.cnf'
Aug 27 04:26:38: User eve executed 'cat' (/usr/bin/cat) on file '/home/opc/logai/enterprise_mnc_audit_sim/enterprise_data/database/mysql/db_config.cnf'
Aug 27 04:32:14: User heidi executed 'find' (/usr/bin/find) on file '/home/opc/logai/enterprise_mnc_audit_sim/enterprise_data/development'
Aug 27 04:32:18: User frank executed 'find' (/usr/bin/find) on file '/home/opc/logai/enterprise_mnc_audit_sim/enterprise_data/development/projects/'
Aug 27 04:32:26: User frank executed 'ls' (/usr/bin/ls) on file '/home/opc/logai/enterprise_mnc_audit_sim/enterprise_data/development/projects/'
Aug 27 04:46:09: Authentication event for user dave - Failed password for dave from 192.168.1.100
Aug 27 04:46:39: User grace executed 'ps' (/usr/bin/ps) on file '/home/opc/logai/enterprise_mnc_audit_sim/enterprise_data/operations/scripts/'
Aug 27 04:46:55: User grace executed 'tar' (/usr/bin/tar) on file '/home/opc/logai/enterprise_mnc_audit_sim/enterprise_data/operations/scripts/'
Aug 27 05:01:50: User grace executed 'du' (/usr/bin/du) on file '/home/opc/logai/enterprise_mnc_audit_sim/enterprise_data/database'
Aug 27 05:01:55: User eve executed 'find' (/usr/bin/find) on file '/home/opc/logai/enterprise_mnc_audit_sim/applications/databases/'
Aug 27 05:02:04: User eve executed 'ls' (/usr/bin/ls) on file '/home/opc/logai/enterprise_mnc_audit_sim/applications/databases/'
Aug 27 05:10:49: User grace executed 'top' (/usr/bin/top) on file '/home/opc/logai/enterprise_mnc_audit_sim/enterprise_data/database/mysql/db_config.cnf'
Aug 27 05:10:58: User grace executed 'top' (/usr/bin/top) on file '/home/opc/logai/enterprise_mnc_audit_sim/enterprise_data/database/'
Aug 27 05:11:05: User bob executed 'du' (/usr/bin/du) on file '/home/opc/logai/enterprise_mnc_audit_sim/enterprise_data/operations/scripts/'
Aug 27 05:11:07: User grace executed 'chmod' (/usr/bin/chmod) on file '/home/opc/logai/enterprise_mnc_audit_sim/enterprise_data/operations'
Aug 27 05:11:14: User bob executed 'grep' (/usr/bin/grep) on file '/home/opc/logai/enterprise_mnc_audit_sim/enterprise_data/database/'
Aug 27 05:20:17: User bob executed 'ls' (/usr/bin/ls) on file '/home/opc/logai/enterprise_mnc_audit_sim/system/configs/server.conf'
Aug 27 05:20:20: User alice executed 'cat' (/usr/bin/cat) on file '/home/opc/logai/enterprise_mnc_audit_sim/system/logs/application.log'
Aug 27 05:20:28: User alice executed 'tail' (/usr/bin/tail) on file '/home/opc/logai/enterprise_mnc_audit_sim/applications/'
Aug 27 05:20:30: User alice executed 'ls' (/usr/bin/ls) on file '/home/opc/logai/enterprise_mnc_audit_sim/enterprise_data/database/'
Aug 27 05:20:33: User bob executed 'ls' (/usr/bin/ls) on file '/home/opc/logai/enterprise_mnc_audit_sim/enterprise_data/database/mysql/db_config.cnf'
Aug 27 05:29:37: User dave executed 'free' (/usr/bin/free) on file '/home/opc/logai/enterprise_mnc_audit_sim/system/configs/server.conf'
Aug 27 05:32:58: User john executed 'cp' (/usr/bin/cp) on file '/home/opc/logai/enterprise_mnc_audit_sim/enterprise_data/development/scripts/build.sh'
Aug 27 05:33:06: User john executed 'chmod' (/usr/bin/chmod) on file '/home/opc/logai/enterprise_mnc_audit_sim/enterprise_data/development/projects/project_alpha.txt'
Aug 27 05:33:46: User frank executed 'grep' (/usr/bin/grep) on file '/home/opc/logai/enterprise_mnc_audit_sim/enterprise_data/development/scripts/build.sh'
Aug 27 05:48:42: User frank executed 'grep' (/usr/bin/grep) on file '/home/opc/logai/enterprise_mnc_audit_sim/enterprise_data/operations'
Aug 27 05:48:49: User sarah executed 'find' (/usr/bin/find) on file '/home/opc/logai/enterprise_mnc_audit_sim/applications/'
Aug 27 05:52:45: Authentication event for user sarah - Accepted password for sarah from 192.168.1.50
Aug 27 05:52:51: User sarah executed 'ps' (/usr/bin/ps) on file '/home/opc/logai/enterprise_mnc_audit_sim/applications/'
Aug 27 05:52:54: User sarah executed 'ls' (/usr/bin/ls) on file '/home/opc/logai/enterprise_mnc_audit_sim/enterprise_data/operations'
Aug 27 05:52:57: User sarah executed 'find' (/usr/bin/find) on file '/home/opc/logai/enterprise_mnc_audit_sim/enterprise_data/operations'
Aug 27 05:54:47: User dave executed 'netstat' (/usr/bin/netstat) on file '/home/opc/logai/enterprise_mnc_audit_sim/applications/'
Aug 27 05:54:52: User dave executed 'ls' (/usr/bin/ls) on file '/home/opc/logai/enterprise_mnc_audit_sim/system/logs/application.log'
Aug 27 06:06:34: Authentication event for user unknown - Failed password for unknown from 192.168.1.100
Aug 27 06:14:31: User alice executed 'df' (/usr/bin/df) on file '/home/opc/logai/enterprise_mnc_audit_sim/enterprise_data/development/scripts/build.sh'
Aug 27 06:14:42: User carol executed 'cp' (/usr/bin/cp) on file '/home/opc/logai/enterprise_mnc_audit_sim/enterprise_data/development/projects/'
Aug 27 06:14:51: User carol executed 'ls' (/usr/bin/ls) on file '/home/opc/logai/enterprise_mnc_audit_sim/enterprise_data/development/scripts/build.sh'
Aug 27 06:16:09: User carol executed 'chmod' (/usr/bin/chmod) on file '/home/opc/logai/enterprise_mnc_audit_sim/applications/'
Aug 27 06:16:26: User grace executed 'du' (/usr/bin/du) on file '/home/opc/logai/enterprise_mnc_audit_sim/enterprise_data/operations'
Aug 27 06:25:50: User grace executed 'find' (/usr/bin/find) on file '/home/opc/logai/enterprise_mnc_audit_sim/enterprise_data/database'
Aug 27 06:25:52: User bob executed 'find' (/usr/bin/find) on file '/home/opc/logai/enterprise_mnc_audit_sim/enterprise_data/database/mysql/db_config.cnf'
Aug 27 06:26:01: User bob executed 'chmod' (/usr/bin/chmod) on file '/home/opc/logai/enterprise_mnc_audit_sim/applications/databases/'
Aug 27 06:29:35: User sarah executed 'tar' (/usr/bin/tar) on file '/home/opc/logai/enterprise_mnc_audit_sim/applications/'
Aug 27 06:29:42: User sarah executed 'ps' (/usr/bin/ps) on file '/home/opc/logai/enterprise_mnc_audit_sim/enterprise_data/operations'
Aug 27 06:32:04: User sarah executed 'find' (/usr/bin/find) on file '/home/opc/logai/enterprise_mnc_audit_sim/applications/databases/'
Aug 27 06:32:08: User eve executed 'ls' (/usr/bin/ls) on file '/home/opc/logai/enterprise_mnc_audit_sim/enterprise_data/database/mysql/db_config.cnf'
Aug 27 06:32:11: User eve executed 'cat' (/usr/bin/cat) on file '/home/opc/logai/enterprise_mnc_audit_sim/applications/databases/'
Aug 27 06:35:10: User eve executed 'ls' (/usr/bin/ls) on file '/home/opc/logai/enterprise_mnc_audit_sim/enterprise_data/operations'
Aug 27 06:35:25: User sarah executed 'top' (/usr/bin/top) on file '/home/opc/logai/enterprise_mnc_audit_sim/enterprise_data/operations/'
Aug 27 06:40:06: User frank executed 'cp' (/usr/bin/cp) on file '/home/opc/logai/enterprise_mnc_audit_sim/enterprise_data/development/projects/'
Aug 27 06:40:13: User frank executed 'ls' (/usr/bin/ls) on file '/home/opc/logai/enterprise_mnc_audit_sim/enterprise_data/development/scripts/build.sh'
Aug 27 06:40:23: User frank executed 'chmod' (/usr/bin/chmod) on file '/home/opc/logai/enterprise_mnc_audit_sim/enterprise_data/development/scripts/build.sh'
Aug 27 06:50:57: User frank executed 'chmod' (/usr/bin/chmod) on file '/home/opc/logai/enterprise_mnc_audit_sim/applications/databases/'
Aug 27 06:56:52: User heidi executed 'find' (/usr/bin/find) on file '/home/opc/logai/enterprise_mnc_audit_sim/enterprise_data/hr/'
Aug 27 06:57:51: User heidi executed 'chmod' (/usr/bin/chmod) on file '/home/opc/logai/enterprise_mnc_audit_sim/system'
Aug 27 06:57:52: User dave executed 'find' (/usr/bin/find) on file '/home/opc/logai/enterprise_mnc_audit_sim/system/configs/server.conf'
Aug 27 06:57:58: User dave executed 'chmod' (/usr/bin/chmod) on file '/home/opc/logai/enterprise_mnc_audit_sim/system/configs/'
Aug 27 06:58:08: User dave executed 'ls' (/usr/bin/ls) on file '/home/opc/logai/enterprise_mnc_audit_sim/system/configs/server.conf'
Aug 27 06:58:11: User dave executed 'cat' (/usr/bin/cat) on file '/home/opc/logai/enterprise_mnc_audit_sim/system/configs/'
Aug 27 07:00:44: User dave executed 'ls' (/usr/bin/ls) on file '/home/opc/logai/enterprise_mnc_audit_sim/enterprise_data/development/projects/project_alpha.txt'
Aug 27 07:00:44: Authentication event for user john - Accepted password for john from 192.168.1.50
Aug 27 07:00:54: User john executed 'cat' (/usr/bin/cat) on file '/home/opc/logai/enterprise_mnc_audit_sim/enterprise_data/development/'
Aug 27 07:00:59: User john executed 'wc' (/usr/bin/wc) on file '/home/opc/logai/enterprise_mnc_audit_sim/enterprise_data/development/'
Aug 27 07:07:13: User dave executed 'netstat' (/usr/bin/netstat) on file '/home/opc/logai/enterprise_mnc_audit_sim/system/logs/application.log'
Aug 27 07:23:18: Authentication event for user dave - Accepted password for dave from 192.168.1.50
Aug 27 07:23:29: User dave executed 'ps' (/usr/bin/ps) on file '/home/opc/logai/enterprise_mnc_audit_sim/system/configs/server.conf'
Aug 27 07:23:41: User dave executed 'netstat' (/usr/bin/netstat) on file '/home/opc/logai/enterprise_mnc_audit_sim/applications/'
Aug 27 07:24:03: User dave executed 'ls' (/usr/bin/ls) on file '/home/opc/logai/enterprise_mnc_audit_sim/enterprise_data/development/scripts/build.sh'
Aug 27 07:24:04: User john executed 'chmod' (/usr/bin/chmod) on file '/home/opc/logai/enterprise_mnc_audit_sim/enterprise_data/development'
Aug 27 07:24:14: User john executed 'find' (/usr/bin/find) on file '/home/opc/logai/enterprise_mnc_audit_sim/enterprise_data/development/projects/project_alpha.txt'
Aug 27 07:24:16: User john executed 'cat' (/usr/bin/cat) on file '/home/opc/logai/enterprise_mnc_audit_sim/enterprise_data/development/projects/'
Aug 27 07:24:18: Authentication event for user bob - Accepted password for bob from 192.168.1.50
Aug 27 07:24:27: User bob executed 'grep' (/usr/bin/grep) on file '/home/opc/logai/enterprise_mnc_audit_sim/enterprise_data/database'
Aug 27 07:25:27: User heidi executed 'w' (/usr/bin/w) on file '/home/opc/logai/enterprise_mnc_audit_sim/enterprise_data/hr/'
Aug 27 07:25:37: User heidi executed 'w' (/usr/bin/w) on file '/home/opc/logai/enterprise_mnc_audit_sim/enterprise_data/'
Aug 27 07:26:44: User heidi executed 'find' (/usr/bin/find) on file '/home/opc/logai/enterprise_mnc_audit_sim/enterprise_data/hr/'
Aug 27 07:26:45: User heidi executed 'ls' (/usr/bin/ls) on file '/home/opc/logai/enterprise_mnc_audit_sim/enterprise_data/operations/scripts/'
Aug 27 07:26:57: User grace executed 'tar' (/usr/bin/tar) on file '/home/opc/logai/enterprise_mnc_audit_sim/enterprise_data/operations/'
Aug 27 07:29:00: Authentication event for user john - Accepted password for john from 192.168.1.50
Aug 27 07:36:58: User heidi executed 'netstat' (/usr/bin/netstat) on file '/home/opc/logai/enterprise_mnc_audit_sim/enterprise_data/hr/'
Aug 27 07:37:03: User heidi executed 'ls' (/usr/bin/ls) on file '/home/opc/logai/enterprise_mnc_audit_sim/enterprise_data/'
Aug 27 07:40:32: User eve executed 'grep' (/usr/bin/grep) on file '/home/opc/logai/enterprise_mnc_audit_sim/enterprise_data/database/mysql/db_config.cnf'
Aug 27 07:43:02: User eve executed 'cp' (/usr/bin/cp) on file '/home/opc/logai/enterprise_mnc_audit_sim/enterprise_data/development/projects/project_alpha.txt'
Aug 27 07:43:06: User carol executed 'cat' (/usr/bin/cat) on file '/home/opc/logai/enterprise_mnc_audit_sim/enterprise_data/development/scripts/build.sh'
Aug 27 07:43:43: User carol executed 'chmod' (/usr/bin/chmod) on file '/home/opc/logai/enterprise_mnc_audit_sim/system/logs/application.log'
Aug 27 07:43:51: User alice executed 'tail' (/usr/bin/tail) on file '/home/opc/logai/enterprise_mnc_audit_sim/applications/'
Aug 27 07:50:27: User dave executed 'ps' (/usr/bin/ps) on file '/home/opc/logai/enterprise_mnc_audit_sim/system/configs/'
Aug 27 07:50:33: User dave executed 'free' (/usr/bin/free) on file '/home/opc/logai/enterprise_mnc_audit_sim/system/configs/'
Aug 27 07:50:43: User dave executed 'ls' (/usr/bin/ls) on file '/home/opc/logai/enterprise_mnc_audit_sim/system/configs/server.conf'
Aug 27 07:52:22: User dave executed 'cat' (/usr/bin/cat) on file '/home/opc/logai/enterprise_mnc_audit_sim/enterprise_data/operations/'
Aug 27 07:52:45: User grace executed 'top' (/usr/bin/top) on file '/home/opc/logai/enterprise_mnc_audit_sim/enterprise_data/operations'
Aug 27 08:05:45: User grace executed 'ps' (/usr/bin/ps) on file '/home/opc/logai/enterprise_mnc_audit_sim/enterprise_data/operations/'
Aug 27 08:05:53: User grace executed 'ls' (/usr/bin/ls) on file '/home/opc/logai/enterprise_mnc_audit_sim/enterprise_data/operations/'
Aug 27 08:05:55: User grace executed 'ls' (/usr/bin/ls) on file '/home/opc/logai/enterprise_mnc_audit_sim/enterprise_data/operations/scripts/'
Aug 27 08:17:46: User grace executed 'chmod' (/usr/bin/chmod) on file '/home/opc/logai/enterprise_mnc_audit_sim/enterprise_data/development/projects/'
Aug 27 08:17:47: User john executed 'ls' (/usr/bin/ls) on file '/home/opc/logai/enterprise_mnc_audit_sim/enterprise_data/development/projects/'
Aug 27 08:17:49: User john executed 'ls' (/usr/bin/ls) on file '/home/opc/logai/enterprise_mnc_audit_sim/enterprise_data/development/projects/project_alpha.txt'
Aug 27 08:17:52: User john executed 'cat' (/usr/bin/cat) on file '/home/opc/logai/enterprise_mnc_audit_sim/enterprise_data/development'
Aug 27 08:22:47: User john executed 'grep' (/usr/bin/grep) on file '/home/opc/logai/enterprise_mnc_audit_sim/enterprise_data/'
Aug 27 08:23:11: User heidi executed 'w' (/usr/bin/w) on file '/home/opc/logai/enterprise_mnc_audit_sim/enterprise_data/hr/'
Aug 27 08:26:54: User heidi executed 'w' (/usr/bin/w) on file '/home/opc/logai/enterprise_mnc_audit_sim/enterprise_data/hr/'
Aug 27 08:27:05: User heidi executed 'find' (/usr/bin/find) on file '/home/opc/logai/enterprise_mnc_audit_sim/enterprise_data/'
Aug 27 08:30:39: User eve executed 'du' (/usr/bin/du) on file '/home/opc/logai/enterprise_mnc_audit_sim/enterprise_data/database'
Aug 27 08:34:48: User eve executed 'du' (/usr/bin/du) on file '/home/opc/logai/enterprise_mnc_audit_sim/enterprise_data/operations/'
Aug 27 08:44:10: User sarah executed 'tar' (/usr/bin/tar) on file '/home/opc/logai/enterprise_mnc_audit_sim/applications/'
Aug 27 08:44:12: User dave executed 'ls' (/usr/bin/ls) on file '/home/opc/logai/enterprise_mnc_audit_sim/system/configs/server.conf'
Aug 27 08:44:21: User dave executed 'free' (/usr/bin/free) on file '/home/opc/logai/enterprise_mnc_audit_sim/system/logs/application.log'
Aug 27 08:45:57: User dave executed 'tail' (/usr/bin/tail) on file '/home/opc/logai/enterprise_mnc_audit_sim/enterprise_data/development/scripts/build.sh'
Aug 27 08:46:11: User john executed 'wc' (/usr/bin/wc) on file '/home/opc/logai/enterprise_mnc_audit_sim/enterprise_data/development/projects/'
Aug 27 08:54:39: User john executed 'ls' (/usr/bin/ls) on file '/home/opc/logai/enterprise_mnc_audit_sim/enterprise_data/development/projects/project_alpha.txt'
Aug 27 08:54:39: Authentication event for user carol - Accepted password for carol from 192.168.1.50
Aug 27 09:03:01: User carol executed 'cp' (/usr/bin/cp) on file '/home/opc/logai/enterprise_mnc_audit_sim/enterprise_data/operations/scripts/'
Aug 27 09:03:04: User sarah executed 'chmod' (/usr/bin/chmod) on file '/home/opc/logai/enterprise_mnc_audit_sim/enterprise_data/operations/scripts/'
Aug 28 00:03:56: User alice executed 'netstat' (/usr/bin/netstat) on file '/home/opc/logai/enterprise_mnc_audit_sim/enterprise_data/development/'
Aug 28 00:04:04: User john executed 'ls' (/usr/bin/ls) on file '/home/opc/logai/enterprise_mnc_audit_sim/enterprise_data/development'
Aug 28 00:08:00: User john executed 'find' (/usr/bin/find) on file '/home/opc/logai/enterprise_mnc_audit_sim/applications/'
Aug 28 00:08:12: User sarah executed 'du' (/usr/bin/du) on file '/home/opc/logai/enterprise_mnc_audit_sim/enterprise_data/operations/'
Aug 28 00:08:22: User sarah executed 'ls' (/usr/bin/ls) on file '/home/opc/logai/enterprise_mnc_audit_sim/enterprise_data/operations/scripts/'
Aug 28 00:09:19: User eve executed 'grep' (/usr/bin/grep) on file '/home/opc/logai/enterprise_mnc_audit_sim/enterprise_data/database'
Aug 28 00:09:24: User eve executed 'find' (/usr/bin/find) on file '/home/opc/logai/enterprise_mnc_audit_sim/enterprise_data/database/mysql/db_config.cnf'
Aug 28 00:09:32: User eve executed 'cat' (/usr/bin/cat) on file '/home/opc/logai/enterprise_mnc_audit_sim/enterprise_data/database/mysql/db_config.cnf'
Aug 28 00:12:56: User eve executed 'du' (/usr/bin/du) on file '/home/opc/logai/enterprise_mnc_audit_sim/applications/databases/'
Aug 28 00:13:58: User carol executed 'wc' (/usr/bin/wc) on file '/home/opc/logai/enterprise_mnc_audit_sim/enterprise_data/development'
Aug 28 00:21:07: User carol executed 'grep' (/usr/bin/grep) on file '/home/opc/logai/enterprise_mnc_audit_sim/enterprise_data/development/projects/project_alpha.txt'
Aug 28 00:21:19: User carol executed 'wc' (/usr/bin/wc) on file '/home/opc/logai/enterprise_mnc_audit_sim/enterprise_data/development/projects/project_alpha.txt'
Aug 28 00:34:10: User carol executed 'cat' (/usr/bin/cat) on file '/home/opc/logai/enterprise_mnc_audit_sim/enterprise_data/database'
Aug 28 00:34:17: User bob executed 'find' (/usr/bin/find) on file '/home/opc/logai/enterprise_mnc_audit_sim/enterprise_data/database/'
Aug 28 00:40:22: User grace executed 'ps' (/usr/bin/ps) on file '/home/opc/logai/enterprise_mnc_audit_sim/enterprise_data/operations'
Aug 28 00:40:33: User grace executed 'ps' (/usr/bin/ps) on file '/home/opc/logai/enterprise_mnc_audit_sim/enterprise_data/operations/'
Aug 28 00:40:35: User grace executed 'ls' (/usr/bin/ls) on file '/home/opc/logai/enterprise_mnc_audit_sim/enterprise_data/operations'
Aug 28 00:41:48: User grace executed 'find' (/usr/bin/find) on file '/home/opc/logai/enterprise_mnc_audit_sim/applications/databases/'
Aug 28 00:41:55: User bob executed 'ls' (/usr/bin/ls) on file '/home/opc/logai/enterprise_mnc_audit_sim/enterprise_data/database/'
Aug 28 00:42:02: User bob executed 'ls' (/usr/bin/ls) on file '/home/opc/logai/enterprise_mnc_audit_sim/enterprise_data/database/'
Aug 28 00:46:47: User bob executed 'cp' (/usr/bin/cp) on file '/home/opc/logai/enterprise_mnc_audit_sim/enterprise_data/development/scripts/build.sh'
Aug 28 00:46:50: User frank executed 'chmod' (/usr/bin/chmod) on file '/home/opc/logai/enterprise_mnc_audit_sim/enterprise_data/development'
Aug 28 00:47:45: User frank executed 'cp' (/usr/bin/cp) on file '/home/opc/logai/enterprise_mnc_audit_sim/system/configs/server.conf'
Aug 28 00:47:49: User dave executed 'chmod' (/usr/bin/chmod) on file '/home/opc/logai/enterprise_mnc_audit_sim/system/configs/server.conf'
Aug 28 00:47:53: User dave executed 'cat' (/usr/bin/cat) on file '/home/opc/logai/enterprise_mnc_audit_sim/system/logs/application.log'
Aug 28 00:47:55: User dave executed 'tail' (/usr/bin/tail) on file '/home/opc/logai/enterprise_mnc_audit_sim/system/configs/'
Aug 28 00:48:00: User dave executed 'ls' (/usr/bin/ls) on file '/home/opc/logai/enterprise_mnc_audit_sim/system/logs/application.log'
Aug 28 00:55:57: User dave executed 'tail' (/usr/bin/tail) on file '/home/opc/logai/enterprise_mnc_audit_sim/enterprise_data/development/'
Aug 28 00:55:58: User carol executed 'ls' (/usr/bin/ls) on file '/home/opc/logai/enterprise_mnc_audit_sim/enterprise_data/development/'
Aug 28 00:58:57: User heidi executed 'find' (/usr/bin/find) on file '/home/opc/logai/enterprise_mnc_audit_sim/enterprise_data/hr/'
Aug 28 01:02:44: User heidi executed 'find' (/usr/bin/find) on file '/home/opc/logai/enterprise_mnc_audit_sim/applications/'
Aug 28 01:02:44: Authentication event for user grace - Accepted password for grace from 192.168.1.50
Aug 28 01:02:52: User grace executed 'ls' (/usr/bin/ls) on file '/home/opc/logai/enterprise_mnc_audit_sim/enterprise_data/operations/scripts/'
Aug 28 01:03:00: User grace executed 'chmod' (/usr/bin/chmod) on file '/home/opc/logai/enterprise_mnc_audit_sim/enterprise_data/development'
Aug 28 01:03:00: Authentication event for user carol - Accepted password for carol from 192.168.1.50
Aug 28 01:03:04: User grace executed 'du' (/usr/bin/du) on file '/home/opc/logai/enterprise_mnc_audit_sim/applications/'
Aug 28 01:13:02: User carol executed 'cp' (/usr/bin/cp) on file '/home/opc/logai/enterprise_mnc_audit_sim/enterprise_data/development/projects/'
Aug 28 01:13:25: User john executed 'grep' (/usr/bin/grep) on file '/home/opc/logai/enterprise_mnc_audit_sim/enterprise_data/development/projects/'
Aug 28 01:32:53: User john executed 'ls' (/usr/bin/ls) on file '/home/opc/logai/enterprise_mnc_audit_sim/system'
Aug 28 01:32:54: User dave executed 'find' (/usr/bin/find) on file '/home/opc/logai/enterprise_mnc_audit_sim/applications/'
Aug 28 01:33:01: User dave executed 'ps' (/usr/bin/ps) on file '/home/opc/logai/enterprise_mnc_audit_sim/system/logs/application.log'
Aug 28 01:33:08: User dave executed 'tail' (/usr/bin/tail) on file '/home/opc/logai/enterprise_mnc_audit_sim/system'
Aug 28 01:49:37: User dave executed 'find' (/usr/bin/find) on file '/home/opc/logai/enterprise_mnc_audit_sim/enterprise_data/development/projects/'
Aug 28 01:53:32: User sarah executed 'ps' (/usr/bin/ps) on file '/home/opc/logai/enterprise_mnc_audit_sim/enterprise_data/operations'
Aug 28 01:53:42: User sarah executed 'tar' (/usr/bin/tar) on file '/home/opc/logai/enterprise_mnc_audit_sim/applications/'
Aug 28 02:22:49: User sarah executed 'ls' (/usr/bin/ls) on file '/home/opc/logai/enterprise_mnc_audit_sim/system/logs/application.log'
Aug 28 02:22:50: User alice executed 'tail' (/usr/bin/tail) on file '/home/opc/logai/enterprise_mnc_audit_sim/system/configs/'
Aug 28 02:44:28: User alice executed 'ls' (/usr/bin/ls) on file '/home/opc/logai/enterprise_mnc_audit_sim/system/configs/server.conf'
Aug 28 03:06:53: User alice executed 'free' (/usr/bin/free) on file '/home/opc/logai/enterprise_mnc_audit_sim/enterprise_data/'
Aug 28 03:10:41: User bob executed 'grep' (/usr/bin/grep) on file '/home/opc/logai/enterprise_mnc_audit_sim/applications/databases/'
Aug 28 03:10:42: User bob executed 'ls' (/usr/bin/ls) on file '/home/opc/logai/enterprise_mnc_audit_sim/enterprise_data/database'
Aug 28 03:19:29: User bob executed 'find' (/usr/bin/find) on file '/home/opc/logai/enterprise_mnc_audit_sim/system/configs/server.conf'
Aug 28 03:19:38: User alice executed 'cat' (/usr/bin/cat) on file '/home/opc/logai/enterprise_mnc_audit_sim/applications/'
Aug 28 03:19:47: User alice executed 'ls' (/usr/bin/ls) on file '/home/opc/logai/enterprise_mnc_audit_sim/applications/'
Aug 28 03:27:36: User alice executed 'ls' (/usr/bin/ls) on file '/home/opc/logai/enterprise_mnc_audit_sim/system/configs/server.conf'
Aug 28 03:27:41: User alice executed 'chmod' (/usr/bin/chmod) on file '/home/opc/logai/enterprise_mnc_audit_sim/system'
Aug 28 03:27:50: User alice executed 'find' (/usr/bin/find) on file '/home/opc/logai/enterprise_mnc_audit_sim/system'
Aug 28 03:28:03: User alice executed 'df' (/usr/bin/df) on file '/home/opc/logai/enterprise_mnc_audit_sim/system/configs/server.conf'
Aug 28 03:29:10: User alice executed 'cat' (/usr/bin/cat) on file '/home/opc/logai/enterprise_mnc_audit_sim/applications/databases/'
Aug 28 03:33:05: User grace executed 'ps' (/usr/bin/ps) on file '/home/opc/logai/enterprise_mnc_audit_sim/applications/'
Aug 28 03:36:56: User grace executed 'ls' (/usr/bin/ls) on file '/home/opc/logai/enterprise_mnc_audit_sim/enterprise_data/operations'
Aug 28 03:38:24: User grace executed 'top' (/usr/bin/top) on file '/home/opc/logai/enterprise_mnc_audit_sim/enterprise_data/development/scripts/build.sh'
Aug 28 03:38:36: User carol executed 'wc' (/usr/bin/wc) on file '/home/opc/logai/enterprise_mnc_audit_sim/enterprise_data/development'
Aug 28 03:46:51: User carol executed 'wc' (/usr/bin/wc) on file '/home/opc/logai/enterprise_mnc_audit_sim/enterprise_data/development'
Aug 28 03:46:59: User john executed 'wc' (/usr/bin/wc) on file '/home/opc/logai/enterprise_mnc_audit_sim/enterprise_data/development/'
Aug 28 03:53:45: User eve executed 'cp' (/usr/bin/cp) on file '/home/opc/logai/enterprise_mnc_audit_sim/system/logs/application.log'
Aug 28 03:53:46: User alice executed 'tail' (/usr/bin/tail) on file '/home/opc/logai/enterprise_mnc_audit_sim/system/logs/application.log'
Aug 28 03:57:07: User grace executed 'tar' (/usr/bin/tar) on file '/home/opc/logai/enterprise_mnc_audit_sim/enterprise_data/operations/'
Aug 28 03:57:23: User grace executed 'ps' (/usr/bin/ps) on file '/home/opc/logai/enterprise_mnc_audit_sim/enterprise_data/operations/scripts/'
Aug 28 03:58:03: User grace executed 'chmod' (/usr/bin/chmod) on file '/home/opc/logai/enterprise_mnc_audit_sim/enterprise_data/operations/'
Aug 28 04:00:41: User sarah executed 'du' (/usr/bin/du) on file '/home/opc/logai/enterprise_mnc_audit_sim/enterprise_data/database/mysql/db_config.cnf'
Aug 28 04:00:41: Authentication event for user bob - Accepted password for bob from 192.168.1.50
Aug 28 04:00:46: User bob executed 'chmod' (/usr/bin/chmod) on file '/home/opc/logai/enterprise_mnc_audit_sim/enterprise_data/database/mysql/db_config.cnf'
Aug 28 04:00:49: User bob executed 'grep' (/usr/bin/grep) on file '/home/opc/logai/enterprise_mnc_audit_sim/applications/databases/'
Aug 28 04:06:36: User bob executed 'ls' (/usr/bin/ls) on file '/home/opc/logai/enterprise_mnc_audit_sim/system'
Aug 28 04:15:47: User dave executed 'free' (/usr/bin/free) on file '/home/opc/logai/enterprise_mnc_audit_sim/system/configs/'
Aug 28 04:26:58: User dave executed 'ls' (/usr/bin/ls) on file '/home/opc/logai/enterprise_mnc_audit_sim/system/configs/server.conf'
Aug 28 04:26:59: User alice executed 'cat' (/usr/bin/cat) on file '/home/opc/logai/enterprise_mnc_audit_sim/system/configs/server.conf'
Aug 28 04:27:05: User alice executed 'chmod' (/usr/bin/chmod) on file '/home/opc/logai/enterprise_mnc_audit_sim/system/configs/server.conf'
Aug 28 04:28:27: User alice executed 'free' (/usr/bin/free) on file '/home/opc/logai/enterprise_mnc_audit_sim/enterprise_data/operations'
Aug 28 04:29:14: User grace executed 'ps' (/usr/bin/ps) on file '/home/opc/logai/enterprise_mnc_audit_sim/enterprise_data/database/mysql/db_config.cnf'
Aug 28 04:29:22: User bob executed 'chmod' (/usr/bin/chmod) on file '/home/opc/logai/enterprise_mnc_audit_sim/enterprise_data/database/'
Aug 28 04:29:36: User bob executed 'cp' (/usr/bin/cp) on file '/home/opc/logai/enterprise_mnc_audit_sim/enterprise_data/database/mysql/db_config.cnf'
Aug 28 04:47:16: User grace executed 'ps' (/usr/bin/ps) on file '/home/opc/logai/enterprise_mnc_audit_sim/enterprise_data/operations/'
Aug 28 04:47:22: User grace executed 'ls' (/usr/bin/ls) on file '/home/opc/logai/enterprise_mnc_audit_sim/enterprise_data/operations/scripts/'
Aug 28 04:47:29: User grace executed 'chmod' (/usr/bin/chmod) on file '/home/opc/logai/enterprise_mnc_audit_sim/enterprise_data/operations'
Aug 28 04:56:04: User grace executed 'find' (/usr/bin/find) on file '/home/opc/logai/enterprise_mnc_audit_sim/enterprise_data/development/'
Aug 28 04:56:05: User john executed 'ls' (/usr/bin/ls) on file '/home/opc/logai/enterprise_mnc_audit_sim/enterprise_data/development/projects/project_alpha.txt'
Aug 28 04:56:16: User john executed 'wc' (/usr/bin/wc) on file '/home/opc/logai/enterprise_mnc_audit_sim/enterprise_data/development'
Aug 28 05:01:57: User eve executed 'grep' (/usr/bin/grep) on file '/home/opc/logai/enterprise_mnc_audit_sim/enterprise_data/database'
Aug 28 05:02:00: User eve executed 'find' (/usr/bin/find) on file '/home/opc/logai/enterprise_mnc_audit_sim/enterprise_data/database'
Aug 28 05:03:54: User eve executed 'find' (/usr/bin/find) on file '/home/opc/logai/enterprise_mnc_audit_sim/enterprise_data/database/mysql/db_config.cnf'
Aug 28 05:07:26: User bob executed 'grep' (/usr/bin/grep) on file '/home/opc/logai/enterprise_mnc_audit_sim/enterprise_data/development/projects/'
Aug 28 05:17:18: User frank executed 'grep' (/usr/bin/grep) on file '/home/opc/logai/enterprise_mnc_audit_sim/enterprise_data/development'
Aug 28 05:21:09: User grace executed 'du' (/usr/bin/du) on file '/home/opc/logai/enterprise_mnc_audit_sim/enterprise_data/development/projects/'
Aug 28 05:22:19: Authentication event for user bob - Failed password for bob from 192.168.1.100
Aug 28 05:25:25: User bob executed 'nc' (/usr/bin/nc) on file '/home/opc/logai/enterprise_mnc_audit_sim/enterprise_data/development'
Aug 28 05:25:29: User john executed 'find' (/usr/bin/find) on file '/home/opc/logai/enterprise_mnc_audit_sim/enterprise_data/development'
Aug 28 05:25:40: User john executed 'grep' (/usr/bin/grep) on file '/home/opc/logai/enterprise_mnc_audit_sim/enterprise_data/development'
Aug 28 05:34:15: User dave executed 'ps' (/usr/bin/ps) on file '/home/opc/logai/enterprise_mnc_audit_sim/system/configs/server.conf'
Aug 28 05:34:21: User dave executed 'chmod' (/usr/bin/chmod) on file '/home/opc/logai/enterprise_mnc_audit_sim/system/configs/server.conf'
Aug 28 05:50:19: User alice executed 'ps' (/usr/bin/ps) on file '/home/opc/logai/enterprise_mnc_audit_sim/system'
Aug 28 05:57:17: User alice executed 'ps' (/usr/bin/ps) on file '/home/opc/logai/enterprise_mnc_audit_sim/system/logs/application.log'
Aug 28 05:57:21: User dave executed 'tail' (/usr/bin/tail) on file '/home/opc/logai/enterprise_mnc_audit_sim/system/logs/application.log'
Aug 28 05:57:25: User dave executed 'tail' (/usr/bin/tail) on file '/home/opc/logai/enterprise_mnc_audit_sim/enterprise_data/hr/'
Aug 28 05:57:27: User heidi executed 'ls' (/usr/bin/ls) on file '/home/opc/logai/enterprise_mnc_audit_sim/enterprise_data/hr/'
Aug 28 05:57:31: User heidi executed 'chmod' (/usr/bin/chmod) on file '/home/opc/logai/enterprise_mnc_audit_sim/applications/'
Aug 28 05:57:37: User dave executed 'ls' (/usr/bin/ls) on file '/home/opc/logai/enterprise_mnc_audit_sim/enterprise_data/hr/'
Aug 28 05:57:43: User heidi executed 'ls' (/usr/bin/ls) on file '/home/opc/logai/enterprise_mnc_audit_sim/enterprise_data/hr/'
Aug 28 06:02:36: User heidi executed 'chmod' (/usr/bin/chmod) on file '/home/opc/logai/enterprise_mnc_audit_sim/enterprise_data/database/'
Aug 28 06:02:51: User bob executed 'cp' (/usr/bin/cp) on file '/home/opc/logai/enterprise_mnc_audit_sim/enterprise_data/database/mysql/db_config.cnf'
Aug 28 06:03:00: User bob executed 'cat' (/usr/bin/cat) on file '/home/opc/logai/enterprise_mnc_audit_sim/enterprise_data/database/mysql/db_config.cnf'
Aug 28 06:03:04: User bob executed 'chmod' (/usr/bin/chmod) on file '/home/opc/logai/enterprise_mnc_audit_sim/enterprise_data/database/'
Aug 28 06:05:09: User bob executed 'ls' (/usr/bin/ls) on file '/home/opc/logai/enterprise_mnc_audit_sim/applications/databases/'
Aug 28 06:05:12: User eve executed 'ls' (/usr/bin/ls) on file '/home/opc/logai/enterprise_mnc_audit_sim/enterprise_data/database/'
Aug 28 06:05:17: User eve executed 'ls' (/usr/bin/ls) on file '/home/opc/logai/enterprise_mnc_audit_sim/enterprise_data/database/'
Aug 28 06:10:38: User eve executed 'du' (/usr/bin/du) on file '/home/opc/logai/enterprise_mnc_audit_sim/system/configs/server.conf'
Aug 28 06:10:44: User dave executed 'cat' (/usr/bin/cat) on file '/home/opc/logai/enterprise_mnc_audit_sim/applications/'
Aug 28 06:16:38: User carol executed 'wc' (/usr/bin/wc) on file '/home/opc/logai/enterprise_mnc_audit_sim/enterprise_data/development/projects/'
Aug 28 06:16:52: User carol executed 'grep' (/usr/bin/grep) on file '/home/opc/logai/enterprise_mnc_audit_sim/enterprise_data/development/scripts/build.sh'
Aug 28 06:27:16: User carol executed 'cp' (/usr/bin/cp) on file '/home/opc/logai/enterprise_mnc_audit_sim/enterprise_data/development/'
Aug 28 06:36:03: User carol executed 'cp' (/usr/bin/cp) on file '/home/opc/logai/enterprise_mnc_audit_sim/enterprise_data/hr/'
Aug 28 06:36:10: User heidi executed 'ls' (/usr/bin/ls) on file '/home/opc/logai/enterprise_mnc_audit_sim/enterprise_data/hr/'
Aug 28 06:36:13: User heidi executed 'chmod' (/usr/bin/chmod) on file '/home/opc/logai/enterprise_mnc_audit_sim/enterprise_data/hr/'
Aug 28 06:37:32: User heidi executed 'last' (/usr/bin/last) on file '/home/opc/logai/enterprise_mnc_audit_sim/enterprise_data/development/'
Aug 28 06:37:34: User carol executed 'ls' (/usr/bin/ls) on file '/home/opc/logai/enterprise_mnc_audit_sim/enterprise_data/development'
Aug 28 06:37:37: User carol executed 'find' (/usr/bin/find) on file '/home/opc/logai/enterprise_mnc_audit_sim/enterprise_data/development/projects/project_alpha.txt'
Aug 28 06:37:42: User carol executed 'cat' (/usr/bin/cat) on file '/home/opc/logai/enterprise_mnc_audit_sim/enterprise_data/development/projects/project_alpha.txt'
Aug 28 06:38:14: User carol executed 'cat' (/usr/bin/cat) on file '/home/opc/logai/enterprise_mnc_audit_sim/enterprise_data/development'
Aug 28 06:38:24: User carol executed 'find' (/usr/bin/find) on file '/home/opc/logai/enterprise_mnc_audit_sim/enterprise_data/development/'
Aug 28 06:38:39: User carol executed 'cp' (/usr/bin/cp) on file '/home/opc/logai/enterprise_mnc_audit_sim/enterprise_data/development/scripts/build.sh'
Aug 28 06:42:27: User carol executed 'chmod' (/usr/bin/chmod) on file '/home/opc/logai/enterprise_mnc_audit_sim/applications/'
Aug 28 06:42:32: User dave executed 'ls' (/usr/bin/ls) on file '/home/opc/logai/enterprise_mnc_audit_sim/system/configs/server.conf'
Aug 28 06:42:39: User dave executed 'cat' (/usr/bin/cat) on file '/home/opc/logai/enterprise_mnc_audit_sim/applications/'
Aug 28 06:42:50: User dave executed 'ps' (/usr/bin/ps) on file '/home/opc/logai/enterprise_mnc_audit_sim/system/configs/server.conf'
Aug 28 06:42:50: User dave executed 'ps' (/usr/bin/ps) on file '/home/opc/logai/enterprise_mnc_audit_sim/enterprise_data/operations/'
Aug 28 06:42:50: Authentication event for user sarah - Accepted password for sarah from 192.168.1.50
Aug 28 06:43:43: User sarah executed 'tar' (/usr/bin/tar) on file '/home/opc/logai/enterprise_mnc_audit_sim/enterprise_data/operations/scripts/'
Aug 28 06:43:53: User grace executed 'chmod' (/usr/bin/chmod) on file '/home/opc/logai/enterprise_mnc_audit_sim/enterprise_data/operations/'
Aug 28 06:44:03: User grace executed 'ls' (/usr/bin/ls) on file '/home/opc/logai/enterprise_mnc_audit_sim/enterprise_data/operations/'
Aug 28 06:44:08: User grace executed 'ls' (/usr/bin/ls) on file '/home/opc/logai/enterprise_mnc_audit_sim/applications/'
Aug 28 06:44:32: User bob executed 'grep' (/usr/bin/grep) on file '/home/opc/logai/enterprise_mnc_audit_sim/applications/databases/'
Aug 28 06:44:34: User bob executed 'ls' (/usr/bin/ls) on file '/home/opc/logai/enterprise_mnc_audit_sim/enterprise_data/database/mysql/db_config.cnf'
Aug 28 06:44:37: User bob executed 'cat' (/usr/bin/cat) on file '/home/opc/logai/enterprise_mnc_audit_sim/enterprise_data/database'
Aug 28 06:44:41: User bob executed 'find' (/usr/bin/find) on file '/home/opc/logai/enterprise_mnc_audit_sim/enterprise_data/development/projects/project_alpha.txt'
Aug 28 06:54:45: User john executed 'cp' (/usr/bin/cp) on file '/home/opc/logai/enterprise_mnc_audit_sim/enterprise_data/development/projects/'
Aug 28 06:54:51: User carol executed 'ls' (/usr/bin/ls) on file '/home/opc/logai/enterprise_mnc_audit_sim/enterprise_data/development/'
Aug 28 06:58:05: User frank executed 'wc' (/usr/bin/wc) on file '/home/opc/logai/enterprise_mnc_audit_sim/enterprise_data/development'
Aug 28 06:58:10: User frank executed 'find' (/usr/bin/find) on file '/home/opc/logai/enterprise_mnc_audit_sim/enterprise_data/development/projects/'
Aug 28 06:58:19: User frank executed 'ls' (/usr/bin/ls) on file '/home/opc/logai/enterprise_mnc_audit_sim/enterprise_data/development/scripts/build.sh'
Aug 28 06:58:56: User carol executed 'grep' (/usr/bin/grep) on file '/home/opc/logai/enterprise_mnc_audit_sim/enterprise_data/development/projects/project_alpha.txt'
Aug 28 06:58:57: User carol executed 'cat' (/usr/bin/cat) on file '/home/opc/logai/enterprise_mnc_audit_sim/enterprise_data/development'
Aug 28 07:01:19: User heidi executed 'who' (/usr/bin/who) on file '/home/opc/logai/enterprise_mnc_audit_sim/enterprise_data/'
Aug 28 07:01:35: User heidi executed 'netstat' (/usr/bin/netstat) on file '/home/opc/logai/enterprise_mnc_audit_sim/enterprise_data/'
Aug 28 07:01:44: User heidi executed 'ls' (/usr/bin/ls) on file '/home/opc/logai/enterprise_mnc_audit_sim/enterprise_data/'
Aug 28 07:04:24: User heidi executed 'ls' (/usr/bin/ls) on file '/home/opc/logai/enterprise_mnc_audit_sim/applications/databases/'
Aug 28 07:04:34: User eve executed 'ls' (/usr/bin/ls) on file '/home/opc/logai/enterprise_mnc_audit_sim/applications/databases/'
Aug 28 07:04:40: User eve executed 'ls' (/usr/bin/ls) on file '/home/opc/logai/enterprise_mnc_audit_sim/enterprise_data/database/mysql/db_config.cnf'
Aug 28 07:17:01: User grace executed 'tar' (/usr/bin/tar) on file '/home/opc/logai/enterprise_mnc_audit_sim/enterprise_data/development/projects/'
Aug 28 07:17:08: User carol executed 'ls' (/usr/bin/ls) on file '/home/opc/logai/enterprise_mnc_audit_sim/enterprise_data/development/scripts/build.sh'
Aug 28 07:17:17: User carol executed 'cp' (/usr/bin/cp) on file '/home/opc/logai/enterprise_mnc_audit_sim/enterprise_data/development/projects/'
Aug 28 07:20:36: User carol executed 'ls' (/usr/bin/ls) on file '/home/opc/logai/enterprise_mnc_audit_sim/enterprise_data/database/mysql/db_config.cnf'
Aug 28 07:20:39: User bob executed 'cat' (/usr/bin/cat) on file '/home/opc/logai/enterprise_mnc_audit_sim/applications/databases/'
Aug 28 07:20:43: User bob executed 'ls' (/usr/bin/ls) on file '/home/opc/logai/enterprise_mnc_audit_sim/enterprise_data/database/mysql/db_config.cnf'
Aug 28 07:23:44: User bob executed 'cat' (/usr/bin/cat) on file '/home/opc/logai/enterprise_mnc_audit_sim/enterprise_data/operations/scripts/'
Aug 28 07:24:03: User sarah executed 'ps' (/usr/bin/ps) on file '/home/opc/logai/enterprise_mnc_audit_sim/applications/'
Aug 28 07:31:54: User sarah executed 'ls' (/usr/bin/ls) on file '/home/opc/logai/enterprise_mnc_audit_sim/enterprise_data/database/mysql/db_config.cnf'
Aug 28 07:31:57: User bob executed 'cat' (/usr/bin/cat) on file '/home/opc/logai/enterprise_mnc_audit_sim/enterprise_data/database/mysql/db_config.cnf'
Aug 28 07:32:00: User bob executed 'chmod' (/usr/bin/chmod) on file '/home/opc/logai/enterprise_mnc_audit_sim/enterprise_data/database/mysql/db_config.cnf'
Aug 28 07:32:04: User bob executed 'chmod' (/usr/bin/chmod) on file '/home/opc/logai/enterprise_mnc_audit_sim/enterprise_data/database/mysql/db_config.cnf'
Aug 28 07:32:09: User bob executed 'cat' (/usr/bin/cat) on file '/home/opc/logai/enterprise_mnc_audit_sim/enterprise_data/database/mysql/db_config.cnf'
Aug 28 07:33:03: User dave executed 'df' (/usr/bin/df) on file '/home/opc/logai/enterprise_mnc_audit_sim/applications/'
Aug 28 07:33:10: User dave executed 'ls' (/usr/bin/ls) on file '/home/opc/logai/enterprise_mnc_audit_sim/system'
Aug 28 07:44:35: User dave executed 'find' (/usr/bin/find) on file '/home/opc/logai/enterprise_mnc_audit_sim/enterprise_data/development/projects/'
Aug 28 07:44:38: User john executed 'ls' (/usr/bin/ls) on file '/home/opc/logai/enterprise_mnc_audit_sim/enterprise_data/development/scripts/build.sh'
Aug 28 07:44:47: User john executed 'chmod' (/usr/bin/chmod) on file '/home/opc/logai/enterprise_mnc_audit_sim/enterprise_data/development/scripts/build.sh'
Aug 28 07:45:02: User john executed 'chmod' (/usr/bin/chmod) on file '/home/opc/logai/enterprise_mnc_audit_sim/enterprise_data/operations/scripts/'
Aug 28 07:45:03: User grace executed 'chmod' (/usr/bin/chmod) on file '/home/opc/logai/enterprise_mnc_audit_sim/enterprise_data/operations/scripts/'
Aug 28 07:46:24: User bob executed 'du' (/usr/bin/du) on file '/home/opc/logai/enterprise_mnc_audit_sim/enterprise_data/database/'
Aug 28 07:46:34: User bob executed 'cp' (/usr/bin/cp) on file '/home/opc/logai/enterprise_mnc_audit_sim/enterprise_data/database/mysql/db_config.cnf'
Aug 28 07:46:39: User bob executed 'cat' (/usr/bin/cat) on file '/home/opc/logai/enterprise_mnc_audit_sim/enterprise_data/database/'
Aug 28 07:49:10: User bob executed 'ls' (/usr/bin/ls) on file '/home/opc/logai/enterprise_mnc_audit_sim/enterprise_data/development/projects/'
Aug 28 07:49:16: User carol executed 'cp' (/usr/bin/cp) on file '/home/opc/logai/enterprise_mnc_audit_sim/enterprise_data/development/'
Aug 28 07:49:22: User carol executed 'ls' (/usr/bin/ls) on file '/home/opc/logai/enterprise_mnc_audit_sim/enterprise_data/development/scripts/build.sh'
Aug 28 07:49:24: User carol executed 'chmod' (/usr/bin/chmod) on file '/home/opc/logai/enterprise_mnc_audit_sim/enterprise_data/development/projects/project_alpha.txt'
Aug 28 07:49:55: User eve executed 'grep' (/usr/bin/grep) on file '/home/opc/logai/enterprise_mnc_audit_sim/enterprise_data/database/mysql/db_config.cnf'
Aug 28 08:01:49: User grace executed 'du' (/usr/bin/du) on file '/home/opc/logai/enterprise_mnc_audit_sim/applications/'
Aug 28 08:02:02: User dave executed 'ps' (/usr/bin/ps) on file '/home/opc/logai/enterprise_mnc_audit_sim/system/configs/server.conf'
Aug 28 08:02:13: User dave executed 'free' (/usr/bin/free) on file '/home/opc/logai/enterprise_mnc_audit_sim/system/configs/server.conf'
Aug 28 08:02:14: User dave executed 'cat' (/usr/bin/cat) on file '/home/opc/logai/enterprise_mnc_audit_sim/applications/'
Aug 28 08:12:36: User dave executed 'ls' (/usr/bin/ls) on file '/home/opc/logai/enterprise_mnc_audit_sim/enterprise_data/development/projects/'
Aug 28 08:12:42: User carol executed 'ls' (/usr/bin/ls) on file '/home/opc/logai/enterprise_mnc_audit_sim/enterprise_data/development/'
Aug 28 08:20:55: User john executed 'wc' (/usr/bin/wc) on file '/home/opc/logai/enterprise_mnc_audit_sim/enterprise_data/development/projects/'
Aug 28 08:21:02: User john executed 'ls' (/usr/bin/ls) on file '/home/opc/logai/enterprise_mnc_audit_sim/enterprise_data/development'
Aug 28 08:21:05: User john executed 'find' (/usr/bin/find) on file '/home/opc/logai/enterprise_mnc_audit_sim/enterprise_data/development/projects/'
Aug 28 08:26:04: User john executed 'wc' (/usr/bin/wc) on file '/home/opc/logai/enterprise_mnc_audit_sim/enterprise_data/development/scripts/build.sh'
Aug 28 08:26:11: User carol executed 'chmod' (/usr/bin/chmod) on file '/home/opc/logai/enterprise_mnc_audit_sim/enterprise_data/development/projects/'
Aug 28 08:26:12: User carol executed 'ls' (/usr/bin/ls) on file '/home/opc/logai/enterprise_mnc_audit_sim/enterprise_data/development/'
Aug 28 08:26:14: User carol executed 'ls' (/usr/bin/ls) on file '/home/opc/logai/enterprise_mnc_audit_sim/enterprise_data/development/projects/'
Aug 28 08:27:25: User carol executed 'ls' (/usr/bin/ls) on file '/home/opc/logai/enterprise_mnc_audit_sim/enterprise_data/database/mysql/db_config.cnf'
Aug 28 08:30:17: User grace executed 'ps' (/usr/bin/ps) on file '/home/opc/logai/enterprise_mnc_audit_sim/enterprise_data/operations'
Aug 28 08:30:25: User grace executed 'find' (/usr/bin/find) on file '/home/opc/logai/enterprise_mnc_audit_sim/applications/'
Aug 28 08:30:51: User john executed 'cp' (/usr/bin/cp) on file '/home/opc/logai/enterprise_mnc_audit_sim/enterprise_data/development/'
Aug 28 08:30:56: User john executed 'ls' (/usr/bin/ls) on file '/home/opc/logai/enterprise_mnc_audit_sim/enterprise_data/development/projects/project_alpha.txt'
Aug 28 08:33:31: User heidi executed 'w' (/usr/bin/w) on file '/home/opc/logai/enterprise_mnc_audit_sim/enterprise_data/hr/'
Aug 28 08:39:47: User grace executed 'ps' (/usr/bin/ps) on file '/home/opc/logai/enterprise_mnc_audit_sim/enterprise_data/operations/'
Aug 28 08:49:39: User carol executed 'cp' (/usr/bin/cp) on file '/home/opc/logai/enterprise_mnc_audit_sim/enterprise_data/development/projects/project_alpha.txt'
Aug 28 08:49:48: User carol executed 'cat' (/usr/bin/cat) on file '/home/opc/logai/enterprise_mnc_audit_sim/enterprise_data/development/'
Aug 28 08:51:10: User carol executed 'ls' (/usr/bin/ls) on file '/home/opc/logai/enterprise_mnc_audit_sim/enterprise_data/operations'
Aug 29 00:02:51: User grace executed 'tar' (/usr/bin/tar) on file '/home/opc/logai/enterprise_mnc_audit_sim/enterprise_data/development/projects/'
Aug 29 00:02:53: User john executed 'ls' (/usr/bin/ls) on file '/home/opc/logai/enterprise_mnc_audit_sim/enterprise_data/development/scripts/build.sh'
Aug 29 00:03:01: User john executed 'chmod' (/usr/bin/chmod) on file '/home/opc/logai/enterprise_mnc_audit_sim/enterprise_data/development/'
Aug 29 00:08:04: User grace executed 'du' (/usr/bin/du) on file '/home/opc/logai/enterprise_mnc_audit_sim/enterprise_data/operations/'
Aug 29 00:08:13: User grace executed 'ls' (/usr/bin/ls) on file '/home/opc/logai/enterprise_mnc_audit_sim/applications/'
Aug 29 00:19:35: User grace executed 'du' (/usr/bin/du) on file '/home/opc/logai/enterprise_mnc_audit_sim/system/configs/'
Aug 29 00:19:43: User dave executed 'netstat' (/usr/bin/netstat) on file '/home/opc/logai/enterprise_mnc_audit_sim/system/logs/application.log'
Aug 29 00:23:20: User sarah executed 'du' (/usr/bin/du) on file '/home/opc/logai/enterprise_mnc_audit_sim/enterprise_data/operations'
Aug 29 00:30:56: Authentication event for user bob - Accepted password for bob from 192.168.1.50
Aug 29 00:31:01: User bob executed 'cp' (/usr/bin/cp) on file '/home/opc/logai/enterprise_mnc_audit_sim/enterprise_data/database/'
Aug 29 00:47:00: User bob executed 'ls' (/usr/bin/ls) on file '/home/opc/logai/enterprise_mnc_audit_sim/enterprise_data/development'
Aug 29 00:51:28: User frank executed 'grep' (/usr/bin/grep) on file '/home/opc/logai/enterprise_mnc_audit_sim/enterprise_data/database/'
Aug 29 01:04:12: User bob executed 'grep' (/usr/bin/grep) on file '/home/opc/logai/enterprise_mnc_audit_sim/system/configs/server.conf'
Aug 29 01:04:16: User dave executed 'cat' (/usr/bin/cat) on file '/home/opc/logai/enterprise_mnc_audit_sim/system/configs/server.conf'
Aug 29 01:04:22: User dave executed 'netstat' (/usr/bin/netstat) on file '/home/opc/logai/enterprise_mnc_audit_sim/system'
Aug 29 01:04:26: User dave executed 'find' (/usr/bin/find) on file '/home/opc/logai/enterprise_mnc_audit_sim/system/configs/'
Aug 29 01:08:06: User carol executed 'cp' (/usr/bin/cp) on file '/home/opc/logai/enterprise_mnc_audit_sim/enterprise_data/development/scripts/build.sh'
Aug 29 01:12:52: User carol executed 'cp' (/usr/bin/cp) on file '/home/opc/logai/enterprise_mnc_audit_sim/enterprise_data/development'
Aug 29 01:13:04: User frank executed 'cp' (/usr/bin/cp) on file '/home/opc/logai/enterprise_mnc_audit_sim/enterprise_data/development/projects/'
Aug 29 01:13:11: User frank executed 'ls' (/usr/bin/ls) on file '/home/opc/logai/enterprise_mnc_audit_sim/enterprise_data/development/projects/project_alpha.txt'
Aug 29 01:14:48: User frank executed 'grep' (/usr/bin/grep) on file '/home/opc/logai/enterprise_mnc_audit_sim/enterprise_data/development/projects/project_alpha.txt'
Aug 29 01:14:51: User frank executed 'cat' (/usr/bin/cat) on file '/home/opc/logai/enterprise_mnc_audit_sim/enterprise_data/development/scripts/build.sh'
Aug 29 01:15:01: User frank executed 'wc' (/usr/bin/wc) on file '/home/opc/logai/enterprise_mnc_audit_sim/enterprise_data/development/projects/'
Aug 29 01:30:54: User frank executed 'ls' (/usr/bin/ls) on file '/home/opc/logai/enterprise_mnc_audit_sim/system/configs/server.conf'
Aug 29 01:31:02: User dave executed 'cat' (/usr/bin/cat) on file '/home/opc/logai/enterprise_mnc_audit_sim/system/logs/application.log'
Aug 29 01:33:09: User dave executed 'tail' (/usr/bin/tail) on file '/home/opc/logai/enterprise_mnc_audit_sim/enterprise_data/operations'
Aug 29 01:33:18: User grace executed 'top' (/usr/bin/top) on file '/home/opc/logai/enterprise_mnc_audit_sim/enterprise_data/operations'
Aug 29 01:33:25: User grace executed 'find' (/usr/bin/find) on file '/home/opc/logai/enterprise_mnc_audit_sim/enterprise_data/operations'
Aug 29 01:38:21: User carol executed 'cp' (/usr/bin/cp) on file '/home/opc/logai/enterprise_mnc_audit_sim/enterprise_data/development/projects/'
Aug 29 01:53:51: User frank executed 'wc' (/usr/bin/wc) on file '/home/opc/logai/enterprise_mnc_audit_sim/enterprise_data/development/projects/project_alpha.txt'
Aug 29 01:53:53: User frank executed 'cat' (/usr/bin/cat) on file '/home/opc/logai/enterprise_mnc_audit_sim/enterprise_data/development/projects/project_alpha.txt'
Aug 29 01:56:24: User grace executed 'ps' (/usr/bin/ps) on file '/home/opc/logai/enterprise_mnc_audit_sim/enterprise_data/operations'
Aug 29 02:01:47: User alice executed 'ps' (/usr/bin/ps) on file '/home/opc/logai/enterprise_mnc_audit_sim/system'
Aug 29 02:12:20: User alice executed 'find' (/usr/bin/find) on file '/home/opc/logai/enterprise_mnc_audit_sim/applications/'
Aug 29 02:12:24: User sarah executed 'ls' (/usr/bin/ls) on file '/home/opc/logai/enterprise_mnc_audit_sim/enterprise_data/operations/scripts/'
Aug 29 02:13:15: User sarah executed 'chmod' (/usr/bin/chmod) on file '/home/opc/logai/enterprise_mnc_audit_sim/enterprise_data/development'
Aug 29 02:13:20: User john executed 'find' (/usr/bin/find) on file '/home/opc/logai/enterprise_mnc_audit_sim/enterprise_data/development/'
Aug 29 02:13:28: User john executed 'cp' (/usr/bin/cp) on file '/home/opc/logai/enterprise_mnc_audit_sim/enterprise_data/development'
Aug 29 02:13:58: User dave executed 'netstat' (/usr/bin/netstat) on file '/home/opc/logai/enterprise_mnc_audit_sim/applications/'
Aug 29 02:14:10: User dave executed 'df' (/usr/bin/df) on file '/home/opc/logai/enterprise_mnc_audit_sim/system/configs/server.conf'
Aug 29 02:20:46: User heidi executed 'w' (/usr/bin/w) on file '/home/opc/logai/enterprise_mnc_audit_sim/enterprise_data/hr/'
Aug 29 02:20:56: User heidi executed 'chmod' (/usr/bin/chmod) on file '/home/opc/logai/enterprise_mnc_audit_sim/enterprise_data/hr/'
Aug 29 02:21:17: User grace executed 'top' (/usr/bin/top) on file '/home/opc/logai/enterprise_mnc_audit_sim/enterprise_data/operations'
Aug 29 02:26:17: User carol executed 'grep' (/usr/bin/grep) on file '/home/opc/logai/enterprise_mnc_audit_sim/enterprise_data/development/projects/'
Aug 29 02:26:19: User carol executed 'ls' (/usr/bin/ls) on file '/home/opc/logai/enterprise_mnc_audit_sim/enterprise_data/development/scripts/build.sh'
Aug 29 02:28:42: User carol executed 'cp' (/usr/bin/cp) on file '/home/opc/logai/enterprise_mnc_audit_sim/enterprise_data/development/'
Aug 29 02:28:48: User carol executed 'ls' (/usr/bin/ls) on file '/home/opc/logai/enterprise_mnc_audit_sim/enterprise_data/development/scripts/build.sh'
Aug 29 02:28:54: User carol executed 'chmod' (/usr/bin/chmod) on file '/home/opc/logai/enterprise_mnc_audit_sim/enterprise_data/development'
Aug 29 02:29:03: User carol executed 'find' (/usr/bin/find) on file '/home/opc/logai/enterprise_mnc_audit_sim/enterprise_data/development/projects/'
Aug 29 02:29:07: User carol executed 'ls' (/usr/bin/ls) on file '/home/opc/logai/enterprise_mnc_audit_sim/enterprise_data/development/scripts/build.sh'
Aug 29 02:46:26: User carol executed 'chmod' (/usr/bin/chmod) on file '/home/opc/logai/enterprise_mnc_audit_sim/enterprise_data/development/projects/'
Aug 29 02:46:36: User frank executed 'ls' (/usr/bin/ls) on file '/home/opc/logai/enterprise_mnc_audit_sim/enterprise_data/development/projects/'
Aug 29 02:46:39: User frank executed 'ls' (/usr/bin/ls) on file '/home/opc/logai/enterprise_mnc_audit_sim/enterprise_data/development/projects/project_alpha.txt'
Aug 29 02:49:17: User john executed 'wc' (/usr/bin/wc) on file '/home/opc/logai/enterprise_mnc_audit_sim/enterprise_data/development/projects/'
Aug 29 02:49:19: User john executed 'ls' (/usr/bin/ls) on file '/home/opc/logai/enterprise_mnc_audit_sim/enterprise_data/development/projects/'
Aug 29 02:49:30: User john executed 'wc' (/usr/bin/wc) on file '/home/opc/logai/enterprise_mnc_audit_sim/enterprise_data/development'
Aug 29 02:57:45: User john executed 'find' (/usr/bin/find) on file '/home/opc/logai/enterprise_mnc_audit_sim/enterprise_data/development/projects/'
Aug 29 02:57:57: User john executed 'wc' (/usr/bin/wc) on file '/home/opc/logai/enterprise_mnc_audit_sim/enterprise_data/development/projects/project_alpha.txt'
Aug 29 03:08:24: User john executed 'grep' (/usr/bin/grep) on file '/home/opc/logai/enterprise_mnc_audit_sim/system/configs/server.conf'
Aug 29 03:13:27: User john executed 'cp' (/usr/bin/cp) on file '/home/opc/logai/enterprise_mnc_audit_sim/enterprise_data/development/projects/'
Aug 29 03:16:05: User john executed 'ls' (/usr/bin/ls) on file '/home/opc/logai/enterprise_mnc_audit_sim/system/configs/server.conf'
Aug 29 03:16:14: User dave executed 'chmod' (/usr/bin/chmod) on file '/home/opc/logai/enterprise_mnc_audit_sim/system'
Aug 29 03:16:22: User dave executed 'find' (/usr/bin/find) on file '/home/opc/logai/enterprise_mnc_audit_sim/applications/'
Aug 29 03:20:40: Authentication event for user unknown - Failed password for unknown from 192.168.1.100
Aug 29 03:25:27: User dave executed 'ps' (/usr/bin/ps) on file '/home/opc/logai/enterprise_mnc_audit_sim/enterprise_data/database'
Aug 29 03:25:31: User eve executed 'find' (/usr/bin/find) on file '/home/opc/logai/enterprise_mnc_audit_sim/applications/databases/'
Aug 29 03:25:32: User eve executed 'ls' (/usr/bin/ls) on file '/home/opc/logai/enterprise_mnc_audit_sim/enterprise_data/database'
Aug 29 03:25:42: User eve executed 'find' (/usr/bin/find) on file '/home/opc/logai/enterprise_mnc_audit_sim/enterprise_data/database/mysql/db_config.cnf'
Aug 29 03:27:02: User eve executed 'cat' (/usr/bin/cat) on file '/home/opc/logai/enterprise_mnc_audit_sim/enterprise_data/development/projects/'
Aug 29 03:32:18: User frank executed 'grep' (/usr/bin/grep) on file '/home/opc/logai/enterprise_mnc_audit_sim/enterprise_data/database/mysql/db_config.cnf'
Aug 29 03:32:23: User bob executed 'grep' (/usr/bin/grep) on file '/home/opc/logai/enterprise_mnc_audit_sim/enterprise_data/database/'
Aug 29 03:34:30: User dave executed 'free' (/usr/bin/free) on file '/home/opc/logai/enterprise_mnc_audit_sim/system'
Aug 29 03:36:46: User alice executed 'ps' (/usr/bin/ps) on file '/home/opc/logai/enterprise_mnc_audit_sim/system/configs/server.conf'
Aug 29 03:36:53: User alice executed 'cat' (/usr/bin/cat) on file '/home/opc/logai/enterprise_mnc_audit_sim/applications/'
Aug 29 03:36:59: User alice executed 'ls' (/usr/bin/ls) on file '/home/opc/logai/enterprise_mnc_audit_sim/system/configs/server.conf'
Aug 29 03:41:19: User heidi executed 'who' (/usr/bin/who) on file '/home/opc/logai/enterprise_mnc_audit_sim/enterprise_data/hr/'
Aug 29 03:42:46: User heidi executed 'who' (/usr/bin/who) on file '/home/opc/logai/enterprise_mnc_audit_sim/enterprise_data/hr/'
Aug 29 03:42:59: User heidi executed 'w' (/usr/bin/w) on file '/home/opc/logai/enterprise_mnc_audit_sim/enterprise_data/hr/'
Aug 29 03:44:45: User heidi executed 'chmod' (/usr/bin/chmod) on file '/home/opc/logai/enterprise_mnc_audit_sim/system/configs/'
Aug 29 03:44:47: User dave executed 'ls' (/usr/bin/ls) on file '/home/opc/logai/enterprise_mnc_audit_sim/system/configs/server.conf'
Aug 29 03:44:53: User dave executed 'cat' (/usr/bin/cat) on file '/home/opc/logai/enterprise_mnc_audit_sim/system/configs/server.conf'
Aug 29 03:46:58: User grace executed 'top' (/usr/bin/top) on file '/home/opc/logai/enterprise_mnc_audit_sim/enterprise_data/operations/'
Aug 29 03:47:06: User grace executed 'ls' (/usr/bin/ls) on file '/home/opc/logai/enterprise_mnc_audit_sim/enterprise_data/database/mysql/db_config.cnf'
Aug 29 03:47:08: User eve executed 'chmod' (/usr/bin/chmod) on file '/home/opc/logai/enterprise_mnc_audit_sim/enterprise_data/development/scripts/build.sh'
Aug 29 03:47:14: User eve executed 'cp' (/usr/bin/cp) on file '/home/opc/logai/enterprise_mnc_audit_sim/enterprise_data/development/'
Aug 29 03:47:56: User carol executed 'grep' (/usr/bin/grep) on file '/home/opc/logai/enterprise_mnc_audit_sim/enterprise_data/development/'
Aug 29 03:47:57: User carol executed 'ls' (/usr/bin/ls) on file '/home/opc/logai/enterprise_mnc_audit_sim/enterprise_data/development/'
Aug 29 03:47:58: User carol executed 'ls' (/usr/bin/ls) on file '/home/opc/logai/enterprise_mnc_audit_sim/enterprise_data/development/scripts/build.sh'
Aug 29 03:48:52: User carol executed 'chmod' (/usr/bin/chmod) on file '/home/opc/logai/enterprise_mnc_audit_sim/system/configs/server.conf'
Aug 29 03:54:13: User dave executed 'netstat' (/usr/bin/netstat) on file '/home/opc/logai/enterprise_mnc_audit_sim/enterprise_data/database/mysql/db_config.cnf'
Aug 29 03:54:21: User eve executed 'chmod' (/usr/bin/chmod) on file '/home/opc/logai/enterprise_mnc_audit_sim/enterprise_data/database'
Aug 29 03:54:39: User eve executed 'grep' (/usr/bin/grep) on file '/home/opc/logai/enterprise_mnc_audit_sim/enterprise_data/database/mysql/db_config.cnf'
Aug 29 03:57:18: User grace executed 'ps' (/usr/bin/ps) on file '/home/opc/logai/enterprise_mnc_audit_sim/enterprise_data/operations/'
Aug 29 04:10:40: User bob executed 'cp' (/usr/bin/cp) on file '/home/opc/logai/enterprise_mnc_audit_sim/enterprise_data/development'
Aug 29 04:10:40: Authentication event for user carol - Accepted password for carol from 192.168.1.50
Aug 29 04:10:46: User carol executed 'find' (/usr/bin/find) on file '/home/opc/logai/enterprise_mnc_audit_sim/enterprise_data/development/'
Aug 29 04:10:54: User eve executed 'cp' (/usr/bin/cp) on file '/home/opc/logai/enterprise_mnc_audit_sim/enterprise_data/operations/'
Aug 29 04:10:55: User grace executed 'ls' (/usr/bin/ls) on file '/home/opc/logai/enterprise_mnc_audit_sim/enterprise_data/database/'
Aug 29 04:10:55: User grace executed 'ls' (/usr/bin/ls) on file '/home/opc/logai/enterprise_mnc_audit_sim/enterprise_data/development/scripts/build.sh'
Aug 29 04:11:00: User carol executed 'chmod' (/usr/bin/chmod) on file '/home/opc/logai/enterprise_mnc_audit_sim/applications/databases/'
Aug 29 04:24:54: User frank executed 'grep' (/usr/bin/grep) on file '/home/opc/logai/enterprise_mnc_audit_sim/enterprise_data/development/projects/'
Aug 29 04:43:28: Authentication event for user carol - Accepted password for carol from 192.168.1.50
Aug 29 04:43:35: User carol executed 'grep' (/usr/bin/grep) on file '/home/opc/logai/enterprise_mnc_audit_sim/enterprise_data/development'
Aug 29 04:44:50: User frank executed 'cp' (/usr/bin/cp) on file '/home/opc/logai/enterprise_mnc_audit_sim/system'
Aug 29 04:44:52: User alice executed 'find' (/usr/bin/find) on file '/home/opc/logai/enterprise_mnc_audit_sim/system/configs/server.conf'
Aug 29 04:55:08: User alice executed 'netstat' (/usr/bin/netstat) on file '/home/opc/logai/enterprise_mnc_audit_sim/enterprise_data/development/scripts/build.sh'
Aug 29 04:56:44: User john executed 'grep' (/usr/bin/grep) on file '/home/opc/logai/enterprise_mnc_audit_sim/enterprise_data/database/mysql/db_config.cnf'
Aug 29 04:56:54: User bob executed 'chmod' (/usr/bin/chmod) on file '/home/opc/logai/enterprise_mnc_audit_sim/enterprise_data/database/'
Aug 29 04:58:16: User frank executed 'grep' (/usr/bin/grep) on file '/home/opc/logai/enterprise_mnc_audit_sim/enterprise_data/development/projects/project_alpha.txt'
Aug 29 04:58:18: User frank executed 'grep' (/usr/bin/grep) on file '/home/opc/logai/enterprise_mnc_audit_sim/enterprise_data/development/projects/'
Aug 29 04:58:21: User frank executed 'ls' (/usr/bin/ls) on file '/home/opc/logai/enterprise_mnc_audit_sim/enterprise_data/development/'
Aug 29 04:59:14: User frank executed 'ls' (/usr/bin/ls) on file '/home/opc/logai/enterprise_mnc_audit_sim/applications/databases/'
Aug 29 04:59:16: User bob executed 'ls' (/usr/bin/ls) on file '/home/opc/logai/enterprise_mnc_audit_sim/enterprise_data/database/'
Aug 29 04:59:24: User bob executed 'ls' (/usr/bin/ls) on file '/home/opc/logai/enterprise_mnc_audit_sim/enterprise_data/database/mysql/db_config.cnf'
Aug 29 05:05:52: User bob executed 'chmod' (/usr/bin/chmod) on file '/home/opc/logai/enterprise_mnc_audit_sim/enterprise_data/operations'
Aug 29 05:07:52: User grace executed 'tar' (/usr/bin/tar) on file '/home/opc/logai/enterprise_mnc_audit_sim/enterprise_data/development'
Aug 29 05:07:55: User john executed 'find' (/usr/bin/find) on file '/home/opc/logai/enterprise_mnc_audit_sim/enterprise_data/development'
Aug 29 05:14:33: User alice executed 'netstat' (/usr/bin/netstat) on file '/home/opc/logai/enterprise_mnc_audit_sim/system/configs/'
Aug 29 05:14:44: User alice executed 'free' (/usr/bin/free) on file '/home/opc/logai/enterprise_mnc_audit_sim/applications/'
Aug 29 05:16:17: User eve executed 'grep' (/usr/bin/grep) on file '/home/opc/logai/enterprise_mnc_audit_sim/enterprise_data/database'
Aug 29 05:16:20: User eve executed 'find' (/usr/bin/find) on file '/home/opc/logai/enterprise_mnc_audit_sim/applications/databases/'
Aug 29 05:22:31: User eve executed 'ls' (/usr/bin/ls) on file '/home/opc/logai/enterprise_mnc_audit_sim/enterprise_data/operations'
Aug 29 05:22:31: Authentication event for user grace - Accepted password for grace from 192.168.1.50
Aug 29 05:34:15: User grace executed 'top' (/usr/bin/top) on file '/home/opc/logai/enterprise_mnc_audit_sim/enterprise_data/operations'
Aug 29 05:35:19: User grace executed 'tar' (/usr/bin/tar) on file '/home/opc/logai/enterprise_mnc_audit_sim/enterprise_data/development/'
Aug 29 05:35:24: User carol executed 'ls' (/usr/bin/ls) on file '/home/opc/logai/enterprise_mnc_audit_sim/enterprise_data/development/projects/project_alpha.txt'
Aug 29 05:35:26: User carol executed 'cat' (/usr/bin/cat) on file '/home/opc/logai/enterprise_mnc_audit_sim/enterprise_data/development/scripts/build.sh'
Aug 29 05:35:41: User carol executed 'cp' (/usr/bin/cp) on file '/home/opc/logai/enterprise_mnc_audit_sim/enterprise_data/development/'
Aug 29 05:37:03: User carol executed 'ls' (/usr/bin/ls) on file '/home/opc/logai/enterprise_mnc_audit_sim/enterprise_data/database/mysql/db_config.cnf'
Aug 29 05:37:08: User bob executed 'chmod' (/usr/bin/chmod) on file '/home/opc/logai/enterprise_mnc_audit_sim/enterprise_data/database/'
Aug 29 05:37:12: User bob executed 'ls' (/usr/bin/ls) on file '/home/opc/logai/enterprise_mnc_audit_sim/enterprise_data/database'
Aug 29 05:40:27: User bob executed 'du' (/usr/bin/du) on file '/home/opc/logai/enterprise_mnc_audit_sim/enterprise_data/database/mysql/db_config.cnf'
Aug 29 05:40:31: User eve executed 'chmod' (/usr/bin/chmod) on file '/home/opc/logai/enterprise_mnc_audit_sim/applications/databases/'
Aug 29 05:40:48: User eve executed 'grep' (/usr/bin/grep) on file '/home/opc/logai/enterprise_mnc_audit_sim/enterprise_data/database/mysql/db_config.cnf'
Aug 29 05:40:57: User eve executed 'cp' (/usr/bin/cp) on file '/home/opc/logai/enterprise_mnc_audit_sim/enterprise_data/database'
Aug 29 05:41:06: User eve executed 'grep' (/usr/bin/grep) on file '/home/opc/logai/enterprise_mnc_audit_sim/enterprise_data/database/mysql/db_config.cnf'
Aug 29 05:46:17: User eve executed 'cat' (/usr/bin/cat) on file '/home/opc/logai/enterprise_mnc_audit_sim/system/configs/'
Aug 29 05:46:21: User dave executed 'ls' (/usr/bin/ls) on file '/home/opc/logai/enterprise_mnc_audit_sim/system'
Aug 29 06:11:32: User dave executed 'find' (/usr/bin/find) on file '/home/opc/logai/enterprise_mnc_audit_sim/enterprise_data/database/'
Aug 29 06:11:46: User eve executed 'grep' (/usr/bin/grep) on file '/home/opc/logai/enterprise_mnc_audit_sim/enterprise_data/database/mysql/db_config.cnf'
Aug 29 06:14:46: User dave executed 'netstat' (/usr/bin/netstat) on file '/home/opc/logai/enterprise_mnc_audit_sim/applications/'
Aug 29 06:14:54: User dave executed 'ls' (/usr/bin/ls) on file '/home/opc/logai/enterprise_mnc_audit_sim/system'
Aug 29 06:18:47: User dave executed 'df' (/usr/bin/df) on file '/home/opc/logai/enterprise_mnc_audit_sim/enterprise_data/development/'
Aug 29 06:18:53: User carol executed 'cp' (/usr/bin/cp) on file '/home/opc/logai/enterprise_mnc_audit_sim/enterprise_data/development/projects/project_alpha.txt'
Aug 29 06:19:01: User carol executed 'cat' (/usr/bin/cat) on file '/home/opc/logai/enterprise_mnc_audit_sim/enterprise_data/development/projects/'
Aug 29 06:22:59: User heidi executed 'netstat' (/usr/bin/netstat) on file '/home/opc/logai/enterprise_mnc_audit_sim/enterprise_data/hr/'
Aug 29 06:23:13: User heidi executed 'last' (/usr/bin/last) on file '/home/opc/logai/enterprise_mnc_audit_sim/enterprise_data/'
Aug 29 06:31:09: User heidi executed 'who' (/usr/bin/who) on file '/home/opc/logai/enterprise_mnc_audit_sim/applications/databases/'
Aug 29 06:31:17: User bob executed 'ls' (/usr/bin/ls) on file '/home/opc/logai/enterprise_mnc_audit_sim/enterprise_data/database/mysql/db_config.cnf'
Aug 29 06:31:19: User bob executed 'cat' (/usr/bin/cat) on file '/home/opc/logai/enterprise_mnc_audit_sim/enterprise_data/database/mysql/db_config.cnf'
Aug 29 06:39:06: User bob executed 'grep' (/usr/bin/grep) on file '/home/opc/logai/enterprise_mnc_audit_sim/enterprise_data/database'
Aug 29 06:39:44: User eve executed 'grep' (/usr/bin/grep) on file '/home/opc/logai/enterprise_mnc_audit_sim/enterprise_data/development/projects/project_alpha.txt'
Aug 29 06:39:51: User frank executed 'cat' (/usr/bin/cat) on file '/home/opc/logai/enterprise_mnc_audit_sim/enterprise_data/development/projects/'
Aug 29 06:41:07: User frank executed 'wc' (/usr/bin/wc) on file '/home/opc/logai/enterprise_mnc_audit_sim/enterprise_data/database/mysql/db_config.cnf'
Aug 29 06:41:08: User eve executed 'chmod' (/usr/bin/chmod) on file '/home/opc/logai/enterprise_mnc_audit_sim/enterprise_data/development/projects/'
Aug 29 06:41:14: User frank executed 'ls' (/usr/bin/ls) on file '/home/opc/logai/enterprise_mnc_audit_sim/enterprise_data/database/'
Aug 29 06:41:16: User eve executed 'ls' (/usr/bin/ls) on file '/home/opc/logai/enterprise_mnc_audit_sim/enterprise_data/development'
Aug 29 06:49:29: User sarah executed 'ps' (/usr/bin/ps) on file '/home/opc/logai/enterprise_mnc_audit_sim/applications/'
Aug 29 06:49:38: User sarah executed 'ls' (/usr/bin/ls) on file '/home/opc/logai/enterprise_mnc_audit_sim/enterprise_data/operations/'
Aug 29 07:07:42: User grace executed 'ps' (/usr/bin/ps) on file '/home/opc/logai/enterprise_mnc_audit_sim/system'
Aug 29 07:07:50: User alice executed 'find' (/usr/bin/find) on file '/home/opc/logai/enterprise_mnc_audit_sim/system/configs/'
Aug 29 07:07:57: User alice executed 'ls' (/usr/bin/ls) on file '/home/opc/logai/enterprise_mnc_audit_sim/applications/'
Aug 29 07:35:17: User alice executed 'netstat' (/usr/bin/netstat) on file '/home/opc/logai/enterprise_mnc_audit_sim/enterprise_data/development/projects/project_alpha.txt'
Aug 29 07:35:25: User frank executed 'cat' (/usr/bin/cat) on file '/home/opc/logai/enterprise_mnc_audit_sim/enterprise_data/development/projects/'
Aug 29 07:44:18: User grace executed 'ps' (/usr/bin/ps) on file '/home/opc/logai/enterprise_mnc_audit_sim/enterprise_data/development/scripts/build.sh'
Aug 29 07:44:22: User grace executed 'ps' (/usr/bin/ps) on file '/home/opc/logai/enterprise_mnc_audit_sim/enterprise_data/development/'
Aug 29 07:44:31: User carol executed 'grep' (/usr/bin/grep) on file '/home/opc/logai/enterprise_mnc_audit_sim/enterprise_data/operations/scripts/'
Aug 29 07:44:35: User grace executed 'ps' (/usr/bin/ps) on file '/home/opc/logai/enterprise_mnc_audit_sim/enterprise_data/development/projects/'
Aug 29 07:48:51: User heidi executed 'w' (/usr/bin/w) on file '/home/opc/logai/enterprise_mnc_audit_sim/enterprise_data/hr/'
Aug 29 07:50:04: User heidi executed 'netstat' (/usr/bin/netstat) on file '/home/opc/logai/enterprise_mnc_audit_sim/enterprise_data/development'
Aug 29 07:50:09: User carol executed 'wc' (/usr/bin/wc) on file '/home/opc/logai/enterprise_mnc_audit_sim/enterprise_data/development/projects/project_alpha.txt'
Aug 29 07:50:14: User carol executed 'cat' (/usr/bin/cat) on file '/home/opc/logai/enterprise_mnc_audit_sim/enterprise_data/development'
Aug 29 08:01:46: User carol executed 'cp' (/usr/bin/cp) on file '/home/opc/logai/enterprise_mnc_audit_sim/enterprise_data/development/'
Aug 29 08:07:51: User carol executed 'wc' (/usr/bin/wc) on file '/home/opc/logai/enterprise_mnc_audit_sim/enterprise_data/operations'
Aug 29 08:07:59: User grace executed 'find' (/usr/bin/find) on file '/home/opc/logai/enterprise_mnc_audit_sim/applications/'
Aug 29 08:13:09: User grace executed 'ls' (/usr/bin/ls) on file '/home/opc/logai/enterprise_mnc_audit_sim/enterprise_data/database'
Aug 29 08:14:40: User bob executed 'cp' (/usr/bin/cp) on file '/home/opc/logai/enterprise_mnc_audit_sim/system/configs/server.conf'
Aug 29 08:14:40: Authentication event for user dave - Accepted password for dave from 192.168.1.50
Aug 29 08:14:50: User dave executed 'df' (/usr/bin/df) on file '/home/opc/logai/enterprise_mnc_audit_sim/system'
Aug 29 08:25:38: User eve executed 'du' (/usr/bin/du) on file '/home/opc/logai/enterprise_mnc_audit_sim/enterprise_data/database'
Aug 29 08:25:44: User eve executed 'find' (/usr/bin/find) on file '/home/opc/logai/enterprise_mnc_audit_sim/enterprise_data/database/mysql/db_config.cnf'
Aug 29 08:25:51: User eve executed 'cat' (/usr/bin/cat) on file '/home/opc/logai/enterprise_mnc_audit_sim/applications/databases/'
Aug 29 08:25:52: User eve executed 'ls' (/usr/bin/ls) on file '/home/opc/logai/enterprise_mnc_audit_sim/enterprise_data/database'
Aug 29 08:26:17: User eve executed 'find' (/usr/bin/find) on file '/home/opc/logai/enterprise_mnc_audit_sim/enterprise_data/operations/scripts/'
Aug 29 08:26:30: User sarah executed 'ps' (/usr/bin/ps) on file '/home/opc/logai/enterprise_mnc_audit_sim/enterprise_data/operations/'
Aug 29 08:43:25: User sarah executed 'ls' (/usr/bin/ls) on file '/home/opc/logai/enterprise_mnc_audit_sim/system/configs/server.conf'
Aug 29 08:43:35: User alice executed 'free' (/usr/bin/free) on file '/home/opc/logai/enterprise_mnc_audit_sim/system'
Aug 29 08:43:38: User alice executed 'find' (/usr/bin/find) on file '/home/opc/logai/enterprise_mnc_audit_sim/system/logs/application.log'
Aug 29 08:49:34: User alice executed 'netstat' (/usr/bin/netstat) on file '/home/opc/logai/enterprise_mnc_audit_sim/enterprise_data/development/scripts/build.sh'
Aug 29 08:49:34: Authentication event for user frank - Accepted password for frank from 192.168.1.50
Aug 29 08:51:50: User grace executed 'top' (/usr/bin/top) on file '/home/opc/logai/enterprise_mnc_audit_sim/enterprise_data/operations'
Aug 29 08:55:19: User grace executed 'du' (/usr/bin/du) on file '/home/opc/logai/enterprise_mnc_audit_sim/system/configs/server.conf'
Aug 29 08:55:22: User alice executed 'cat' (/usr/bin/cat) on file '/home/opc/logai/enterprise_mnc_audit_sim/system'
Aug 29 08:55:28: User alice executed 'find' (/usr/bin/find) on file '/home/opc/logai/enterprise_mnc_audit_sim/applications/'
Aug 29 08:55:31: User alice executed 'ls' (/usr/bin/ls) on file '/home/opc/logai/enterprise_mnc_audit_sim/system/logs/application.log'
Aug 29 08:56:16: User alice executed 'tail' (/usr/bin/tail) on file '/home/opc/logai/enterprise_mnc_audit_sim/enterprise_data/operations/'
Aug 29 09:01:47: User john executed 'cp' (/usr/bin/cp) on file '/home/opc/logai/enterprise_mnc_audit_sim/enterprise_data/development/projects/'
Aug 29 09:01:56: User john executed 'ls' (/usr/bin/ls) on file '/home/opc/logai/enterprise_mnc_audit_sim/enterprise_data/development'
Aug 29 09:02:46: User john executed 'find' (/usr/bin/find) on file '/home/opc/logai/enterprise_mnc_audit_sim/system/configs/server.conf'
Aug 29 09:02:49: User dave executed 'cat' (/usr/bin/cat) on file '/home/opc/logai/enterprise_mnc_audit_sim/system/configs/server.conf'
Aug 29 09:03:05: User dave executed 'netstat' (/usr/bin/netstat) on file '/home/opc/logai/enterprise_mnc_audit_sim/system/logs/application.log'
Aug 29 09:03:56: User bob executed 'cp' (/usr/bin/cp) on file '/home/opc/logai/enterprise_mnc_audit_sim/enterprise_data/database/mysql/db_config.cnf'
