Aug 23 00:21:14 aitest audit: type=SYSCALL msg=audit(1755908474.378:370): arch=c000003e syscall=59 success=yes exit=0 pid=4000 uid=2009 gid=2009 comm="cp" exe="/usr/bin/cp" key="process_execution"
Aug 23 00:21:21 aitest audit: type=SYSCALL msg=audit(1755908481.739:358): arch=c000003e syscall=59 success=yes exit=0 pid=3923 uid=2009 gid=2009 comm="cp" exe="/usr/bin/cp" key="process_execution"
Aug 23 00:21:33 aitest audit: type=SYSCALL msg=audit(1755908493.587:41): arch=c000003e syscall=59 success=yes exit=0 pid=5932 uid=2001 gid=2001 comm="netstat" exe="/usr/bin/netstat" key="process_execution"
Aug 23 00:21:36 aitest audit: type=SYSCALL msg=audit(1755908496.963:238): arch=c000003e syscall=59 success=yes exit=0 pid=3034 uid=2001 gid=2001 comm="ps" exe="/usr/bin/ps" key="process_execution"
Aug 23 00:21:46 aitest audit: type=SYSCALL msg=audit(1755908506.759:231): arch=c000003e syscall=59 success=yes exit=0 pid=6934 uid=2001 gid=2001 comm="df" exe="/usr/bin/df" key="process_execution"
Aug 23 00:21:52 aitest audit: type=SYSCALL msg=audit(1755908512.444:531): arch=c000003e syscall=59 success=yes exit=0 pid=7178 uid=2001 gid=2001 comm="ps" exe="/usr/bin/ps" key="process_execution"
Aug 23 00:21:55 aitest audit: type=SYSCALL msg=audit(1755908515.491:68): arch=c000003e syscall=59 success=yes exit=0 pid=2225 uid=2001 gid=2001 comm="ps" exe="/usr/bin/ps" key="process_execution"
Aug 23 00:28:42 aitest audit: type=SYSCALL msg=audit(1755908922.843:665): arch=c000003e syscall=59 success=yes exit=0 pid=6820 uid=2007 gid=2007 comm="tar" exe="/usr/bin/tar" key="process_execution"
Aug 23 00:28:43 aitest audit: type=PATH msg=audit(1755908923.840:249): item=0 name="/home/opc/logai/enterprise_mnc_audit_sim/enterprise_data/operations/scripts/" inode=40678 dev=08:01 mode=0100644 ouid=0 ogid=0
Aug 23 00:28:43 aitest audit: type=SYSCALL msg=audit(1755908923.840:271): arch=c000003e syscall=59 success=yes exit=0 pid=6837 uid=2007 gid=2007 comm="chmod" exe="/usr/bin/chmod" key="process_execution"
Aug 23 00:28:44 aitest audit: type=SYSCALL msg=audit(1755908924.775:997): arch=c000003e syscall=59 success=yes exit=0 pid=5507 uid=2007 gid=2007 comm="top" exe="/usr/bin/top" key="process_execution"
Aug 23 00:33:45 aitest audit: type=PATH msg=audit(1755909225.500:66): item=0 name="/home/opc/logai/enterprise_mnc_audit_sim/enterprise_data/development" inode=12976 dev=08:01 mode=0100644 ouid=0 ogid=0
Aug 23 00:33:45 aitest audit: type=SYSCALL msg=audit(1755909225.500:27): arch=c000003e syscall=59 success=yes exit=0 pid=9898 uid=2009 gid=2009 comm="find" exe="/usr/bin/find" key="process_execution"
Aug 23 00:33:48 aitest audit: type=PATH msg=audit(1755909228.917:399): item=0 name="/home/opc/logai/enterprise_mnc_audit_sim/enterprise_data/development/projects/" inode=20849 dev=08:01 mode=0100644 ouid=0 ogid=0
Aug 23 00:33:48 aitest audit: type=SYSCALL msg=audit(1755909228.917:338): arch=c000003e syscall=59 success=yes exit=0 pid=10702 uid=2009 gid=2009 comm="ls" exe="/usr/bin/ls" key="process_execution"
Aug 23 00:33:49 aitest audit: type=PATH msg=audit(1755909229.883:71): item=0 name="/home/opc/logai/enterprise_mnc_audit_sim/enterprise_data/development/projects/project_alpha.txt" inode=10367 dev=08:01 mode=0100644 ouid=0 ogid=0
Aug 23 00:33:49 aitest audit: type=SYSCALL msg=audit(1755909229.883:483): arch=c000003e syscall=59 success=yes exit=0 pid=10728 uid=2009 gid=2009 comm="cat" exe="/usr/bin/cat" key="process_execution"
Aug 23 00:33:56 aitest audit: type=SYSCALL msg=audit(1755909236.827:388): arch=c000003e syscall=59 success=yes exit=0 pid=4111 uid=2009 gid=2009 comm="cp" exe="/usr/bin/cp" key="process_execution"
Aug 23 00:34:05 aitest audit: type=PATH msg=audit(1755909245.539:830): item=0 name="/home/opc/logai/enterprise_mnc_audit_sim/enterprise_data/development/projects/project_alpha.txt" inode=10749 dev=08:01 mode=0100644 ouid=0 ogid=0
Aug 23 00:34:05 aitest audit: type=SYSCALL msg=audit(1755909245.539:669): arch=c000003e syscall=59 success=yes exit=0 pid=2471 uid=2009 gid=2009 comm="cat" exe="/usr/bin/cat" key="process_execution"
Aug 23 00:35:00 aitest audit: type=SYSCALL msg=audit(1755909300.394:669): arch=c000003e syscall=59 success=yes exit=0 pid=7685 uid= gid= comm="python3" exe="/usr/bin/python3" key="process_execution"
Aug 23 00:40:24 aitest audit: type=PATH msg=audit(1755909624.571:78): item=0 name="/home/opc/logai/enterprise_mnc_audit_sim/enterprise_data/database/" inode=35344 dev=08:01 mode=0100644 ouid=0 ogid=0
Aug 23 00:40:24 aitest audit: type=SYSCALL msg=audit(1755909624.571:700): arch=c000003e syscall=59 success=yes exit=0 pid=7856 uid=2002 gid=2002 comm="ls" exe="/usr/bin/ls" key="process_execution"
Aug 23 00:40:33 aitest audit: type=PATH msg=audit(1755909633.766:852): item=0 name="/home/opc/logai/enterprise_mnc_audit_sim/enterprise_data/database" inode=26460 dev=08:01 mode=0100644 ouid=0 ogid=0
Aug 23 00:40:33 aitest audit: type=SYSCALL msg=audit(1755909633.766:611): arch=c000003e syscall=59 success=yes exit=0 pid=2011 uid=2002 gid=2002 comm="find" exe="/usr/bin/find" key="process_execution"
Aug 23 00:40:38 aitest audit: type=SYSCALL msg=audit(1755909638.709:335): arch=c000003e syscall=59 success=yes exit=0 pid=7406 uid=2002 gid=2002 comm="du" exe="/usr/bin/du" key="process_execution"
Aug 23 00:47:38 aitest audit: type=SYSCALL msg=audit(1755910058.821:507): arch=c000003e syscall=59 success=yes exit=0 pid=4385 uid=2007 gid=2007 comm="top" exe="/usr/bin/top" key="process_execution"
Aug 23 00:47:39 aitest audit: type=SYSCALL msg=audit(1755910059.949:857): arch=c000003e syscall=59 success=yes exit=0 pid=8267 uid=2007 gid=2007 comm="du" exe="/usr/bin/du" key="process_execution"
Aug 23 00:52:25 aitest audit: type=SYSCALL msg=audit(1755910345.570:741): arch=c000003e syscall=59 success=yes exit=0 pid=3035 uid=2003 gid=2003 comm="grep" exe="/usr/bin/grep" key="process_execution"
Aug 23 00:52:29 aitest audit: type=PATH msg=audit(1755910349.326:844): item=0 name="/home/opc/logai/enterprise_mnc_audit_sim/enterprise_data/development/scripts/build.sh" inode=10610 dev=08:01 mode=0100644 ouid=0 ogid=0
Aug 23 00:52:29 aitest audit: type=SYSCALL msg=audit(1755910349.326:202): arch=c000003e syscall=59 success=yes exit=0 pid=8739 uid=2003 gid=2003 comm="chmod" exe="/usr/bin/chmod" key="process_execution"
Aug 23 00:53:57 aitest audit: type=PATH msg=audit(1755910437.940:194): item=0 name="/home/opc/logai/enterprise_mnc_audit_sim/enterprise_data/development/projects/project_alpha.txt" inode=38418 dev=08:01 mode=0100644 ouid=0 ogid=0
Aug 23 00:53:57 aitest audit: type=SYSCALL msg=audit(1755910437.940:908): arch=c000003e syscall=59 success=yes exit=0 pid=2663 uid=2003 gid=2003 comm="cat" exe="/usr/bin/cat" key="process_execution"
Aug 23 00:54:06 aitest audit: type=SYSCALL msg=audit(1755910446.476:858): arch=c000003e syscall=59 success=yes exit=0 pid=6856 uid=2003 gid=2003 comm="wc" exe="/usr/bin/wc" key="process_execution"
Aug 23 00:55:05 aitest audit: type=PATH msg=audit(1755910505.772:66): item=0 name="/home/opc/logai/enterprise_mnc_audit_sim/enterprise_data/database" inode=35816 dev=08:01 mode=0100644 ouid=0 ogid=0
Aug 23 00:55:05 aitest audit: type=SYSCALL msg=audit(1755910505.772:618): arch=c000003e syscall=59 success=yes exit=0 pid=10755 uid=2002 gid=2002 comm="find" exe="/usr/bin/find" key="process_execution"
Aug 23 00:55:08 aitest audit: type=PATH msg=audit(1755910508.88:238): item=0 name="/home/opc/logai/enterprise_mnc_audit_sim/enterprise_data/database" inode=41282 dev=08:01 mode=0100644 ouid=0 ogid=0
Aug 23 00:55:08 aitest audit: type=SYSCALL msg=audit(1755910508.88:906): arch=c000003e syscall=59 success=yes exit=0 pid=3579 uid=2002 gid=2002 comm="find" exe="/usr/bin/find" key="process_execution"
Aug 23 00:55:11 aitest audit: type=SYSCALL msg=audit(1755910511.707:864): arch=c000003e syscall=59 success=yes exit=0 pid=2052 uid=2002 gid=2002 comm="cp" exe="/usr/bin/cp" key="process_execution"
Aug 23 00:55:14 aitest audit: type=PATH msg=audit(1755910514.58:8): item=0 name="/home/opc/logai/enterprise_mnc_audit_sim/enterprise_data/database/" inode=20979 dev=08:01 mode=0100644 ouid=0 ogid=0
Aug 23 00:55:14 aitest audit: type=SYSCALL msg=audit(1755910514.58:626): arch=c000003e syscall=59 success=yes exit=0 pid=4541 uid=2002 gid=2002 comm="ls" exe="/usr/bin/ls" key="process_execution"
Aug 23 00:55:23 aitest audit: type=SYSCALL msg=audit(1755910523.511:749): arch=c000003e syscall=59 success=yes exit=0 pid=5954 uid=2002 gid=2002 comm="cp" exe="/usr/bin/cp" key="process_execution"
Aug 23 00:55:37 aitest audit: type=PATH msg=audit(1755910537.524:762): item=0 name="/home/opc/logai/enterprise_mnc_audit_sim/enterprise_data/hr/" inode=41201 dev=08:01 mode=0100644 ouid=0 ogid=0
Aug 23 00:55:37 aitest audit: type=SYSCALL msg=audit(1755910537.524:196): arch=c000003e syscall=59 success=yes exit=0 pid=10403 uid=2008 gid=2008 comm="ls" exe="/usr/bin/ls" key="process_execution"
Aug 23 00:55:39 aitest audit: type=SYSCALL msg=audit(1755910539.632:214): arch=c000003e syscall=59 success=yes exit=0 pid=4729 uid=2008 gid=2008 comm="last" exe="/usr/bin/last" key="process_execution"
Aug 23 00:55:41 aitest audit: type=PATH msg=audit(1755910541.942:454): item=0 name="/home/opc/logai/enterprise_mnc_audit_sim/enterprise_data/hr/" inode=26950 dev=08:01 mode=0100644 ouid=0 ogid=0
Aug 23 00:55:41 aitest audit: type=SYSCALL msg=audit(1755910541.942:752): arch=c000003e syscall=59 success=yes exit=0 pid=2033 uid=2008 gid=2008 comm="chmod" exe="/usr/bin/chmod" key="process_execution"
Aug 23 00:55:47 aitest audit: type=SYSCALL msg=audit(1755910547.755:638): arch=c000003e syscall=59 success=yes exit=0 pid=11659 uid=2008 gid=2008 comm="who" exe="/usr/bin/who" key="process_execution"
Aug 23 00:57:48 aitest audit: type=SYSCALL msg=audit(1755910668.314:606): arch=c000003e syscall=59 success=yes exit=0 pid=3279 uid=2005 gid=2005 comm="cp" exe="/usr/bin/cp" key="process_execution"
Aug 23 00:57:57 aitest audit: type=PATH msg=audit(1755910677.26:583): item=0 name="/home/opc/logai/enterprise_mnc_audit_sim/applications/databases/" inode=29160 dev=08:01 mode=0100644 ouid=0 ogid=0
Aug 23 00:57:57 aitest audit: type=SYSCALL msg=audit(1755910677.26:249): arch=c000003e syscall=59 success=yes exit=0 pid=8271 uid=2005 gid=2005 comm="ls" exe="/usr/bin/ls" key="process_execution"
Aug 23 00:57:59 aitest audit: type=PATH msg=audit(1755910679.230:408): item=0 name="/home/opc/logai/enterprise_mnc_audit_sim/enterprise_data/database/mysql/db_config.cnf" inode=26318 dev=08:01 mode=0100644 ouid=0 ogid=0
Aug 23 00:57:59 aitest audit: type=SYSCALL msg=audit(1755910679.230:379): arch=c000003e syscall=59 success=yes exit=0 pid=9916 uid=2005 gid=2005 comm="cat" exe="/usr/bin/cat" key="process_execution"
Aug 23 00:58:09 aitest audit: type=PATH msg=audit(1755910689.914:74): item=0 name="/home/opc/logai/enterprise_mnc_audit_sim/enterprise_data/database/" inode=20820 dev=08:01 mode=0100644 ouid=0 ogid=0
Aug 23 00:58:09 aitest audit: type=SYSCALL msg=audit(1755910689.914:60): arch=c000003e syscall=59 success=yes exit=0 pid=10386 uid=2005 gid=2005 comm="ls" exe="/usr/bin/ls" key="process_execution"
Aug 23 01:10:30 aitest audit: type=SYSCALL msg=audit(1755911430.547:959): arch=c000003e syscall=59 success=yes exit=0 pid=3177 uid=2008 gid=2008 comm="find" exe="/usr/bin/find" key="process_execution"
Aug 23 01:10:38 aitest audit: type=PATH msg=audit(1755911438.21:823): item=0 name="/home/opc/logai/enterprise_mnc_audit_sim/enterprise_data/hr/" inode=32907 dev=08:01 mode=0100644 ouid=0 ogid=0
Aug 23 01:10:38 aitest audit: type=SYSCALL msg=audit(1755911438.21:811): arch=c000003e syscall=59 success=yes exit=0 pid=5305 uid=2008 gid=2008 comm="chmod" exe="/usr/bin/chmod" key="process_execution"
Aug 23 01:10:48 aitest audit: type=PATH msg=audit(1755911448.100:598): item=0 name="/home/opc/logai/enterprise_mnc_audit_sim/enterprise_data/hr/" inode=23852 dev=08:01 mode=0100644 ouid=0 ogid=0
Aug 23 01:10:48 aitest audit: type=SYSCALL msg=audit(1755911448.100:201): arch=c000003e syscall=59 success=yes exit=0 pid=9192 uid=2008 gid=2008 comm="chmod" exe="/usr/bin/chmod" key="process_execution"
Aug 23 01:10:54 aitest audit: type=SYSCALL msg=audit(1755911454.220:244): arch=c000003e syscall=59 success=yes exit=0 pid=6716 uid=2008 gid=2008 comm="netstat" exe="/usr/bin/netstat" key="process_execution"
Aug 23 01:11:04 aitest audit: type=SYSCALL msg=audit(1755911464.320:621): arch=c000003e syscall=59 success=yes exit=0 pid=7305 uid=2008 gid=2008 comm="who" exe="/usr/bin/who" key="process_execution"
Aug 23 01:15:42 aitest audit: type=SYSCALL msg=audit(1755911742.20:73): arch=c000003e syscall=59 success=yes exit=0 pid=10292 uid=2009 gid=2009 comm="grep" exe="/usr/bin/grep" key="process_execution"
Aug 23 01:15:48 aitest audit: type=PATH msg=audit(1755911748.72:373): item=0 name="/home/opc/logai/enterprise_mnc_audit_sim/enterprise_data/development" inode=22712 dev=08:01 mode=0100644 ouid=0 ogid=0
Aug 23 01:15:48 aitest audit: type=SYSCALL msg=audit(1755911748.72:713): arch=c000003e syscall=59 success=yes exit=0 pid=9038 uid=2009 gid=2009 comm="find" exe="/usr/bin/find" key="process_execution"
Aug 23 01:15:56 aitest audit: type=PATH msg=audit(1755911756.767:737): item=0 name="/home/opc/logai/enterprise_mnc_audit_sim/enterprise_data/development" inode=24258 dev=08:01 mode=0100644 ouid=0 ogid=0
Aug 23 01:15:56 aitest audit: type=SYSCALL msg=audit(1755911756.767:669): arch=c000003e syscall=59 success=yes exit=0 pid=3909 uid=2009 gid=2009 comm="find" exe="/usr/bin/find" key="process_execution"
Aug 23 01:16:00 aitest audit: type=PATH msg=audit(1755911760.434:445): item=0 name="/home/opc/logai/enterprise_mnc_audit_sim/enterprise_data/development/projects/" inode=26978 dev=08:01 mode=0100644 ouid=0 ogid=0
Aug 23 01:16:00 aitest audit: type=SYSCALL msg=audit(1755911760.434:741): arch=c000003e syscall=59 success=yes exit=0 pid=9481 uid=2009 gid=2009 comm="ls" exe="/usr/bin/ls" key="process_execution"
Aug 23 01:16:09 aitest audit: type=PATH msg=audit(1755911769.352:286): item=0 name="/home/opc/logai/enterprise_mnc_audit_sim/enterprise_data/development/projects/" inode=36338 dev=08:01 mode=0100644 ouid=0 ogid=0
Aug 23 01:16:09 aitest audit: type=SYSCALL msg=audit(1755911769.352:512): arch=c000003e syscall=59 success=yes exit=0 pid=2221 uid=2009 gid=2009 comm="ls" exe="/usr/bin/ls" key="process_execution"
Aug 23 01:16:51 aitest audit: type=SYSCALL msg=audit(1755911811.926:158): arch=c000003e syscall=59 success=yes exit=0 pid=4686 uid=2002 gid=2002 comm="grep" exe="/usr/bin/grep" key="process_execution"
Aug 23 01:16:53 aitest audit: type=SYSCALL msg=audit(1755911813.10:703): arch=c000003e syscall=59 success=yes exit=0 pid=3302 uid=2002 gid=2002 comm="grep" exe="/usr/bin/grep" key="process_execution"
Aug 23 01:16:54 aitest audit: type=SYSCALL msg=audit(1755911814.626:416): arch=c000003e syscall=59 success=yes exit=0 pid=3926 uid=2002 gid=2002 comm="cp" exe="/usr/bin/cp" key="process_execution"
Aug 23 01:16:58 aitest audit: type=PATH msg=audit(1755911818.836:563): item=0 name="/home/opc/logai/enterprise_mnc_audit_sim/enterprise_data/database/mysql/db_config.cnf" inode=28332 dev=08:01 mode=0100644 ouid=0 ogid=0
Aug 23 01:16:58 aitest audit: type=SYSCALL msg=audit(1755911818.836:657): arch=c000003e syscall=59 success=yes exit=0 pid=2495 uid=2002 gid=2002 comm="cat" exe="/usr/bin/cat" key="process_execution"
Aug 23 01:17:03 aitest audit: type=PATH msg=audit(1755911823.452:685): item=0 name="/home/opc/logai/enterprise_mnc_audit_sim/enterprise_data/database" inode=25122 dev=08:01 mode=0100644 ouid=0 ogid=0
Aug 23 01:17:03 aitest audit: type=SYSCALL msg=audit(1755911823.452:131): arch=c000003e syscall=59 success=yes exit=0 pid=5822 uid=2002 gid=2002 comm="find" exe="/usr/bin/find" key="process_execution"
Aug 23 01:20:22 aitest audit: type=SYSCALL msg=audit(1755912022.179:865): arch=c000003e syscall=59 success=yes exit=0 pid=5648 uid=2007 gid=2007 comm="du" exe="/usr/bin/du" key="process_execution"
Aug 23 01:20:24 aitest audit: type=PATH msg=audit(1755912024.862:780): item=0 name="/home/opc/logai/enterprise_mnc_audit_sim/enterprise_data/operations/" inode=26903 dev=08:01 mode=0100644 ouid=0 ogid=0
Aug 23 01:20:24 aitest audit: type=SYSCALL msg=audit(1755912024.862:256): arch=c000003e syscall=59 success=yes exit=0 pid=5912 uid=2007 gid=2007 comm="ls" exe="/usr/bin/ls" key="process_execution"
Aug 23 01:34:57 aitest audit: type=PATH msg=audit(1755912897.129:50): item=0 name="/home/opc/logai/enterprise_mnc_audit_sim/enterprise_data/development" inode=21342 dev=08:01 mode=0100644 ouid=0 ogid=0
Aug 23 01:34:57 aitest audit: type=SYSCALL msg=audit(1755912897.129:185): arch=c000003e syscall=59 success=yes exit=0 pid=11134 uid=2009 gid=2009 comm="find" exe="/usr/bin/find" key="process_execution"
Aug 23 01:35:01 aitest audit: type=PATH msg=audit(1755912901.262:318): item=0 name="/home/opc/logai/enterprise_mnc_audit_sim/enterprise_data/development/projects/" inode=40983 dev=08:01 mode=0100644 ouid=0 ogid=0
Aug 23 01:35:01 aitest audit: type=SYSCALL msg=audit(1755912901.262:5): arch=c000003e syscall=59 success=yes exit=0 pid=3103 uid=2009 gid=2009 comm="ls" exe="/usr/bin/ls" key="process_execution"
Aug 23 01:35:03 aitest audit: type=PATH msg=audit(1755912903.898:226): item=0 name="/home/opc/logai/enterprise_mnc_audit_sim/enterprise_data/development/projects/project_alpha.txt" inode=39344 dev=08:01 mode=0100644 ouid=0 ogid=0
Aug 23 01:35:03 aitest audit: type=SYSCALL msg=audit(1755912903.898:261): arch=c000003e syscall=59 success=yes exit=0 pid=9827 uid=2009 gid=2009 comm="cat" exe="/usr/bin/cat" key="process_execution"
Aug 23 01:57:11 aitest audit: type=SYSCALL msg=audit(1755914231.278:689): arch=c000003e syscall=59 success=yes exit=0 pid=4277 uid=2004 gid=2004 comm="df" exe="/usr/bin/df" key="process_execution"
Aug 23 01:57:15 aitest audit: type=SYSCALL msg=audit(1755914235.119:917): arch=c000003e syscall=59 success=yes exit=0 pid=3242 uid=2004 gid=2004 comm="netstat" exe="/usr/bin/netstat" key="process_execution"
Aug 23 01:57:15 aitest audit: type=SYSCALL msg=audit(1755914235.311:868): arch=c000003e syscall=59 success=yes exit=0 pid=4994 uid=2007 gid=2007 comm="ps" exe="/usr/bin/ps" key="process_execution"
Aug 23 01:57:22 aitest audit: type=SYSCALL msg=audit(1755914242.637:358): arch=c000003e syscall=59 success=yes exit=0 pid=8220 uid=2007 gid=2007 comm="ps" exe="/usr/bin/ps" key="process_execution"
Aug 23 01:57:29 aitest audit: type=SYSCALL msg=audit(1755914249.409:423): arch=c000003e syscall=59 success=yes exit=0 pid=9635 uid=2007 gid=2007 comm="du" exe="/usr/bin/du" key="process_execution"
Aug 23 01:57:36 aitest audit: type=PATH msg=audit(1755914256.330:970): item=0 name="/home/opc/logai/enterprise_mnc_audit_sim/enterprise_data/operations/scripts/" inode=37821 dev=08:01 mode=0100644 ouid=0 ogid=0
Aug 23 01:57:36 aitest audit: type=SYSCALL msg=audit(1755914256.330:517): arch=c000003e syscall=59 success=yes exit=0 pid=3856 uid=2007 gid=2007 comm="chmod" exe="/usr/bin/chmod" key="process_execution"
Aug 23 02:04:35 aitest audit: type=PATH msg=audit(1755914675.724:835): item=0 name="/home/opc/logai/enterprise_mnc_audit_sim/enterprise_data/development/scripts/build.sh" inode=29046 dev=08:01 mode=0100644 ouid=0 ogid=0
Aug 23 02:04:35 aitest audit: type=SYSCALL msg=audit(1755914675.724:252): arch=c000003e syscall=59 success=yes exit=0 pid=11767 uid=2006 gid=2006 comm="chmod" exe="/usr/bin/chmod" key="process_execution"
Aug 23 02:04:36 aitest audit: type=PATH msg=audit(1755914676.278:95): item=0 name="/home/opc/logai/enterprise_mnc_audit_sim/enterprise_data/development/projects/project_alpha.txt" inode=38318 dev=08:01 mode=0100644 ouid=0 ogid=0
Aug 23 02:04:36 aitest audit: type=SYSCALL msg=audit(1755914676.278:834): arch=c000003e syscall=59 success=yes exit=0 pid=2094 uid=2006 gid=2006 comm="cat" exe="/usr/bin/cat" key="process_execution"
Aug 23 02:13:12 aitest audit: type=SYSCALL msg=audit(1755915192.597:829): arch=c000003e syscall=59 success=yes exit=0 pid=10863 uid=2006 gid=2006 comm="cp" exe="/usr/bin/cp" key="process_execution"
Aug 23 02:13:22 aitest audit: type=PATH msg=audit(1755915202.569:221): item=0 name="/home/opc/logai/enterprise_mnc_audit_sim/enterprise_data/development" inode=27690 dev=08:01 mode=0100644 ouid=0 ogid=0
Aug 23 02:13:22 aitest audit: type=SYSCALL msg=audit(1755915202.569:472): arch=c000003e syscall=59 success=yes exit=0 pid=2335 uid=2006 gid=2006 comm="find" exe="/usr/bin/find" key="process_execution"
Aug 23 02:13:31 aitest audit: type=PATH msg=audit(1755915211.359:218): item=0 name="/home/opc/logai/enterprise_mnc_audit_sim/enterprise_data/development" inode=11110 dev=08:01 mode=0100644 ouid=0 ogid=0
Aug 23 02:13:31 aitest audit: type=SYSCALL msg=audit(1755915211.359:114): arch=c000003e syscall=59 success=yes exit=0 pid=8099 uid=2006 gid=2006 comm="find" exe="/usr/bin/find" key="process_execution"
Aug 23 02:13:38 aitest audit: type=PATH msg=audit(1755915218.25:813): item=0 name="/home/opc/logai/enterprise_mnc_audit_sim/enterprise_data/development/scripts/build.sh" inode=33839 dev=08:01 mode=0100644 ouid=0 ogid=0
Aug 23 02:13:38 aitest audit: type=SYSCALL msg=audit(1755915218.25:523): arch=c000003e syscall=59 success=yes exit=0 pid=5581 uid=2006 gid=2006 comm="chmod" exe="/usr/bin/chmod" key="process_execution"
Aug 23 02:20:37 aitest audit: type=SYSCALL msg=audit(1755915637.793:413): arch=c000003e syscall=59 success=yes exit=0 pid=11527 uid=2006 gid=2006 comm="cp" exe="/usr/bin/cp" key="process_execution"
Aug 23 02:20:40 aitest audit: type=SYSCALL msg=audit(1755915640.656:98): arch=c000003e syscall=59 success=yes exit=0 pid=7116 uid=2006 gid=2006 comm="cp" exe="/usr/bin/cp" key="process_execution"
Aug 23 02:20:47 aitest audit: type=SYSCALL msg=audit(1755915647.760:222): arch=c000003e syscall=59 success=yes exit=0 pid=3741 uid=2006 gid=2006 comm="wc" exe="/usr/bin/wc" key="process_execution"
Aug 23 02:20:51 aitest audit: type=PATH msg=audit(1755915651.401:841): item=0 name="/home/opc/logai/enterprise_mnc_audit_sim/enterprise_data/development/projects/" inode=28854 dev=08:01 mode=0100644 ouid=0 ogid=0
Aug 23 02:20:51 aitest audit: type=SYSCALL msg=audit(1755915651.401:119): arch=c000003e syscall=59 success=yes exit=0 pid=2617 uid=2006 gid=2006 comm="ls" exe="/usr/bin/ls" key="process_execution"
Aug 23 02:43:13 aitest audit: type=SYSCALL msg=audit(1755916993.319:805): arch=c000003e syscall=59 success=yes exit=0 pid=4948 uid=2002 gid=2002 comm="grep" exe="/usr/bin/grep" key="process_execution"
Aug 23 02:43:23 aitest audit: type=PATH msg=audit(1755917003.754:231): item=0 name="/home/opc/logai/enterprise_mnc_audit_sim/applications/databases/" inode=39186 dev=08:01 mode=0100644 ouid=0 ogid=0
Aug 23 02:43:23 aitest audit: type=SYSCALL msg=audit(1755917003.754:603): arch=c000003e syscall=59 success=yes exit=0 pid=3891 uid=2002 gid=2002 comm="ls" exe="/usr/bin/ls" key="process_execution"
Aug 23 02:46:46 aitest audit: type=SYSCALL msg=audit(1755917206.558:321): arch=c000003e syscall=59 success=yes exit=0 pid=10763 uid=2010 gid=2010 comm="du" exe="/usr/bin/du" key="process_execution"
Aug 23 02:46:54 aitest audit: type=SYSCALL msg=audit(1755917214.603:645): arch=c000003e syscall=59 success=yes exit=0 pid=3513 uid=2010 gid=2010 comm="top" exe="/usr/bin/top" key="process_execution"
Aug 23 02:47:02 aitest audit: type=PATH msg=audit(1755917222.936:226): item=0 name="/home/opc/logai/enterprise_mnc_audit_sim/applications/" inode=31486 dev=08:01 mode=0100644 ouid=0 ogid=0
Aug 23 02:47:02 aitest audit: type=SYSCALL msg=audit(1755917222.936:159): arch=c000003e syscall=59 success=yes exit=0 pid=11487 uid=2010 gid=2010 comm="ls" exe="/usr/bin/ls" key="process_execution"
Aug 23 02:47:08 aitest audit: type=PATH msg=audit(1755917228.30:927): item=0 name="/home/opc/logai/enterprise_mnc_audit_sim/enterprise_data/operations" inode=31501 dev=08:01 mode=0100644 ouid=0 ogid=0
Aug 23 02:47:08 aitest audit: type=SYSCALL msg=audit(1755917228.30:131): arch=c000003e syscall=59 success=yes exit=0 pid=3050 uid=2010 gid=2010 comm="find" exe="/usr/bin/find" key="process_execution"
Aug 23 02:47:16 aitest audit: type=SYSCALL msg=audit(1755917236.822:21): arch=c000003e syscall=59 success=yes exit=0 pid=3453 uid=2010 gid=2010 comm="tar" exe="/usr/bin/tar" key="process_execution"
Aug 23 02:51:42 aitest audit: type=PATH msg=audit(1755917502.111:367): item=0 name="/home/opc/logai/enterprise_mnc_audit_sim/enterprise_data/database/" inode=42396 dev=08:01 mode=0100644 ouid=0 ogid=0
Aug 23 02:51:42 aitest audit: type=SYSCALL msg=audit(1755917502.111:646): arch=c000003e syscall=59 success=yes exit=0 pid=10473 uid=2002 gid=2002 comm="ls" exe="/usr/bin/ls" key="process_execution"
Aug 23 02:51:43 aitest audit: type=PATH msg=audit(1755917503.458:428): item=0 name="/home/opc/logai/enterprise_mnc_audit_sim/applications/databases/" inode=27750 dev=08:01 mode=0100644 ouid=0 ogid=0
Aug 23 02:51:43 aitest audit: type=SYSCALL msg=audit(1755917503.458:787): arch=c000003e syscall=59 success=yes exit=0 pid=8823 uid=2002 gid=2002 comm="ls" exe="/usr/bin/ls" key="process_execution"
Aug 23 02:51:46 aitest audit: type=PATH msg=audit(1755917506.944:907): item=0 name="/home/opc/logai/enterprise_mnc_audit_sim/enterprise_data/database/mysql/db_config.cnf" inode=32786 dev=08:01 mode=0100644 ouid=0 ogid=0
Aug 23 02:51:46 aitest audit: type=SYSCALL msg=audit(1755917506.944:657): arch=c000003e syscall=59 success=yes exit=0 pid=10753 uid=2002 gid=2002 comm="chmod" exe="/usr/bin/chmod" key="process_execution"
Aug 23 02:51:50 aitest audit: type=PATH msg=audit(1755917510.739:427): item=0 name="/home/opc/logai/enterprise_mnc_audit_sim/enterprise_data/database/mysql/db_config.cnf" inode=38788 dev=08:01 mode=0100644 ouid=0 ogid=0
Aug 23 02:51:50 aitest audit: type=SYSCALL msg=audit(1755917510.739:403): arch=c000003e syscall=59 success=yes exit=0 pid=2014 uid=2002 gid=2002 comm="chmod" exe="/usr/bin/chmod" key="process_execution"
Aug 23 02:53:30 aitest audit: type=PATH msg=audit(1755917610.820:672): item=0 name="/home/opc/logai/enterprise_mnc_audit_sim/enterprise_data/hr/" inode=10219 dev=08:01 mode=0100644 ouid=0 ogid=0
Aug 23 02:53:30 aitest audit: type=SYSCALL msg=audit(1755917610.820:232): arch=c000003e syscall=59 success=yes exit=0 pid=2791 uid=2008 gid=2008 comm="ls" exe="/usr/bin/ls" key="process_execution"
Aug 23 02:53:33 aitest audit: type=SYSCALL msg=audit(1755917613.277:738): arch=c000003e syscall=59 success=yes exit=0 pid=9951 uid=2008 gid=2008 comm="netstat" exe="/usr/bin/netstat" key="process_execution"
Aug 23 02:53:41 aitest audit: type=SYSCALL msg=audit(1755917621.443:940): arch=c000003e syscall=59 success=yes exit=0 pid=5757 uid=2008 gid=2008 comm="last" exe="/usr/bin/last" key="process_execution"
Aug 23 02:53:49 aitest audit: type=SYSCALL msg=audit(1755917629.420:722): arch=c000003e syscall=59 success=yes exit=0 pid=8988 uid=2008 gid=2008 comm="w" exe="/usr/bin/w" key="process_execution"
Aug 23 02:53:52 aitest audit: type=PATH msg=audit(1755917632.815:219): item=0 name="/home/opc/logai/enterprise_mnc_audit_sim/enterprise_data/hr/" inode=11708 dev=08:01 mode=0100644 ouid=0 ogid=0
Aug 23 02:53:52 aitest audit: type=SYSCALL msg=audit(1755917632.815:848): arch=c000003e syscall=59 success=yes exit=0 pid=6804 uid=2008 gid=2008 comm="chmod" exe="/usr/bin/chmod" key="process_execution"
Aug 23 02:56:49 aitest audit: type=SYSCALL msg=audit(1755917809.301:304): arch=c000003e syscall=59 success=yes exit=0 pid=8378 uid=2010 gid=2010 comm="tar" exe="/usr/bin/tar" key="process_execution"
Aug 23 02:56:57 aitest audit: type=PATH msg=audit(1755917817.858:737): item=0 name="/home/opc/logai/enterprise_mnc_audit_sim/applications/" inode=41268 dev=08:01 mode=0100644 ouid=0 ogid=0
Aug 23 02:56:57 aitest audit: type=SYSCALL msg=audit(1755917817.858:953): arch=c000003e syscall=59 success=yes exit=0 pid=2928 uid=2010 gid=2010 comm="ls" exe="/usr/bin/ls" key="process_execution"
Aug 23 02:56:58 aitest audit: type=PATH msg=audit(1755917818.427:533): item=0 name="/home/opc/logai/enterprise_mnc_audit_sim/applications/" inode=33401 dev=08:01 mode=0100644 ouid=0 ogid=0
Aug 23 02:56:58 aitest audit: type=SYSCALL msg=audit(1755917818.427:68): arch=c000003e syscall=59 success=yes exit=0 pid=2532 uid=2010 gid=2010 comm="ls" exe="/usr/bin/ls" key="process_execution"
Aug 23 02:57:09 aitest audit: type=SYSCALL msg=audit(1755917829.260:37): arch=c000003e syscall=59 success=yes exit=0 pid=7168 uid=2010 gid=2010 comm="ps" exe="/usr/bin/ps" key="process_execution"
Aug 23 02:57:12 aitest audit: type=PATH msg=audit(1755917832.192:126): item=0 name="/home/opc/logai/enterprise_mnc_audit_sim/enterprise_data/operations/" inode=10662 dev=08:01 mode=0100644 ouid=0 ogid=0
Aug 23 02:57:12 aitest audit: type=SYSCALL msg=audit(1755917832.192:547): arch=c000003e syscall=59 success=yes exit=0 pid=4518 uid=2010 gid=2010 comm="ls" exe="/usr/bin/ls" key="process_execution"
Aug 23 03:00:44 aitest audit: type=PATH msg=audit(1755918044.665:991): item=0 name="/home/opc/logai/enterprise_mnc_audit_sim/system/configs/server.conf" inode=23678 dev=08:01 mode=0100644 ouid=0 ogid=0
Aug 23 03:00:44 aitest audit: type=SYSCALL msg=audit(1755918044.665:654): arch=c000003e syscall=59 success=yes exit=0 pid=11171 uid=2001 gid=2001 comm="cat" exe="/usr/bin/cat" key="process_execution"
Aug 23 03:00:49 aitest audit: type=PATH msg=audit(1755918049.199:789): item=0 name="/home/opc/logai/enterprise_mnc_audit_sim/system/configs/server.conf" inode=16480 dev=08:01 mode=0100644 ouid=0 ogid=0
Aug 23 03:00:49 aitest audit: type=SYSCALL msg=audit(1755918049.199:879): arch=c000003e syscall=59 success=yes exit=0 pid=8903 uid=2001 gid=2001 comm="cat" exe="/usr/bin/cat" key="process_execution"
Aug 23 03:02:12 aitest audit: type=SYSCALL msg=audit(1755918132.397:116): arch=c000003e syscall=59 success=yes exit=0 pid=7244 uid=2001 gid=2001 comm="ps" exe="/usr/bin/ps" key="process_execution"
Aug 23 03:02:20 aitest audit: type=SYSCALL msg=audit(1755918140.4:854): arch=c000003e syscall=59 success=yes exit=0 pid=4595 uid=2001 gid=2001 comm="free" exe="/usr/bin/free" key="process_execution"
Aug 23 03:02:28 aitest audit: type=SYSCALL msg=audit(1755918148.808:554): arch=c000003e syscall=59 success=yes exit=0 pid=7312 uid=2001 gid=2001 comm="netstat" exe="/usr/bin/netstat" key="process_execution"
Aug 23 03:02:31 aitest audit: type=SYSCALL msg=audit(1755918151.916:235): arch=c000003e syscall=59 success=yes exit=0 pid=10587 uid=2001 gid=2001 comm="df" exe="/usr/bin/df" key="process_execution"
Aug 23 03:02:32 aitest audit: type=SYSCALL msg=audit(1755918152.639:473): arch=c000003e syscall=59 success=yes exit=0 pid=6780 uid=2001 gid=2001 comm="df" exe="/usr/bin/df" key="process_execution"
Aug 23 03:02:55 aitest audit: type=PATH msg=audit(1755918175.33:701): item=0 name="/home/opc/logai/enterprise_mnc_audit_sim/enterprise_data/database/" inode=18231 dev=08:01 mode=0100644 ouid=0 ogid=0
Aug 23 03:02:55 aitest audit: type=SYSCALL msg=audit(1755918175.33:993): arch=c000003e syscall=59 success=yes exit=0 pid=3557 uid=2002 gid=2002 comm="ls" exe="/usr/bin/ls" key="process_execution"
Aug 23 03:02:58 aitest audit: type=PATH msg=audit(1755918178.343:186): item=0 name="/home/opc/logai/enterprise_mnc_audit_sim/enterprise_data/database/" inode=32564 dev=08:01 mode=0100644 ouid=0 ogid=0
Aug 23 03:02:58 aitest audit: type=SYSCALL msg=audit(1755918178.343:704): arch=c000003e syscall=59 success=yes exit=0 pid=7669 uid=2002 gid=2002 comm="ls" exe="/usr/bin/ls" key="process_execution"
Aug 23 03:03:04 aitest audit: type=PATH msg=audit(1755918184.534:376): item=0 name="/home/opc/logai/enterprise_mnc_audit_sim/enterprise_data/database/mysql/db_config.cnf" inode=41468 dev=08:01 mode=0100644 ouid=0 ogid=0
Aug 23 03:03:04 aitest audit: type=SYSCALL msg=audit(1755918184.534:211): arch=c000003e syscall=59 success=yes exit=0 pid=8070 uid=2002 gid=2002 comm="cat" exe="/usr/bin/cat" key="process_execution"
Aug 23 03:04:51 aitest audit: type=PATH msg=audit(1755918291.194:60): item=0 name="/home/opc/logai/enterprise_mnc_audit_sim/enterprise_data/development/projects/" inode=21349 dev=08:01 mode=0100644 ouid=0 ogid=0
Aug 23 03:04:51 aitest audit: type=SYSCALL msg=audit(1755918291.194:916): arch=c000003e syscall=59 success=yes exit=0 pid=4225 uid=2003 gid=2003 comm="ls" exe="/usr/bin/ls" key="process_execution"
Aug 23 03:05:01 aitest audit: type=SYSCALL msg=audit(1755918301.462:602): arch=c000003e syscall=59 success=yes exit=0 pid=4604 uid=2003 gid=2003 comm="grep" exe="/usr/bin/grep" key="process_execution"
Aug 23 03:05:07 aitest audit: type=PATH msg=audit(1755918307.332:840): item=0 name="/home/opc/logai/enterprise_mnc_audit_sim/enterprise_data/development" inode=30165 dev=08:01 mode=0100644 ouid=0 ogid=0
Aug 23 03:05:07 aitest audit: type=SYSCALL msg=audit(1755918307.332:896): arch=c000003e syscall=59 success=yes exit=0 pid=8912 uid=2003 gid=2003 comm="find" exe="/usr/bin/find" key="process_execution"
Aug 23 03:05:17 aitest audit: type=SYSCALL msg=audit(1755918317.125:381): arch=c000003e syscall=59 success=yes exit=0 pid=8771 uid=2003 gid=2003 comm="wc" exe="/usr/bin/wc" key="process_execution"
Aug 23 03:05:20 aitest audit: type=SYSCALL msg=audit(1755918320.73:904): arch=c000003e syscall=59 success=yes exit=0 pid=10805 uid=2003 gid=2003 comm="cp" exe="/usr/bin/cp" key="process_execution"
Aug 23 03:12:10 aitest audit: type=PATH msg=audit(1755918730.650:656): item=0 name="/home/opc/logai/enterprise_mnc_audit_sim/enterprise_data/development/" inode=41241 dev=08:01 mode=0100644 ouid=0 ogid=0
Aug 23 03:12:10 aitest audit: type=SYSCALL msg=audit(1755918730.650:493): arch=c000003e syscall=59 success=yes exit=0 pid=6350 uid=2006 gid=2006 comm="ls" exe="/usr/bin/ls" key="process_execution"
Aug 23 03:12:12 aitest audit: type=SYSCALL msg=audit(1755918732.721:574): arch=c000003e syscall=59 success=yes exit=0 pid=9317 uid=2006 gid=2006 comm="cp" exe="/usr/bin/cp" key="process_execution"
Aug 23 03:12:14 aitest audit: type=SYSCALL msg=audit(1755918734.718:657): arch=c000003e syscall=59 success=yes exit=0 pid=6904 uid=2006 gid=2006 comm="cp" exe="/usr/bin/cp" key="process_execution"
Aug 23 03:27:56 aitest audit: type=PATH msg=audit(1755919676.708:920): item=0 name="/home/opc/logai/enterprise_mnc_audit_sim/enterprise_data/database/" inode=27187 dev=08:01 mode=0100644 ouid=0 ogid=0
Aug 23 03:27:56 aitest audit: type=SYSCALL msg=audit(1755919676.708:718): arch=c000003e syscall=59 success=yes exit=0 pid=4783 uid=2005 gid=2005 comm="ls" exe="/usr/bin/ls" key="process_execution"
Aug 23 03:28:05 aitest audit: type=PATH msg=audit(1755919685.949:78): item=0 name="/home/opc/logai/enterprise_mnc_audit_sim/enterprise_data/database/" inode=20562 dev=08:01 mode=0100644 ouid=0 ogid=0
Aug 23 03:28:05 aitest audit: type=SYSCALL msg=audit(1755919685.949:324): arch=c000003e syscall=59 success=yes exit=0 pid=11928 uid=2005 gid=2005 comm="ls" exe="/usr/bin/ls" key="process_execution"
Aug 23 03:28:13 aitest audit: type=PATH msg=audit(1755919693.80:828): item=0 name="/home/opc/logai/enterprise_mnc_audit_sim/enterprise_data/database/mysql/db_config.cnf" inode=32632 dev=08:01 mode=0100644 ouid=0 ogid=0
Aug 23 03:28:13 aitest audit: type=SYSCALL msg=audit(1755919693.80:65): arch=c000003e syscall=59 success=yes exit=0 pid=5268 uid=2005 gid=2005 comm="chmod" exe="/usr/bin/chmod" key="process_execution"
Aug 23 03:28:46 aitest audit: type=PATH msg=audit(1755919726.360:947): item=0 name="/home/opc/logai/enterprise_mnc_audit_sim/enterprise_data/development" inode=17129 dev=08:01 mode=0100644 ouid=0 ogid=0
Aug 23 03:28:46 aitest audit: type=SYSCALL msg=audit(1755919726.360:259): arch=c000003e syscall=59 success=yes exit=0 pid=3710 uid=2006 gid=2006 comm="find" exe="/usr/bin/find" key="process_execution"
Aug 23 03:28:48 aitest audit: type=SYSCALL msg=audit(1755919728.745:825): arch=c000003e syscall=59 success=yes exit=0 pid=8087 uid=2006 gid=2006 comm="grep" exe="/usr/bin/grep" key="process_execution"
Aug 23 03:28:54 aitest audit: type=SYSCALL msg=audit(1755919734.423:569): arch=c000003e syscall=59 success=yes exit=0 pid=10216 uid=2006 gid=2006 comm="cp" exe="/usr/bin/cp" key="process_execution"
Aug 23 03:29:00 aitest audit: type=SYSCALL msg=audit(1755919740.442:462): arch=c000003e syscall=59 success=yes exit=0 pid=4877 uid=2006 gid=2006 comm="grep" exe="/usr/bin/grep" key="process_execution"
Aug 23 03:33:23 aitest audit: type=SYSCALL msg=audit(1755920003.547:940): arch=c000003e syscall=59 success=yes exit=0 pid=6359 uid=2010 gid=2010 comm="tar" exe="/usr/bin/tar" key="process_execution"
Aug 23 03:33:28 aitest audit: type=SYSCALL msg=audit(1755920008.280:483): arch=c000003e syscall=59 success=yes exit=0 pid=3992 uid=2010 gid=2010 comm="top" exe="/usr/bin/top" key="process_execution"
Aug 23 03:33:32 aitest audit: type=SYSCALL msg=audit(1755920012.307:603): arch=c000003e syscall=59 success=yes exit=0 pid=10038 uid=2010 gid=2010 comm="du" exe="/usr/bin/du" key="process_execution"
Aug 23 03:43:26 aitest audit: type=PATH msg=audit(1755920606.912:831): item=0 name="/home/opc/logai/enterprise_mnc_audit_sim/applications/" inode=19173 dev=08:01 mode=0100644 ouid=0 ogid=0
Aug 23 03:43:26 aitest audit: type=SYSCALL msg=audit(1755920606.912:258): arch=c000003e syscall=59 success=yes exit=0 pid=2655 uid=2010 gid=2010 comm="ls" exe="/usr/bin/ls" key="process_execution"
Aug 23 03:43:32 aitest audit: type=PATH msg=audit(1755920612.637:358): item=0 name="/home/opc/logai/enterprise_mnc_audit_sim/enterprise_data/operations/scripts/" inode=29347 dev=08:01 mode=0100644 ouid=0 ogid=0
Aug 23 03:43:32 aitest audit: type=SYSCALL msg=audit(1755920612.637:900): arch=c000003e syscall=59 success=yes exit=0 pid=7683 uid=2010 gid=2010 comm="chmod" exe="/usr/bin/chmod" key="process_execution"
Aug 23 03:45:30 aitest audit: type=PATH msg=audit(1755920730.185:498): item=0 name="/home/opc/logai/enterprise_mnc_audit_sim/system/logs/application.log" inode=42194 dev=08:01 mode=0100644 ouid=0 ogid=0
Aug 23 03:45:30 aitest audit: type=SYSCALL msg=audit(1755920730.185:844): arch=c000003e syscall=59 success=yes exit=0 pid=5825 uid=2001 gid=2001 comm="tail" exe="/usr/bin/tail" key="process_execution"
Aug 23 03:45:37 aitest audit: type=SYSCALL msg=audit(1755920737.964:77): arch=c000003e syscall=59 success=yes exit=0 pid=5925 uid=2001 gid=2001 comm="netstat" exe="/usr/bin/netstat" key="process_execution"
Aug 23 03:45:42 aitest audit: type=SYSCALL msg=audit(1755920742.601:661): arch=c000003e syscall=59 success=yes exit=0 pid=3416 uid=2001 gid=2001 comm="netstat" exe="/usr/bin/netstat" key="process_execution"
Aug 23 03:45:45 aitest audit: type=PATH msg=audit(1755920745.593:330): item=0 name="/home/opc/logai/enterprise_mnc_audit_sim/system" inode=38365 dev=08:01 mode=0100644 ouid=0 ogid=0
Aug 23 03:45:45 aitest audit: type=SYSCALL msg=audit(1755920745.593:85): arch=c000003e syscall=59 success=yes exit=0 pid=11043 uid=2001 gid=2001 comm="find" exe="/usr/bin/find" key="process_execution"
Aug 23 03:45:49 aitest audit: type=SYSCALL msg=audit(1755920749.989:903): arch=c000003e syscall=59 success=yes exit=0 pid=5068 uid=2001 gid=2001 comm="netstat" exe="/usr/bin/netstat" key="process_execution"
Aug 23 03:46:41 aitest audit: type=PATH msg=audit(1755920801.454:850): item=0 name="/home/opc/logai/enterprise_mnc_audit_sim/applications/databases/" inode=25042 dev=08:01 mode=0100644 ouid=0 ogid=0
Aug 23 03:46:41 aitest audit: type=SYSCALL msg=audit(1755920801.454:333): arch=c000003e syscall=59 success=yes exit=0 pid=6864 uid=2002 gid=2002 comm="ls" exe="/usr/bin/ls" key="process_execution"
Aug 23 03:46:47 aitest audit: type=PATH msg=audit(1755920807.733:653): item=0 name="/home/opc/logai/enterprise_mnc_audit_sim/applications/databases/" inode=39854 dev=08:01 mode=0100644 ouid=0 ogid=0
Aug 23 03:46:47 aitest audit: type=SYSCALL msg=audit(1755920807.733:982): arch=c000003e syscall=59 success=yes exit=0 pid=5961 uid=2002 gid=2002 comm="ls" exe="/usr/bin/ls" key="process_execution"
Aug 23 03:46:48 aitest audit: type=SYSCALL msg=audit(1755920808.240:796): arch=c000003e syscall=59 success=yes exit=0 pid=6512 uid=2002 gid=2002 comm="cp" exe="/usr/bin/cp" key="process_execution"
Aug 23 03:51:00 aitest audit: type=PATH msg=audit(1755921060.402:197): item=0 name="/home/opc/logai/enterprise_mnc_audit_sim/enterprise_data/development/" inode=20780 dev=08:01 mode=0100644 ouid=0 ogid=0
Aug 23 03:51:00 aitest audit: type=SYSCALL msg=audit(1755921060.402:783): arch=c000003e syscall=59 success=yes exit=0 pid=9021 uid=2009 gid=2009 comm="ls" exe="/usr/bin/ls" key="process_execution"
Aug 23 03:51:09 aitest audit: type=SYSCALL msg=audit(1755921069.768:124): arch=c000003e syscall=59 success=yes exit=0 pid=8238 uid=2009 gid=2009 comm="wc" exe="/usr/bin/wc" key="process_execution"
Aug 23 03:58:52 aitest audit: type=SYSCALL msg=audit(1755921532.19:415): arch=c000003e syscall=59 success=yes exit=0 pid=8383 uid=2008 gid=2008 comm="who" exe="/usr/bin/who" key="process_execution"
Aug 23 03:58:59 aitest audit: type=PATH msg=audit(1755921539.644:214): item=0 name="/home/opc/logai/enterprise_mnc_audit_sim/enterprise_data/hr/" inode=30483 dev=08:01 mode=0100644 ouid=0 ogid=0
Aug 23 03:58:59 aitest audit: type=SYSCALL msg=audit(1755921539.644:943): arch=c000003e syscall=59 success=yes exit=0 pid=3197 uid=2008 gid=2008 comm="ls" exe="/usr/bin/ls" key="process_execution"
Aug 23 03:59:05 aitest audit: type=SYSCALL msg=audit(1755921545.146:404): arch=c000003e syscall=59 success=yes exit=0 pid=4940 uid=2008 gid=2008 comm="who" exe="/usr/bin/who" key="process_execution"
Aug 23 04:04:30 aitest audit: type=PATH msg=audit(1755921870.775:925): item=0 name="/home/opc/logai/enterprise_mnc_audit_sim/enterprise_data/development/scripts/build.sh" inode=39250 dev=08:01 mode=0100644 ouid=0 ogid=0
Aug 23 04:04:30 aitest audit: type=SYSCALL msg=audit(1755921870.775:300): arch=c000003e syscall=59 success=yes exit=0 pid=11158 uid=2006 gid=2006 comm="chmod" exe="/usr/bin/chmod" key="process_execution"
Aug 23 04:04:37 aitest audit: type=SYSCALL msg=audit(1755921877.449:500): arch=c000003e syscall=59 success=yes exit=0 pid=9596 uid=2006 gid=2006 comm="wc" exe="/usr/bin/wc" key="process_execution"
Aug 23 04:04:44 aitest audit: type=SYSCALL msg=audit(1755921884.238:601): arch=c000003e syscall=59 success=yes exit=0 pid=9608 uid=2006 gid=2006 comm="wc" exe="/usr/bin/wc" key="process_execution"
Aug 23 04:04:49 aitest audit: type=PATH msg=audit(1755921889.169:800): item=0 name="/home/opc/logai/enterprise_mnc_audit_sim/enterprise_data/development/projects/project_alpha.txt" inode=38335 dev=08:01 mode=0100644 ouid=0 ogid=0
Aug 23 04:04:49 aitest audit: type=SYSCALL msg=audit(1755921889.169:416): arch=c000003e syscall=59 success=yes exit=0 pid=4441 uid=2006 gid=2006 comm="cat" exe="/usr/bin/cat" key="process_execution"
Aug 23 04:04:50 aitest audit: type=PATH msg=audit(1755921890.200:426): item=0 name="/home/opc/logai/enterprise_mnc_audit_sim/enterprise_data/development/projects/project_alpha.txt" inode=20745 dev=08:01 mode=0100644 ouid=0 ogid=0
Aug 23 04:04:50 aitest audit: type=SYSCALL msg=audit(1755921890.200:216): arch=c000003e syscall=59 success=yes exit=0 pid=9576 uid=2006 gid=2006 comm="cat" exe="/usr/bin/cat" key="process_execution"
Aug 23 04:06:39 aitest audit: type=PATH msg=audit(1755921999.733:24): item=0 name="/home/opc/logai/enterprise_mnc_audit_sim/system" inode=15931 dev=08:01 mode=0100644 ouid=0 ogid=0
Aug 23 04:06:39 aitest audit: type=SYSCALL msg=audit(1755921999.733:45): arch=c000003e syscall=59 success=yes exit=0 pid=10660 uid=2001 gid=2001 comm="find" exe="/usr/bin/find" key="process_execution"
Aug 23 04:06:49 aitest audit: type=PATH msg=audit(1755922009.266:194): item=0 name="/home/opc/logai/enterprise_mnc_audit_sim/system/configs/server.conf" inode=37289 dev=08:01 mode=0100644 ouid=0 ogid=0
Aug 23 04:06:49 aitest audit: type=SYSCALL msg=audit(1755922009.266:889): arch=c000003e syscall=59 success=yes exit=0 pid=10484 uid=2001 gid=2001 comm="cat" exe="/usr/bin/cat" key="process_execution"
Aug 23 04:06:55 aitest audit: type=PATH msg=audit(1755922015.476:491): item=0 name="/home/opc/logai/enterprise_mnc_audit_sim/system/configs/" inode=33845 dev=08:01 mode=0100644 ouid=0 ogid=0
Aug 23 04:06:55 aitest audit: type=SYSCALL msg=audit(1755922015.476:37): arch=c000003e syscall=59 success=yes exit=0 pid=5555 uid=2001 gid=2001 comm="ls" exe="/usr/bin/ls" key="process_execution"
Aug 23 04:11:45 aitest audit: type=SYSCALL msg=audit(1755922305.50:992): arch=c000003e syscall=59 success=yes exit=0 pid=2864 uid=2010 gid=2010 comm="tar" exe="/usr/bin/tar" key="process_execution"
Aug 23 04:11:54 aitest audit: type=SYSCALL msg=audit(1755922314.397:629): arch=c000003e syscall=59 success=yes exit=0 pid=11971 uid=2010 gid=2010 comm="ps" exe="/usr/bin/ps" key="process_execution"
Aug 23 04:13:13 aitest audit: type=PATH msg=audit(1755922393.430:92): item=0 name="/home/opc/logai/enterprise_mnc_audit_sim/enterprise_data/development/projects/" inode=37718 dev=08:01 mode=0100644 ouid=0 ogid=0
Aug 23 04:13:13 aitest audit: type=SYSCALL msg=audit(1755922393.430:845): arch=c000003e syscall=59 success=yes exit=0 pid=10888 uid=2006 gid=2006 comm="ls" exe="/usr/bin/ls" key="process_execution"
Aug 23 04:13:22 aitest audit: type=PATH msg=audit(1755922402.952:307): item=0 name="/home/opc/logai/enterprise_mnc_audit_sim/enterprise_data/development/projects/project_alpha.txt" inode=11465 dev=08:01 mode=0100644 ouid=0 ogid=0
Aug 23 04:13:22 aitest audit: type=SYSCALL msg=audit(1755922402.952:381): arch=c000003e syscall=59 success=yes exit=0 pid=4444 uid=2006 gid=2006 comm="cat" exe="/usr/bin/cat" key="process_execution"
Aug 23 04:14:24 aitest audit: type=SYSCALL msg=audit(1755922464.256:456): arch=c000003e syscall=59 success=yes exit=0 pid=6869 uid=2003 gid=2003 comm="wc" exe="/usr/bin/wc" key="process_execution"
Aug 23 04:14:25 aitest audit: type=PATH msg=audit(1755922465.938:327): item=0 name="/home/opc/logai/enterprise_mnc_audit_sim/enterprise_data/development/projects/project_alpha.txt" inode=13922 dev=08:01 mode=0100644 ouid=0 ogid=0
Aug 23 04:14:25 aitest audit: type=SYSCALL msg=audit(1755922465.938:995): arch=c000003e syscall=59 success=yes exit=0 pid=6440 uid=2003 gid=2003 comm="cat" exe="/usr/bin/cat" key="process_execution"
Aug 23 04:14:33 aitest audit: type=SYSCALL msg=audit(1755922473.492:572): arch=c000003e syscall=59 success=yes exit=0 pid=4165 uid=2003 gid=2003 comm="wc" exe="/usr/bin/wc" key="process_execution"
Aug 23 04:14:37 aitest audit: type=PATH msg=audit(1755922477.759:28): item=0 name="/home/opc/logai/enterprise_mnc_audit_sim/enterprise_data/development/scripts/build.sh" inode=18153 dev=08:01 mode=0100644 ouid=0 ogid=0
Aug 23 04:14:37 aitest audit: type=SYSCALL msg=audit(1755922477.759:125): arch=c000003e syscall=59 success=yes exit=0 pid=8599 uid=2003 gid=2003 comm="chmod" exe="/usr/bin/chmod" key="process_execution"
Aug 23 04:14:40 aitest audit: type=PATH msg=audit(1755922480.969:462): item=0 name="/home/opc/logai/enterprise_mnc_audit_sim/enterprise_data/development/" inode=22112 dev=08:01 mode=0100644 ouid=0 ogid=0
Aug 23 04:14:40 aitest audit: type=SYSCALL msg=audit(1755922480.969:940): arch=c000003e syscall=59 success=yes exit=0 pid=10174 uid=2003 gid=2003 comm="ls" exe="/usr/bin/ls" key="process_execution"
Aug 23 04:23:59 aitest audit: type=PATH msg=audit(1755923039.207:314): item=0 name="/home/opc/logai/enterprise_mnc_audit_sim/enterprise_data/development/projects/" inode=29902 dev=08:01 mode=0100644 ouid=0 ogid=0
Aug 23 04:23:59 aitest audit: type=SYSCALL msg=audit(1755923039.207:479): arch=c000003e syscall=59 success=yes exit=0 pid=3080 uid=2009 gid=2009 comm="ls" exe="/usr/bin/ls" key="process_execution"
Aug 23 04:24:00 aitest audit: type=SYSCALL msg=audit(1755923040.487:348): arch=c000003e syscall=59 success=yes exit=0 pid=10330 uid=2009 gid=2009 comm="grep" exe="/usr/bin/grep" key="process_execution"
Aug 23 04:24:08 aitest audit: type=PATH msg=audit(1755923048.589:128): item=0 name="/home/opc/logai/enterprise_mnc_audit_sim/enterprise_data/development/" inode=41942 dev=08:01 mode=0100644 ouid=0 ogid=0
Aug 23 04:24:08 aitest audit: type=SYSCALL msg=audit(1755923048.589:146): arch=c000003e syscall=59 success=yes exit=0 pid=4529 uid=2009 gid=2009 comm="ls" exe="/usr/bin/ls" key="process_execution"
Aug 23 04:24:10 aitest audit: type=PATH msg=audit(1755923050.758:874): item=0 name="/home/opc/logai/enterprise_mnc_audit_sim/enterprise_data/development/" inode=28083 dev=08:01 mode=0100644 ouid=0 ogid=0
Aug 23 04:24:10 aitest audit: type=SYSCALL msg=audit(1755923050.758:215): arch=c000003e syscall=59 success=yes exit=0 pid=11498 uid=2009 gid=2009 comm="ls" exe="/usr/bin/ls" key="process_execution"
Aug 23 04:25:24 aitest audit: type=SYSCALL msg=audit(1755923124.181:105): arch=c000003e syscall=59 success=yes exit=0 pid=6612 uid=2009 gid=2009 comm="cp" exe="/usr/bin/cp" key="process_execution"
Aug 23 04:25:29 aitest audit: type=SYSCALL msg=audit(1755923129.694:502): arch=c000003e syscall=59 success=yes exit=0 pid=6189 uid=2009 gid=2009 comm="wc" exe="/usr/bin/wc" key="process_execution"
Aug 23 04:43:48 aitest audit: type=PATH msg=audit(1755924228.0:143): item=0 name="/home/opc/logai/enterprise_mnc_audit_sim/enterprise_data/database" inode=38126 dev=08:01 mode=0100644 ouid=0 ogid=0
Aug 23 04:43:48 aitest audit: type=SYSCALL msg=audit(1755924228.0:921): arch=c000003e syscall=59 success=yes exit=0 pid=2963 uid=2002 gid=2002 comm="find" exe="/usr/bin/find" key="process_execution"
Aug 23 04:43:49 aitest audit: type=SYSCALL msg=audit(1755924229.702:387): arch=c000003e syscall=59 success=yes exit=0 pid=9669 uid=2002 gid=2002 comm="grep" exe="/usr/bin/grep" key="process_execution"
Aug 23 04:43:57 aitest audit: type=PATH msg=audit(1755924237.801:113): item=0 name="/home/opc/logai/enterprise_mnc_audit_sim/enterprise_data/database/" inode=16147 dev=08:01 mode=0100644 ouid=0 ogid=0
Aug 23 04:43:57 aitest audit: type=SYSCALL msg=audit(1755924237.801:919): arch=c000003e syscall=59 success=yes exit=0 pid=6391 uid=2002 gid=2002 comm="ls" exe="/usr/bin/ls" key="process_execution"
Aug 23 04:51:45 aitest audit: type=PATH msg=audit(1755924705.5:362): item=0 name="/home/opc/logai/enterprise_mnc_audit_sim/enterprise_data/operations/" inode=29796 dev=08:01 mode=0100644 ouid=0 ogid=0
Aug 23 04:51:45 aitest audit: type=SYSCALL msg=audit(1755924705.5:676): arch=c000003e syscall=59 success=yes exit=0 pid=2851 uid=2007 gid=2007 comm="ls" exe="/usr/bin/ls" key="process_execution"
Aug 23 04:51:52 aitest audit: type=SYSCALL msg=audit(1755924712.275:50): arch=c000003e syscall=59 success=yes exit=0 pid=9678 uid=2007 gid=2007 comm="ps" exe="/usr/bin/ps" key="process_execution"
Aug 23 04:51:59 aitest audit: type=PATH msg=audit(1755924719.582:997): item=0 name="/home/opc/logai/enterprise_mnc_audit_sim/enterprise_data/operations/" inode=37166 dev=08:01 mode=0100644 ouid=0 ogid=0
Aug 23 04:51:59 aitest audit: type=SYSCALL msg=audit(1755924719.582:741): arch=c000003e syscall=59 success=yes exit=0 pid=7569 uid=2007 gid=2007 comm="ls" exe="/usr/bin/ls" key="process_execution"
Aug 23 05:01:30 aitest audit: type=PATH msg=audit(1755925290.906:512): item=0 name="/home/opc/logai/enterprise_mnc_audit_sim/enterprise_data/operations/" inode=27771 dev=08:01 mode=0100644 ouid=0 ogid=0
Aug 23 05:01:30 aitest audit: type=SYSCALL msg=audit(1755925290.906:841): arch=c000003e syscall=59 success=yes exit=0 pid=8406 uid=2010 gid=2010 comm="ls" exe="/usr/bin/ls" key="process_execution"
Aug 23 05:01:39 aitest audit: type=SYSCALL msg=audit(1755925299.405:217): arch=c000003e syscall=59 success=yes exit=0 pid=3081 uid=2010 gid=2010 comm="tar" exe="/usr/bin/tar" key="process_execution"
Aug 23 05:01:47 aitest audit: type=SYSCALL msg=audit(1755925307.652:793): arch=c000003e syscall=59 success=yes exit=0 pid=2294 uid=2010 gid=2010 comm="du" exe="/usr/bin/du" key="process_execution"
Aug 23 05:08:32 aitest audit: type=PATH msg=audit(1755925712.274:533): item=0 name="/home/opc/logai/enterprise_mnc_audit_sim/enterprise_data/operations/" inode=11246 dev=08:01 mode=0100644 ouid=0 ogid=0
Aug 23 05:08:32 aitest audit: type=SYSCALL msg=audit(1755925712.274:59): arch=c000003e syscall=59 success=yes exit=0 pid=6311 uid=2007 gid=2007 comm="ls" exe="/usr/bin/ls" key="process_execution"
Aug 23 05:08:39 aitest audit: type=SYSCALL msg=audit(1755925719.544:945): arch=c000003e syscall=59 success=yes exit=0 pid=5244 uid=2007 gid=2007 comm="ps" exe="/usr/bin/ps" key="process_execution"
Aug 23 05:11:17 aitest audit: type=PATH msg=audit(1755925877.144:437): item=0 name="/home/opc/logai/enterprise_mnc_audit_sim/enterprise_data/" inode=18512 dev=08:01 mode=0100644 ouid=0 ogid=0
Aug 23 05:11:17 aitest audit: type=SYSCALL msg=audit(1755925877.144:10): arch=c000003e syscall=59 success=yes exit=0 pid=7585 uid=2008 gid=2008 comm="ls" exe="/usr/bin/ls" key="process_execution"
Aug 23 05:11:27 aitest audit: type=PATH msg=audit(1755925887.603:810): item=0 name="/home/opc/logai/enterprise_mnc_audit_sim/enterprise_data/hr/" inode=21238 dev=08:01 mode=0100644 ouid=0 ogid=0
Aug 23 05:11:27 aitest audit: type=SYSCALL msg=audit(1755925887.603:810): arch=c000003e syscall=59 success=yes exit=0 pid=5751 uid=2008 gid=2008 comm="ls" exe="/usr/bin/ls" key="process_execution"
Aug 23 05:11:31 aitest audit: type=SYSCALL msg=audit(1755925891.475:659): arch=c000003e syscall=59 success=yes exit=0 pid=6123 uid=2008 gid=2008 comm="who" exe="/usr/bin/who" key="process_execution"
Aug 23 05:14:04 aitest audit: type=SYSCALL msg=audit(1755926044.299:316): arch=c000003e syscall=59 success=yes exit=0 pid=9986 uid=2008 gid=2008 comm="who" exe="/usr/bin/who" key="process_execution"
Aug 23 05:14:08 aitest audit: type=PATH msg=audit(1755926048.784:784): item=0 name="/home/opc/logai/enterprise_mnc_audit_sim/enterprise_data/hr/" inode=23643 dev=08:01 mode=0100644 ouid=0 ogid=0
Aug 23 05:14:08 aitest audit: type=SYSCALL msg=audit(1755926048.784:579): arch=c000003e syscall=59 success=yes exit=0 pid=8495 uid=2008 gid=2008 comm="chmod" exe="/usr/bin/chmod" key="process_execution"
Aug 23 05:14:09 aitest audit: type=SYSCALL msg=audit(1755926049.964:907): arch=c000003e syscall=59 success=yes exit=0 pid=9900 uid=2008 gid=2008 comm="netstat" exe="/usr/bin/netstat" key="process_execution"
Aug 23 05:22:51 aitest audit: type=PATH msg=audit(1755926571.173:908): item=0 name="/home/opc/logai/enterprise_mnc_audit_sim/enterprise_data/database" inode=14726 dev=08:01 mode=0100644 ouid=0 ogid=0
Aug 23 05:22:51 aitest audit: type=SYSCALL msg=audit(1755926571.173:383): arch=c000003e syscall=59 success=yes exit=0 pid=3556 uid=2002 gid=2002 comm="find" exe="/usr/bin/find" key="process_execution"
Aug 23 05:22:54 aitest audit: type=PATH msg=audit(1755926574.968:302): item=0 name="/home/opc/logai/enterprise_mnc_audit_sim/enterprise_data/database/mysql/db_config.cnf" inode=33224 dev=08:01 mode=0100644 ouid=0 ogid=0
Aug 23 05:22:54 aitest audit: type=SYSCALL msg=audit(1755926574.968:639): arch=c000003e syscall=59 success=yes exit=0 pid=4021 uid=2002 gid=2002 comm="cat" exe="/usr/bin/cat" key="process_execution"
Aug 23 05:23:01 aitest audit: type=PATH msg=audit(1755926581.216:256): item=0 name="/home/opc/logai/enterprise_mnc_audit_sim/enterprise_data/database/" inode=28329 dev=08:01 mode=0100644 ouid=0 ogid=0
Aug 23 05:23:01 aitest audit: type=SYSCALL msg=audit(1755926581.216:306): arch=c000003e syscall=59 success=yes exit=0 pid=3201 uid=2002 gid=2002 comm="ls" exe="/usr/bin/ls" key="process_execution"
Aug 23 05:23:10 aitest audit: type=PATH msg=audit(1755926590.178:182): item=0 name="/home/opc/logai/enterprise_mnc_audit_sim/enterprise_data/database/mysql/db_config.cnf" inode=37650 dev=08:01 mode=0100644 ouid=0 ogid=0
Aug 23 05:23:10 aitest audit: type=SYSCALL msg=audit(1755926590.178:361): arch=c000003e syscall=59 success=yes exit=0 pid=4338 uid=2002 gid=2002 comm="chmod" exe="/usr/bin/chmod" key="process_execution"
Aug 23 05:23:12 aitest audit: type=SYSCALL msg=audit(1755926592.614:109): arch=c000003e syscall=59 success=yes exit=0 pid=2307 uid=2002 gid=2002 comm="grep" exe="/usr/bin/grep" key="process_execution"
Aug 23 05:32:43 aitest audit: type=SYSCALL msg=audit(1755927163.682:179): arch=c000003e syscall=59 success=yes exit=0 pid=4589 uid=2003 gid=2003 comm="wc" exe="/usr/bin/wc" key="process_execution"
Aug 23 05:32:48 aitest audit: type=SYSCALL msg=audit(1755927168.472:504): arch=c000003e syscall=59 success=yes exit=0 pid=11305 uid=2003 gid=2003 comm="wc" exe="/usr/bin/wc" key="process_execution"
Aug 23 05:32:56 aitest audit: type=SYSCALL msg=audit(1755927176.681:39): arch=c000003e syscall=59 success=yes exit=0 pid=3386 uid=2003 gid=2003 comm="cp" exe="/usr/bin/cp" key="process_execution"
Aug 23 05:36:43 aitest audit: type=SYSCALL msg=audit(1755927403.43:617): arch=c000003e syscall=59 success=yes exit=0 pid=7132 uid=2003 gid=2003 comm="cp" exe="/usr/bin/cp" key="process_execution"
Aug 23 05:36:52 aitest audit: type=SYSCALL msg=audit(1755927412.715:508): arch=c000003e syscall=59 success=yes exit=0 pid=8670 uid=2003 gid=2003 comm="cp" exe="/usr/bin/cp" key="process_execution"
Aug 23 05:46:55 aitest audit: type=SYSCALL msg=audit(1755928015.669:557): arch=c000003e syscall=59 success=yes exit=0 pid=7455 uid=2009 gid=2009 comm="cp" exe="/usr/bin/cp" key="process_execution"
Aug 23 05:47:00 aitest audit: type=SYSCALL msg=audit(1755928020.940:658): arch=c000003e syscall=59 success=yes exit=0 pid=5364 uid=2009 gid=2009 comm="cp" exe="/usr/bin/cp" key="process_execution"
Aug 23 05:47:06 aitest audit: type=SYSCALL msg=audit(1755928026.699:576): arch=c000003e syscall=59 success=yes exit=0 pid=4575 uid=2009 gid=2009 comm="wc" exe="/usr/bin/wc" key="process_execution"
Aug 23 05:47:09 aitest audit: type=PATH msg=audit(1755928029.608:226): item=0 name="/home/opc/logai/enterprise_mnc_audit_sim/enterprise_data/development/scripts/build.sh" inode=37930 dev=08:01 mode=0100644 ouid=0 ogid=0
Aug 23 05:47:09 aitest audit: type=SYSCALL msg=audit(1755928029.608:706): arch=c000003e syscall=59 success=yes exit=0 pid=11280 uid=2009 gid=2009 comm="chmod" exe="/usr/bin/chmod" key="process_execution"
Aug 23 05:52:01 aitest audit: type=PATH msg=audit(1755928321.218:395): item=0 name="/home/opc/logai/enterprise_mnc_audit_sim/applications/" inode=31861 dev=08:01 mode=0100644 ouid=0 ogid=0
Aug 23 05:52:01 aitest audit: type=SYSCALL msg=audit(1755928321.218:840): arch=c000003e syscall=59 success=yes exit=0 pid=9885 uid=2004 gid=2004 comm="ls" exe="/usr/bin/ls" key="process_execution"
Aug 23 05:52:11 aitest audit: type=PATH msg=audit(1755928331.87:169): item=0 name="/home/opc/logai/enterprise_mnc_audit_sim/system/configs/" inode=23267 dev=08:01 mode=0100644 ouid=0 ogid=0
Aug 23 05:52:11 aitest audit: type=SYSCALL msg=audit(1755928331.87:730): arch=c000003e syscall=59 success=yes exit=0 pid=2725 uid=2004 gid=2004 comm="ls" exe="/usr/bin/ls" key="process_execution"
Aug 23 05:52:15 aitest audit: type=SYSCALL msg=audit(1755928335.889:106): arch=c000003e syscall=59 success=yes exit=0 pid=10079 uid=2004 gid=2004 comm="netstat" exe="/usr/bin/netstat" key="process_execution"
Aug 23 06:00:34 aitest audit: type=PATH msg=audit(1755928834.733:383): item=0 name="/home/opc/logai/enterprise_mnc_audit_sim/enterprise_data/development/projects/project_alpha.txt" inode=40209 dev=08:01 mode=0100644 ouid=0 ogid=0
Aug 23 06:00:34 aitest audit: type=SYSCALL msg=audit(1755928834.733:183): arch=c000003e syscall=59 success=yes exit=0 pid=6434 uid=2003 gid=2003 comm="cat" exe="/usr/bin/cat" key="process_execution"
Aug 23 06:00:35 aitest audit: type=SYSCALL msg=audit(1755928835.656:49): arch=c000003e syscall=59 success=yes exit=0 pid=7936 uid=2003 gid=2003 comm="wc" exe="/usr/bin/wc" key="process_execution"
Aug 23 06:00:40 aitest audit: type=PATH msg=audit(1755928840.297:578): item=0 name="/home/opc/logai/enterprise_mnc_audit_sim/enterprise_data/development" inode=36850 dev=08:01 mode=0100644 ouid=0 ogid=0
Aug 23 06:00:40 aitest audit: type=SYSCALL msg=audit(1755928840.297:258): arch=c000003e syscall=59 success=yes exit=0 pid=6183 uid=2003 gid=2003 comm="find" exe="/usr/bin/find" key="process_execution"
Aug 23 06:00:50 aitest audit: type=PATH msg=audit(1755928850.305:84): item=0 name="/home/opc/logai/enterprise_mnc_audit_sim/enterprise_data/development" inode=32105 dev=08:01 mode=0100644 ouid=0 ogid=0
Aug 23 06:00:50 aitest audit: type=SYSCALL msg=audit(1755928850.305:364): arch=c000003e syscall=59 success=yes exit=0 pid=7566 uid=2003 gid=2003 comm="find" exe="/usr/bin/find" key="process_execution"
Aug 23 06:00:59 aitest audit: type=PATH msg=audit(1755928859.276:949): item=0 name="/home/opc/logai/enterprise_mnc_audit_sim/enterprise_data/development" inode=11032 dev=08:01 mode=0100644 ouid=0 ogid=0
Aug 23 06:00:59 aitest audit: type=PATH msg=audit(1755928859.328:197): item=0 name="/home/opc/logai/enterprise_mnc_audit_sim/enterprise_data/development/scripts/build.sh" inode=18267 dev=08:01 mode=0100644 ouid=0 ogid=0
Aug 23 06:00:59 aitest audit: type=SYSCALL msg=audit(1755928859.276:332): arch=c000003e syscall=59 success=yes exit=0 pid=4627 uid=2003 gid=2003 comm="find" exe="/usr/bin/find" key="process_execution"
Aug 23 06:00:59 aitest audit: type=SYSCALL msg=audit(1755928859.328:382): arch=c000003e syscall=59 success=yes exit=0 pid=10970 uid=2003 gid=2003 comm="chmod" exe="/usr/bin/chmod" key="process_execution"
Aug 23 06:01:00 aitest audit: type=SYSCALL msg=audit(1755928860.850:324): arch=c000003e syscall=59 success=yes exit=0 pid=10599 uid=2003 gid=2003 comm="cp" exe="/usr/bin/cp" key="process_execution"
Aug 23 06:01:08 aitest audit: type=SYSCALL msg=audit(1755928868.553:885): arch=c000003e syscall=59 success=yes exit=0 pid=6782 uid=2003 gid=2003 comm="wc" exe="/usr/bin/wc" key="process_execution"
Aug 23 06:01:18 aitest audit: type=SYSCALL msg=audit(1755928878.290:249): arch=c000003e syscall=59 success=yes exit=0 pid=10319 uid=2003 gid=2003 comm="grep" exe="/usr/bin/grep" key="process_execution"
Aug 23 06:01:25 aitest audit: type=PATH msg=audit(1755928885.784:414): item=0 name="/home/opc/logai/enterprise_mnc_audit_sim/enterprise_data/development/scripts/build.sh" inode=20698 dev=08:01 mode=0100644 ouid=0 ogid=0
Aug 23 06:01:25 aitest audit: type=SYSCALL msg=audit(1755928885.784:649): arch=c000003e syscall=59 success=yes exit=0 pid=4936 uid=2003 gid=2003 comm="chmod" exe="/usr/bin/chmod" key="process_execution"
Aug 23 06:08:34 aitest audit: type=SYSCALL msg=audit(1755929314.561:190): arch=c000003e syscall=59 success=yes exit=0 pid=4342 uid=2007 gid=2007 comm="ps" exe="/usr/bin/ps" key="process_execution"
Aug 23 06:08:36 aitest audit: type=PATH msg=audit(1755929316.949:104): item=0 name="/home/opc/logai/enterprise_mnc_audit_sim/enterprise_data/operations/" inode=14421 dev=08:01 mode=0100644 ouid=0 ogid=0
Aug 23 06:08:36 aitest audit: type=SYSCALL msg=audit(1755929316.949:272): arch=c000003e syscall=59 success=yes exit=0 pid=3026 uid=2007 gid=2007 comm="ls" exe="/usr/bin/ls" key="process_execution"
Aug 23 06:18:50 aitest audit: type=PATH msg=audit(1755929930.867:394): item=0 name="/home/opc/logai/enterprise_mnc_audit_sim/applications/databases/" inode=19065 dev=08:01 mode=0100644 ouid=0 ogid=0
Aug 23 06:18:50 aitest audit: type=SYSCALL msg=audit(1755929930.867:341): arch=c000003e syscall=59 success=yes exit=0 pid=2977 uid=2002 gid=2002 comm="ls" exe="/usr/bin/ls" key="process_execution"
Aug 23 06:18:55 aitest audit: type=SYSCALL msg=audit(1755929935.156:872): arch=c000003e syscall=59 success=yes exit=0 pid=9339 uid=2002 gid=2002 comm="grep" exe="/usr/bin/grep" key="process_execution"
Aug 23 06:19:05 aitest audit: type=SYSCALL msg=audit(1755929945.358:563): arch=c000003e syscall=59 success=yes exit=0 pid=3209 uid=2002 gid=2002 comm="du" exe="/usr/bin/du" key="process_execution"
Aug 23 06:19:07 aitest audit: type=PATH msg=audit(1755929947.556:336): item=0 name="/home/opc/logai/enterprise_mnc_audit_sim/applications/databases/" inode=21258 dev=08:01 mode=0100644 ouid=0 ogid=0
Aug 23 06:19:07 aitest audit: type=SYSCALL msg=audit(1755929947.556:460): arch=c000003e syscall=59 success=yes exit=0 pid=6519 uid=2002 gid=2002 comm="ls" exe="/usr/bin/ls" key="process_execution"
Aug 23 06:20:46 aitest audit: type=PATH msg=audit(1755930046.292:582): item=0 name="/home/opc/logai/enterprise_mnc_audit_sim/enterprise_data/development" inode=33822 dev=08:01 mode=0100644 ouid=0 ogid=0
Aug 23 06:20:46 aitest audit: type=SYSCALL msg=audit(1755930046.292:51): arch=c000003e syscall=59 success=yes exit=0 pid=9841 uid=2006 gid=2006 comm="find" exe="/usr/bin/find" key="process_execution"
Aug 23 06:20:48 aitest audit: type=SYSCALL msg=audit(1755930048.499:41): arch=c000003e syscall=59 success=yes exit=0 pid=11876 uid=2006 gid=2006 comm="grep" exe="/usr/bin/grep" key="process_execution"
Aug 23 06:20:52 aitest audit: type=PATH msg=audit(1755930052.830:506): item=0 name="/home/opc/logai/enterprise_mnc_audit_sim/enterprise_data/development/" inode=31331 dev=08:01 mode=0100644 ouid=0 ogid=0
Aug 23 06:20:52 aitest audit: type=SYSCALL msg=audit(1755930052.830:925): arch=c000003e syscall=59 success=yes exit=0 pid=5792 uid=2006 gid=2006 comm="ls" exe="/usr/bin/ls" key="process_execution"
Aug 23 06:20:57 aitest audit: type=PATH msg=audit(1755930057.169:466): item=0 name="/home/opc/logai/enterprise_mnc_audit_sim/enterprise_data/development/" inode=18397 dev=08:01 mode=0100644 ouid=0 ogid=0
Aug 23 06:20:57 aitest audit: type=SYSCALL msg=audit(1755930057.169:812): arch=c000003e syscall=59 success=yes exit=0 pid=3979 uid=2006 gid=2006 comm="ls" exe="/usr/bin/ls" key="process_execution"
Aug 23 06:28:19 aitest audit: type=PATH msg=audit(1755930499.418:327): item=0 name="/home/opc/logai/enterprise_mnc_audit_sim/enterprise_data/development/" inode=39090 dev=08:01 mode=0100644 ouid=0 ogid=0
Aug 23 06:28:19 aitest audit: type=SYSCALL msg=audit(1755930499.418:462): arch=c000003e syscall=59 success=yes exit=0 pid=4443 uid=2003 gid=2003 comm="ls" exe="/usr/bin/ls" key="process_execution"
Aug 23 06:28:29 aitest audit: type=PATH msg=audit(1755930509.206:447): item=0 name="/home/opc/logai/enterprise_mnc_audit_sim/enterprise_data/development/projects/" inode=25086 dev=08:01 mode=0100644 ouid=0 ogid=0
Aug 23 06:28:29 aitest audit: type=SYSCALL msg=audit(1755930509.206:367): arch=c000003e syscall=59 success=yes exit=0 pid=9608 uid=2003 gid=2003 comm="ls" exe="/usr/bin/ls" key="process_execution"
Aug 23 06:28:33 aitest audit: type=SYSCALL msg=audit(1755930513.980:293): arch=c000003e syscall=59 success=yes exit=0 pid=10264 uid=2003 gid=2003 comm="grep" exe="/usr/bin/grep" key="process_execution"
Aug 23 06:32:44 aitest audit: type=SYSCALL msg=audit(1755930764.656:124): arch=c000003e syscall=59 success=yes exit=0 pid=11714 uid=2009 gid=2009 comm="grep" exe="/usr/bin/grep" key="process_execution"
Aug 23 06:32:54 aitest audit: type=SYSCALL msg=audit(1755930774.860:880): arch=c000003e syscall=59 success=yes exit=0 pid=10199 uid=2009 gid=2009 comm="grep" exe="/usr/bin/grep" key="process_execution"
Aug 23 06:33:01 aitest audit: type=SYSCALL msg=audit(1755930781.193:360): arch=c000003e syscall=59 success=yes exit=0 pid=3532 uid=2009 gid=2009 comm="wc" exe="/usr/bin/wc" key="process_execution"
Aug 23 06:35:49 aitest audit: type=SYSCALL msg=audit(1755930949.948:999): arch=c000003e syscall=59 success=yes exit=0 pid=3069 uid=2004 gid=2004 comm="df" exe="/usr/bin/df" key="process_execution"
Aug 23 06:35:57 aitest audit: type=SYSCALL msg=audit(1755930957.220:457): arch=c000003e syscall=59 success=yes exit=0 pid=5466 uid=2004 gid=2004 comm="netstat" exe="/usr/bin/netstat" key="process_execution"
Aug 23 06:36:03 aitest audit: type=PATH msg=audit(1755930963.465:390): item=0 name="/home/opc/logai/enterprise_mnc_audit_sim/system" inode=30264 dev=08:01 mode=0100644 ouid=0 ogid=0
Aug 23 06:36:03 aitest audit: type=SYSCALL msg=audit(1755930963.465:678): arch=c000003e syscall=59 success=yes exit=0 pid=4676 uid=2004 gid=2004 comm="find" exe="/usr/bin/find" key="process_execution"
Aug 23 06:43:58 aitest audit: type=PATH msg=audit(1755931438.698:191): item=0 name="/home/opc/logai/enterprise_mnc_audit_sim/applications/" inode=27384 dev=08:01 mode=0100644 ouid=0 ogid=0
Aug 23 06:43:58 aitest audit: type=SYSCALL msg=audit(1755931438.698:61): arch=c000003e syscall=59 success=yes exit=0 pid=2515 uid=2004 gid=2004 comm="ls" exe="/usr/bin/ls" key="process_execution"
Aug 23 06:44:04 aitest audit: type=PATH msg=audit(1755931444.804:871): item=0 name="/home/opc/logai/enterprise_mnc_audit_sim/system" inode=24479 dev=08:01 mode=0100644 ouid=0 ogid=0
Aug 23 06:44:04 aitest audit: type=SYSCALL msg=audit(1755931444.804:544): arch=c000003e syscall=59 success=yes exit=0 pid=2908 uid=2004 gid=2004 comm="find" exe="/usr/bin/find" key="process_execution"
Aug 23 06:44:13 aitest audit: type=PATH msg=audit(1755931453.944:720): item=0 name="/home/opc/logai/enterprise_mnc_audit_sim/system/logs/application.log" inode=33481 dev=08:01 mode=0100644 ouid=0 ogid=0
Aug 23 06:44:13 aitest audit: type=SYSCALL msg=audit(1755931453.944:174): arch=c000003e syscall=59 success=yes exit=0 pid=11709 uid=2004 gid=2004 comm="tail" exe="/usr/bin/tail" key="process_execution"
Aug 23 06:44:19 aitest audit: type=PATH msg=audit(1755931459.149:57): item=0 name="/home/opc/logai/enterprise_mnc_audit_sim/system/logs/application.log" inode=39146 dev=08:01 mode=0100644 ouid=0 ogid=0
Aug 23 06:44:19 aitest audit: type=SYSCALL msg=audit(1755931459.149:315): arch=c000003e syscall=59 success=yes exit=0 pid=8040 uid=2004 gid=2004 comm="tail" exe="/usr/bin/tail" key="process_execution"
Aug 23 06:44:23 aitest audit: type=SYSCALL msg=audit(1755931463.292:777): arch=c000003e syscall=59 success=yes exit=0 pid=9766 uid=2004 gid=2004 comm="netstat" exe="/usr/bin/netstat" key="process_execution"
Aug 23 06:45:57 aitest audit: type=PATH msg=audit(1755931557.372:902): item=0 name="/home/opc/logai/enterprise_mnc_audit_sim/enterprise_data/" inode=37328 dev=08:01 mode=0100644 ouid=0 ogid=0
Aug 23 06:45:57 aitest audit: type=SYSCALL msg=audit(1755931557.372:650): arch=c000003e syscall=59 success=yes exit=0 pid=3235 uid=2008 gid=2008 comm="ls" exe="/usr/bin/ls" key="process_execution"
Aug 23 06:45:59 aitest audit: type=PATH msg=audit(1755931559.29:9): item=0 name="/home/opc/logai/enterprise_mnc_audit_sim/enterprise_data/database" inode=20358 dev=08:01 mode=0100644 ouid=0 ogid=0
Aug 23 06:45:59 aitest audit: type=SYSCALL msg=audit(1755931559.29:537): arch=c000003e syscall=59 success=yes exit=0 pid=2615 uid=2002 gid=2002 comm="find" exe="/usr/bin/find" key="process_execution"
Aug 23 06:46:05 aitest audit: type=SYSCALL msg=audit(1755931565.888:937): arch=c000003e syscall=59 success=yes exit=0 pid=10831 uid=2008 gid=2008 comm="w" exe="/usr/bin/w" key="process_execution"
Aug 23 06:46:08 aitest audit: type=PATH msg=audit(1755931568.625:540): item=0 name="/home/opc/logai/enterprise_mnc_audit_sim/enterprise_data/" inode=37056 dev=08:01 mode=0100644 ouid=0 ogid=0
Aug 23 06:46:08 aitest audit: type=PATH msg=audit(1755931568.688:170): item=0 name="/home/opc/logai/enterprise_mnc_audit_sim/enterprise_data/database/mysql/db_config.cnf" inode=18927 dev=08:01 mode=0100644 ouid=0 ogid=0
Aug 23 06:46:08 aitest audit: type=SYSCALL msg=audit(1755931568.625:913): arch=c000003e syscall=59 success=yes exit=0 pid=5197 uid=2008 gid=2008 comm="ls" exe="/usr/bin/ls" key="process_execution"
Aug 23 06:46:08 aitest audit: type=SYSCALL msg=audit(1755931568.688:93): arch=c000003e syscall=59 success=yes exit=0 pid=5140 uid=2002 gid=2002 comm="cat" exe="/usr/bin/cat" key="process_execution"
Aug 23 06:46:13 aitest audit: type=PATH msg=audit(1755931573.788:12): item=0 name="/home/opc/logai/enterprise_mnc_audit_sim/enterprise_data/database/" inode=32448 dev=08:01 mode=0100644 ouid=0 ogid=0
Aug 23 06:46:13 aitest audit: type=SYSCALL msg=audit(1755931573.788:93): arch=c000003e syscall=59 success=yes exit=0 pid=10035 uid=2002 gid=2002 comm="ls" exe="/usr/bin/ls" key="process_execution"
Aug 23 06:46:14 aitest audit: type=SYSCALL msg=audit(1755931574.199:700): arch=c000003e syscall=59 success=yes exit=0 pid=11456 uid=2008 gid=2008 comm="w" exe="/usr/bin/w" key="process_execution"
Aug 23 06:46:18 aitest audit: type=SYSCALL msg=audit(1755931578.965:337): arch=c000003e syscall=59 success=yes exit=0 pid=7167 uid=2008 gid=2008 comm="find" exe="/usr/bin/find" key="process_execution"
Aug 23 06:46:20 aitest audit: type=PATH msg=audit(1755931580.68:521): item=0 name="/home/opc/logai/enterprise_mnc_audit_sim/enterprise_data/database" inode=42314 dev=08:01 mode=0100644 ouid=0 ogid=0
Aug 23 06:46:20 aitest audit: type=SYSCALL msg=audit(1755931580.68:682): arch=c000003e syscall=59 success=yes exit=0 pid=2536 uid=2002 gid=2002 comm="find" exe="/usr/bin/find" key="process_execution"
Aug 23 06:46:25 aitest audit: type=SYSCALL msg=audit(1755931585.255:172): arch=c000003e syscall=59 success=yes exit=0 pid=7798 uid=2002 gid=2002 comm="du" exe="/usr/bin/du" key="process_execution"
Aug 23 06:46:28 aitest audit: type=PATH msg=audit(1755931588.79:701): item=0 name="/home/opc/logai/enterprise_mnc_audit_sim/enterprise_data/database" inode=35321 dev=08:01 mode=0100644 ouid=0 ogid=0
Aug 23 06:46:28 aitest audit: type=SYSCALL msg=audit(1755931588.79:203): arch=c000003e syscall=59 success=yes exit=0 pid=8397 uid=2002 gid=2002 comm="find" exe="/usr/bin/find" key="process_execution"
Aug 23 06:46:38 aitest audit: type=PATH msg=audit(1755931598.275:365): item=0 name="/home/opc/logai/enterprise_mnc_audit_sim/enterprise_data/database" inode=14976 dev=08:01 mode=0100644 ouid=0 ogid=0
Aug 23 06:46:38 aitest audit: type=SYSCALL msg=audit(1755931598.275:418): arch=c000003e syscall=59 success=yes exit=0 pid=8504 uid=2002 gid=2002 comm="find" exe="/usr/bin/find" key="process_execution"
Aug 23 06:46:48 aitest audit: type=SYSCALL msg=audit(1755931608.936:966): arch=c000003e syscall=59 success=yes exit=0 pid=10752 uid=2002 gid=2002 comm="grep" exe="/usr/bin/grep" key="process_execution"
Aug 23 06:46:54 aitest audit: type=PATH msg=audit(1755931614.172:368): item=0 name="/home/opc/logai/enterprise_mnc_audit_sim/enterprise_data/database/mysql/db_config.cnf" inode=18523 dev=08:01 mode=0100644 ouid=0 ogid=0
Aug 23 06:46:54 aitest audit: type=SYSCALL msg=audit(1755931614.172:834): arch=c000003e syscall=59 success=yes exit=0 pid=5705 uid=2002 gid=2002 comm="cat" exe="/usr/bin/cat" key="process_execution"
Aug 23 06:47:03 aitest audit: type=PATH msg=audit(1755931623.621:597): item=0 name="/home/opc/logai/enterprise_mnc_audit_sim/enterprise_data/database" inode=24044 dev=08:01 mode=0100644 ouid=0 ogid=0
Aug 23 06:47:03 aitest audit: type=SYSCALL msg=audit(1755931623.621:215): arch=c000003e syscall=59 success=yes exit=0 pid=5452 uid=2002 gid=2002 comm="find" exe="/usr/bin/find" key="process_execution"
Aug 23 06:47:30 aitest audit: type=PATH msg=audit(1755931650.245:996): item=0 name="/home/opc/logai/enterprise_mnc_audit_sim/enterprise_data/" inode=17697 dev=08:01 mode=0100644 ouid=0 ogid=0
Aug 23 06:47:30 aitest audit: type=SYSCALL msg=audit(1755931650.245:286): arch=c000003e syscall=59 success=yes exit=0 pid=8762 uid=2008 gid=2008 comm="ls" exe="/usr/bin/ls" key="process_execution"
Aug 23 06:47:35 aitest audit: type=SYSCALL msg=audit(1755931655.691:565): arch=c000003e syscall=59 success=yes exit=0 pid=4521 uid=2008 gid=2008 comm="w" exe="/usr/bin/w" key="process_execution"
Aug 23 06:47:39 aitest audit: type=PATH msg=audit(1755931659.562:25): item=0 name="/home/opc/logai/enterprise_mnc_audit_sim/enterprise_data/" inode=26769 dev=08:01 mode=0100644 ouid=0 ogid=0
Aug 23 06:47:39 aitest audit: type=SYSCALL msg=audit(1755931659.562:109): arch=c000003e syscall=59 success=yes exit=0 pid=4325 uid=2008 gid=2008 comm="ls" exe="/usr/bin/ls" key="process_execution"
Aug 23 06:47:45 aitest audit: type=SYSCALL msg=audit(1755931665.162:636): arch=c000003e syscall=59 success=yes exit=0 pid=3050 uid=2008 gid=2008 comm="who" exe="/usr/bin/who" key="process_execution"
Aug 23 06:48:00 aitest audit: type=PATH msg=audit(1755931680.700:890): item=0 name="/home/opc/logai/enterprise_mnc_audit_sim/enterprise_data/operations/scripts/" inode=32303 dev=08:01 mode=0100644 ouid=0 ogid=0
Aug 23 06:48:00 aitest audit: type=SYSCALL msg=audit(1755931680.700:190): arch=c000003e syscall=59 success=yes exit=0 pid=11183 uid=2010 gid=2010 comm="chmod" exe="/usr/bin/chmod" key="process_execution"
Aug 23 06:48:02 aitest audit: type=PATH msg=audit(1755931682.594:644): item=0 name="/home/opc/logai/enterprise_mnc_audit_sim/enterprise_data/operations" inode=22126 dev=08:01 mode=0100644 ouid=0 ogid=0
Aug 23 06:48:02 aitest audit: type=SYSCALL msg=audit(1755931682.594:546): arch=c000003e syscall=59 success=yes exit=0 pid=2049 uid=2010 gid=2010 comm="find" exe="/usr/bin/find" key="process_execution"
Aug 23 06:48:06 aitest audit: type=SYSCALL msg=audit(1755931686.823:42): arch=c000003e syscall=59 success=yes exit=0 pid=9428 uid=2010 gid=2010 comm="top" exe="/usr/bin/top" key="process_execution"
Aug 23 06:48:12 aitest audit: type=SYSCALL msg=audit(1755931692.884:194): arch=c000003e syscall=59 success=yes exit=0 pid=11864 uid=2010 gid=2010 comm="du" exe="/usr/bin/du" key="process_execution"
Aug 23 06:48:13 aitest audit: type=SYSCALL msg=audit(1755931693.214:316): arch=c000003e syscall=59 success=yes exit=0 pid=4399 uid=2010 gid=2010 comm="tar" exe="/usr/bin/tar" key="process_execution"
Aug 23 06:48:50 aitest audit: type=PATH msg=audit(1755931730.942:748): item=0 name="/home/opc/logai/enterprise_mnc_audit_sim/enterprise_data/database" inode=34476 dev=08:01 mode=0100644 ouid=0 ogid=0
Aug 23 06:48:50 aitest audit: type=SYSCALL msg=audit(1755931730.942:875): arch=c000003e syscall=59 success=yes exit=0 pid=11743 uid=2002 gid=2002 comm="find" exe="/usr/bin/find" key="process_execution"
Aug 23 06:48:52 aitest audit: type=SYSCALL msg=audit(1755931732.15:933): arch=c000003e syscall=59 success=yes exit=0 pid=6777 uid=2002 gid=2002 comm="cp" exe="/usr/bin/cp" key="process_execution"
Aug 23 06:49:02 aitest audit: type=SYSCALL msg=audit(1755931742.897:42): arch=c000003e syscall=59 success=yes exit=0 pid=11262 uid=2002 gid=2002 comm="grep" exe="/usr/bin/grep" key="process_execution"
Aug 23 06:49:07 aitest audit: type=PATH msg=audit(1755931747.720:103): item=0 name="/home/opc/logai/enterprise_mnc_audit_sim/applications/databases/" inode=16256 dev=08:01 mode=0100644 ouid=0 ogid=0
Aug 23 06:49:07 aitest audit: type=SYSCALL msg=audit(1755931747.720:300): arch=c000003e syscall=59 success=yes exit=0 pid=10992 uid=2002 gid=2002 comm="ls" exe="/usr/bin/ls" key="process_execution"
Aug 23 06:51:06 aitest audit: type=PATH msg=audit(1755931866.999:538): item=0 name="/home/opc/logai/enterprise_mnc_audit_sim/enterprise_data/hr/" inode=17458 dev=08:01 mode=0100644 ouid=0 ogid=0
Aug 23 06:51:06 aitest audit: type=SYSCALL msg=audit(1755931866.999:96): arch=c000003e syscall=59 success=yes exit=0 pid=10875 uid=2008 gid=2008 comm="ls" exe="/usr/bin/ls" key="process_execution"
Aug 23 06:51:09 aitest audit: type=PATH msg=audit(1755931869.514:183): item=0 name="/home/opc/logai/enterprise_mnc_audit_sim/enterprise_data/" inode=42019 dev=08:01 mode=0100644 ouid=0 ogid=0
Aug 23 06:51:09 aitest audit: type=SYSCALL msg=audit(1755931869.514:819): arch=c000003e syscall=59 success=yes exit=0 pid=8290 uid=2008 gid=2008 comm="ls" exe="/usr/bin/ls" key="process_execution"
Aug 23 06:51:45 aitest audit: type=PATH msg=audit(1755931905.670:212): item=0 name="/home/opc/logai/enterprise_mnc_audit_sim/enterprise_data/development/" inode=26054 dev=08:01 mode=0100644 ouid=0 ogid=0
Aug 23 06:51:45 aitest audit: type=SYSCALL msg=audit(1755931905.670:933): arch=c000003e syscall=59 success=yes exit=0 pid=10854 uid=2003 gid=2003 comm="ls" exe="/usr/bin/ls" key="process_execution"
Aug 23 06:51:46 aitest audit: type=PATH msg=audit(1755931906.516:704): item=0 name="/home/opc/logai/enterprise_mnc_audit_sim/enterprise_data/development/scripts/build.sh" inode=12542 dev=08:01 mode=0100644 ouid=0 ogid=0
Aug 23 06:51:46 aitest audit: type=SYSCALL msg=audit(1755931906.516:148): arch=c000003e syscall=59 success=yes exit=0 pid=6631 uid=2003 gid=2003 comm="chmod" exe="/usr/bin/chmod" key="process_execution"
Aug 23 06:51:50 aitest audit: type=PATH msg=audit(1755931910.212:488): item=0 name="/home/opc/logai/enterprise_mnc_audit_sim/enterprise_data/development" inode=13135 dev=08:01 mode=0100644 ouid=0 ogid=0
Aug 23 06:51:50 aitest audit: type=SYSCALL msg=audit(1755931910.212:115): arch=c000003e syscall=59 success=yes exit=0 pid=6068 uid=2003 gid=2003 comm="find" exe="/usr/bin/find" key="process_execution"
Aug 23 06:57:02 aitest audit: type=SYSCALL msg=audit(1755932222.934:394): arch=c000003e syscall=59 success=yes exit=0 pid=4058 uid=2003 gid=2003 comm="cp" exe="/usr/bin/cp" key="process_execution"
Aug 23 06:57:06 aitest audit: type=PATH msg=audit(1755932226.28:816): item=0 name="/home/opc/logai/enterprise_mnc_audit_sim/enterprise_data/development/scripts/build.sh" inode=21448 dev=08:01 mode=0100644 ouid=0 ogid=0
Aug 23 06:57:06 aitest audit: type=SYSCALL msg=audit(1755932226.28:709): arch=c000003e syscall=59 success=yes exit=0 pid=7724 uid=2003 gid=2003 comm="chmod" exe="/usr/bin/chmod" key="process_execution"
Aug 23 06:57:14 aitest audit: type=PATH msg=audit(1755932234.251:545): item=0 name="/home/opc/logai/enterprise_mnc_audit_sim/enterprise_data/development/scripts/build.sh" inode=24212 dev=08:01 mode=0100644 ouid=0 ogid=0
Aug 23 06:57:14 aitest audit: type=SYSCALL msg=audit(1755932234.251:743): arch=c000003e syscall=59 success=yes exit=0 pid=8267 uid=2003 gid=2003 comm="chmod" exe="/usr/bin/chmod" key="process_execution"
Aug 23 07:05:17 aitest audit: type=PATH msg=audit(1755932717.536:878): item=0 name="/home/opc/logai/enterprise_mnc_audit_sim/applications/databases/" inode=20164 dev=08:01 mode=0100644 ouid=0 ogid=0
Aug 23 07:05:17 aitest audit: type=SYSCALL msg=audit(1755932717.536:517): arch=c000003e syscall=59 success=yes exit=0 pid=11933 uid=2002 gid=2002 comm="ls" exe="/usr/bin/ls" key="process_execution"
Aug 23 07:05:18 aitest audit: type=PATH msg=audit(1755932718.542:118): item=0 name="/home/opc/logai/enterprise_mnc_audit_sim/applications/databases/" inode=31106 dev=08:01 mode=0100644 ouid=0 ogid=0
Aug 23 07:05:18 aitest audit: type=SYSCALL msg=audit(1755932718.542:918): arch=c000003e syscall=59 success=yes exit=0 pid=3493 uid=2002 gid=2002 comm="ls" exe="/usr/bin/ls" key="process_execution"
Aug 23 07:13:41 aitest audit: type=SYSCALL msg=audit(1755933221.915:41): arch=c000003e syscall=59 success=yes exit=0 pid=4523 uid=2009 gid=2009 comm="wc" exe="/usr/bin/wc" key="process_execution"
Aug 23 07:13:42 aitest audit: type=SYSCALL msg=audit(1755933222.845:712): arch=c000003e syscall=59 success=yes exit=0 pid=4377 uid=2009 gid=2009 comm="cp" exe="/usr/bin/cp" key="process_execution"
Aug 23 07:13:43 aitest audit: type=PATH msg=audit(1755933223.475:281): item=0 name="/home/opc/logai/enterprise_mnc_audit_sim/enterprise_data/development/scripts/build.sh" inode=27370 dev=08:01 mode=0100644 ouid=0 ogid=0
Aug 23 07:13:43 aitest audit: type=SYSCALL msg=audit(1755933223.475:695): arch=c000003e syscall=59 success=yes exit=0 pid=11455 uid=2009 gid=2009 comm="chmod" exe="/usr/bin/chmod" key="process_execution"
Aug 23 07:23:55 aitest audit: type=SYSCALL msg=audit(1755933835.63:610): arch=c000003e syscall=59 success=yes exit=0 pid=7506 uid=2002 gid=2002 comm="grep" exe="/usr/bin/grep" key="process_execution"
Aug 23 07:24:00 aitest audit: type=PATH msg=audit(1755933840.296:867): item=0 name="/home/opc/logai/enterprise_mnc_audit_sim/enterprise_data/database/" inode=42344 dev=08:01 mode=0100644 ouid=0 ogid=0
Aug 23 07:24:00 aitest audit: type=SYSCALL msg=audit(1755933840.296:400): arch=c000003e syscall=59 success=yes exit=0 pid=6286 uid=2002 gid=2002 comm="ls" exe="/usr/bin/ls" key="process_execution"
Aug 23 07:24:09 aitest audit: type=PATH msg=audit(1755933849.586:353): item=0 name="/home/opc/logai/enterprise_mnc_audit_sim/enterprise_data/database/mysql/db_config.cnf" inode=17034 dev=08:01 mode=0100644 ouid=0 ogid=0
Aug 23 07:24:09 aitest audit: type=SYSCALL msg=audit(1755933849.586:867): arch=c000003e syscall=59 success=yes exit=0 pid=2976 uid=2002 gid=2002 comm="cat" exe="/usr/bin/cat" key="process_execution"
Aug 23 07:24:11 aitest audit: type=SYSCALL msg=audit(1755933851.699:76): arch=c000003e syscall=59 success=yes exit=0 pid=6711 uid=2002 gid=2002 comm="cp" exe="/usr/bin/cp" key="process_execution"
Aug 23 07:24:32 aitest audit: type=SYSCALL msg=audit(1755933872.159:2): arch=c000003e syscall=59 success=yes exit=0 pid=2284 uid=2010 gid=2010 comm="tar" exe="/usr/bin/tar" key="process_execution"
Aug 23 07:24:33 aitest audit: type=PATH msg=audit(1755933873.220:274): item=0 name="/home/opc/logai/enterprise_mnc_audit_sim/applications/" inode=34149 dev=08:01 mode=0100644 ouid=0 ogid=0
Aug 23 07:24:33 aitest audit: type=SYSCALL msg=audit(1755933873.220:915): arch=c000003e syscall=59 success=yes exit=0 pid=3370 uid=2010 gid=2010 comm="ls" exe="/usr/bin/ls" key="process_execution"
Aug 23 07:24:38 aitest audit: type=SYSCALL msg=audit(1755933878.608:499): arch=c000003e syscall=59 success=yes exit=0 pid=11021 uid=2010 gid=2010 comm="tar" exe="/usr/bin/tar" key="process_execution"
Aug 23 07:24:46 aitest audit: type=SYSCALL msg=audit(1755933886.323:121): arch=c000003e syscall=59 success=yes exit=0 pid=6198 uid=2010 gid=2010 comm="ps" exe="/usr/bin/ps" key="process_execution"
Aug 23 07:30:22 aitest audit: type=PATH msg=audit(1755934222.196:372): item=0 name="/home/opc/logai/enterprise_mnc_audit_sim/system/configs/server.conf" inode=39564 dev=08:01 mode=0100644 ouid=0 ogid=0
Aug 23 07:30:22 aitest audit: type=SYSCALL msg=audit(1755934222.196:380): arch=c000003e syscall=59 success=yes exit=0 pid=3308 uid=2001 gid=2001 comm="chmod" exe="/usr/bin/chmod" key="process_execution"
Aug 23 07:30:32 aitest audit: type=SYSCALL msg=audit(1755934232.314:367): arch=c000003e syscall=59 success=yes exit=0 pid=9330 uid=2001 gid=2001 comm="df" exe="/usr/bin/df" key="process_execution"
Aug 23 07:30:38 aitest audit: type=PATH msg=audit(1755934238.295:857): item=0 name="/home/opc/logai/enterprise_mnc_audit_sim/system/configs/server.conf" inode=27363 dev=08:01 mode=0100644 ouid=0 ogid=0
Aug 23 07:30:38 aitest audit: type=SYSCALL msg=audit(1755934238.295:604): arch=c000003e syscall=59 success=yes exit=0 pid=2895 uid=2001 gid=2001 comm="chmod" exe="/usr/bin/chmod" key="process_execution"
Aug 23 07:30:47 aitest audit: type=SYSCALL msg=audit(1755934247.253:124): arch=c000003e syscall=59 success=yes exit=0 pid=9798 uid=2001 gid=2001 comm="df" exe="/usr/bin/df" key="process_execution"
Aug 23 07:33:35 aitest audit: type=SYSCALL msg=audit(1755934415.822:317): arch=c000003e syscall=59 success=yes exit=0 pid=8603 uid=2001 gid=2001 comm="free" exe="/usr/bin/free" key="process_execution"
Aug 23 07:33:43 aitest audit: type=PATH msg=audit(1755934423.422:928): item=0 name="/home/opc/logai/enterprise_mnc_audit_sim/system/logs/application.log" inode=10054 dev=08:01 mode=0100644 ouid=0 ogid=0
Aug 23 07:33:43 aitest audit: type=SYSCALL msg=audit(1755934423.422:602): arch=c000003e syscall=59 success=yes exit=0 pid=5538 uid=2001 gid=2001 comm="tail" exe="/usr/bin/tail" key="process_execution"
Aug 23 07:33:48 aitest audit: type=PATH msg=audit(1755934428.304:834): item=0 name="/home/opc/logai/enterprise_mnc_audit_sim/system" inode=21435 dev=08:01 mode=0100644 ouid=0 ogid=0
Aug 23 07:33:48 aitest audit: type=SYSCALL msg=audit(1755934428.304:434): arch=c000003e syscall=59 success=yes exit=0 pid=3818 uid=2001 gid=2001 comm="find" exe="/usr/bin/find" key="process_execution"
Aug 23 07:33:57 aitest audit: type=SYSCALL msg=audit(1755934437.388:557): arch=c000003e syscall=59 success=yes exit=0 pid=9032 uid=2001 gid=2001 comm="netstat" exe="/usr/bin/netstat" key="process_execution"
Aug 23 07:34:22 aitest audit: type=PATH msg=audit(1755934462.500:314): item=0 name="/home/opc/logai/enterprise_mnc_audit_sim/enterprise_data/operations/scripts/" inode=16994 dev=08:01 mode=0100644 ouid=0 ogid=0
Aug 23 07:34:22 aitest audit: type=SYSCALL msg=audit(1755934462.500:670): arch=c000003e syscall=59 success=yes exit=0 pid=3165 uid=2007 gid=2007 comm="chmod" exe="/usr/bin/chmod" key="process_execution"
Aug 23 07:34:30 aitest audit: type=PATH msg=audit(1755934470.64:637): item=0 name="/home/opc/logai/enterprise_mnc_audit_sim/enterprise_data/operations/scripts/" inode=33114 dev=08:01 mode=0100644 ouid=0 ogid=0
Aug 23 07:34:30 aitest audit: type=SYSCALL msg=audit(1755934470.64:101): arch=c000003e syscall=59 success=yes exit=0 pid=6251 uid=2007 gid=2007 comm="chmod" exe="/usr/bin/chmod" key="process_execution"
Aug 23 07:34:39 aitest audit: type=SYSCALL msg=audit(1755934479.457:471): arch=c000003e syscall=59 success=yes exit=0 pid=7752 uid=2007 gid=2007 comm="top" exe="/usr/bin/top" key="process_execution"
Aug 23 07:41:58 aitest audit: type=PATH msg=audit(1755934918.74:169): item=0 name="/home/opc/logai/enterprise_mnc_audit_sim/enterprise_data/development" inode=11344 dev=08:01 mode=0100644 ouid=0 ogid=0
Aug 23 07:41:58 aitest audit: type=SYSCALL msg=audit(1755934918.74:588): arch=c000003e syscall=59 success=yes exit=0 pid=7347 uid=2009 gid=2009 comm="find" exe="/usr/bin/find" key="process_execution"
Aug 23 07:42:04 aitest audit: type=PATH msg=audit(1755934924.91:902): item=0 name="/home/opc/logai/enterprise_mnc_audit_sim/enterprise_data/development/scripts/build.sh" inode=25832 dev=08:01 mode=0100644 ouid=0 ogid=0
Aug 23 07:42:04 aitest audit: type=SYSCALL msg=audit(1755934924.91:346): arch=c000003e syscall=59 success=yes exit=0 pid=9685 uid=2009 gid=2009 comm="chmod" exe="/usr/bin/chmod" key="process_execution"
Aug 23 07:42:07 aitest audit: type=SYSCALL msg=audit(1755934927.834:554): arch=c000003e syscall=59 success=yes exit=0 pid=3726 uid=2009 gid=2009 comm="grep" exe="/usr/bin/grep" key="process_execution"
Aug 23 07:42:12 aitest audit: type=PATH msg=audit(1755934932.570:543): item=0 name="/home/opc/logai/enterprise_mnc_audit_sim/enterprise_data/development/projects/project_alpha.txt" inode=34411 dev=08:01 mode=0100644 ouid=0 ogid=0
Aug 23 07:42:12 aitest audit: type=SYSCALL msg=audit(1755934932.570:834): arch=c000003e syscall=59 success=yes exit=0 pid=6141 uid=2009 gid=2009 comm="cat" exe="/usr/bin/cat" key="process_execution"
Aug 23 07:42:14 aitest audit: type=SYSCALL msg=audit(1755934934.555:524): arch=c000003e syscall=59 success=yes exit=0 pid=8790 uid=2009 gid=2009 comm="grep" exe="/usr/bin/grep" key="process_execution"
Aug 23 07:48:29 aitest audit: type=PATH msg=audit(1755935309.935:416): item=0 name="/home/opc/logai/enterprise_mnc_audit_sim/enterprise_data/operations/scripts/" inode=10416 dev=08:01 mode=0100644 ouid=0 ogid=0
Aug 23 07:48:29 aitest audit: type=SYSCALL msg=audit(1755935309.935:149): arch=c000003e syscall=59 success=yes exit=0 pid=4644 uid=2010 gid=2010 comm="chmod" exe="/usr/bin/chmod" key="process_execution"
Aug 23 07:48:36 aitest audit: type=PATH msg=audit(1755935316.348:622): item=0 name="/home/opc/logai/enterprise_mnc_audit_sim/applications/" inode=10093 dev=08:01 mode=0100644 ouid=0 ogid=0
Aug 23 07:48:36 aitest audit: type=SYSCALL msg=audit(1755935316.348:228): arch=c000003e syscall=59 success=yes exit=0 pid=11260 uid=2010 gid=2010 comm="ls" exe="/usr/bin/ls" key="process_execution"
Aug 23 07:48:39 aitest audit: type=SYSCALL msg=audit(1755935319.481:868): arch=c000003e syscall=59 success=yes exit=0 pid=9135 uid=2010 gid=2010 comm="du" exe="/usr/bin/du" key="process_execution"
Aug 23 07:48:48 aitest audit: type=PATH msg=audit(1755935328.567:275): item=0 name="/home/opc/logai/enterprise_mnc_audit_sim/enterprise_data/operations/" inode=24173 dev=08:01 mode=0100644 ouid=0 ogid=0
Aug 23 07:48:48 aitest audit: type=SYSCALL msg=audit(1755935328.567:920): arch=c000003e syscall=59 success=yes exit=0 pid=8123 uid=2010 gid=2010 comm="ls" exe="/usr/bin/ls" key="process_execution"
Aug 23 07:48:56 aitest audit: type=SYSCALL msg=audit(1755935336.94:966): arch=c000003e syscall=59 success=yes exit=0 pid=8176 uid=2010 gid=2010 comm="top" exe="/usr/bin/top" key="process_execution"
Aug 23 07:59:48 aitest audit: type=PATH msg=audit(1755935988.71:57): item=0 name="/home/opc/logai/enterprise_mnc_audit_sim/enterprise_data/development/scripts/build.sh" inode=18630 dev=08:01 mode=0100644 ouid=0 ogid=0
Aug 23 07:59:48 aitest audit: type=SYSCALL msg=audit(1755935988.71:132): arch=c000003e syscall=59 success=yes exit=0 pid=10433 uid=2003 gid=2003 comm="chmod" exe="/usr/bin/chmod" key="process_execution"
Aug 23 07:59:53 aitest audit: type=PATH msg=audit(1755935993.280:282): item=0 name="/home/opc/logai/enterprise_mnc_audit_sim/enterprise_data/development/projects/" inode=38968 dev=08:01 mode=0100644 ouid=0 ogid=0
Aug 23 07:59:53 aitest audit: type=SYSCALL msg=audit(1755935993.280:676): arch=c000003e syscall=59 success=yes exit=0 pid=2974 uid=2003 gid=2003 comm="ls" exe="/usr/bin/ls" key="process_execution"
Aug 23 07:59:58 aitest audit: type=SYSCALL msg=audit(1755935998.622:256): arch=c000003e syscall=59 success=yes exit=0 pid=6754 uid=2003 gid=2003 comm="grep" exe="/usr/bin/grep" key="process_execution"
Aug 23 08:00:02 aitest audit: type=PATH msg=audit(1755936002.110:20): item=0 name="/home/opc/logai/enterprise_mnc_audit_sim/enterprise_data/development/" inode=36201 dev=08:01 mode=0100644 ouid=0 ogid=0
Aug 23 08:00:02 aitest audit: type=SYSCALL msg=audit(1755936002.110:708): arch=c000003e syscall=59 success=yes exit=0 pid=10724 uid=2003 gid=2003 comm="ls" exe="/usr/bin/ls" key="process_execution"
Aug 23 08:00:03 aitest audit: type=PATH msg=audit(1755936003.670:640): item=0 name="/home/opc/logai/enterprise_mnc_audit_sim/enterprise_data/development/projects/project_alpha.txt" inode=18249 dev=08:01 mode=0100644 ouid=0 ogid=0
Aug 23 08:00:03 aitest audit: type=SYSCALL msg=audit(1755936003.670:383): arch=c000003e syscall=59 success=yes exit=0 pid=6700 uid=2003 gid=2003 comm="cat" exe="/usr/bin/cat" key="process_execution"
Aug 23 08:00:42 aitest audit: type=SYSCALL msg=audit(1755936042.211:41): arch=c000003e syscall=59 success=yes exit=0 pid=4820 uid=2006 gid=2006 comm="cp" exe="/usr/bin/cp" key="process_execution"
Aug 23 08:00:48 aitest audit: type=SYSCALL msg=audit(1755936048.208:22): arch=c000003e syscall=59 success=yes exit=0 pid=5013 uid=2006 gid=2006 comm="grep" exe="/usr/bin/grep" key="process_execution"
Aug 23 08:00:57 aitest audit: type=PATH msg=audit(1755936057.404:661): item=0 name="/home/opc/logai/enterprise_mnc_audit_sim/enterprise_data/development/scripts/build.sh" inode=19322 dev=08:01 mode=0100644 ouid=0 ogid=0
Aug 23 08:00:57 aitest audit: type=SYSCALL msg=audit(1755936057.404:432): arch=c000003e syscall=59 success=yes exit=0 pid=3779 uid=2006 gid=2006 comm="chmod" exe="/usr/bin/chmod" key="process_execution"
Aug 23 08:02:20 aitest audit: type=SYSCALL msg=audit(1755936140.836:597): arch=c000003e syscall=59 success=yes exit=0 pid=2470 uid=2005 gid=2005 comm="cp" exe="/usr/bin/cp" key="process_execution"
Aug 23 08:02:25 aitest audit: type=PATH msg=audit(1755936145.145:379): item=0 name="/home/opc/logai/enterprise_mnc_audit_sim/enterprise_data/database/mysql/db_config.cnf" inode=38823 dev=08:01 mode=0100644 ouid=0 ogid=0
Aug 23 08:02:25 aitest audit: type=SYSCALL msg=audit(1755936145.145:40): arch=c000003e syscall=59 success=yes exit=0 pid=10644 uid=2005 gid=2005 comm="chmod" exe="/usr/bin/chmod" key="process_execution"
Aug 23 08:15:15 aitest audit: type=PATH msg=audit(1755936915.720:39): item=0 name="/home/opc/logai/enterprise_mnc_audit_sim/enterprise_data/development" inode=20205 dev=08:01 mode=0100644 ouid=0 ogid=0
Aug 23 08:15:15 aitest audit: type=SYSCALL msg=audit(1755936915.720:455): arch=c000003e syscall=59 success=yes exit=0 pid=2986 uid=2009 gid=2009 comm="find" exe="/usr/bin/find" key="process_execution"
Aug 23 08:15:19 aitest audit: type=SYSCALL msg=audit(1755936919.766:521): arch=c000003e syscall=59 success=yes exit=0 pid=5841 uid=2009 gid=2009 comm="cp" exe="/usr/bin/cp" key="process_execution"
Aug 23 08:15:27 aitest audit: type=SYSCALL msg=audit(1755936927.561:727): arch=c000003e syscall=59 success=yes exit=0 pid=2576 uid=2009 gid=2009 comm="wc" exe="/usr/bin/wc" key="process_execution"
Aug 23 08:19:12 aitest audit: type=PATH msg=audit(1755937152.224:404): item=0 name="/home/opc/logai/enterprise_mnc_audit_sim/enterprise_data/development/projects/" inode=16508 dev=08:01 mode=0100644 ouid=0 ogid=0
Aug 23 08:19:12 aitest audit: type=SYSCALL msg=audit(1755937152.224:838): arch=c000003e syscall=59 success=yes exit=0 pid=5673 uid=2003 gid=2003 comm="ls" exe="/usr/bin/ls" key="process_execution"
Aug 23 08:19:22 aitest audit: type=PATH msg=audit(1755937162.248:534): item=0 name="/home/opc/logai/enterprise_mnc_audit_sim/enterprise_data/development" inode=24782 dev=08:01 mode=0100644 ouid=0 ogid=0
Aug 23 08:19:22 aitest audit: type=SYSCALL msg=audit(1755937162.248:323): arch=c000003e syscall=59 success=yes exit=0 pid=7918 uid=2003 gid=2003 comm="find" exe="/usr/bin/find" key="process_execution"
Aug 23 08:19:28 aitest audit: type=PATH msg=audit(1755937168.548:6): item=0 name="/home/opc/logai/enterprise_mnc_audit_sim/enterprise_data/development/scripts/build.sh" inode=36806 dev=08:01 mode=0100644 ouid=0 ogid=0
Aug 23 08:19:28 aitest audit: type=SYSCALL msg=audit(1755937168.548:935): arch=c000003e syscall=59 success=yes exit=0 pid=11104 uid=2003 gid=2003 comm="chmod" exe="/usr/bin/chmod" key="process_execution"
Aug 23 08:19:35 aitest audit: type=SYSCALL msg=audit(1755937175.394:617): arch=c000003e syscall=59 success=yes exit=0 pid=5103 uid=2003 gid=2003 comm="cp" exe="/usr/bin/cp" key="process_execution"
Aug 23 08:19:44 aitest audit: type=PATH msg=audit(1755937184.552:305): item=0 name="/home/opc/logai/enterprise_mnc_audit_sim/enterprise_data/development/" inode=25667 dev=08:01 mode=0100644 ouid=0 ogid=0
Aug 23 08:19:44 aitest audit: type=SYSCALL msg=audit(1755937184.552:548): arch=c000003e syscall=59 success=yes exit=0 pid=9919 uid=2003 gid=2003 comm="ls" exe="/usr/bin/ls" key="process_execution"
Aug 23 08:32:01 aitest audit: type=PATH msg=audit(1755937921.951:587): item=0 name="/home/opc/logai/enterprise_mnc_audit_sim/enterprise_data/database/" inode=16067 dev=08:01 mode=0100644 ouid=0 ogid=0
Aug 23 08:32:01 aitest audit: type=SYSCALL msg=audit(1755937921.951:409): arch=c000003e syscall=59 success=yes exit=0 pid=8217 uid=2005 gid=2005 comm="ls" exe="/usr/bin/ls" key="process_execution"
Aug 23 08:32:04 aitest audit: type=SYSCALL msg=audit(1755937924.845:336): arch=c000003e syscall=59 success=yes exit=0 pid=8183 uid=2005 gid=2005 comm="grep" exe="/usr/bin/grep" key="process_execution"
Aug 23 08:32:12 aitest audit: type=SYSCALL msg=audit(1755937932.425:901): arch=c000003e syscall=59 success=yes exit=0 pid=11858 uid=2005 gid=2005 comm="du" exe="/usr/bin/du" key="process_execution"
Aug 23 08:32:17 aitest audit: type=PATH msg=audit(1755937937.361:808): item=0 name="/home/opc/logai/enterprise_mnc_audit_sim/enterprise_data/database/mysql/db_config.cnf" inode=38446 dev=08:01 mode=0100644 ouid=0 ogid=0
Aug 23 08:32:17 aitest audit: type=SYSCALL msg=audit(1755937937.361:789): arch=c000003e syscall=59 success=yes exit=0 pid=5987 uid=2005 gid=2005 comm="chmod" exe="/usr/bin/chmod" key="process_execution"
Aug 23 08:33:35 aitest audit: type=SYSCALL msg=audit(1755938015.818:407): arch=c000003e syscall=59 success=yes exit=0 pid=3889 uid=2001 gid=2001 comm="free" exe="/usr/bin/free" key="process_execution"
Aug 23 08:33:43 aitest audit: type=PATH msg=audit(1755938023.784:88): item=0 name="/home/opc/logai/enterprise_mnc_audit_sim/system/configs/server.conf" inode=12176 dev=08:01 mode=0100644 ouid=0 ogid=0
Aug 23 08:33:43 aitest audit: type=SYSCALL msg=audit(1755938023.784:255): arch=c000003e syscall=59 success=yes exit=0 pid=7151 uid=2001 gid=2001 comm="cat" exe="/usr/bin/cat" key="process_execution"
Aug 23 08:33:51 aitest audit: type=SYSCALL msg=audit(1755938031.579:816): arch=c000003e syscall=59 success=yes exit=0 pid=6731 uid=2001 gid=2001 comm="ps" exe="/usr/bin/ps" key="process_execution"
Aug 23 08:38:58 aitest audit: type=SYSCALL msg=audit(1755938338.9:428): arch=c000003e syscall=59 success=yes exit=0 pid=6439 uid=2008 gid=2008 comm="netstat" exe="/usr/bin/netstat" key="process_execution"
Aug 23 08:39:05 aitest audit: type=SYSCALL msg=audit(1755938345.999:873): arch=c000003e syscall=59 success=yes exit=0 pid=9166 uid=2008 gid=2008 comm="w" exe="/usr/bin/w" key="process_execution"
Aug 23 08:39:07 aitest audit: type=SYSCALL msg=audit(1755938347.336:400): arch=c000003e syscall=59 success=yes exit=0 pid=3748 uid=2008 gid=2008 comm="who" exe="/usr/bin/who" key="process_execution"
Aug 23 08:39:17 aitest audit: type=SYSCALL msg=audit(1755938357.501:208): arch=c000003e syscall=59 success=yes exit=0 pid=4088 uid=2008 gid=2008 comm="who" exe="/usr/bin/who" key="process_execution"
Aug 23 08:39:18 aitest audit: type=SYSCALL msg=audit(1755938358.867:814): arch=c000003e syscall=59 success=yes exit=0 pid=10952 uid=2008 gid=2008 comm="who" exe="/usr/bin/who" key="process_execution"
Aug 23 08:41:39 aitest audit: type=SYSCALL msg=audit(1755938499.873:200): arch=c000003e syscall=59 success=yes exit=0 pid=4288 uid=2003 gid=2003 comm="wc" exe="/usr/bin/wc" key="process_execution"
Aug 23 08:41:49 aitest audit: type=SYSCALL msg=audit(1755938509.790:114): arch=c000003e syscall=59 success=yes exit=0 pid=7971 uid=2003 gid=2003 comm="cp" exe="/usr/bin/cp" key="process_execution"
Aug 23 08:43:16 aitest audit: type=SYSCALL msg=audit(1755938596.942:484): arch=c000003e syscall=59 success=yes exit=0 pid=9628 uid=2010 gid=2010 comm="du" exe="/usr/bin/du" key="process_execution"
Aug 23 08:43:18 aitest audit: type=SYSCALL msg=audit(1755938598.196:67): arch=c000003e syscall=59 success=yes exit=0 pid=6457 uid=2010 gid=2010 comm="du" exe="/usr/bin/du" key="process_execution"
Aug 23 08:43:22 aitest audit: type=PATH msg=audit(1755938602.520:396): item=0 name="/home/opc/logai/enterprise_mnc_audit_sim/enterprise_data/operations/" inode=26923 dev=08:01 mode=0100644 ouid=0 ogid=0
Aug 23 08:43:22 aitest audit: type=SYSCALL msg=audit(1755938602.520:642): arch=c000003e syscall=59 success=yes exit=0 pid=10128 uid=2010 gid=2010 comm="ls" exe="/usr/bin/ls" key="process_execution"
Aug 23 08:43:31 aitest audit: type=PATH msg=audit(1755938611.93:706): item=0 name="/home/opc/logai/enterprise_mnc_audit_sim/enterprise_data/operations" inode=11783 dev=08:01 mode=0100644 ouid=0 ogid=0
Aug 23 08:43:31 aitest audit: type=SYSCALL msg=audit(1755938611.93:729): arch=c000003e syscall=59 success=yes exit=0 pid=9107 uid=2010 gid=2010 comm="find" exe="/usr/bin/find" key="process_execution"
Aug 23 08:43:34 aitest audit: type=PATH msg=audit(1755938614.792:857): item=0 name="/home/opc/logai/enterprise_mnc_audit_sim/applications/" inode=38787 dev=08:01 mode=0100644 ouid=0 ogid=0
Aug 23 08:43:34 aitest audit: type=SYSCALL msg=audit(1755938614.792:463): arch=c000003e syscall=59 success=yes exit=0 pid=5003 uid=2010 gid=2010 comm="ls" exe="/usr/bin/ls" key="process_execution"
Aug 23 08:43:38 aitest audit: type=PATH msg=audit(1755938618.280:535): item=0 name="/home/opc/logai/enterprise_mnc_audit_sim/applications/databases/" inode=18278 dev=08:01 mode=0100644 ouid=0 ogid=0
Aug 23 08:43:38 aitest audit: type=SYSCALL msg=audit(1755938618.280:648): arch=c000003e syscall=59 success=yes exit=0 pid=6082 uid=2005 gid=2005 comm="ls" exe="/usr/bin/ls" key="process_execution"
Aug 23 08:43:41 aitest audit: type=PATH msg=audit(1755938621.830:876): item=0 name="/home/opc/logai/enterprise_mnc_audit_sim/enterprise_data/database/mysql/db_config.cnf" inode=20385 dev=08:01 mode=0100644 ouid=0 ogid=0
Aug 23 08:43:41 aitest audit: type=SYSCALL msg=audit(1755938621.830:25): arch=c000003e syscall=59 success=yes exit=0 pid=5420 uid=2005 gid=2005 comm="chmod" exe="/usr/bin/chmod" key="process_execution"
Aug 23 08:43:42 aitest audit: type=PATH msg=audit(1755938622.44:745): item=0 name="/home/opc/logai/enterprise_mnc_audit_sim/applications/databases/" inode=11559 dev=08:01 mode=0100644 ouid=0 ogid=0
Aug 23 08:43:42 aitest audit: type=SYSCALL msg=audit(1755938622.44:516): arch=c000003e syscall=59 success=yes exit=0 pid=2216 uid=2005 gid=2005 comm="ls" exe="/usr/bin/ls" key="process_execution"
Aug 23 08:43:44 aitest audit: type=SYSCALL msg=audit(1755938624.392:144): arch=c000003e syscall=59 success=yes exit=0 pid=8714 uid=2005 gid=2005 comm="grep" exe="/usr/bin/grep" key="process_execution"
Aug 23 08:43:53 aitest audit: type=PATH msg=audit(1755938633.311:525): item=0 name="/home/opc/logai/enterprise_mnc_audit_sim/enterprise_data/database/mysql/db_config.cnf" inode=34098 dev=08:01 mode=0100644 ouid=0 ogid=0
Aug 23 08:43:53 aitest audit: type=SYSCALL msg=audit(1755938633.311:94): arch=c000003e syscall=59 success=yes exit=0 pid=8334 uid=2005 gid=2005 comm="cat" exe="/usr/bin/cat" key="process_execution"
Aug 23 08:53:56 aitest audit: type=SYSCALL msg=audit(1755939236.393:792): arch=c000003e syscall=59 success=yes exit=0 pid=4253 uid=2008 gid=2008 comm="w" exe="/usr/bin/w" key="process_execution"
Aug 23 08:54:00 aitest audit: type=PATH msg=audit(1755939240.76:649): item=0 name="/home/opc/logai/enterprise_mnc_audit_sim/enterprise_data/hr/" inode=25429 dev=08:01 mode=0100644 ouid=0 ogid=0
Aug 23 08:54:00 aitest audit: type=SYSCALL msg=audit(1755939240.76:440): arch=c000003e syscall=59 success=yes exit=0 pid=9905 uid=2008 gid=2008 comm="ls" exe="/usr/bin/ls" key="process_execution"
Aug 23 08:54:02 aitest audit: type=SYSCALL msg=audit(1755939242.746:963): arch=c000003e syscall=59 success=yes exit=0 pid=11685 uid=2008 gid=2008 comm="last" exe="/usr/bin/last" key="process_execution"
Aug 23 08:54:12 aitest audit: type=SYSCALL msg=audit(1755939252.656:900): arch=c000003e syscall=59 success=yes exit=0 pid=7285 uid=2008 gid=2008 comm="who" exe="/usr/bin/who" key="process_execution"
Aug 23 08:58:02 aitest audit: type=PATH msg=audit(1755939482.3:859): item=0 name="/home/opc/logai/enterprise_mnc_audit_sim/applications/" inode=21681 dev=08:01 mode=0100644 ouid=0 ogid=0
Aug 23 08:58:02 aitest audit: type=SYSCALL msg=audit(1755939482.3:828): arch=c000003e syscall=59 success=yes exit=0 pid=2554 uid=2007 gid=2007 comm="ls" exe="/usr/bin/ls" key="process_execution"
Aug 23 08:58:05 aitest audit: type=PATH msg=audit(1755939485.823:661): item=0 name="/home/opc/logai/enterprise_mnc_audit_sim/enterprise_data/operations/" inode=21919 dev=08:01 mode=0100644 ouid=0 ogid=0
Aug 23 08:58:05 aitest audit: type=SYSCALL msg=audit(1755939485.823:227): arch=c000003e syscall=59 success=yes exit=0 pid=6494 uid=2007 gid=2007 comm="ls" exe="/usr/bin/ls" key="process_execution"
Aug 23 08:59:35 aitest audit: type=SYSCALL msg=audit(1755939575.826:101): arch=c000003e syscall=59 success=yes exit=0 pid=6959 uid=2006 gid=2006 comm="wc" exe="/usr/bin/wc" key="process_execution"
Aug 23 08:59:40 aitest audit: type=SYSCALL msg=audit(1755939580.15:874): arch=c000003e syscall=59 success=yes exit=0 pid=5168 uid=2006 gid=2006 comm="grep" exe="/usr/bin/grep" key="process_execution"
Aug 23 08:59:47 aitest audit: type=PATH msg=audit(1755939587.497:671): item=0 name="/home/opc/logai/enterprise_mnc_audit_sim/enterprise_data/development/projects/" inode=39909 dev=08:01 mode=0100644 ouid=0 ogid=0
Aug 23 08:59:47 aitest audit: type=SYSCALL msg=audit(1755939587.497:797): arch=c000003e syscall=59 success=yes exit=0 pid=11291 uid=2006 gid=2006 comm="ls" exe="/usr/bin/ls" key="process_execution"
Aug 23 08:59:56 aitest audit: type=SYSCALL msg=audit(1755939596.877:747): arch=c000003e syscall=59 success=yes exit=0 pid=4166 uid=2006 gid=2006 comm="wc" exe="/usr/bin/wc" key="process_execution"
Aug 23 09:02:24 aitest audit: type=PATH msg=audit(1755939744.573:228): item=0 name="/home/opc/logai/enterprise_mnc_audit_sim/system/configs/server.conf" inode=34961 dev=08:01 mode=0100644 ouid=0 ogid=0
Aug 23 09:02:24 aitest audit: type=SYSCALL msg=audit(1755939744.573:40): arch=c000003e syscall=59 success=yes exit=0 pid=2795 uid=2001 gid=2001 comm="chmod" exe="/usr/bin/chmod" key="process_execution"
Aug 23 09:02:28 aitest audit: type=SYSCALL msg=audit(1755939748.883:673): arch=c000003e syscall=59 success=yes exit=0 pid=5908 uid=2001 gid=2001 comm="free" exe="/usr/bin/free" key="process_execution"
