Aug 24 00:06:35 aitest audit: type=PATH msg=audit(1755993995.356:669): item=0 name="/home/opc/logai/enterprise_mnc_audit_sim/enterprise_data/database" inode=40720 dev=08:01 mode=0100644 ouid=0 ogid=0
Aug 24 00:06:35 aitest audit: type=SYSCALL msg=audit(1755993995.356:828): arch=c000003e syscall=59 success=yes exit=0 pid=8663 uid=2002 gid=2002 comm="find" exe="/usr/bin/find" key="process_execution"
Aug 24 00:06:38 aitest audit: type=PATH msg=audit(1755993998.716:785): item=0 name="/home/opc/logai/enterprise_mnc_audit_sim/enterprise_data/database/" inode=33125 dev=08:01 mode=0100644 ouid=0 ogid=0
Aug 24 00:06:38 aitest audit: type=SYSCALL msg=audit(1755993998.716:769): arch=c000003e syscall=59 success=yes exit=0 pid=3212 uid=2002 gid=2002 comm="ls" exe="/usr/bin/ls" key="process_execution"
Aug 24 00:06:41 aitest audit: type=PATH msg=audit(1755994001.350:847): item=0 name="/home/opc/logai/enterprise_mnc_audit_sim/enterprise_data/database" inode=35707 dev=08:01 mode=0100644 ouid=0 ogid=0
Aug 24 00:06:41 aitest audit: type=SYSCALL msg=audit(1755994001.350:55): arch=c000003e syscall=59 success=yes exit=0 pid=9204 uid=2002 gid=2002 comm="find" exe="/usr/bin/find" key="process_execution"
Aug 24 00:23:58 aitest audit: type=SYSCALL msg=audit(1755995038.946:588): arch=c000003e syscall=59 success=yes exit=0 pid=8196 uid=2005 gid=2005 comm="du" exe="/usr/bin/du" key="process_execution"
Aug 24 00:23:59 aitest audit: type=PATH msg=audit(1755995039.258:532): item=0 name="/home/opc/logai/enterprise_mnc_audit_sim/enterprise_data/database/" inode=38996 dev=08:01 mode=0100644 ouid=0 ogid=0
Aug 24 00:23:59 aitest audit: type=SYSCALL msg=audit(1755995039.258:910): arch=c000003e syscall=59 success=yes exit=0 pid=9897 uid=2005 gid=2005 comm="ls" exe="/usr/bin/ls" key="process_execution"
Aug 24 00:26:24 aitest audit: type=SYSCALL msg=audit(1755995184.215:853): arch=c000003e syscall=59 success=yes exit=0 pid=3585 uid=2002 gid=2002 comm="du" exe="/usr/bin/du" key="process_execution"
Aug 24 00:26:32 aitest audit: type=PATH msg=audit(1755995192.30:882): item=0 name="/home/opc/logai/enterprise_mnc_audit_sim/enterprise_data/database" inode=10698 dev=08:01 mode=0100644 ouid=0 ogid=0
Aug 24 00:26:32 aitest audit: type=SYSCALL msg=audit(1755995192.30:793): arch=c000003e syscall=59 success=yes exit=0 pid=11760 uid=2002 gid=2002 comm="find" exe="/usr/bin/find" key="process_execution"
Aug 24 00:27:36 aitest audit: type=SYSCALL msg=audit(1755995256.645:876): arch=c000003e syscall=59 success=yes exit=0 pid=7699 uid=2003 gid=2003 comm="cp" exe="/usr/bin/cp" key="process_execution"
Aug 24 00:27:43 aitest audit: type=PATH msg=audit(1755995263.58:339): item=0 name="/home/opc/logai/enterprise_mnc_audit_sim/enterprise_data/development/projects/" inode=13163 dev=08:01 mode=0100644 ouid=0 ogid=0
Aug 24 00:27:43 aitest audit: type=SYSCALL msg=audit(1755995263.58:606): arch=c000003e syscall=59 success=yes exit=0 pid=7121 uid=2003 gid=2003 comm="ls" exe="/usr/bin/ls" key="process_execution"
Aug 24 00:27:50 aitest audit: type=SYSCALL msg=audit(1755995270.732:830): arch=c000003e syscall=59 success=yes exit=0 pid=11270 uid=2007 gid=2007 comm="top" exe="/usr/bin/top" key="process_execution"
Aug 24 00:27:55 aitest audit: type=PATH msg=audit(1755995275.169:383): item=0 name="/home/opc/logai/enterprise_mnc_audit_sim/enterprise_data/operations" inode=31874 dev=08:01 mode=0100644 ouid=0 ogid=0
Aug 24 00:27:55 aitest audit: type=SYSCALL msg=audit(1755995275.169:168): arch=c000003e syscall=59 success=yes exit=0 pid=9205 uid=2007 gid=2007 comm="find" exe="/usr/bin/find" key="process_execution"
Aug 24 00:27:59 aitest audit: type=PATH msg=audit(1755995279.148:907): item=0 name="/home/opc/logai/enterprise_mnc_audit_sim/enterprise_data/operations" inode=35728 dev=08:01 mode=0100644 ouid=0 ogid=0
Aug 24 00:27:59 aitest audit: type=SYSCALL msg=audit(1755995279.148:580): arch=c000003e syscall=59 success=yes exit=0 pid=4936 uid=2007 gid=2007 comm="find" exe="/usr/bin/find" key="process_execution"
Aug 24 00:28:09 aitest audit: type=PATH msg=audit(1755995289.309:849): item=0 name="/home/opc/logai/enterprise_mnc_audit_sim/enterprise_data/operations/" inode=17724 dev=08:01 mode=0100644 ouid=0 ogid=0
Aug 24 00:28:09 aitest audit: type=SYSCALL msg=audit(1755995289.309:452): arch=c000003e syscall=59 success=yes exit=0 pid=5179 uid=2007 gid=2007 comm="ls" exe="/usr/bin/ls" key="process_execution"
Aug 24 00:54:41 aitest audit: type=PATH msg=audit(1755996881.211:479): item=0 name="/home/opc/logai/enterprise_mnc_audit_sim/enterprise_data/operations/" inode=22535 dev=08:01 mode=0100644 ouid=0 ogid=0
Aug 24 00:54:41 aitest audit: type=SYSCALL msg=audit(1755996881.211:972): arch=c000003e syscall=59 success=yes exit=0 pid=2351 uid=2010 gid=2010 comm="ls" exe="/usr/bin/ls" key="process_execution"
Aug 24 00:54:42 aitest audit: type=PATH msg=audit(1755996882.335:123): item=0 name="/home/opc/logai/enterprise_mnc_audit_sim/enterprise_data/operations/" inode=42302 dev=08:01 mode=0100644 ouid=0 ogid=0
Aug 24 00:54:42 aitest audit: type=SYSCALL msg=audit(1755996882.335:508): arch=c000003e syscall=59 success=yes exit=0 pid=6451 uid=2010 gid=2010 comm="ls" exe="/usr/bin/ls" key="process_execution"
Aug 24 00:54:44 aitest audit: type=PATH msg=audit(1755996884.437:170): item=0 name="/home/opc/logai/enterprise_mnc_audit_sim/enterprise_data/operations/scripts/" inode=12430 dev=08:01 mode=0100644 ouid=0 ogid=0
Aug 24 00:54:44 aitest audit: type=SYSCALL msg=audit(1755996884.437:111): arch=c000003e syscall=59 success=yes exit=0 pid=2562 uid=2010 gid=2010 comm="chmod" exe="/usr/bin/chmod" key="process_execution"
Aug 24 01:11:53 aitest audit: type=SYSCALL msg=audit(1755997913.295:597): arch=c000003e syscall=59 success=yes exit=0 pid=3815 uid=2006 gid=2006 comm="wc" exe="/usr/bin/wc" key="process_execution"
Aug 24 01:11:54 aitest audit: type=PATH msg=audit(1755997914.79:844): item=0 name="/home/opc/logai/enterprise_mnc_audit_sim/enterprise_data/development/scripts/build.sh" inode=10504 dev=08:01 mode=0100644 ouid=0 ogid=0
Aug 24 01:11:54 aitest audit: type=SYSCALL msg=audit(1755997914.79:866): arch=c000003e syscall=59 success=yes exit=0 pid=7183 uid=2006 gid=2006 comm="chmod" exe="/usr/bin/chmod" key="process_execution"
Aug 24 01:12:02 aitest audit: type=SYSCALL msg=audit(1755997922.661:442): arch=c000003e syscall=59 success=yes exit=0 pid=11943 uid=2006 gid=2006 comm="wc" exe="/usr/bin/wc" key="process_execution"
Aug 24 01:15:45 aitest audit: type=PATH msg=audit(1755998145.640:331): item=0 name="/home/opc/logai/enterprise_mnc_audit_sim/enterprise_data/development/projects/" inode=10916 dev=08:01 mode=0100644 ouid=0 ogid=0
Aug 24 01:15:45 aitest audit: type=SYSCALL msg=audit(1755998145.640:236): arch=c000003e syscall=59 success=yes exit=0 pid=9679 uid=2003 gid=2003 comm="ls" exe="/usr/bin/ls" key="process_execution"
Aug 24 01:15:48 aitest audit: type=SYSCALL msg=audit(1755998148.426:609): arch=c000003e syscall=59 success=yes exit=0 pid=4140 uid=2003 gid=2003 comm="grep" exe="/usr/bin/grep" key="process_execution"
Aug 24 01:15:55 aitest audit: type=PATH msg=audit(1755998155.86:408): item=0 name="/home/opc/logai/enterprise_mnc_audit_sim/enterprise_data/development/projects/project_alpha.txt" inode=23810 dev=08:01 mode=0100644 ouid=0 ogid=0
Aug 24 01:15:55 aitest audit: type=SYSCALL msg=audit(1755998155.86:97): arch=c000003e syscall=59 success=yes exit=0 pid=3558 uid=2003 gid=2003 comm="cat" exe="/usr/bin/cat" key="process_execution"
Aug 24 01:15:57 aitest audit: type=PATH msg=audit(1755998157.523:867): item=0 name="/home/opc/logai/enterprise_mnc_audit_sim/enterprise_data/development" inode=20474 dev=08:01 mode=0100644 ouid=0 ogid=0
Aug 24 01:15:57 aitest audit: type=SYSCALL msg=audit(1755998157.523:797): arch=c000003e syscall=59 success=yes exit=0 pid=10356 uid=2003 gid=2003 comm="find" exe="/usr/bin/find" key="process_execution"
Aug 24 01:16:57 aitest audit: type=PATH msg=audit(1755998217.849:403): item=0 name="/home/opc/logai/enterprise_mnc_audit_sim/enterprise_data/development" inode=38726 dev=08:01 mode=0100644 ouid=0 ogid=0
Aug 24 01:16:57 aitest audit: type=SYSCALL msg=audit(1755998217.849:540): arch=c000003e syscall=59 success=yes exit=0 pid=7046 uid=2006 gid=2006 comm="find" exe="/usr/bin/find" key="process_execution"
Aug 24 01:16:58 aitest audit: type=SYSCALL msg=audit(1755998218.298:533): arch=c000003e syscall=59 success=yes exit=0 pid=2205 uid=2006 gid=2006 comm="wc" exe="/usr/bin/wc" key="process_execution"
Aug 24 01:17:01 aitest audit: type=SYSCALL msg=audit(1755998221.682:98): arch=c000003e syscall=59 success=yes exit=0 pid=4630 uid=2006 gid=2006 comm="cp" exe="/usr/bin/cp" key="process_execution"
Aug 24 01:17:07 aitest audit: type=SYSCALL msg=audit(1755998227.374:135): arch=c000003e syscall=59 success=yes exit=0 pid=4376 uid=2006 gid=2006 comm="cp" exe="/usr/bin/cp" key="process_execution"
Aug 24 01:27:03 aitest audit: type=SYSCALL msg=audit(1755998823.468:579): arch=c000003e syscall=59 success=yes exit=0 pid=6646 uid=2009 gid=2009 comm="grep" exe="/usr/bin/grep" key="process_execution"
Aug 24 01:27:05 aitest audit: type=SYSCALL msg=audit(1755998825.451:143): arch=c000003e syscall=59 success=yes exit=0 pid=11406 uid=2009 gid=2009 comm="cp" exe="/usr/bin/cp" key="process_execution"
Aug 24 01:27:08 aitest audit: type=PATH msg=audit(1755998828.732:222): item=0 name="/home/opc/logai/enterprise_mnc_audit_sim/enterprise_data/development/scripts/build.sh" inode=14999 dev=08:01 mode=0100644 ouid=0 ogid=0
Aug 24 01:27:08 aitest audit: type=SYSCALL msg=audit(1755998828.732:284): arch=c000003e syscall=59 success=yes exit=0 pid=4473 uid=2009 gid=2009 comm="chmod" exe="/usr/bin/chmod" key="process_execution"
Aug 24 01:28:05 aitest audit: type=PATH msg=audit(1755998885.598:286): item=0 name="/home/opc/logai/enterprise_mnc_audit_sim/enterprise_data/development/projects/project_alpha.txt" inode=19465 dev=08:01 mode=0100644 ouid=0 ogid=0
Aug 24 01:28:05 aitest audit: type=SYSCALL msg=audit(1755998885.598:352): arch=c000003e syscall=59 success=yes exit=0 pid=3904 uid=2006 gid=2006 comm="cat" exe="/usr/bin/cat" key="process_execution"
Aug 24 01:28:06 aitest audit: type=SYSCALL msg=audit(1755998886.420:386): arch=c000003e syscall=59 success=yes exit=0 pid=11166 uid=2006 gid=2006 comm="wc" exe="/usr/bin/wc" key="process_execution"
Aug 24 01:28:10 aitest audit: type=PATH msg=audit(1755998890.13:35): item=0 name="/home/opc/logai/enterprise_mnc_audit_sim/enterprise_data/development/projects/" inode=35767 dev=08:01 mode=0100644 ouid=0 ogid=0
Aug 24 01:28:10 aitest audit: type=SYSCALL msg=audit(1755998890.13:136): arch=c000003e syscall=59 success=yes exit=0 pid=10695 uid=2006 gid=2006 comm="ls" exe="/usr/bin/ls" key="process_execution"
Aug 24 01:28:15 aitest audit: type=SYSCALL msg=audit(1755998895.339:575): arch=c000003e syscall=59 success=yes exit=0 pid=2079 uid=2006 gid=2006 comm="wc" exe="/usr/bin/wc" key="process_execution"
Aug 24 01:28:55 aitest audit: type=SYSCALL msg=audit(1755998935.290:588): arch=c000003e syscall=59 success=yes exit=0 pid=11284 uid=2005 gid=2005 comm="cp" exe="/usr/bin/cp" key="process_execution"
Aug 24 01:28:57 aitest audit: type=PATH msg=audit(1755998937.56:887): item=0 name="/home/opc/logai/enterprise_mnc_audit_sim/enterprise_data/database" inode=22626 dev=08:01 mode=0100644 ouid=0 ogid=0
Aug 24 01:28:57 aitest audit: type=SYSCALL msg=audit(1755998937.56:762): arch=c000003e syscall=59 success=yes exit=0 pid=2233 uid=2005 gid=2005 comm="find" exe="/usr/bin/find" key="process_execution"
Aug 24 01:29:00 aitest audit: type=SYSCALL msg=audit(1755998940.161:647): arch=c000003e syscall=59 success=yes exit=0 pid=3316 uid=2005 gid=2005 comm="grep" exe="/usr/bin/grep" key="process_execution"
Aug 24 01:29:07 aitest audit: type=PATH msg=audit(1755998947.265:853): item=0 name="/home/opc/logai/enterprise_mnc_audit_sim/enterprise_data/database/mysql/db_config.cnf" inode=33856 dev=08:01 mode=0100644 ouid=0 ogid=0
Aug 24 01:29:07 aitest audit: type=SYSCALL msg=audit(1755998947.265:658): arch=c000003e syscall=59 success=yes exit=0 pid=5743 uid=2005 gid=2005 comm="chmod" exe="/usr/bin/chmod" key="process_execution"
Aug 24 01:29:41 aitest audit: type=PATH msg=audit(1755998981.982:15): item=0 name="/home/opc/logai/enterprise_mnc_audit_sim/applications/databases/" inode=35546 dev=08:01 mode=0100644 ouid=0 ogid=0
Aug 24 01:29:41 aitest audit: type=SYSCALL msg=audit(1755998981.982:486): arch=c000003e syscall=59 success=yes exit=0 pid=2562 uid=2002 gid=2002 comm="ls" exe="/usr/bin/ls" key="process_execution"
Aug 24 01:29:47 aitest audit: type=PATH msg=audit(1755998987.217:738): item=0 name="/home/opc/logai/enterprise_mnc_audit_sim/applications/databases/" inode=10133 dev=08:01 mode=0100644 ouid=0 ogid=0
Aug 24 01:29:47 aitest audit: type=SYSCALL msg=audit(1755998987.217:592): arch=c000003e syscall=59 success=yes exit=0 pid=4299 uid=2002 gid=2002 comm="ls" exe="/usr/bin/ls" key="process_execution"
Aug 24 01:29:57 aitest audit: type=SYSCALL msg=audit(1755998997.870:596): arch=c000003e syscall=59 success=yes exit=0 pid=9638 uid=2002 gid=2002 comm="grep" exe="/usr/bin/grep" key="process_execution"
Aug 24 01:30:03 aitest audit: type=PATH msg=audit(1755999003.229:545): item=0 name="/home/opc/logai/enterprise_mnc_audit_sim/enterprise_data/database/" inode=19727 dev=08:01 mode=0100644 ouid=0 ogid=0
Aug 24 01:30:03 aitest audit: type=SYSCALL msg=audit(1755999003.229:436): arch=c000003e syscall=59 success=yes exit=0 pid=8612 uid=2002 gid=2002 comm="ls" exe="/usr/bin/ls" key="process_execution"
Aug 24 01:34:36 aitest audit: type=SYSCALL msg=audit(1755999276.632:941): arch=c000003e syscall=59 success=yes exit=0 pid=8423 uid=2008 gid=2008 comm="last" exe="/usr/bin/last" key="process_execution"
Aug 24 01:34:39 aitest audit: type=PATH msg=audit(1755999279.156:162): item=0 name="/home/opc/logai/enterprise_mnc_audit_sim/enterprise_data/" inode=14424 dev=08:01 mode=0100644 ouid=0 ogid=0
Aug 24 01:34:39 aitest audit: type=SYSCALL msg=audit(1755999279.156:10): arch=c000003e syscall=59 success=yes exit=0 pid=8756 uid=2008 gid=2008 comm="ls" exe="/usr/bin/ls" key="process_execution"
Aug 24 01:34:46 aitest audit: type=SYSCALL msg=audit(1755999286.96:263): arch=c000003e syscall=59 success=yes exit=0 pid=7668 uid=2008 gid=2008 comm="netstat" exe="/usr/bin/netstat" key="process_execution"
Aug 24 01:34:49 aitest audit: type=SYSCALL msg=audit(1755999289.135:24): arch=c000003e syscall=59 success=yes exit=0 pid=11820 uid=2008 gid=2008 comm="w" exe="/usr/bin/w" key="process_execution"
Aug 24 01:47:24 aitest audit: type=PATH msg=audit(1756000044.779:269): item=0 name="/home/opc/logai/enterprise_mnc_audit_sim/system/configs/server.conf" inode=19797 dev=08:01 mode=0100644 ouid=0 ogid=0
Aug 24 01:47:24 aitest audit: type=SYSCALL msg=audit(1756000044.779:478): arch=c000003e syscall=59 success=yes exit=0 pid=9205 uid=2004 gid=2004 comm="cat" exe="/usr/bin/cat" key="process_execution"
Aug 24 01:47:30 aitest audit: type=PATH msg=audit(1756000050.823:664): item=0 name="/home/opc/logai/enterprise_mnc_audit_sim/applications/" inode=29452 dev=08:01 mode=0100644 ouid=0 ogid=0
Aug 24 01:47:30 aitest audit: type=SYSCALL msg=audit(1756000050.823:618): arch=c000003e syscall=59 success=yes exit=0 pid=7567 uid=2004 gid=2004 comm="ls" exe="/usr/bin/ls" key="process_execution"
Aug 24 01:47:37 aitest audit: type=SYSCALL msg=audit(1756000057.274:230): arch=c000003e syscall=59 success=yes exit=0 pid=4215 uid=2004 gid=2004 comm="netstat" exe="/usr/bin/netstat" key="process_execution"
Aug 24 01:47:45 aitest audit: type=SYSCALL msg=audit(1756000065.817:905): arch=c000003e syscall=59 success=yes exit=0 pid=8380 uid=2004 gid=2004 comm="df" exe="/usr/bin/df" key="process_execution"
Aug 24 01:47:55 aitest audit: type=PATH msg=audit(1756000075.453:464): item=0 name="/home/opc/logai/enterprise_mnc_audit_sim/system/configs/server.conf" inode=39136 dev=08:01 mode=0100644 ouid=0 ogid=0
Aug 24 01:47:55 aitest audit: type=SYSCALL msg=audit(1756000075.453:199): arch=c000003e syscall=59 success=yes exit=0 pid=9457 uid=2004 gid=2004 comm="cat" exe="/usr/bin/cat" key="process_execution"
Aug 24 01:48:21 aitest audit: type=PATH msg=audit(1756000101.831:193): item=0 name="/home/opc/logai/enterprise_mnc_audit_sim/enterprise_data/database/mysql/db_config.cnf" inode=16603 dev=08:01 mode=0100644 ouid=0 ogid=0
Aug 24 01:48:21 aitest audit: type=SYSCALL msg=audit(1756000101.831:336): arch=c000003e syscall=59 success=yes exit=0 pid=4559 uid=2005 gid=2005 comm="cat" exe="/usr/bin/cat" key="process_execution"
Aug 24 01:48:25 aitest audit: type=PATH msg=audit(1756000105.651:727): item=0 name="/home/opc/logai/enterprise_mnc_audit_sim/enterprise_data/database" inode=34276 dev=08:01 mode=0100644 ouid=0 ogid=0
Aug 24 01:48:25 aitest audit: type=SYSCALL msg=audit(1756000105.651:248): arch=c000003e syscall=59 success=yes exit=0 pid=6687 uid=2005 gid=2005 comm="find" exe="/usr/bin/find" key="process_execution"
Aug 24 01:48:33 aitest audit: type=PATH msg=audit(1756000113.556:447): item=0 name="/home/opc/logai/enterprise_mnc_audit_sim/enterprise_data/database/mysql/db_config.cnf" inode=39840 dev=08:01 mode=0100644 ouid=0 ogid=0
Aug 24 01:48:33 aitest audit: type=SYSCALL msg=audit(1756000113.556:520): arch=c000003e syscall=59 success=yes exit=0 pid=7154 uid=2005 gid=2005 comm="cat" exe="/usr/bin/cat" key="process_execution"
Aug 24 01:48:34 aitest audit: type=SYSCALL msg=audit(1756000114.62:512): arch=c000003e syscall=59 success=yes exit=0 pid=4320 uid=2005 gid=2005 comm="du" exe="/usr/bin/du" key="process_execution"
Aug 24 01:57:33 aitest audit: type=PATH msg=audit(1756000653.824:824): item=0 name="/home/opc/logai/enterprise_mnc_audit_sim/system/configs/server.conf" inode=12480 dev=08:01 mode=0100644 ouid=0 ogid=0
Aug 24 01:57:33 aitest audit: type=SYSCALL msg=audit(1756000653.824:944): arch=c000003e syscall=59 success=yes exit=0 pid=4001 uid=2004 gid=2004 comm="cat" exe="/usr/bin/cat" key="process_execution"
Aug 24 01:57:34 aitest audit: type=SYSCALL msg=audit(1756000654.525:140): arch=c000003e syscall=59 success=yes exit=0 pid=8512 uid=2004 gid=2004 comm="df" exe="/usr/bin/df" key="process_execution"
Aug 24 01:57:39 aitest audit: type=SYSCALL msg=audit(1756000659.951:81): arch=c000003e syscall=59 success=yes exit=0 pid=5099 uid=2004 gid=2004 comm="df" exe="/usr/bin/df" key="process_execution"
Aug 24 01:57:43 aitest audit: type=SYSCALL msg=audit(1756000663.681:753): arch=c000003e syscall=59 success=yes exit=0 pid=11154 uid=2004 gid=2004 comm="df" exe="/usr/bin/df" key="process_execution"
Aug 24 01:57:47 aitest audit: type=PATH msg=audit(1756000667.944:416): item=0 name="/home/opc/logai/enterprise_mnc_audit_sim/system" inode=34488 dev=08:01 mode=0100644 ouid=0 ogid=0
Aug 24 01:57:47 aitest audit: type=SYSCALL msg=audit(1756000667.944:910): arch=c000003e syscall=59 success=yes exit=0 pid=11841 uid=2004 gid=2004 comm="find" exe="/usr/bin/find" key="process_execution"
Aug 24 02:02:00 aitest audit: type=SYSCALL msg=audit(1756000920.614:31): arch=c000003e syscall=59 success=yes exit=0 pid=4489 uid=2007 gid=2007 comm="du" exe="/usr/bin/du" key="process_execution"
Aug 24 02:02:05 aitest audit: type=PATH msg=audit(1756000925.318:985): item=0 name="/home/opc/logai/enterprise_mnc_audit_sim/enterprise_data/operations" inode=38074 dev=08:01 mode=0100644 ouid=0 ogid=0
Aug 24 02:02:05 aitest audit: type=SYSCALL msg=audit(1756000925.318:749): arch=c000003e syscall=59 success=yes exit=0 pid=2833 uid=2007 gid=2007 comm="find" exe="/usr/bin/find" key="process_execution"
Aug 24 02:02:12 aitest audit: type=SYSCALL msg=audit(1756000932.732:238): arch=c000003e syscall=59 success=yes exit=0 pid=11270 uid=2007 gid=2007 comm="tar" exe="/usr/bin/tar" key="process_execution"
Aug 24 02:02:13 aitest audit: type=SYSCALL msg=audit(1756000933.298:402): arch=c000003e syscall=59 success=yes exit=0 pid=9211 uid=2007 gid=2007 comm="tar" exe="/usr/bin/tar" key="process_execution"
Aug 24 02:03:36 aitest audit: type=SYSCALL msg=audit(1756001016.79:625): arch=c000003e syscall=59 success=yes exit=0 pid=9223 uid=2008 gid=2008 comm="netstat" exe="/usr/bin/netstat" key="process_execution"
Aug 24 02:03:45 aitest audit: type=PATH msg=audit(1756001025.404:890): item=0 name="/home/opc/logai/enterprise_mnc_audit_sim/enterprise_data/" inode=24910 dev=08:01 mode=0100644 ouid=0 ogid=0
Aug 24 02:03:45 aitest audit: type=SYSCALL msg=audit(1756001025.404:169): arch=c000003e syscall=59 success=yes exit=0 pid=3618 uid=2008 gid=2008 comm="ls" exe="/usr/bin/ls" key="process_execution"
Aug 24 02:03:53 aitest audit: type=SYSCALL msg=audit(1756001033.562:440): arch=c000003e syscall=59 success=yes exit=0 pid=3164 uid=2008 gid=2008 comm="w" exe="/usr/bin/w" key="process_execution"
Aug 24 02:13:06 aitest audit: type=SYSCALL msg=audit(1756001586.602:847): arch=c000003e syscall=59 success=yes exit=0 pid=10256 uid=2007 gid=2007 comm="du" exe="/usr/bin/du" key="process_execution"
Aug 24 02:13:14 aitest audit: type=SYSCALL msg=audit(1756001594.500:540): arch=c000003e syscall=59 success=yes exit=0 pid=5949 uid=2007 gid=2007 comm="ps" exe="/usr/bin/ps" key="process_execution"
Aug 24 02:13:15 aitest audit: type=PATH msg=audit(1756001595.344:273): item=0 name="/home/opc/logai/enterprise_mnc_audit_sim/enterprise_data/operations/" inode=14285 dev=08:01 mode=0100644 ouid=0 ogid=0
Aug 24 02:13:15 aitest audit: type=SYSCALL msg=audit(1756001595.344:287): arch=c000003e syscall=59 success=yes exit=0 pid=8697 uid=2007 gid=2007 comm="ls" exe="/usr/bin/ls" key="process_execution"
Aug 24 02:13:18 aitest audit: type=SYSCALL msg=audit(1756001598.640:383): arch=c000003e syscall=59 success=yes exit=0 pid=7416 uid=2007 gid=2007 comm="ps" exe="/usr/bin/ps" key="process_execution"
Aug 24 02:25:24 aitest audit: type=SYSCALL msg=audit(1756002324.426:712): arch=c000003e syscall=59 success=yes exit=0 pid=11343 uid=2008 gid=2008 comm="find" exe="/usr/bin/find" key="process_execution"
Aug 24 02:25:32 aitest audit: type=SYSCALL msg=audit(1756002332.953:265): arch=c000003e syscall=59 success=yes exit=0 pid=3868 uid=2008 gid=2008 comm="who" exe="/usr/bin/who" key="process_execution"
Aug 24 02:25:41 aitest audit: type=SYSCALL msg=audit(1756002341.630:98): arch=c000003e syscall=59 success=yes exit=0 pid=4194 uid=2008 gid=2008 comm="netstat" exe="/usr/bin/netstat" key="process_execution"
Aug 24 02:25:44 aitest audit: type=SYSCALL msg=audit(1756002344.710:685): arch=c000003e syscall=59 success=yes exit=0 pid=9717 uid=2008 gid=2008 comm="w" exe="/usr/bin/w" key="process_execution"
Aug 24 02:25:59 aitest audit: type=PATH msg=audit(1756002359.509:320): item=0 name="/home/opc/logai/enterprise_mnc_audit_sim/enterprise_data/development/" inode=14503 dev=08:01 mode=0100644 ouid=0 ogid=0
Aug 24 02:25:59 aitest audit: type=SYSCALL msg=audit(1756002359.509:96): arch=c000003e syscall=59 success=yes exit=0 pid=3568 uid=2003 gid=2003 comm="ls" exe="/usr/bin/ls" key="process_execution"
Aug 24 02:26:08 aitest audit: type=PATH msg=audit(1756002368.964:216): item=0 name="/home/opc/logai/enterprise_mnc_audit_sim/enterprise_data/development" inode=30682 dev=08:01 mode=0100644 ouid=0 ogid=0
Aug 24 02:26:08 aitest audit: type=SYSCALL msg=audit(1756002368.964:163): arch=c000003e syscall=59 success=yes exit=0 pid=11115 uid=2003 gid=2003 comm="find" exe="/usr/bin/find" key="process_execution"
Aug 24 02:30:15 aitest audit: type=SYSCALL msg=audit(1756002615.849:127): arch=c000003e syscall=59 success=yes exit=0 pid=5421 uid=2010 gid=2010 comm="tar" exe="/usr/bin/tar" key="process_execution"
Aug 24 02:30:19 aitest audit: type=SYSCALL msg=audit(1756002619.252:759): arch=c000003e syscall=59 success=yes exit=0 pid=8866 uid=2010 gid=2010 comm="tar" exe="/usr/bin/tar" key="process_execution"
Aug 24 02:30:20 aitest audit: type=SYSCALL msg=audit(1756002620.226:295): arch=c000003e syscall=59 success=yes exit=0 pid=2592 uid=2010 gid=2010 comm="tar" exe="/usr/bin/tar" key="process_execution"
Aug 24 02:31:09 aitest audit: type=SYSCALL msg=audit(1756002669.501:347): arch=c000003e syscall=59 success=yes exit=0 pid=3434 uid=2003 gid=2003 comm="wc" exe="/usr/bin/wc" key="process_execution"
Aug 24 02:31:10 aitest audit: type=SYSCALL msg=audit(1756002670.16:84): arch=c000003e syscall=59 success=yes exit=0 pid=3657 uid=2003 gid=2003 comm="grep" exe="/usr/bin/grep" key="process_execution"
Aug 24 02:31:11 aitest audit: type=PATH msg=audit(1756002671.456:201): item=0 name="/home/opc/logai/enterprise_mnc_audit_sim/enterprise_data/development" inode=37203 dev=08:01 mode=0100644 ouid=0 ogid=0
Aug 24 02:31:11 aitest audit: type=SYSCALL msg=audit(1756002671.456:765): arch=c000003e syscall=59 success=yes exit=0 pid=2638 uid=2003 gid=2003 comm="find" exe="/usr/bin/find" key="process_execution"
Aug 24 02:31:19 aitest audit: type=PATH msg=audit(1756002679.176:514): item=0 name="/home/opc/logai/enterprise_mnc_audit_sim/enterprise_data/development/projects/project_alpha.txt" inode=35666 dev=08:01 mode=0100644 ouid=0 ogid=0
Aug 24 02:31:19 aitest audit: type=SYSCALL msg=audit(1756002679.176:117): arch=c000003e syscall=59 success=yes exit=0 pid=8814 uid=2003 gid=2003 comm="cat" exe="/usr/bin/cat" key="process_execution"
Aug 24 02:54:05 aitest audit: type=SYSCALL msg=audit(1756004045.710:579): arch=c000003e syscall=59 success=yes exit=0 pid=11067 uid=2008 gid=2008 comm="w" exe="/usr/bin/w" key="process_execution"
Aug 24 02:54:08 aitest audit: type=SYSCALL msg=audit(1756004048.143:342): arch=c000003e syscall=59 success=yes exit=0 pid=5814 uid=2008 gid=2008 comm="find" exe="/usr/bin/find" key="process_execution"
Aug 24 02:54:13 aitest audit: type=SYSCALL msg=audit(1756004053.822:712): arch=c000003e syscall=59 success=yes exit=0 pid=10014 uid=2008 gid=2008 comm="w" exe="/usr/bin/w" key="process_execution"
Aug 24 02:54:21 aitest audit: type=SYSCALL msg=audit(1756004061.749:664): arch=c000003e syscall=59 success=yes exit=0 pid=10421 uid=2004 gid=2004 comm="ps" exe="/usr/bin/ps" key="process_execution"
Aug 24 02:54:23 aitest audit: type=PATH msg=audit(1756004063.801:257): item=0 name="/home/opc/logai/enterprise_mnc_audit_sim/enterprise_data/" inode=15285 dev=08:01 mode=0100644 ouid=0 ogid=0
Aug 24 02:54:23 aitest audit: type=SYSCALL msg=audit(1756004063.801:605): arch=c000003e syscall=59 success=yes exit=0 pid=3838 uid=2008 gid=2008 comm="ls" exe="/usr/bin/ls" key="process_execution"
Aug 24 02:54:24 aitest audit: type=SYSCALL msg=audit(1756004064.627:165): arch=c000003e syscall=59 success=yes exit=0 pid=5199 uid=2004 gid=2004 comm="df" exe="/usr/bin/df" key="process_execution"
Aug 24 02:54:26 aitest audit: type=SYSCALL msg=audit(1756004066.544:875): arch=c000003e syscall=59 success=yes exit=0 pid=2361 uid=2008 gid=2008 comm="find" exe="/usr/bin/find" key="process_execution"
Aug 24 02:54:34 aitest audit: type=SYSCALL msg=audit(1756004074.704:136): arch=c000003e syscall=59 success=yes exit=0 pid=2746 uid=2004 gid=2004 comm="netstat" exe="/usr/bin/netstat" key="process_execution"
Aug 24 02:54:42 aitest audit: type=PATH msg=audit(1756004082.898:628): item=0 name="/home/opc/logai/enterprise_mnc_audit_sim/system" inode=28394 dev=08:01 mode=0100644 ouid=0 ogid=0
Aug 24 02:54:42 aitest audit: type=SYSCALL msg=audit(1756004082.898:774): arch=c000003e syscall=59 success=yes exit=0 pid=4447 uid=2004 gid=2004 comm="find" exe="/usr/bin/find" key="process_execution"
Aug 24 02:54:52 aitest audit: type=PATH msg=audit(1756004092.50:716): item=0 name="/home/opc/logai/enterprise_mnc_audit_sim/system/configs/" inode=23455 dev=08:01 mode=0100644 ouid=0 ogid=0
Aug 24 02:54:52 aitest audit: type=SYSCALL msg=audit(1756004092.50:443): arch=c000003e syscall=59 success=yes exit=0 pid=11911 uid=2004 gid=2004 comm="ls" exe="/usr/bin/ls" key="process_execution"
Aug 24 03:02:57 aitest audit: type=PATH msg=audit(1756004577.56:615): item=0 name="/home/opc/logai/enterprise_mnc_audit_sim/enterprise_data/operations/scripts/" inode=11231 dev=08:01 mode=0100644 ouid=0 ogid=0
Aug 24 03:02:57 aitest audit: type=SYSCALL msg=audit(1756004577.56:229): arch=c000003e syscall=59 success=yes exit=0 pid=3304 uid=2007 gid=2007 comm="chmod" exe="/usr/bin/chmod" key="process_execution"
Aug 24 03:02:59 aitest audit: type=PATH msg=audit(1756004579.787:823): item=0 name="/home/opc/logai/enterprise_mnc_audit_sim/applications/" inode=15491 dev=08:01 mode=0100644 ouid=0 ogid=0
Aug 24 03:02:59 aitest audit: type=SYSCALL msg=audit(1756004579.787:971): arch=c000003e syscall=59 success=yes exit=0 pid=5852 uid=2007 gid=2007 comm="ls" exe="/usr/bin/ls" key="process_execution"
Aug 24 03:03:02 aitest audit: type=SYSCALL msg=audit(1756004582.904:420): arch=c000003e syscall=59 success=yes exit=0 pid=5108 uid=2007 gid=2007 comm="tar" exe="/usr/bin/tar" key="process_execution"
Aug 24 03:03:07 aitest audit: type=PATH msg=audit(1756004587.306:861): item=0 name="/home/opc/logai/enterprise_mnc_audit_sim/enterprise_data/operations" inode=19632 dev=08:01 mode=0100644 ouid=0 ogid=0
Aug 24 03:03:07 aitest audit: type=SYSCALL msg=audit(1756004587.306:825): arch=c000003e syscall=59 success=yes exit=0 pid=2584 uid=2007 gid=2007 comm="find" exe="/usr/bin/find" key="process_execution"
Aug 24 03:03:08 aitest audit: type=SYSCALL msg=audit(1756004588.210:203): arch=c000003e syscall=59 success=yes exit=0 pid=2829 uid=2007 gid=2007 comm="top" exe="/usr/bin/top" key="process_execution"
Aug 24 03:08:15 aitest audit: type=SYSCALL msg=audit(1756004895.496:922): arch=c000003e syscall=59 success=yes exit=0 pid=11170 uid=2004 gid=2004 comm="netstat" exe="/usr/bin/netstat" key="process_execution"
Aug 24 03:08:16 aitest audit: type=PATH msg=audit(1756004896.576:834): item=0 name="/home/opc/logai/enterprise_mnc_audit_sim/system/configs/server.conf" inode=27037 dev=08:01 mode=0100644 ouid=0 ogid=0
Aug 24 03:08:16 aitest audit: type=SYSCALL msg=audit(1756004896.576:408): arch=c000003e syscall=59 success=yes exit=0 pid=10535 uid=2004 gid=2004 comm="chmod" exe="/usr/bin/chmod" key="process_execution"
Aug 24 03:08:23 aitest audit: type=SYSCALL msg=audit(1756004903.375:186): arch=c000003e syscall=59 success=yes exit=0 pid=2939 uid=2004 gid=2004 comm="df" exe="/usr/bin/df" key="process_execution"
Aug 24 03:17:15 aitest audit: type=SYSCALL msg=audit(1756005435.192:74): arch=c000003e syscall=59 success=yes exit=0 pid=3426 uid=2007 gid=2007 comm="ps" exe="/usr/bin/ps" key="process_execution"
Aug 24 03:17:22 aitest audit: type=SYSCALL msg=audit(1756005442.273:522): arch=c000003e syscall=59 success=yes exit=0 pid=4410 uid=2007 gid=2007 comm="tar" exe="/usr/bin/tar" key="process_execution"
Aug 24 03:17:23 aitest audit: type=SYSCALL msg=audit(1756005443.386:617): arch=c000003e syscall=59 success=yes exit=0 pid=9744 uid=2007 gid=2007 comm="du" exe="/usr/bin/du" key="process_execution"
Aug 24 03:27:17 aitest audit: type=SYSCALL msg=audit(1756006037.898:558): arch=c000003e syscall=59 success=yes exit=0 pid=10010 uid=2009 gid=2009 comm="rm" exe="/usr/bin/rm" key="process_execution"
Aug 24 03:33:08 aitest audit: type=PATH msg=audit(1756006388.179:752): item=0 name="/home/opc/logai/enterprise_mnc_audit_sim/enterprise_data/operations/scripts/" inode=22482 dev=08:01 mode=0100644 ouid=0 ogid=0
Aug 24 03:33:08 aitest audit: type=SYSCALL msg=audit(1756006388.179:633): arch=c000003e syscall=59 success=yes exit=0 pid=11983 uid=2007 gid=2007 comm="chmod" exe="/usr/bin/chmod" key="process_execution"
Aug 24 03:33:11 aitest audit: type=PATH msg=audit(1756006391.330:697): item=0 name="/home/opc/logai/enterprise_mnc_audit_sim/applications/" inode=36115 dev=08:01 mode=0100644 ouid=0 ogid=0
Aug 24 03:33:11 aitest audit: type=SYSCALL msg=audit(1756006391.330:244): arch=c000003e syscall=59 success=yes exit=0 pid=6838 uid=2007 gid=2007 comm="ls" exe="/usr/bin/ls" key="process_execution"
Aug 24 03:33:15 aitest audit: type=PATH msg=audit(1756006395.882:786): item=0 name="/home/opc/logai/enterprise_mnc_audit_sim/applications/" inode=16039 dev=08:01 mode=0100644 ouid=0 ogid=0
Aug 24 03:33:15 aitest audit: type=SYSCALL msg=audit(1756006395.882:889): arch=c000003e syscall=59 success=yes exit=0 pid=5289 uid=2007 gid=2007 comm="ls" exe="/usr/bin/ls" key="process_execution"
Aug 24 03:33:17 aitest audit: type=PATH msg=audit(1756006397.989:468): item=0 name="/home/opc/logai/enterprise_mnc_audit_sim/enterprise_data/operations/" inode=14492 dev=08:01 mode=0100644 ouid=0 ogid=0
Aug 24 03:33:17 aitest audit: type=SYSCALL msg=audit(1756006397.989:206): arch=c000003e syscall=59 success=yes exit=0 pid=9057 uid=2007 gid=2007 comm="ls" exe="/usr/bin/ls" key="process_execution"
Aug 24 03:33:22 aitest audit: type=SYSCALL msg=audit(1756006402.75:224): arch=c000003e syscall=59 success=yes exit=0 pid=2911 uid=2007 gid=2007 comm="du" exe="/usr/bin/du" key="process_execution"
Aug 24 03:38:51 aitest audit: type=PATH msg=audit(1756006731.809:656): item=0 name="/home/opc/logai/enterprise_mnc_audit_sim/system/logs/application.log" inode=13265 dev=08:01 mode=0100644 ouid=0 ogid=0
Aug 24 03:38:51 aitest audit: type=SYSCALL msg=audit(1756006731.809:223): arch=c000003e syscall=59 success=yes exit=0 pid=8047 uid=2001 gid=2001 comm="tail" exe="/usr/bin/tail" key="process_execution"
Aug 24 03:38:58 aitest audit: type=PATH msg=audit(1756006738.69:210): item=0 name="/home/opc/logai/enterprise_mnc_audit_sim/system/configs/server.conf" inode=23611 dev=08:01 mode=0100644 ouid=0 ogid=0
Aug 24 03:38:58 aitest audit: type=SYSCALL msg=audit(1756006738.69:312): arch=c000003e syscall=59 success=yes exit=0 pid=5929 uid=2001 gid=2001 comm="chmod" exe="/usr/bin/chmod" key="process_execution"
Aug 24 03:39:02 aitest audit: type=PATH msg=audit(1756006742.677:44): item=0 name="/home/opc/logai/enterprise_mnc_audit_sim/system/configs/server.conf" inode=20435 dev=08:01 mode=0100644 ouid=0 ogid=0
Aug 24 03:39:02 aitest audit: type=SYSCALL msg=audit(1756006742.677:107): arch=c000003e syscall=59 success=yes exit=0 pid=10675 uid=2001 gid=2001 comm="cat" exe="/usr/bin/cat" key="process_execution"
Aug 24 03:42:29 aitest audit: type=PATH msg=audit(1756006949.915:986): item=0 name="/home/opc/logai/enterprise_mnc_audit_sim/enterprise_data/database" inode=29253 dev=08:01 mode=0100644 ouid=0 ogid=0
Aug 24 03:42:29 aitest audit: type=SYSCALL msg=audit(1756006949.915:910): arch=c000003e syscall=59 success=yes exit=0 pid=6261 uid=2002 gid=2002 comm="find" exe="/usr/bin/find" key="process_execution"
Aug 24 03:42:39 aitest audit: type=PATH msg=audit(1756006959.481:53): item=0 name="/home/opc/logai/enterprise_mnc_audit_sim/enterprise_data/database" inode=42716 dev=08:01 mode=0100644 ouid=0 ogid=0
Aug 24 03:42:39 aitest audit: type=SYSCALL msg=audit(1756006959.481:427): arch=c000003e syscall=59 success=yes exit=0 pid=3561 uid=2002 gid=2002 comm="find" exe="/usr/bin/find" key="process_execution"
Aug 24 03:42:42 aitest audit: type=SYSCALL msg=audit(1756006962.815:82): arch=c000003e syscall=59 success=yes exit=0 pid=3401 uid=2002 gid=2002 comm="cp" exe="/usr/bin/cp" key="process_execution"
Aug 24 03:42:44 aitest audit: type=SYSCALL msg=audit(1756006964.775:907): arch=c000003e syscall=59 success=yes exit=0 pid=5070 uid=2002 gid=2002 comm="du" exe="/usr/bin/du" key="process_execution"
Aug 24 03:42:53 aitest audit: type=PATH msg=audit(1756006973.698:924): item=0 name="/home/opc/logai/enterprise_mnc_audit_sim/enterprise_data/database/mysql/db_config.cnf" inode=12363 dev=08:01 mode=0100644 ouid=0 ogid=0
Aug 24 03:42:53 aitest audit: type=SYSCALL msg=audit(1756006973.698:302): arch=c000003e syscall=59 success=yes exit=0 pid=11927 uid=2002 gid=2002 comm="cat" exe="/usr/bin/cat" key="process_execution"
Aug 24 03:49:02 aitest audit: type=SYSCALL msg=audit(1756007342.619:743): arch=c000003e syscall=59 success=yes exit=0 pid=3658 uid=2010 gid=2010 comm="ps" exe="/usr/bin/ps" key="process_execution"
Aug 24 03:49:09 aitest audit: type=PATH msg=audit(1756007349.799:850): item=0 name="/home/opc/logai/enterprise_mnc_audit_sim/enterprise_data/operations/scripts/" inode=21895 dev=08:01 mode=0100644 ouid=0 ogid=0
Aug 24 03:49:09 aitest audit: type=SYSCALL msg=audit(1756007349.799:629): arch=c000003e syscall=59 success=yes exit=0 pid=9095 uid=2010 gid=2010 comm="chmod" exe="/usr/bin/chmod" key="process_execution"
Aug 24 03:49:17 aitest audit: type=PATH msg=audit(1756007357.724:817): item=0 name="/home/opc/logai/enterprise_mnc_audit_sim/enterprise_data/operations/scripts/" inode=21483 dev=08:01 mode=0100644 ouid=0 ogid=0
Aug 24 03:49:17 aitest audit: type=SYSCALL msg=audit(1756007357.724:868): arch=c000003e syscall=59 success=yes exit=0 pid=9870 uid=2010 gid=2010 comm="chmod" exe="/usr/bin/chmod" key="process_execution"
Aug 24 03:49:54 aitest audit: type=PATH msg=audit(1756007394.103:625): item=0 name="/home/opc/logai/enterprise_mnc_audit_sim/system/logs/application.log" inode=33870 dev=08:01 mode=0100644 ouid=0 ogid=0
Aug 24 03:49:54 aitest audit: type=SYSCALL msg=audit(1756007394.103:224): arch=c000003e syscall=59 success=yes exit=0 pid=8690 uid=2004 gid=2004 comm="tail" exe="/usr/bin/tail" key="process_execution"
Aug 24 03:50:02 aitest audit: type=PATH msg=audit(1756007402.864:722): item=0 name="/home/opc/logai/enterprise_mnc_audit_sim/system/configs/server.conf" inode=30245 dev=08:01 mode=0100644 ouid=0 ogid=0
Aug 24 03:50:02 aitest audit: type=SYSCALL msg=audit(1756007402.864:373): arch=c000003e syscall=59 success=yes exit=0 pid=4658 uid=2004 gid=2004 comm="cat" exe="/usr/bin/cat" key="process_execution"
Aug 24 03:50:04 aitest audit: type=PATH msg=audit(1756007404.575:361): item=0 name="/home/opc/logai/enterprise_mnc_audit_sim/system/configs/server.conf" inode=28621 dev=08:01 mode=0100644 ouid=0 ogid=0
Aug 24 03:50:04 aitest audit: type=SYSCALL msg=audit(1756007404.575:757): arch=c000003e syscall=59 success=yes exit=0 pid=6122 uid=2004 gid=2004 comm="cat" exe="/usr/bin/cat" key="process_execution"
Aug 24 03:59:09 aitest audit: type=SYSCALL msg=audit(1756007949.891:813): arch=c000003e syscall=59 success=yes exit=0 pid=4680 uid=2004 gid=2004 comm="netstat" exe="/usr/bin/netstat" key="process_execution"
Aug 24 03:59:10 aitest audit: type=PATH msg=audit(1756007950.352:155): item=0 name="/home/opc/logai/enterprise_mnc_audit_sim/system/logs/application.log" inode=19803 dev=08:01 mode=0100644 ouid=0 ogid=0
Aug 24 03:59:10 aitest audit: type=SYSCALL msg=audit(1756007950.352:920): arch=c000003e syscall=59 success=yes exit=0 pid=11851 uid=2004 gid=2004 comm="tail" exe="/usr/bin/tail" key="process_execution"
Aug 24 03:59:12 aitest audit: type=SYSCALL msg=audit(1756007952.124:832): arch=c000003e syscall=59 success=yes exit=0 pid=4432 uid=2004 gid=2004 comm="df" exe="/usr/bin/df" key="process_execution"
Aug 24 04:10:48 aitest audit: type=PATH msg=audit(1756008648.787:57): item=0 name="/home/opc/logai/enterprise_mnc_audit_sim/enterprise_data/development/" inode=31547 dev=08:01 mode=0100644 ouid=0 ogid=0
Aug 24 04:10:48 aitest audit: type=SYSCALL msg=audit(1756008648.787:896): arch=c000003e syscall=59 success=yes exit=0 pid=11525 uid=2003 gid=2003 comm="ls" exe="/usr/bin/ls" key="process_execution"
Aug 24 04:10:55 aitest audit: type=SYSCALL msg=audit(1756008655.284:499): arch=c000003e syscall=59 success=yes exit=0 pid=7291 uid=2003 gid=2003 comm="grep" exe="/usr/bin/grep" key="process_execution"
Aug 24 04:19:46 aitest audit: type=SYSCALL msg=audit(1756009186.96:828): arch=c000003e syscall=59 success=yes exit=0 pid=9087 uid=2010 gid=2010 comm="ps" exe="/usr/bin/ps" key="process_execution"
Aug 24 04:19:49 aitest audit: type=PATH msg=audit(1756009189.245:76): item=0 name="/home/opc/logai/enterprise_mnc_audit_sim/enterprise_data/operations/scripts/" inode=19043 dev=08:01 mode=0100644 ouid=0 ogid=0
Aug 24 04:19:49 aitest audit: type=SYSCALL msg=audit(1756009189.245:187): arch=c000003e syscall=59 success=yes exit=0 pid=6894 uid=2010 gid=2010 comm="chmod" exe="/usr/bin/chmod" key="process_execution"
Aug 24 04:31:55 aitest audit: type=SYSCALL msg=audit(1756009915.839:45): arch=c000003e syscall=59 success=yes exit=0 pid=4663 uid= gid= comm="rm" exe="/usr/bin/rm" key="process_execution"
Aug 24 04:39:39 aitest audit: type=PATH msg=audit(1756010379.689:641): item=0 name="/home/opc/logai/enterprise_mnc_audit_sim/applications/databases/" inode=32624 dev=08:01 mode=0100644 ouid=0 ogid=0
Aug 24 04:39:39 aitest audit: type=SYSCALL msg=audit(1756010379.689:321): arch=c000003e syscall=59 success=yes exit=0 pid=11857 uid=2005 gid=2005 comm="ls" exe="/usr/bin/ls" key="process_execution"
Aug 24 04:39:40 aitest audit: type=SYSCALL msg=audit(1756010380.634:528): arch=c000003e syscall=59 success=yes exit=0 pid=8908 uid=2005 gid=2005 comm="du" exe="/usr/bin/du" key="process_execution"
Aug 24 04:39:49 aitest audit: type=SYSCALL msg=audit(1756010389.333:51): arch=c000003e syscall=59 success=yes exit=0 pid=3415 uid=2005 gid=2005 comm="cp" exe="/usr/bin/cp" key="process_execution"
Aug 24 04:39:50 aitest audit: type=SYSCALL msg=audit(1756010390.795:637): arch=c000003e syscall=59 success=yes exit=0 pid=11248 uid=2005 gid=2005 comm="cp" exe="/usr/bin/cp" key="process_execution"
Aug 24 04:39:55 aitest audit: type=PATH msg=audit(1756010395.345:861): item=0 name="/home/opc/logai/enterprise_mnc_audit_sim/system" inode=30017 dev=08:01 mode=0100644 ouid=0 ogid=0
Aug 24 04:39:55 aitest audit: type=SYSCALL msg=audit(1756010395.345:290): arch=c000003e syscall=59 success=yes exit=0 pid=11192 uid=2001 gid=2001 comm="find" exe="/usr/bin/find" key="process_execution"
Aug 24 04:40:01 aitest audit: type=SYSCALL msg=audit(1756010401.410:800): arch=c000003e syscall=59 success=yes exit=0 pid=11521 uid=2001 gid=2001 comm="netstat" exe="/usr/bin/netstat" key="process_execution"
Aug 24 04:40:09 aitest audit: type=PATH msg=audit(1756010409.708:642): item=0 name="/home/opc/logai/enterprise_mnc_audit_sim/system" inode=29561 dev=08:01 mode=0100644 ouid=0 ogid=0
Aug 24 04:40:09 aitest audit: type=SYSCALL msg=audit(1756010409.708:782): arch=c000003e syscall=59 success=yes exit=0 pid=9487 uid=2001 gid=2001 comm="find" exe="/usr/bin/find" key="process_execution"
Aug 24 04:40:11 aitest audit: type=PATH msg=audit(1756010411.204:509): item=0 name="/home/opc/logai/enterprise_mnc_audit_sim/system" inode=37037 dev=08:01 mode=0100644 ouid=0 ogid=0
Aug 24 04:40:11 aitest audit: type=SYSCALL msg=audit(1756010411.204:151): arch=c000003e syscall=59 success=yes exit=0 pid=10309 uid=2001 gid=2001 comm="find" exe="/usr/bin/find" key="process_execution"
Aug 24 04:40:19 aitest audit: type=SYSCALL msg=audit(1756010419.307:383): arch=c000003e syscall=59 success=yes exit=0 pid=3770 uid=2001 gid=2001 comm="df" exe="/usr/bin/df" key="process_execution"
Aug 24 04:43:57 aitest audit: type=PATH msg=audit(1756010637.729:999): item=0 name="/home/opc/logai/enterprise_mnc_audit_sim/system/configs/server.conf" inode=41954 dev=08:01 mode=0100644 ouid=0 ogid=0
Aug 24 04:43:57 aitest audit: type=SYSCALL msg=audit(1756010637.729:194): arch=c000003e syscall=59 success=yes exit=0 pid=11371 uid=2001 gid=2001 comm="chmod" exe="/usr/bin/chmod" key="process_execution"
Aug 24 04:44:07 aitest audit: type=SYSCALL msg=audit(1756010647.236:650): arch=c000003e syscall=59 success=yes exit=0 pid=10487 uid=2001 gid=2001 comm="ps" exe="/usr/bin/ps" key="process_execution"
Aug 24 04:44:11 aitest audit: type=SYSCALL msg=audit(1756010651.6:556): arch=c000003e syscall=59 success=yes exit=0 pid=6655 uid=2001 gid=2001 comm="ps" exe="/usr/bin/ps" key="process_execution"
Aug 24 04:44:21 aitest audit: type=SYSCALL msg=audit(1756010661.327:516): arch=c000003e syscall=59 success=yes exit=0 pid=7508 uid=2001 gid=2001 comm="free" exe="/usr/bin/free" key="process_execution"
Aug 24 04:44:30 aitest audit: type=SYSCALL msg=audit(1756010670.222:248): arch=c000003e syscall=59 success=yes exit=0 pid=4293 uid=2001 gid=2001 comm="netstat" exe="/usr/bin/netstat" key="process_execution"
Aug 24 04:47:26 aitest audit: type=PATH msg=audit(1756010846.96:624): item=0 name="/home/opc/logai/enterprise_mnc_audit_sim/enterprise_data/database/mysql/db_config.cnf" inode=14521 dev=08:01 mode=0100644 ouid=0 ogid=0
Aug 24 04:47:26 aitest audit: type=SYSCALL msg=audit(1756010846.96:185): arch=c000003e syscall=59 success=yes exit=0 pid=7026 uid=2002 gid=2002 comm="chmod" exe="/usr/bin/chmod" key="process_execution"
Aug 24 04:47:32 aitest audit: type=PATH msg=audit(1756010852.586:351): item=0 name="/home/opc/logai/enterprise_mnc_audit_sim/applications/databases/" inode=29967 dev=08:01 mode=0100644 ouid=0 ogid=0
Aug 24 04:47:32 aitest audit: type=SYSCALL msg=audit(1756010852.586:407): arch=c000003e syscall=59 success=yes exit=0 pid=10390 uid=2002 gid=2002 comm="ls" exe="/usr/bin/ls" key="process_execution"
Aug 24 04:49:11 aitest audit: type=SYSCALL msg=audit(1756010951.268:673): arch=c000003e syscall=59 success=yes exit=0 pid=7063 uid=2002 gid=2002 comm="grep" exe="/usr/bin/grep" key="process_execution"
Aug 24 04:49:14 aitest audit: type=PATH msg=audit(1756010954.610:228): item=0 name="/home/opc/logai/enterprise_mnc_audit_sim/enterprise_data/database/mysql/db_config.cnf" inode=34215 dev=08:01 mode=0100644 ouid=0 ogid=0
Aug 24 04:49:14 aitest audit: type=SYSCALL msg=audit(1756010954.610:141): arch=c000003e syscall=59 success=yes exit=0 pid=2517 uid=2002 gid=2002 comm="cat" exe="/usr/bin/cat" key="process_execution"
Aug 24 04:52:44 aitest audit: type=SYSCALL msg=audit(1756011164.257:633): arch=c000003e syscall=59 success=yes exit=0 pid=7263 uid=2009 gid=2009 comm="cp" exe="/usr/bin/cp" key="process_execution"
Aug 24 04:52:48 aitest audit: type=SYSCALL msg=audit(1756011168.538:754): arch=c000003e syscall=59 success=yes exit=0 pid=2681 uid=2009 gid=2009 comm="grep" exe="/usr/bin/grep" key="process_execution"
Aug 24 04:54:33 aitest audit: type=PATH msg=audit(1756011273.199:277): item=0 name="/home/opc/logai/enterprise_mnc_audit_sim/applications/" inode=35589 dev=08:01 mode=0100644 ouid=0 ogid=0
Aug 24 04:54:33 aitest audit: type=SYSCALL msg=audit(1756011273.199:788): arch=c000003e syscall=59 success=yes exit=0 pid=2536 uid=2001 gid=2001 comm="ls" exe="/usr/bin/ls" key="process_execution"
Aug 24 04:54:35 aitest audit: type=PATH msg=audit(1756011275.675:95): item=0 name="/home/opc/logai/enterprise_mnc_audit_sim/system" inode=22968 dev=08:01 mode=0100644 ouid=0 ogid=0
Aug 24 04:54:35 aitest audit: type=SYSCALL msg=audit(1756011275.675:816): arch=c000003e syscall=59 success=yes exit=0 pid=6389 uid=2001 gid=2001 comm="find" exe="/usr/bin/find" key="process_execution"
Aug 24 04:54:45 aitest audit: type=PATH msg=audit(1756011285.971:748): item=0 name="/home/opc/logai/enterprise_mnc_audit_sim/system/configs/server.conf" inode=10576 dev=08:01 mode=0100644 ouid=0 ogid=0
Aug 24 04:54:45 aitest audit: type=SYSCALL msg=audit(1756011285.971:133): arch=c000003e syscall=59 success=yes exit=0 pid=3170 uid=2001 gid=2001 comm="chmod" exe="/usr/bin/chmod" key="process_execution"
Aug 24 04:54:48 aitest audit: type=SYSCALL msg=audit(1756011288.432:736): arch=c000003e syscall=59 success=yes exit=0 pid=3194 uid=2001 gid=2001 comm="ps" exe="/usr/bin/ps" key="process_execution"
Aug 24 04:56:49 aitest audit: type=PATH msg=audit(1756011409.163:592): item=0 name="/home/opc/logai/enterprise_mnc_audit_sim/enterprise_data/operations" inode=42309 dev=08:01 mode=0100644 ouid=0 ogid=0
Aug 24 04:56:49 aitest audit: type=SYSCALL msg=audit(1756011409.163:970): arch=c000003e syscall=59 success=yes exit=0 pid=4028 uid=2007 gid=2007 comm="find" exe="/usr/bin/find" key="process_execution"
Aug 24 04:56:55 aitest audit: type=SYSCALL msg=audit(1756011415.599:761): arch=c000003e syscall=59 success=yes exit=0 pid=6358 uid=2007 gid=2007 comm="top" exe="/usr/bin/top" key="process_execution"
Aug 24 04:56:56 aitest audit: type=PATH msg=audit(1756011416.333:693): item=0 name="/home/opc/logai/enterprise_mnc_audit_sim/enterprise_data/operations" inode=26642 dev=08:01 mode=0100644 ouid=0 ogid=0
Aug 24 04:56:56 aitest audit: type=SYSCALL msg=audit(1756011416.333:812): arch=c000003e syscall=59 success=yes exit=0 pid=3558 uid=2007 gid=2007 comm="find" exe="/usr/bin/find" key="process_execution"
Aug 24 04:57:06 aitest audit: type=PATH msg=audit(1756011426.690:469): item=0 name="/home/opc/logai/enterprise_mnc_audit_sim/enterprise_data/operations" inode=28493 dev=08:01 mode=0100644 ouid=0 ogid=0
Aug 24 04:57:06 aitest audit: type=SYSCALL msg=audit(1756011426.690:932): arch=c000003e syscall=59 success=yes exit=0 pid=6999 uid=2007 gid=2007 comm="find" exe="/usr/bin/find" key="process_execution"
Aug 24 04:57:07 aitest audit: type=PATH msg=audit(1756011427.647:23): item=0 name="/home/opc/logai/enterprise_mnc_audit_sim/enterprise_data/operations/" inode=29811 dev=08:01 mode=0100644 ouid=0 ogid=0
Aug 24 04:57:07 aitest audit: type=SYSCALL msg=audit(1756011427.647:824): arch=c000003e syscall=59 success=yes exit=0 pid=9546 uid=2007 gid=2007 comm="ls" exe="/usr/bin/ls" key="process_execution"
Aug 24 05:03:11 aitest audit: type=PATH msg=audit(1756011791.249:487): item=0 name="/home/opc/logai/enterprise_mnc_audit_sim/enterprise_data/hr/" inode=35344 dev=08:01 mode=0100644 ouid=0 ogid=0
Aug 24 05:03:11 aitest audit: type=SYSCALL msg=audit(1756011791.249:966): arch=c000003e syscall=59 success=yes exit=0 pid=3459 uid=2008 gid=2008 comm="ls" exe="/usr/bin/ls" key="process_execution"
Aug 24 05:03:15 aitest audit: type=PATH msg=audit(1756011795.738:60): item=0 name="/home/opc/logai/enterprise_mnc_audit_sim/enterprise_data/hr/" inode=27802 dev=08:01 mode=0100644 ouid=0 ogid=0
Aug 24 05:03:15 aitest audit: type=SYSCALL msg=audit(1756011795.738:36): arch=c000003e syscall=59 success=yes exit=0 pid=9950 uid=2008 gid=2008 comm="ls" exe="/usr/bin/ls" key="process_execution"
Aug 24 05:03:22 aitest audit: type=SYSCALL msg=audit(1756011802.347:564): arch=c000003e syscall=59 success=yes exit=0 pid=4286 uid=2008 gid=2008 comm="netstat" exe="/usr/bin/netstat" key="process_execution"
Aug 24 05:03:30 aitest audit: type=SYSCALL msg=audit(1756011810.954:408): arch=c000003e syscall=59 success=yes exit=0 pid=10376 uid=2008 gid=2008 comm="netstat" exe="/usr/bin/netstat" key="process_execution"
Aug 24 05:03:34 aitest audit: type=SYSCALL msg=audit(1756011814.187:79): arch=c000003e syscall=59 success=yes exit=0 pid=11704 uid=2008 gid=2008 comm="who" exe="/usr/bin/who" key="process_execution"
Aug 24 05:04:19 aitest audit: type=PATH msg=audit(1756011859.281:535): item=0 name="/home/opc/logai/enterprise_mnc_audit_sim/enterprise_data/development/projects/" inode=14689 dev=08:01 mode=0100644 ouid=0 ogid=0
Aug 24 05:04:19 aitest audit: type=SYSCALL msg=audit(1756011859.281:54): arch=c000003e syscall=59 success=yes exit=0 pid=2037 uid=2003 gid=2003 comm="ls" exe="/usr/bin/ls" key="process_execution"
Aug 24 05:04:20 aitest audit: type=PATH msg=audit(1756011860.807:31): item=0 name="/home/opc/logai/enterprise_mnc_audit_sim/enterprise_data/development/scripts/build.sh" inode=18357 dev=08:01 mode=0100644 ouid=0 ogid=0
Aug 24 05:04:20 aitest audit: type=SYSCALL msg=audit(1756011860.807:448): arch=c000003e syscall=59 success=yes exit=0 pid=10058 uid=2003 gid=2003 comm="chmod" exe="/usr/bin/chmod" key="process_execution"
Aug 24 05:07:52 aitest audit: type=SYSCALL msg=audit(1756012072.63:62): arch=c000003e syscall=59 success=yes exit=0 pid=8029 uid=2002 gid=2002 comm="cp" exe="/usr/bin/cp" key="process_execution"
Aug 24 05:07:55 aitest audit: type=PATH msg=audit(1756012075.611:516): item=0 name="/home/opc/logai/enterprise_mnc_audit_sim/enterprise_data/database" inode=21904 dev=08:01 mode=0100644 ouid=0 ogid=0
Aug 24 05:07:55 aitest audit: type=SYSCALL msg=audit(1756012075.611:626): arch=c000003e syscall=59 success=yes exit=0 pid=3037 uid=2002 gid=2002 comm="find" exe="/usr/bin/find" key="process_execution"
Aug 24 05:08:03 aitest audit: type=PATH msg=audit(1756012083.388:574): item=0 name="/home/opc/logai/enterprise_mnc_audit_sim/enterprise_data/database/mysql/db_config.cnf" inode=15690 dev=08:01 mode=0100644 ouid=0 ogid=0
Aug 24 05:08:03 aitest audit: type=SYSCALL msg=audit(1756012083.388:836): arch=c000003e syscall=59 success=yes exit=0 pid=4663 uid=2002 gid=2002 comm="chmod" exe="/usr/bin/chmod" key="process_execution"
Aug 24 05:08:05 aitest audit: type=PATH msg=audit(1756012085.290:59): item=0 name="/home/opc/logai/enterprise_mnc_audit_sim/enterprise_data/operations/" inode=13679 dev=08:01 mode=0100644 ouid=0 ogid=0
Aug 24 05:08:05 aitest audit: type=SYSCALL msg=audit(1756012085.290:92): arch=c000003e syscall=59 success=yes exit=0 pid=5705 uid=2010 gid=2010 comm="ls" exe="/usr/bin/ls" key="process_execution"
Aug 24 05:08:07 aitest audit: type=SYSCALL msg=audit(1756012087.91:341): arch=c000003e syscall=59 success=yes exit=0 pid=10255 uid=2010 gid=2010 comm="ps" exe="/usr/bin/ps" key="process_execution"
Aug 24 05:08:17 aitest audit: type=PATH msg=audit(1756012097.295:921): item=0 name="/home/opc/logai/enterprise_mnc_audit_sim/applications/" inode=27186 dev=08:01 mode=0100644 ouid=0 ogid=0
Aug 24 05:08:17 aitest audit: type=SYSCALL msg=audit(1756012097.295:982): arch=c000003e syscall=59 success=yes exit=0 pid=7129 uid=2010 gid=2010 comm="ls" exe="/usr/bin/ls" key="process_execution"
Aug 24 05:08:23 aitest audit: type=PATH msg=audit(1756012103.266:545): item=0 name="/home/opc/logai/enterprise_mnc_audit_sim/enterprise_data/operations/" inode=19301 dev=08:01 mode=0100644 ouid=0 ogid=0
Aug 24 05:08:23 aitest audit: type=SYSCALL msg=audit(1756012103.266:883): arch=c000003e syscall=59 success=yes exit=0 pid=7813 uid=2010 gid=2010 comm="ls" exe="/usr/bin/ls" key="process_execution"
Aug 24 05:08:29 aitest audit: type=SYSCALL msg=audit(1756012109.294:171): arch=c000003e syscall=59 success=yes exit=0 pid=11115 uid=2010 gid=2010 comm="ps" exe="/usr/bin/ps" key="process_execution"
Aug 24 05:23:11 aitest audit: type=PATH msg=audit(1756012991.436:404): item=0 name="/home/opc/logai/enterprise_mnc_audit_sim/applications/" inode=21536 dev=08:01 mode=0100644 ouid=0 ogid=0
Aug 24 05:23:11 aitest audit: type=SYSCALL msg=audit(1756012991.436:296): arch=c000003e syscall=59 success=yes exit=0 pid=6474 uid=2007 gid=2007 comm="ls" exe="/usr/bin/ls" key="process_execution"
Aug 24 05:23:18 aitest audit: type=SYSCALL msg=audit(1756012998.957:862): arch=c000003e syscall=59 success=yes exit=0 pid=9328 uid=2007 gid=2007 comm="du" exe="/usr/bin/du" key="process_execution"
Aug 24 05:23:26 aitest audit: type=PATH msg=audit(1756013006.26:779): item=0 name="/home/opc/logai/enterprise_mnc_audit_sim/enterprise_data/operations/" inode=31276 dev=08:01 mode=0100644 ouid=0 ogid=0
Aug 24 05:23:26 aitest audit: type=SYSCALL msg=audit(1756013006.26:462): arch=c000003e syscall=59 success=yes exit=0 pid=9077 uid=2007 gid=2007 comm="ls" exe="/usr/bin/ls" key="process_execution"
Aug 24 05:23:30 aitest audit: type=PATH msg=audit(1756013010.23:121): item=0 name="/home/opc/logai/enterprise_mnc_audit_sim/enterprise_data/operations/scripts/" inode=19655 dev=08:01 mode=0100644 ouid=0 ogid=0
Aug 24 05:23:30 aitest audit: type=SYSCALL msg=audit(1756013010.23:158): arch=c000003e syscall=59 success=yes exit=0 pid=3776 uid=2007 gid=2007 comm="chmod" exe="/usr/bin/chmod" key="process_execution"
Aug 24 05:25:05 aitest audit: type=SYSCALL msg=audit(1756013105.196:575): arch=c000003e syscall=59 success=yes exit=0 pid=11011 uid=2010 gid=2010 comm="du" exe="/usr/bin/du" key="process_execution"
Aug 24 05:25:07 aitest audit: type=PATH msg=audit(1756013107.519:807): item=0 name="/home/opc/logai/enterprise_mnc_audit_sim/enterprise_data/operations/" inode=12634 dev=08:01 mode=0100644 ouid=0 ogid=0
Aug 24 05:25:07 aitest audit: type=SYSCALL msg=audit(1756013107.519:557): arch=c000003e syscall=59 success=yes exit=0 pid=3736 uid=2010 gid=2010 comm="ls" exe="/usr/bin/ls" key="process_execution"
Aug 24 05:25:15 aitest audit: type=SYSCALL msg=audit(1756013115.121:448): arch=c000003e syscall=59 success=yes exit=0 pid=5311 uid=2010 gid=2010 comm="tar" exe="/usr/bin/tar" key="process_execution"
Aug 24 05:25:24 aitest audit: type=PATH msg=audit(1756013124.739:533): item=0 name="/home/opc/logai/enterprise_mnc_audit_sim/enterprise_data/operations/" inode=38636 dev=08:01 mode=0100644 ouid=0 ogid=0
Aug 24 05:25:24 aitest audit: type=SYSCALL msg=audit(1756013124.739:881): arch=c000003e syscall=59 success=yes exit=0 pid=2594 uid=2010 gid=2010 comm="ls" exe="/usr/bin/ls" key="process_execution"
Aug 24 05:29:29 aitest audit: type=SYSCALL msg=audit(1756013369.286:467): arch=c000003e syscall=59 success=yes exit=0 pid=7337 uid=2003 gid=2003 comm="grep" exe="/usr/bin/grep" key="process_execution"
Aug 24 05:29:36 aitest audit: type=SYSCALL msg=audit(1756013376.224:980): arch=c000003e syscall=59 success=yes exit=0 pid=5549 uid=2003 gid=2003 comm="wc" exe="/usr/bin/wc" key="process_execution"
Aug 24 05:29:38 aitest audit: type=PATH msg=audit(1756013378.155:522): item=0 name="/home/opc/logai/enterprise_mnc_audit_sim/enterprise_data/development" inode=26226 dev=08:01 mode=0100644 ouid=0 ogid=0
Aug 24 05:29:38 aitest audit: type=SYSCALL msg=audit(1756013378.155:437): arch=c000003e syscall=59 success=yes exit=0 pid=4200 uid=2003 gid=2003 comm="find" exe="/usr/bin/find" key="process_execution"
Aug 24 05:31:11 aitest audit: type=SYSCALL msg=audit(1756013471.546:273): arch=c000003e syscall=59 success=yes exit=0 pid=8122 uid= gid= comm="python3" exe="/usr/bin/python3" key="process_execution"
Aug 24 05:35:04 aitest audit: type=PATH msg=audit(1756013704.919:821): item=0 name="/home/opc/logai/enterprise_mnc_audit_sim/enterprise_data/database/mysql/db_config.cnf" inode=15364 dev=08:01 mode=0100644 ouid=0 ogid=0
Aug 24 05:35:04 aitest audit: type=SYSCALL msg=audit(1756013704.919:620): arch=c000003e syscall=59 success=yes exit=0 pid=5717 uid=2002 gid=2002 comm="cat" exe="/usr/bin/cat" key="process_execution"
Aug 24 05:35:12 aitest audit: type=SYSCALL msg=audit(1756013712.526:44): arch=c000003e syscall=59 success=yes exit=0 pid=9399 uid=2002 gid=2002 comm="grep" exe="/usr/bin/grep" key="process_execution"
Aug 24 05:44:08 aitest audit: type=PATH msg=audit(1756014248.932:745): item=0 name="/home/opc/logai/enterprise_mnc_audit_sim/enterprise_data/operations/scripts/" inode=29445 dev=08:01 mode=0100644 ouid=0 ogid=0
Aug 24 05:44:08 aitest audit: type=SYSCALL msg=audit(1756014248.932:520): arch=c000003e syscall=59 success=yes exit=0 pid=3910 uid=2010 gid=2010 comm="chmod" exe="/usr/bin/chmod" key="process_execution"
Aug 24 05:44:14 aitest audit: type=SYSCALL msg=audit(1756014254.986:95): arch=c000003e syscall=59 success=yes exit=0 pid=7449 uid=2010 gid=2010 comm="tar" exe="/usr/bin/tar" key="process_execution"
Aug 24 05:44:20 aitest audit: type=SYSCALL msg=audit(1756014260.959:663): arch=c000003e syscall=59 success=yes exit=0 pid=8567 uid=2010 gid=2010 comm="top" exe="/usr/bin/top" key="process_execution"
Aug 24 05:44:30 aitest audit: type=SYSCALL msg=audit(1756014270.657:281): arch=c000003e syscall=59 success=yes exit=0 pid=8532 uid=2010 gid=2010 comm="du" exe="/usr/bin/du" key="process_execution"
Aug 24 05:49:04 aitest audit: type=SYSCALL msg=audit(1756014544.25:359): arch=c000003e syscall=59 success=yes exit=0 pid=10365 uid=2006 gid=2006 comm="cp" exe="/usr/bin/cp" key="process_execution"
Aug 24 05:49:10 aitest audit: type=SYSCALL msg=audit(1756014550.552:613): arch=c000003e syscall=59 success=yes exit=0 pid=11615 uid=2006 gid=2006 comm="cp" exe="/usr/bin/cp" key="process_execution"
Aug 24 05:49:11 aitest audit: type=PATH msg=audit(1756014551.214:981): item=0 name="/home/opc/logai/enterprise_mnc_audit_sim/enterprise_data/development/" inode=19851 dev=08:01 mode=0100644 ouid=0 ogid=0
Aug 24 05:49:11 aitest audit: type=SYSCALL msg=audit(1756014551.214:273): arch=c000003e syscall=59 success=yes exit=0 pid=10273 uid=2006 gid=2006 comm="ls" exe="/usr/bin/ls" key="process_execution"
Aug 24 05:49:14 aitest audit: type=PATH msg=audit(1756014554.30:379): item=0 name="/home/opc/logai/enterprise_mnc_audit_sim/enterprise_data/development/projects/project_alpha.txt" inode=39788 dev=08:01 mode=0100644 ouid=0 ogid=0
Aug 24 05:49:14 aitest audit: type=SYSCALL msg=audit(1756014554.30:250): arch=c000003e syscall=59 success=yes exit=0 pid=5388 uid=2006 gid=2006 comm="cat" exe="/usr/bin/cat" key="process_execution"
Aug 24 06:03:52 aitest audit: type=PATH msg=audit(1756015432.591:942): item=0 name="/home/opc/logai/enterprise_mnc_audit_sim/enterprise_data/database/mysql/db_config.cnf" inode=34478 dev=08:01 mode=0100644 ouid=0 ogid=0
Aug 24 06:03:52 aitest audit: type=SYSCALL msg=audit(1756015432.591:779): arch=c000003e syscall=59 success=yes exit=0 pid=3652 uid=2002 gid=2002 comm="chmod" exe="/usr/bin/chmod" key="process_execution"
Aug 24 06:03:53 aitest audit: type=SYSCALL msg=audit(1756015433.857:648): arch=c000003e syscall=59 success=yes exit=0 pid=8545 uid=2002 gid=2002 comm="du" exe="/usr/bin/du" key="process_execution"
Aug 24 06:03:57 aitest audit: type=SYSCALL msg=audit(1756015437.966:746): arch=c000003e syscall=59 success=yes exit=0 pid=3355 uid=2002 gid=2002 comm="grep" exe="/usr/bin/grep" key="process_execution"
Aug 24 06:07:39 aitest audit: type=PATH msg=audit(1756015659.211:378): item=0 name="/home/opc/logai/enterprise_mnc_audit_sim/enterprise_data/development" inode=32978 dev=08:01 mode=0100644 ouid=0 ogid=0
Aug 24 06:07:39 aitest audit: type=SYSCALL msg=audit(1756015659.211:614): arch=c000003e syscall=59 success=yes exit=0 pid=5458 uid=2006 gid=2006 comm="find" exe="/usr/bin/find" key="process_execution"
Aug 24 06:07:43 aitest audit: type=PATH msg=audit(1756015663.647:9): item=0 name="/home/opc/logai/enterprise_mnc_audit_sim/enterprise_data/development/projects/" inode=16740 dev=08:01 mode=0100644 ouid=0 ogid=0
Aug 24 06:07:43 aitest audit: type=SYSCALL msg=audit(1756015663.647:889): arch=c000003e syscall=59 success=yes exit=0 pid=7193 uid=2006 gid=2006 comm="ls" exe="/usr/bin/ls" key="process_execution"
Aug 24 06:07:47 aitest audit: type=PATH msg=audit(1756015667.96:52): item=0 name="/home/opc/logai/enterprise_mnc_audit_sim/enterprise_data/development/" inode=37998 dev=08:01 mode=0100644 ouid=0 ogid=0
Aug 24 06:07:47 aitest audit: type=SYSCALL msg=audit(1756015667.96:903): arch=c000003e syscall=59 success=yes exit=0 pid=3269 uid=2006 gid=2006 comm="ls" exe="/usr/bin/ls" key="process_execution"
Aug 24 06:07:57 aitest audit: type=PATH msg=audit(1756015677.468:5): item=0 name="/home/opc/logai/enterprise_mnc_audit_sim/enterprise_data/development/projects/" inode=31657 dev=08:01 mode=0100644 ouid=0 ogid=0
Aug 24 06:07:57 aitest audit: type=SYSCALL msg=audit(1756015677.468:981): arch=c000003e syscall=59 success=yes exit=0 pid=3499 uid=2006 gid=2006 comm="ls" exe="/usr/bin/ls" key="process_execution"
Aug 24 06:08:03 aitest audit: type=SYSCALL msg=audit(1756015683.538:315): arch=c000003e syscall=59 success=yes exit=0 pid=6218 uid=2006 gid=2006 comm="wc" exe="/usr/bin/wc" key="process_execution"
Aug 24 06:08:46 aitest audit: type=SYSCALL msg=audit(1756015726.151:565): arch=c000003e syscall=59 success=yes exit=0 pid=6309 uid=2005 gid=2005 comm="cp" exe="/usr/bin/cp" key="process_execution"
Aug 24 06:08:48 aitest audit: type=SYSCALL msg=audit(1756015728.902:586): arch=c000003e syscall=59 success=yes exit=0 pid=10121 uid=2005 gid=2005 comm="du" exe="/usr/bin/du" key="process_execution"
Aug 24 06:08:50 aitest audit: type=PATH msg=audit(1756015730.982:986): item=0 name="/home/opc/logai/enterprise_mnc_audit_sim/enterprise_data/database/mysql/db_config.cnf" inode=26467 dev=08:01 mode=0100644 ouid=0 ogid=0
Aug 24 06:08:50 aitest audit: type=SYSCALL msg=audit(1756015730.982:919): arch=c000003e syscall=59 success=yes exit=0 pid=7113 uid=2005 gid=2005 comm="chmod" exe="/usr/bin/chmod" key="process_execution"
Aug 24 06:10:55 aitest audit: type=PATH msg=audit(1756015855.154:715): item=0 name="/home/opc/logai/enterprise_mnc_audit_sim/enterprise_data/development/scripts/build.sh" inode=25664 dev=08:01 mode=0100644 ouid=0 ogid=0
Aug 24 06:10:55 aitest audit: type=SYSCALL msg=audit(1756015855.154:463): arch=c000003e syscall=59 success=yes exit=0 pid=8751 uid=2006 gid=2006 comm="chmod" exe="/usr/bin/chmod" key="process_execution"
Aug 24 06:11:04 aitest audit: type=SYSCALL msg=audit(1756015864.395:468): arch=c000003e syscall=59 success=yes exit=0 pid=3243 uid=2006 gid=2006 comm="wc" exe="/usr/bin/wc" key="process_execution"
Aug 24 06:11:09 aitest audit: type=PATH msg=audit(1756015869.386:752): item=0 name="/home/opc/logai/enterprise_mnc_audit_sim/enterprise_data/development/projects/" inode=41382 dev=08:01 mode=0100644 ouid=0 ogid=0
Aug 24 06:11:09 aitest audit: type=SYSCALL msg=audit(1756015869.386:853): arch=c000003e syscall=59 success=yes exit=0 pid=2600 uid=2006 gid=2006 comm="ls" exe="/usr/bin/ls" key="process_execution"
Aug 24 06:11:17 aitest audit: type=PATH msg=audit(1756015877.730:665): item=0 name="/home/opc/logai/enterprise_mnc_audit_sim/enterprise_data/development" inode=26821 dev=08:01 mode=0100644 ouid=0 ogid=0
Aug 24 06:11:17 aitest audit: type=SYSCALL msg=audit(1756015877.730:148): arch=c000003e syscall=59 success=yes exit=0 pid=3491 uid=2006 gid=2006 comm="find" exe="/usr/bin/find" key="process_execution"
Aug 24 06:12:03 aitest audit: type=SYSCALL msg=audit(1756015923.479:197): arch=c000003e syscall=59 success=yes exit=0 pid=2394 uid=2009 gid=2009 comm="cp" exe="/usr/bin/cp" key="process_execution"
Aug 24 06:12:13 aitest audit: type=PATH msg=audit(1756015933.415:147): item=0 name="/home/opc/logai/enterprise_mnc_audit_sim/enterprise_data/development/projects/" inode=12578 dev=08:01 mode=0100644 ouid=0 ogid=0
Aug 24 06:12:13 aitest audit: type=SYSCALL msg=audit(1756015933.415:218): arch=c000003e syscall=59 success=yes exit=0 pid=3804 uid=2009 gid=2009 comm="ls" exe="/usr/bin/ls" key="process_execution"
Aug 24 06:12:19 aitest audit: type=SYSCALL msg=audit(1756015939.172:251): arch=c000003e syscall=59 success=yes exit=0 pid=4767 uid=2009 gid=2009 comm="wc" exe="/usr/bin/wc" key="process_execution"
Aug 24 06:12:21 aitest audit: type=PATH msg=audit(1756015941.801:548): item=0 name="/home/opc/logai/enterprise_mnc_audit_sim/enterprise_data/development/projects/" inode=14168 dev=08:01 mode=0100644 ouid=0 ogid=0
Aug 24 06:12:21 aitest audit: type=SYSCALL msg=audit(1756015941.801:566): arch=c000003e syscall=59 success=yes exit=0 pid=10559 uid=2009 gid=2009 comm="ls" exe="/usr/bin/ls" key="process_execution"
Aug 24 06:14:59 aitest audit: type=SYSCALL msg=audit(1756016099.43:444): arch=c000003e syscall=59 success=yes exit=0 pid=3371 uid=2008 gid=2008 comm="w" exe="/usr/bin/w" key="process_execution"
Aug 24 06:15:07 aitest audit: type=SYSCALL msg=audit(1756016107.727:200): arch=c000003e syscall=59 success=yes exit=0 pid=10974 uid=2008 gid=2008 comm="who" exe="/usr/bin/who" key="process_execution"
Aug 24 06:15:14 aitest audit: type=SYSCALL msg=audit(1756016114.593:679): arch=c000003e syscall=59 success=yes exit=0 pid=5652 uid=2008 gid=2008 comm="who" exe="/usr/bin/who" key="process_execution"
Aug 24 06:15:21 aitest audit: type=SYSCALL msg=audit(1756016121.804:28): arch=c000003e syscall=59 success=yes exit=0 pid=11902 uid=2008 gid=2008 comm="netstat" exe="/usr/bin/netstat" key="process_execution"
Aug 24 06:15:29 aitest audit: type=SYSCALL msg=audit(1756016129.579:412): arch=c000003e syscall=59 success=yes exit=0 pid=4937 uid=2008 gid=2008 comm="w" exe="/usr/bin/w" key="process_execution"
Aug 24 06:15:58 aitest audit: type=PATH msg=audit(1756016158.649:914): item=0 name="/home/opc/logai/enterprise_mnc_audit_sim/applications/" inode=33479 dev=08:01 mode=0100644 ouid=0 ogid=0
Aug 24 06:15:58 aitest audit: type=SYSCALL msg=audit(1756016158.649:297): arch=c000003e syscall=59 success=yes exit=0 pid=10521 uid=2007 gid=2007 comm="ls" exe="/usr/bin/ls" key="process_execution"
Aug 24 06:16:04 aitest audit: type=PATH msg=audit(1756016164.763:374): item=0 name="/home/opc/logai/enterprise_mnc_audit_sim/enterprise_data/operations" inode=26495 dev=08:01 mode=0100644 ouid=0 ogid=0
Aug 24 06:16:04 aitest audit: type=SYSCALL msg=audit(1756016164.763:224): arch=c000003e syscall=59 success=yes exit=0 pid=4490 uid=2007 gid=2007 comm="find" exe="/usr/bin/find" key="process_execution"
Aug 24 06:16:11 aitest audit: type=PATH msg=audit(1756016171.657:553): item=0 name="/home/opc/logai/enterprise_mnc_audit_sim/enterprise_data/operations/" inode=22456 dev=08:01 mode=0100644 ouid=0 ogid=0
Aug 24 06:16:11 aitest audit: type=SYSCALL msg=audit(1756016171.657:455): arch=c000003e syscall=59 success=yes exit=0 pid=4076 uid=2007 gid=2007 comm="ls" exe="/usr/bin/ls" key="process_execution"
Aug 24 06:16:57 aitest audit: type=SYSCALL msg=audit(1756016217.41:97): arch=c000003e syscall=59 success=yes exit=0 pid=4648 uid=2001 gid=2001 comm="ps" exe="/usr/bin/ps" key="process_execution"
Aug 24 06:16:59 aitest audit: type=SYSCALL msg=audit(1756016219.232:878): arch=c000003e syscall=59 success=yes exit=0 pid=2854 uid=2001 gid=2001 comm="ps" exe="/usr/bin/ps" key="process_execution"
Aug 24 06:28:50 aitest audit: type=PATH msg=audit(1756016930.930:609): item=0 name="/home/opc/logai/enterprise_mnc_audit_sim/enterprise_data/" inode=34231 dev=08:01 mode=0100644 ouid=0 ogid=0
Aug 24 06:28:50 aitest audit: type=SYSCALL msg=audit(1756016930.930:955): arch=c000003e syscall=59 success=yes exit=0 pid=2911 uid=2008 gid=2008 comm="ls" exe="/usr/bin/ls" key="process_execution"
Aug 24 06:28:51 aitest audit: type=SYSCALL msg=audit(1756016931.241:630): arch=c000003e syscall=59 success=yes exit=0 pid=10835 uid=2008 gid=2008 comm="last" exe="/usr/bin/last" key="process_execution"
Aug 24 06:35:00 aitest audit: type=SYSCALL msg=audit(1756017300.210:824): arch=c000003e syscall=59 success=yes exit=0 pid=8675 uid=2004 gid=2004 comm="df" exe="/usr/bin/df" key="process_execution"
Aug 24 06:35:04 aitest audit: type=SYSCALL msg=audit(1756017304.181:986): arch=c000003e syscall=59 success=yes exit=0 pid=3653 uid=2004 gid=2004 comm="ps" exe="/usr/bin/ps" key="process_execution"
Aug 24 06:35:10 aitest audit: type=PATH msg=audit(1756017310.793:136): item=0 name="/home/opc/logai/enterprise_mnc_audit_sim/system/logs/application.log" inode=17161 dev=08:01 mode=0100644 ouid=0 ogid=0
Aug 24 06:35:10 aitest audit: type=SYSCALL msg=audit(1756017310.793:280): arch=c000003e syscall=59 success=yes exit=0 pid=7557 uid=2004 gid=2004 comm="tail" exe="/usr/bin/tail" key="process_execution"
Aug 24 06:35:19 aitest audit: type=SYSCALL msg=audit(1756017319.149:366): arch=c000003e syscall=59 success=yes exit=0 pid=4584 uid=2004 gid=2004 comm="free" exe="/usr/bin/free" key="process_execution"
Aug 24 06:35:26 aitest audit: type=PATH msg=audit(1756017326.209:729): item=0 name="/home/opc/logai/enterprise_mnc_audit_sim/system/configs/server.conf" inode=33100 dev=08:01 mode=0100644 ouid=0 ogid=0
Aug 24 06:35:26 aitest audit: type=SYSCALL msg=audit(1756017326.209:341): arch=c000003e syscall=59 success=yes exit=0 pid=6454 uid=2004 gid=2004 comm="chmod" exe="/usr/bin/chmod" key="process_execution"
Aug 24 06:36:21 aitest audit: type=SYSCALL msg=audit(1756017381.461:81): arch=c000003e syscall=59 success=yes exit=0 pid=9686 uid=2009 gid=2009 comm="cp" exe="/usr/bin/cp" key="process_execution"
Aug 24 06:36:30 aitest audit: type=SYSCALL msg=audit(1756017390.73:43): arch=c000003e syscall=59 success=yes exit=0 pid=7142 uid=2009 gid=2009 comm="grep" exe="/usr/bin/grep" key="process_execution"
Aug 24 06:36:31 aitest audit: type=PATH msg=audit(1756017391.358:843): item=0 name="/home/opc/logai/enterprise_mnc_audit_sim/enterprise_data/development/scripts/build.sh" inode=20072 dev=08:01 mode=0100644 ouid=0 ogid=0
Aug 24 06:36:31 aitest audit: type=SYSCALL msg=audit(1756017391.358:568): arch=c000003e syscall=59 success=yes exit=0 pid=3881 uid=2009 gid=2009 comm="chmod" exe="/usr/bin/chmod" key="process_execution"
Aug 24 06:36:35 aitest audit: type=SYSCALL msg=audit(1756017395.546:38): arch=c000003e syscall=59 success=yes exit=0 pid=10092 uid=2009 gid=2009 comm="wc" exe="/usr/bin/wc" key="process_execution"
Aug 24 06:36:37 aitest audit: type=PATH msg=audit(1756017397.907:514): item=0 name="/home/opc/logai/enterprise_mnc_audit_sim/enterprise_data/development" inode=41642 dev=08:01 mode=0100644 ouid=0 ogid=0
Aug 24 06:36:37 aitest audit: type=SYSCALL msg=audit(1756017397.907:417): arch=c000003e syscall=59 success=yes exit=0 pid=4423 uid=2009 gid=2009 comm="find" exe="/usr/bin/find" key="process_execution"
Aug 24 06:40:22 aitest audit: type=PATH msg=audit(1756017622.176:719): item=0 name="/home/opc/logai/enterprise_mnc_audit_sim/applications/databases/" inode=34887 dev=08:01 mode=0100644 ouid=0 ogid=0
Aug 24 06:40:22 aitest audit: type=SYSCALL msg=audit(1756017622.176:660): arch=c000003e syscall=59 success=yes exit=0 pid=7963 uid=2002 gid=2002 comm="ls" exe="/usr/bin/ls" key="process_execution"
Aug 24 06:40:32 aitest audit: type=PATH msg=audit(1756017632.47:365): item=0 name="/home/opc/logai/enterprise_mnc_audit_sim/enterprise_data/database/" inode=38969 dev=08:01 mode=0100644 ouid=0 ogid=0
Aug 24 06:40:32 aitest audit: type=SYSCALL msg=audit(1756017632.47:508): arch=c000003e syscall=59 success=yes exit=0 pid=2934 uid=2002 gid=2002 comm="ls" exe="/usr/bin/ls" key="process_execution"
Aug 24 06:40:42 aitest audit: type=SYSCALL msg=audit(1756017642.333:251): arch=c000003e syscall=59 success=yes exit=0 pid=7989 uid=2002 gid=2002 comm="grep" exe="/usr/bin/grep" key="process_execution"
Aug 24 06:40:46 aitest audit: type=PATH msg=audit(1756017646.18:2): item=0 name="/home/opc/logai/enterprise_mnc_audit_sim/enterprise_data/database" inode=19318 dev=08:01 mode=0100644 ouid=0 ogid=0
Aug 24 06:40:46 aitest audit: type=SYSCALL msg=audit(1756017646.18:123): arch=c000003e syscall=59 success=yes exit=0 pid=7512 uid=2002 gid=2002 comm="find" exe="/usr/bin/find" key="process_execution"
Aug 24 06:40:48 aitest audit: type=PATH msg=audit(1756017648.593:31): item=0 name="/home/opc/logai/enterprise_mnc_audit_sim/enterprise_data/database/mysql/db_config.cnf" inode=18672 dev=08:01 mode=0100644 ouid=0 ogid=0
Aug 24 06:40:48 aitest audit: type=SYSCALL msg=audit(1756017648.593:177): arch=c000003e syscall=59 success=yes exit=0 pid=4045 uid=2002 gid=2002 comm="chmod" exe="/usr/bin/chmod" key="process_execution"
Aug 24 06:52:35 aitest audit: type=SYSCALL msg=audit(1756018355.719:242): arch=c000003e syscall=59 success=yes exit=0 pid=8067 uid=2001 gid=2001 comm="netstat" exe="/usr/bin/netstat" key="process_execution"
Aug 24 06:52:45 aitest audit: type=PATH msg=audit(1756018365.203:947): item=0 name="/home/opc/logai/enterprise_mnc_audit_sim/applications/" inode=33046 dev=08:01 mode=0100644 ouid=0 ogid=0
Aug 24 06:52:45 aitest audit: type=SYSCALL msg=audit(1756018365.203:74): arch=c000003e syscall=59 success=yes exit=0 pid=6705 uid=2001 gid=2001 comm="ls" exe="/usr/bin/ls" key="process_execution"
Aug 24 06:52:48 aitest audit: type=PATH msg=audit(1756018368.348:780): item=0 name="/home/opc/logai/enterprise_mnc_audit_sim/system" inode=34712 dev=08:01 mode=0100644 ouid=0 ogid=0
Aug 24 06:52:48 aitest audit: type=SYSCALL msg=audit(1756018368.348:790): arch=c000003e syscall=59 success=yes exit=0 pid=3387 uid=2001 gid=2001 comm="find" exe="/usr/bin/find" key="process_execution"
Aug 24 06:52:56 aitest audit: type=PATH msg=audit(1756018376.200:702): item=0 name="/home/opc/logai/enterprise_mnc_audit_sim/system/configs/server.conf" inode=19440 dev=08:01 mode=0100644 ouid=0 ogid=0
Aug 24 06:52:56 aitest audit: type=SYSCALL msg=audit(1756018376.200:769): arch=c000003e syscall=59 success=yes exit=0 pid=4819 uid=2001 gid=2001 comm="chmod" exe="/usr/bin/chmod" key="process_execution"
Aug 24 06:54:14 aitest audit: type=PATH msg=audit(1756018454.102:813): item=0 name="/home/opc/logai/enterprise_mnc_audit_sim/enterprise_data/development/projects/project_alpha.txt" inode=30052 dev=08:01 mode=0100644 ouid=0 ogid=0
Aug 24 06:54:14 aitest audit: type=SYSCALL msg=audit(1756018454.102:525): arch=c000003e syscall=59 success=yes exit=0 pid=5813 uid=2006 gid=2006 comm="cat" exe="/usr/bin/cat" key="process_execution"
Aug 24 06:54:21 aitest audit: type=PATH msg=audit(1756018461.286:35): item=0 name="/home/opc/logai/enterprise_mnc_audit_sim/enterprise_data/development/projects/project_alpha.txt" inode=11372 dev=08:01 mode=0100644 ouid=0 ogid=0
Aug 24 06:54:21 aitest audit: type=SYSCALL msg=audit(1756018461.286:320): arch=c000003e syscall=59 success=yes exit=0 pid=7751 uid=2006 gid=2006 comm="cat" exe="/usr/bin/cat" key="process_execution"
Aug 24 06:54:28 aitest audit: type=SYSCALL msg=audit(1756018468.499:690): arch=c000003e syscall=59 success=yes exit=0 pid=3506 uid=2006 gid=2006 comm="cp" exe="/usr/bin/cp" key="process_execution"
Aug 24 06:54:36 aitest audit: type=SYSCALL msg=audit(1756018476.133:411): arch=c000003e syscall=59 success=yes exit=0 pid=11156 uid=2006 gid=2006 comm="cp" exe="/usr/bin/cp" key="process_execution"
Aug 24 06:54:40 aitest audit: type=PATH msg=audit(1756018480.97:479): item=0 name="/home/opc/logai/enterprise_mnc_audit_sim/enterprise_data/development/projects/project_alpha.txt" inode=28635 dev=08:01 mode=0100644 ouid=0 ogid=0
Aug 24 06:54:40 aitest audit: type=SYSCALL msg=audit(1756018480.97:833): arch=c000003e syscall=59 success=yes exit=0 pid=4118 uid=2006 gid=2006 comm="cat" exe="/usr/bin/cat" key="process_execution"
Aug 24 06:59:15 aitest audit: type=SYSCALL msg=audit(1756018755.76:809): arch=c000003e syscall=59 success=yes exit=0 pid=5896 uid=2004 gid=2004 comm="ps" exe="/usr/bin/ps" key="process_execution"
Aug 24 06:59:19 aitest audit: type=PATH msg=audit(1756018759.890:134): item=0 name="/home/opc/logai/enterprise_mnc_audit_sim/system/configs/" inode=33893 dev=08:01 mode=0100644 ouid=0 ogid=0
Aug 24 06:59:19 aitest audit: type=SYSCALL msg=audit(1756018759.890:686): arch=c000003e syscall=59 success=yes exit=0 pid=6903 uid=2004 gid=2004 comm="ls" exe="/usr/bin/ls" key="process_execution"
Aug 24 06:59:22 aitest audit: type=PATH msg=audit(1756018762.390:223): item=0 name="/home/opc/logai/enterprise_mnc_audit_sim/system/configs/" inode=25344 dev=08:01 mode=0100644 ouid=0 ogid=0
Aug 24 06:59:22 aitest audit: type=SYSCALL msg=audit(1756018762.390:132): arch=c000003e syscall=59 success=yes exit=0 pid=2183 uid=2004 gid=2004 comm="ls" exe="/usr/bin/ls" key="process_execution"
Aug 24 07:06:26 aitest audit: type=PATH msg=audit(1756019186.731:327): item=0 name="/home/opc/logai/enterprise_mnc_audit_sim/enterprise_data/" inode=12091 dev=08:01 mode=0100644 ouid=0 ogid=0
Aug 24 07:06:26 aitest audit: type=SYSCALL msg=audit(1756019186.731:506): arch=c000003e syscall=59 success=yes exit=0 pid=3344 uid=2008 gid=2008 comm="ls" exe="/usr/bin/ls" key="process_execution"
Aug 24 07:06:28 aitest audit: type=SYSCALL msg=audit(1756019188.41:214): arch=c000003e syscall=59 success=yes exit=0 pid=2515 uid=2008 gid=2008 comm="netstat" exe="/usr/bin/netstat" key="process_execution"
Aug 24 07:06:30 aitest audit: type=SYSCALL msg=audit(1756019190.622:520): arch=c000003e syscall=59 success=yes exit=0 pid=9307 uid=2008 gid=2008 comm="last" exe="/usr/bin/last" key="process_execution"
Aug 24 07:17:45 aitest audit: type=PATH msg=audit(1756019865.851:204): item=0 name="/home/opc/logai/enterprise_mnc_audit_sim/system" inode=14985 dev=08:01 mode=0100644 ouid=0 ogid=0
Aug 24 07:17:45 aitest audit: type=SYSCALL msg=audit(1756019865.851:200): arch=c000003e syscall=59 success=yes exit=0 pid=6505 uid=2004 gid=2004 comm="find" exe="/usr/bin/find" key="process_execution"
Aug 24 07:17:53 aitest audit: type=PATH msg=audit(1756019873.610:698): item=0 name="/home/opc/logai/enterprise_mnc_audit_sim/applications/" inode=15514 dev=08:01 mode=0100644 ouid=0 ogid=0
Aug 24 07:17:53 aitest audit: type=SYSCALL msg=audit(1756019873.610:211): arch=c000003e syscall=59 success=yes exit=0 pid=4382 uid=2004 gid=2004 comm="ls" exe="/usr/bin/ls" key="process_execution"
Aug 24 07:18:01 aitest audit: type=PATH msg=audit(1756019881.888:468): item=0 name="/home/opc/logai/enterprise_mnc_audit_sim/system/logs/application.log" inode=24447 dev=08:01 mode=0100644 ouid=0 ogid=0
Aug 24 07:18:01 aitest audit: type=SYSCALL msg=audit(1756019881.888:66): arch=c000003e syscall=59 success=yes exit=0 pid=8558 uid=2004 gid=2004 comm="tail" exe="/usr/bin/tail" key="process_execution"
Aug 24 07:20:11 aitest audit: type=SYSCALL msg=audit(1756020011.216:393): arch=c000003e syscall=59 success=yes exit=0 pid=10307 uid=2007 gid=2007 comm="top" exe="/usr/bin/top" key="process_execution"
Aug 24 07:20:20 aitest audit: type=SYSCALL msg=audit(1756020020.938:512): arch=c000003e syscall=59 success=yes exit=0 pid=3152 uid=2007 gid=2007 comm="tar" exe="/usr/bin/tar" key="process_execution"
Aug 24 07:26:11 aitest audit: type=SYSCALL msg=audit(1756020371.616:413): arch=c000003e syscall=59 success=yes exit=0 pid=9055 uid=2007 gid=2007 comm="tar" exe="/usr/bin/tar" key="process_execution"
Aug 24 07:26:20 aitest audit: type=PATH msg=audit(1756020380.75:712): item=0 name="/home/opc/logai/enterprise_mnc_audit_sim/enterprise_data/operations/" inode=12241 dev=08:01 mode=0100644 ouid=0 ogid=0
Aug 24 07:26:20 aitest audit: type=SYSCALL msg=audit(1756020380.75:856): arch=c000003e syscall=59 success=yes exit=0 pid=3438 uid=2007 gid=2007 comm="ls" exe="/usr/bin/ls" key="process_execution"
Aug 24 07:26:30 aitest audit: type=PATH msg=audit(1756020390.652:421): item=0 name="/home/opc/logai/enterprise_mnc_audit_sim/enterprise_data/operations" inode=15891 dev=08:01 mode=0100644 ouid=0 ogid=0
Aug 24 07:26:30 aitest audit: type=SYSCALL msg=audit(1756020390.652:622): arch=c000003e syscall=59 success=yes exit=0 pid=7858 uid=2007 gid=2007 comm="find" exe="/usr/bin/find" key="process_execution"
Aug 24 07:26:36 aitest audit: type=SYSCALL msg=audit(1756020396.17:251): arch=c000003e syscall=59 success=yes exit=0 pid=11315 uid=2007 gid=2007 comm="ps" exe="/usr/bin/ps" key="process_execution"
Aug 24 07:26:38 aitest audit: type=PATH msg=audit(1756020398.784:318): item=0 name="/home/opc/logai/enterprise_mnc_audit_sim/enterprise_data/operations/scripts/" inode=24968 dev=08:01 mode=0100644 ouid=0 ogid=0
Aug 24 07:26:38 aitest audit: type=SYSCALL msg=audit(1756020398.784:75): arch=c000003e syscall=59 success=yes exit=0 pid=4678 uid=2007 gid=2007 comm="chmod" exe="/usr/bin/chmod" key="process_execution"
Aug 24 07:37:17 aitest audit: type=PATH msg=audit(1756021037.291:749): item=0 name="/home/opc/logai/enterprise_mnc_audit_sim/enterprise_data/development/projects/project_alpha.txt" inode=22948 dev=08:01 mode=0100644 ouid=0 ogid=0
Aug 24 07:37:17 aitest audit: type=SYSCALL msg=audit(1756021037.291:939): arch=c000003e syscall=59 success=yes exit=0 pid=4328 uid=2009 gid=2009 comm="cat" exe="/usr/bin/cat" key="process_execution"
Aug 24 07:37:21 aitest audit: type=PATH msg=audit(1756021041.27:190): item=0 name="/home/opc/logai/enterprise_mnc_audit_sim/enterprise_data/development/scripts/build.sh" inode=16087 dev=08:01 mode=0100644 ouid=0 ogid=0
Aug 24 07:37:21 aitest audit: type=SYSCALL msg=audit(1756021041.27:212): arch=c000003e syscall=59 success=yes exit=0 pid=2809 uid=2009 gid=2009 comm="chmod" exe="/usr/bin/chmod" key="process_execution"
Aug 24 07:37:31 aitest audit: type=PATH msg=audit(1756021051.139:890): item=0 name="/home/opc/logai/enterprise_mnc_audit_sim/enterprise_data/development/projects/project_alpha.txt" inode=11288 dev=08:01 mode=0100644 ouid=0 ogid=0
Aug 24 07:37:31 aitest audit: type=SYSCALL msg=audit(1756021051.139:403): arch=c000003e syscall=59 success=yes exit=0 pid=5691 uid=2009 gid=2009 comm="cat" exe="/usr/bin/cat" key="process_execution"
Aug 24 07:37:38 aitest audit: type=PATH msg=audit(1756021058.996:583): item=0 name="/home/opc/logai/enterprise_mnc_audit_sim/enterprise_data/database" inode=26413 dev=08:01 mode=0100644 ouid=0 ogid=0
Aug 24 07:37:38 aitest audit: type=SYSCALL msg=audit(1756021058.996:440): arch=c000003e syscall=59 success=yes exit=0 pid=4161 uid=2005 gid=2005 comm="find" exe="/usr/bin/find" key="process_execution"
Aug 24 07:37:40 aitest audit: type=PATH msg=audit(1756021060.788:783): item=0 name="/home/opc/logai/enterprise_mnc_audit_sim/enterprise_data/development" inode=24120 dev=08:01 mode=0100644 ouid=0 ogid=0
Aug 24 07:37:40 aitest audit: type=SYSCALL msg=audit(1756021060.437:140): arch=c000003e syscall=59 success=yes exit=0 pid=9087 uid=2005 gid=2005 comm="du" exe="/usr/bin/du" key="process_execution"
Aug 24 07:37:40 aitest audit: type=SYSCALL msg=audit(1756021060.788:197): arch=c000003e syscall=59 success=yes exit=0 pid=2350 uid=2009 gid=2009 comm="find" exe="/usr/bin/find" key="process_execution"
Aug 24 07:37:47 aitest audit: type=SYSCALL msg=audit(1756021067.237:97): arch=c000003e syscall=59 success=yes exit=0 pid=8575 uid=2005 gid=2005 comm="cp" exe="/usr/bin/cp" key="process_execution"
Aug 24 07:40:27 aitest audit: type=PATH msg=audit(1756021227.458:125): item=0 name="/home/opc/logai/enterprise_mnc_audit_sim/applications/" inode=12935 dev=08:01 mode=0100644 ouid=0 ogid=0
Aug 24 07:40:27 aitest audit: type=SYSCALL msg=audit(1756021227.458:210): arch=c000003e syscall=59 success=yes exit=0 pid=11930 uid=2010 gid=2010 comm="ls" exe="/usr/bin/ls" key="process_execution"
Aug 24 07:40:28 aitest audit: type=SYSCALL msg=audit(1756021228.82:336): arch=c000003e syscall=59 success=yes exit=0 pid=6538 uid=2010 gid=2010 comm="tar" exe="/usr/bin/tar" key="process_execution"
Aug 24 07:40:37 aitest audit: type=PATH msg=audit(1756021237.810:28): item=0 name="/home/opc/logai/enterprise_mnc_audit_sim/enterprise_data/operations" inode=22655 dev=08:01 mode=0100644 ouid=0 ogid=0
Aug 24 07:40:37 aitest audit: type=SYSCALL msg=audit(1756021237.810:648): arch=c000003e syscall=59 success=yes exit=0 pid=3418 uid=2010 gid=2010 comm="find" exe="/usr/bin/find" key="process_execution"
Aug 24 07:40:45 aitest audit: type=PATH msg=audit(1756021245.487:795): item=0 name="/home/opc/logai/enterprise_mnc_audit_sim/applications/" inode=34559 dev=08:01 mode=0100644 ouid=0 ogid=0
Aug 24 07:40:45 aitest audit: type=SYSCALL msg=audit(1756021245.487:205): arch=c000003e syscall=59 success=yes exit=0 pid=4296 uid=2010 gid=2010 comm="ls" exe="/usr/bin/ls" key="process_execution"
Aug 24 07:47:27 aitest audit: type=PATH msg=audit(1756021647.275:838): item=0 name="/home/opc/logai/enterprise_mnc_audit_sim/enterprise_data/database/mysql/db_config.cnf" inode=41151 dev=08:01 mode=0100644 ouid=0 ogid=0
Aug 24 07:47:27 aitest audit: type=SYSCALL msg=audit(1756021647.275:696): arch=c000003e syscall=59 success=yes exit=0 pid=8984 uid=2005 gid=2005 comm="chmod" exe="/usr/bin/chmod" key="process_execution"
Aug 24 07:47:29 aitest audit: type=PATH msg=audit(1756021649.969:432): item=0 name="/home/opc/logai/enterprise_mnc_audit_sim/enterprise_data/database/" inode=23443 dev=08:01 mode=0100644 ouid=0 ogid=0
Aug 24 07:47:29 aitest audit: type=SYSCALL msg=audit(1756021649.969:225): arch=c000003e syscall=59 success=yes exit=0 pid=11988 uid=2005 gid=2005 comm="ls" exe="/usr/bin/ls" key="process_execution"
Aug 24 07:51:11 aitest audit: type=PATH msg=audit(1756021871.28:572): item=0 name="/home/opc/logai/enterprise_mnc_audit_sim/enterprise_data/operations/scripts/" inode=14369 dev=08:01 mode=0100644 ouid=0 ogid=0
Aug 24 07:51:11 aitest audit: type=SYSCALL msg=audit(1756021871.28:65): arch=c000003e syscall=59 success=yes exit=0 pid=11729 uid=2007 gid=2007 comm="chmod" exe="/usr/bin/chmod" key="process_execution"
Aug 24 07:51:20 aitest audit: type=PATH msg=audit(1756021880.904:324): item=0 name="/home/opc/logai/enterprise_mnc_audit_sim/enterprise_data/operations" inode=37865 dev=08:01 mode=0100644 ouid=0 ogid=0
Aug 24 07:51:20 aitest audit: type=SYSCALL msg=audit(1756021880.904:725): arch=c000003e syscall=59 success=yes exit=0 pid=8476 uid=2007 gid=2007 comm="find" exe="/usr/bin/find" key="process_execution"
Aug 24 07:51:30 aitest audit: type=PATH msg=audit(1756021890.474:228): item=0 name="/home/opc/logai/enterprise_mnc_audit_sim/enterprise_data/operations" inode=19631 dev=08:01 mode=0100644 ouid=0 ogid=0
Aug 24 07:51:30 aitest audit: type=SYSCALL msg=audit(1756021890.474:187): arch=c000003e syscall=59 success=yes exit=0 pid=6441 uid=2007 gid=2007 comm="find" exe="/usr/bin/find" key="process_execution"
Aug 24 07:51:58 aitest audit: type=SYSCALL msg=audit(1756021918.331:589): arch=c000003e syscall=59 success=yes exit=0 pid=11159 uid=2003 gid=2003 comm="wc" exe="/usr/bin/wc" key="process_execution"
Aug 24 07:52:02 aitest audit: type=SYSCALL msg=audit(1756021922.223:706): arch=c000003e syscall=59 success=yes exit=0 pid=10160 uid=2003 gid=2003 comm="wc" exe="/usr/bin/wc" key="process_execution"
Aug 24 07:52:10 aitest audit: type=PATH msg=audit(1756021930.975:181): item=0 name="/home/opc/logai/enterprise_mnc_audit_sim/enterprise_data/development/projects/project_alpha.txt" inode=39829 dev=08:01 mode=0100644 ouid=0 ogid=0
Aug 24 07:52:10 aitest audit: type=SYSCALL msg=audit(1756021930.975:480): arch=c000003e syscall=59 success=yes exit=0 pid=8827 uid=2003 gid=2003 comm="cat" exe="/usr/bin/cat" key="process_execution"
Aug 24 07:53:09 aitest audit: type=PATH msg=audit(1756021989.275:251): item=0 name="/home/opc/logai/enterprise_mnc_audit_sim/enterprise_data/database/mysql/db_config.cnf" inode=17363 dev=08:01 mode=0100644 ouid=0 ogid=0
Aug 24 07:53:09 aitest audit: type=SYSCALL msg=audit(1756021989.275:402): arch=c000003e syscall=59 success=yes exit=0 pid=9391 uid=2002 gid=2002 comm="chmod" exe="/usr/bin/chmod" key="process_execution"
Aug 24 07:53:11 aitest audit: type=SYSCALL msg=audit(1756021991.181:228): arch=c000003e syscall=59 success=yes exit=0 pid=3913 uid=2002 gid=2002 comm="cp" exe="/usr/bin/cp" key="process_execution"
Aug 24 07:53:16 aitest audit: type=PATH msg=audit(1756021996.186:102): item=0 name="/home/opc/logai/enterprise_mnc_audit_sim/enterprise_data/database/mysql/db_config.cnf" inode=37121 dev=08:01 mode=0100644 ouid=0 ogid=0
Aug 24 07:53:16 aitest audit: type=SYSCALL msg=audit(1756021996.186:73): arch=c000003e syscall=59 success=yes exit=0 pid=6203 uid=2002 gid=2002 comm="cat" exe="/usr/bin/cat" key="process_execution"
Aug 24 07:53:22 aitest audit: type=PATH msg=audit(1756022002.663:358): item=0 name="/home/opc/logai/enterprise_mnc_audit_sim/enterprise_data/database/" inode=13565 dev=08:01 mode=0100644 ouid=0 ogid=0
Aug 24 07:53:22 aitest audit: type=SYSCALL msg=audit(1756022002.663:419): arch=c000003e syscall=59 success=yes exit=0 pid=9878 uid=2002 gid=2002 comm="ls" exe="/usr/bin/ls" key="process_execution"
Aug 24 07:53:28 aitest audit: type=SYSCALL msg=audit(1756022008.906:388): arch=c000003e syscall=59 success=yes exit=0 pid=11661 uid=2005 gid=2005 comm="grep" exe="/usr/bin/grep" key="process_execution"
Aug 24 07:53:34 aitest audit: type=SYSCALL msg=audit(1756022014.723:288): arch=c000003e syscall=59 success=yes exit=0 pid=9683 uid=2005 gid=2005 comm="cp" exe="/usr/bin/cp" key="process_execution"
Aug 24 07:53:36 aitest audit: type=SYSCALL msg=audit(1756022016.650:356): arch=c000003e syscall=59 success=yes exit=0 pid=10769 uid=2005 gid=2005 comm="grep" exe="/usr/bin/grep" key="process_execution"
Aug 24 07:56:34 aitest audit: type=PATH msg=audit(1756022194.751:287): item=0 name="/home/opc/logai/enterprise_mnc_audit_sim/applications/" inode=25472 dev=08:01 mode=0100644 ouid=0 ogid=0
Aug 24 07:56:34 aitest audit: type=SYSCALL msg=audit(1756022194.751:565): arch=c000003e syscall=59 success=yes exit=0 pid=5767 uid=2007 gid=2007 comm="ls" exe="/usr/bin/ls" key="process_execution"
Aug 24 07:56:44 aitest audit: type=SYSCALL msg=audit(1756022204.747:955): arch=c000003e syscall=59 success=yes exit=0 pid=2901 uid=2007 gid=2007 comm="top" exe="/usr/bin/top" key="process_execution"
Aug 24 07:56:47 aitest audit: type=PATH msg=audit(1756022207.869:960): item=0 name="/home/opc/logai/enterprise_mnc_audit_sim/enterprise_data/development/projects/project_alpha.txt" inode=16105 dev=08:01 mode=0100644 ouid=0 ogid=0
Aug 24 07:56:47 aitest audit: type=SYSCALL msg=audit(1756022207.869:859): arch=c000003e syscall=59 success=yes exit=0 pid=3124 uid=2009 gid=2009 comm="cat" exe="/usr/bin/cat" key="process_execution"
Aug 24 07:56:57 aitest audit: type=SYSCALL msg=audit(1756022217.759:899): arch=c000003e syscall=59 success=yes exit=0 pid=11044 uid=2009 gid=2009 comm="wc" exe="/usr/bin/wc" key="process_execution"
Aug 24 07:57:02 aitest audit: type=PATH msg=audit(1756022222.681:399): item=0 name="/home/opc/logai/enterprise_mnc_audit_sim/enterprise_data/development/projects/" inode=37054 dev=08:01 mode=0100644 ouid=0 ogid=0
Aug 24 07:57:02 aitest audit: type=SYSCALL msg=audit(1756022222.681:547): arch=c000003e syscall=59 success=yes exit=0 pid=7731 uid=2009 gid=2009 comm="ls" exe="/usr/bin/ls" key="process_execution"
Aug 24 07:57:09 aitest audit: type=PATH msg=audit(1756022229.81:237): item=0 name="/home/opc/logai/enterprise_mnc_audit_sim/enterprise_data/development/projects/project_alpha.txt" inode=30057 dev=08:01 mode=0100644 ouid=0 ogid=0
Aug 24 07:57:09 aitest audit: type=SYSCALL msg=audit(1756022229.81:494): arch=c000003e syscall=59 success=yes exit=0 pid=2210 uid=2003 gid=2003 comm="cat" exe="/usr/bin/cat" key="process_execution"
Aug 24 07:57:10 aitest audit: type=PATH msg=audit(1756022230.21:555): item=0 name="/home/opc/logai/enterprise_mnc_audit_sim/enterprise_data/development" inode=18949 dev=08:01 mode=0100644 ouid=0 ogid=0
Aug 24 07:57:10 aitest audit: type=SYSCALL msg=audit(1756022230.21:479): arch=c000003e syscall=59 success=yes exit=0 pid=3894 uid=2003 gid=2003 comm="find" exe="/usr/bin/find" key="process_execution"
Aug 24 07:57:14 aitest audit: type=PATH msg=audit(1756022234.268:711): item=0 name="/home/opc/logai/enterprise_mnc_audit_sim/enterprise_data/development/" inode=16310 dev=08:01 mode=0100644 ouid=0 ogid=0
Aug 24 07:57:14 aitest audit: type=SYSCALL msg=audit(1756022234.268:245): arch=c000003e syscall=59 success=yes exit=0 pid=4546 uid=2003 gid=2003 comm="ls" exe="/usr/bin/ls" key="process_execution"
Aug 24 07:57:17 aitest audit: type=PATH msg=audit(1756022237.117:455): item=0 name="/home/opc/logai/enterprise_mnc_audit_sim/enterprise_data/development/scripts/build.sh" inode=41186 dev=08:01 mode=0100644 ouid=0 ogid=0
Aug 24 07:57:17 aitest audit: type=SYSCALL msg=audit(1756022237.117:700): arch=c000003e syscall=59 success=yes exit=0 pid=7482 uid=2003 gid=2003 comm="chmod" exe="/usr/bin/chmod" key="process_execution"
Aug 24 07:57:27 aitest audit: type=SYSCALL msg=audit(1756022247.376:43): arch=c000003e syscall=59 success=yes exit=0 pid=7960 uid=2003 gid=2003 comm="cp" exe="/usr/bin/cp" key="process_execution"
Aug 24 08:08:03 aitest audit: type=PATH msg=audit(1756022883.295:207): item=0 name="/home/opc/logai/enterprise_mnc_audit_sim/applications/" inode=24298 dev=08:01 mode=0100644 ouid=0 ogid=0
Aug 24 08:08:03 aitest audit: type=SYSCALL msg=audit(1756022883.295:750): arch=c000003e syscall=59 success=yes exit=0 pid=9216 uid=2007 gid=2007 comm="ls" exe="/usr/bin/ls" key="process_execution"
Aug 24 08:08:10 aitest audit: type=SYSCALL msg=audit(1756022890.784:299): arch=c000003e syscall=59 success=yes exit=0 pid=2079 uid=2007 gid=2007 comm="ps" exe="/usr/bin/ps" key="process_execution"
Aug 24 08:08:19 aitest audit: type=SYSCALL msg=audit(1756022899.238:418): arch=c000003e syscall=59 success=yes exit=0 pid=5785 uid=2007 gid=2007 comm="tar" exe="/usr/bin/tar" key="process_execution"
Aug 24 08:08:24 aitest audit: type=PATH msg=audit(1756022904.335:526): item=0 name="/home/opc/logai/enterprise_mnc_audit_sim/enterprise_data/operations/scripts/" inode=39142 dev=08:01 mode=0100644 ouid=0 ogid=0
Aug 24 08:08:24 aitest audit: type=SYSCALL msg=audit(1756022904.335:328): arch=c000003e syscall=59 success=yes exit=0 pid=8081 uid=2007 gid=2007 comm="chmod" exe="/usr/bin/chmod" key="process_execution"
Aug 24 08:11:19 aitest audit: type=SYSCALL msg=audit(1756023079.590:878): arch=c000003e syscall=59 success=yes exit=0 pid=11041 uid=2007 gid=2007 comm="du" exe="/usr/bin/du" key="process_execution"
Aug 24 08:11:25 aitest audit: type=SYSCALL msg=audit(1756023085.98:523): arch=c000003e syscall=59 success=yes exit=0 pid=11621 uid=2007 gid=2007 comm="ps" exe="/usr/bin/ps" key="process_execution"
Aug 24 08:11:34 aitest audit: type=PATH msg=audit(1756023094.362:294): item=0 name="/home/opc/logai/enterprise_mnc_audit_sim/enterprise_data/operations/" inode=29284 dev=08:01 mode=0100644 ouid=0 ogid=0
Aug 24 08:11:34 aitest audit: type=SYSCALL msg=audit(1756023094.362:611): arch=c000003e syscall=59 success=yes exit=0 pid=2487 uid=2007 gid=2007 comm="ls" exe="/usr/bin/ls" key="process_execution"
Aug 24 08:13:27 aitest audit: type=PATH msg=audit(1756023207.327:567): item=0 name="/home/opc/logai/enterprise_mnc_audit_sim/system/configs/server.conf" inode=23558 dev=08:01 mode=0100644 ouid=0 ogid=0
Aug 24 08:13:27 aitest audit: type=SYSCALL msg=audit(1756023207.327:656): arch=c000003e syscall=59 success=yes exit=0 pid=10724 uid=2004 gid=2004 comm="cat" exe="/usr/bin/cat" key="process_execution"
Aug 24 08:13:30 aitest audit: type=PATH msg=audit(1756023210.773:656): item=0 name="/home/opc/logai/enterprise_mnc_audit_sim/system" inode=18511 dev=08:01 mode=0100644 ouid=0 ogid=0
Aug 24 08:13:30 aitest audit: type=SYSCALL msg=audit(1756023210.773:302): arch=c000003e syscall=59 success=yes exit=0 pid=3950 uid=2004 gid=2004 comm="find" exe="/usr/bin/find" key="process_execution"
Aug 24 08:13:31 aitest audit: type=PATH msg=audit(1756023211.866:491): item=0 name="/home/opc/logai/enterprise_mnc_audit_sim/applications/" inode=34226 dev=08:01 mode=0100644 ouid=0 ogid=0
Aug 24 08:13:31 aitest audit: type=SYSCALL msg=audit(1756023211.866:741): arch=c000003e syscall=59 success=yes exit=0 pid=11377 uid=2004 gid=2004 comm="ls" exe="/usr/bin/ls" key="process_execution"
Aug 24 08:13:33 aitest audit: type=PATH msg=audit(1756023213.383:235): item=0 name="/home/opc/logai/enterprise_mnc_audit_sim/system/configs/" inode=36955 dev=08:01 mode=0100644 ouid=0 ogid=0
Aug 24 08:13:33 aitest audit: type=SYSCALL msg=audit(1756023213.383:770): arch=c000003e syscall=59 success=yes exit=0 pid=11532 uid=2004 gid=2004 comm="ls" exe="/usr/bin/ls" key="process_execution"
Aug 24 08:15:13 aitest audit: type=SYSCALL msg=audit(1756023313.903:990): arch=c000003e syscall=59 success=yes exit=0 pid=7872 uid=2007 gid=2007 comm="du" exe="/usr/bin/du" key="process_execution"
Aug 24 08:15:14 aitest audit: type=SYSCALL msg=audit(1756023314.247:836): arch=c000003e syscall=59 success=yes exit=0 pid=3116 uid=2007 gid=2007 comm="top" exe="/usr/bin/top" key="process_execution"
Aug 24 08:15:19 aitest audit: type=SYSCALL msg=audit(1756023319.681:714): arch=c000003e syscall=59 success=yes exit=0 pid=10665 uid=2007 gid=2007 comm="top" exe="/usr/bin/top" key="process_execution"
Aug 24 08:17:37 aitest audit: type=PATH msg=audit(1756023457.853:1000): item=0 name="/home/opc/logai/enterprise_mnc_audit_sim/enterprise_data/database/mysql/db_config.cnf" inode=36326 dev=08:01 mode=0100644 ouid=0 ogid=0
Aug 24 08:17:37 aitest audit: type=SYSCALL msg=audit(1756023457.853:95): arch=c000003e syscall=59 success=yes exit=0 pid=4157 uid=2005 gid=2005 comm="chmod" exe="/usr/bin/chmod" key="process_execution"
Aug 24 08:17:47 aitest audit: type=PATH msg=audit(1756023467.533:864): item=0 name="/home/opc/logai/enterprise_mnc_audit_sim/enterprise_data/database/" inode=20423 dev=08:01 mode=0100644 ouid=0 ogid=0
Aug 24 08:17:47 aitest audit: type=SYSCALL msg=audit(1756023467.533:512): arch=c000003e syscall=59 success=yes exit=0 pid=9326 uid=2005 gid=2005 comm="ls" exe="/usr/bin/ls" key="process_execution"
Aug 24 08:23:20 aitest audit: type=SYSCALL msg=audit(1756023800.133:622): arch=c000003e syscall=59 success=yes exit=0 pid=3602 uid=2005 gid=2005 comm="du" exe="/usr/bin/du" key="process_execution"
Aug 24 08:23:28 aitest audit: type=SYSCALL msg=audit(1756023808.217:752): arch=c000003e syscall=59 success=yes exit=0 pid=7870 uid=2005 gid=2005 comm="grep" exe="/usr/bin/grep" key="process_execution"
Aug 24 08:27:44 aitest audit: type=PATH msg=audit(1756024064.84:271): item=0 name="/home/opc/logai/enterprise_mnc_audit_sim/enterprise_data/database/" inode=24931 dev=08:01 mode=0100644 ouid=0 ogid=0
Aug 24 08:27:44 aitest audit: type=SYSCALL msg=audit(1756024064.84:925): arch=c000003e syscall=59 success=yes exit=0 pid=9518 uid=2005 gid=2005 comm="ls" exe="/usr/bin/ls" key="process_execution"
Aug 24 08:27:46 aitest audit: type=SYSCALL msg=audit(1756024066.848:401): arch=c000003e syscall=59 success=yes exit=0 pid=3124 uid=2005 gid=2005 comm="du" exe="/usr/bin/du" key="process_execution"
Aug 24 08:27:54 aitest audit: type=PATH msg=audit(1756024074.62:91): item=0 name="/home/opc/logai/enterprise_mnc_audit_sim/applications/databases/" inode=41942 dev=08:01 mode=0100644 ouid=0 ogid=0
Aug 24 08:27:54 aitest audit: type=SYSCALL msg=audit(1756024074.62:218): arch=c000003e syscall=59 success=yes exit=0 pid=4744 uid=2005 gid=2005 comm="ls" exe="/usr/bin/ls" key="process_execution"
Aug 24 08:27:55 aitest audit: type=PATH msg=audit(1756024075.666:204): item=0 name="/home/opc/logai/enterprise_mnc_audit_sim/enterprise_data/database/" inode=32516 dev=08:01 mode=0100644 ouid=0 ogid=0
Aug 24 08:27:55 aitest audit: type=SYSCALL msg=audit(1756024075.666:531): arch=c000003e syscall=59 success=yes exit=0 pid=8880 uid=2005 gid=2005 comm="ls" exe="/usr/bin/ls" key="process_execution"
Aug 24 08:28:05 aitest audit: type=PATH msg=audit(1756024085.713:291): item=0 name="/home/opc/logai/enterprise_mnc_audit_sim/enterprise_data/database/mysql/db_config.cnf" inode=16286 dev=08:01 mode=0100644 ouid=0 ogid=0
Aug 24 08:28:05 aitest audit: type=SYSCALL msg=audit(1756024085.713:546): arch=c000003e syscall=59 success=yes exit=0 pid=3857 uid=2005 gid=2005 comm="cat" exe="/usr/bin/cat" key="process_execution"
Aug 24 08:31:24 aitest audit: type=PATH msg=audit(1756024284.558:252): item=0 name="/home/opc/logai/enterprise_mnc_audit_sim/system/configs/server.conf" inode=38676 dev=08:01 mode=0100644 ouid=0 ogid=0
Aug 24 08:31:24 aitest audit: type=SYSCALL msg=audit(1756024284.558:343): arch=c000003e syscall=59 success=yes exit=0 pid=4163 uid=2001 gid=2001 comm="cat" exe="/usr/bin/cat" key="process_execution"
Aug 24 08:31:30 aitest audit: type=PATH msg=audit(1756024290.916:667): item=0 name="/home/opc/logai/enterprise_mnc_audit_sim/system/configs/server.conf" inode=30509 dev=08:01 mode=0100644 ouid=0 ogid=0
Aug 24 08:31:30 aitest audit: type=SYSCALL msg=audit(1756024290.916:19): arch=c000003e syscall=59 success=yes exit=0 pid=4088 uid=2001 gid=2001 comm="chmod" exe="/usr/bin/chmod" key="process_execution"
Aug 24 08:31:37 aitest audit: type=SYSCALL msg=audit(1756024297.352:757): arch=c000003e syscall=59 success=yes exit=0 pid=9803 uid=2001 gid=2001 comm="df" exe="/usr/bin/df" key="process_execution"
Aug 24 08:31:42 aitest audit: type=PATH msg=audit(1756024302.533:814): item=0 name="/home/opc/logai/enterprise_mnc_audit_sim/system/configs/server.conf" inode=28007 dev=08:01 mode=0100644 ouid=0 ogid=0
Aug 24 08:31:42 aitest audit: type=SYSCALL msg=audit(1756024302.533:298): arch=c000003e syscall=59 success=yes exit=0 pid=5038 uid=2001 gid=2001 comm="chmod" exe="/usr/bin/chmod" key="process_execution"
Aug 24 08:37:30 aitest audit: type=PATH msg=audit(1756024650.511:174): item=0 name="/home/opc/logai/enterprise_mnc_audit_sim/enterprise_data/database/" inode=41831 dev=08:01 mode=0100644 ouid=0 ogid=0
Aug 24 08:37:30 aitest audit: type=SYSCALL msg=audit(1756024650.511:459): arch=c000003e syscall=59 success=yes exit=0 pid=11735 uid=2005 gid=2005 comm="ls" exe="/usr/bin/ls" key="process_execution"
Aug 24 08:37:36 aitest audit: type=SYSCALL msg=audit(1756024656.13:431): arch=c000003e syscall=59 success=yes exit=0 pid=6387 uid=2005 gid=2005 comm="grep" exe="/usr/bin/grep" key="process_execution"
Aug 24 08:37:46 aitest audit: type=PATH msg=audit(1756024666.614:718): item=0 name="/home/opc/logai/enterprise_mnc_audit_sim/enterprise_data/database/mysql/db_config.cnf" inode=35620 dev=08:01 mode=0100644 ouid=0 ogid=0
Aug 24 08:37:46 aitest audit: type=SYSCALL msg=audit(1756024666.614:448): arch=c000003e syscall=59 success=yes exit=0 pid=7986 uid=2005 gid=2005 comm="cat" exe="/usr/bin/cat" key="process_execution"
Aug 24 08:37:50 aitest audit: type=PATH msg=audit(1756024670.781:625): item=0 name="/home/opc/logai/enterprise_mnc_audit_sim/enterprise_data/database/" inode=26960 dev=08:01 mode=0100644 ouid=0 ogid=0
Aug 24 08:37:50 aitest audit: type=SYSCALL msg=audit(1756024670.781:890): arch=c000003e syscall=59 success=yes exit=0 pid=11911 uid=2005 gid=2005 comm="ls" exe="/usr/bin/ls" key="process_execution"
Aug 24 08:37:56 aitest audit: type=PATH msg=audit(1756024676.713:349): item=0 name="/home/opc/logai/enterprise_mnc_audit_sim/enterprise_data/database/" inode=18929 dev=08:01 mode=0100644 ouid=0 ogid=0
Aug 24 08:37:56 aitest audit: type=SYSCALL msg=audit(1756024676.713:432): arch=c000003e syscall=59 success=yes exit=0 pid=4359 uid=2005 gid=2005 comm="ls" exe="/usr/bin/ls" key="process_execution"
Aug 24 08:39:05 aitest audit: type=SYSCALL msg=audit(1756024745.732:699): arch=c000003e syscall=59 success=yes exit=0 pid=6849 uid=2009 gid=2009 comm="wc" exe="/usr/bin/wc" key="process_execution"
Aug 24 08:39:14 aitest audit: type=PATH msg=audit(1756024754.851:495): item=0 name="/home/opc/logai/enterprise_mnc_audit_sim/enterprise_data/development/scripts/build.sh" inode=23778 dev=08:01 mode=0100644 ouid=0 ogid=0
Aug 24 08:39:14 aitest audit: type=SYSCALL msg=audit(1756024754.851:685): arch=c000003e syscall=59 success=yes exit=0 pid=3901 uid=2009 gid=2009 comm="chmod" exe="/usr/bin/chmod" key="process_execution"
Aug 24 08:39:19 aitest audit: type=PATH msg=audit(1756024759.367:237): item=0 name="/home/opc/logai/enterprise_mnc_audit_sim/enterprise_data/development" inode=20392 dev=08:01 mode=0100644 ouid=0 ogid=0
Aug 24 08:39:19 aitest audit: type=SYSCALL msg=audit(1756024759.367:8): arch=c000003e syscall=59 success=yes exit=0 pid=8374 uid=2009 gid=2009 comm="find" exe="/usr/bin/find" key="process_execution"
Aug 24 08:44:11 aitest audit: type=PATH msg=audit(1756025051.690:546): item=0 name="/home/opc/logai/enterprise_mnc_audit_sim/enterprise_data/database/" inode=25958 dev=08:01 mode=0100644 ouid=0 ogid=0
Aug 24 08:44:11 aitest audit: type=SYSCALL msg=audit(1756025051.690:597): arch=c000003e syscall=59 success=yes exit=0 pid=9461 uid=2005 gid=2005 comm="ls" exe="/usr/bin/ls" key="process_execution"
Aug 24 08:44:18 aitest audit: type=PATH msg=audit(1756025058.932:550): item=0 name="/home/opc/logai/enterprise_mnc_audit_sim/enterprise_data/database/mysql/db_config.cnf" inode=10584 dev=08:01 mode=0100644 ouid=0 ogid=0
Aug 24 08:44:18 aitest audit: type=SYSCALL msg=audit(1756025058.932:743): arch=c000003e syscall=59 success=yes exit=0 pid=5269 uid=2005 gid=2005 comm="chmod" exe="/usr/bin/chmod" key="process_execution"
Aug 24 08:44:25 aitest audit: type=PATH msg=audit(1756025065.91:59): item=0 name="/home/opc/logai/enterprise_mnc_audit_sim/enterprise_data/database" inode=33189 dev=08:01 mode=0100644 ouid=0 ogid=0
Aug 24 08:44:25 aitest audit: type=SYSCALL msg=audit(1756025065.91:661): arch=c000003e syscall=59 success=yes exit=0 pid=4809 uid=2005 gid=2005 comm="find" exe="/usr/bin/find" key="process_execution"
Aug 24 08:44:26 aitest audit: type=SYSCALL msg=audit(1756025066.702:263): arch=c000003e syscall=59 success=yes exit=0 pid=2372 uid=2005 gid=2005 comm="grep" exe="/usr/bin/grep" key="process_execution"
Aug 24 08:44:27 aitest audit: type=PATH msg=audit(1756025067.853:329): item=0 name="/home/opc/logai/enterprise_mnc_audit_sim/enterprise_data/database" inode=11491 dev=08:01 mode=0100644 ouid=0 ogid=0
Aug 24 08:44:27 aitest audit: type=SYSCALL msg=audit(1756025067.853:689): arch=c000003e syscall=59 success=yes exit=0 pid=11386 uid=2005 gid=2005 comm="find" exe="/usr/bin/find" key="process_execution"
Aug 24 08:48:27 aitest audit: type=PATH msg=audit(1756025307.195:220): item=0 name="/home/opc/logai/enterprise_mnc_audit_sim/enterprise_data/database/" inode=16752 dev=08:01 mode=0100644 ouid=0 ogid=0
Aug 24 08:48:27 aitest audit: type=SYSCALL msg=audit(1756025307.195:393): arch=c000003e syscall=59 success=yes exit=0 pid=6454 uid=2002 gid=2002 comm="ls" exe="/usr/bin/ls" key="process_execution"
Aug 24 08:48:34 aitest audit: type=SYSCALL msg=audit(1756025314.745:622): arch=c000003e syscall=59 success=yes exit=0 pid=6553 uid=2002 gid=2002 comm="cp" exe="/usr/bin/cp" key="process_execution"
Aug 24 08:50:55 aitest audit: type=SYSCALL msg=audit(1756025455.505:966): arch=c000003e syscall=59 success=yes exit=0 pid=2872 uid=2010 gid=2010 comm="top" exe="/usr/bin/top" key="process_execution"
Aug 24 08:51:01 aitest audit: type=SYSCALL msg=audit(1756025461.313:78): arch=c000003e syscall=59 success=yes exit=0 pid=5626 uid=2010 gid=2010 comm="tar" exe="/usr/bin/tar" key="process_execution"
Aug 24 08:51:07 aitest audit: type=PATH msg=audit(1756025467.567:278): item=0 name="/home/opc/logai/enterprise_mnc_audit_sim/applications/" inode=35433 dev=08:01 mode=0100644 ouid=0 ogid=0
Aug 24 08:51:07 aitest audit: type=SYSCALL msg=audit(1756025467.567:4): arch=c000003e syscall=59 success=yes exit=0 pid=4610 uid=2010 gid=2010 comm="ls" exe="/usr/bin/ls" key="process_execution"
Aug 24 08:53:35 aitest audit: type=PATH msg=audit(1756025615.265:499): item=0 name="/home/opc/logai/enterprise_mnc_audit_sim/enterprise_data/development/projects/" inode=38029 dev=08:01 mode=0100644 ouid=0 ogid=0
Aug 24 08:53:35 aitest audit: type=SYSCALL msg=audit(1756025615.265:355): arch=c000003e syscall=59 success=yes exit=0 pid=6399 uid=2009 gid=2009 comm="ls" exe="/usr/bin/ls" key="process_execution"
Aug 24 08:53:41 aitest audit: type=PATH msg=audit(1756025621.143:560): item=0 name="/home/opc/logai/enterprise_mnc_audit_sim/enterprise_data/development" inode=35177 dev=08:01 mode=0100644 ouid=0 ogid=0
Aug 24 08:53:41 aitest audit: type=SYSCALL msg=audit(1756025621.143:733): arch=c000003e syscall=59 success=yes exit=0 pid=8617 uid=2009 gid=2009 comm="find" exe="/usr/bin/find" key="process_execution"
Aug 24 08:53:44 aitest audit: type=SYSCALL msg=audit(1756025624.673:286): arch=c000003e syscall=59 success=yes exit=0 pid=11995 uid=2009 gid=2009 comm="wc" exe="/usr/bin/wc" key="process_execution"
Aug 24 09:00:41 aitest audit: type=SYSCALL msg=audit(1756026041.25:354): arch=c000003e syscall=59 success=yes exit=0 pid=3043 uid=2008 gid=2008 comm="who" exe="/usr/bin/who" key="process_execution"
Aug 24 09:00:49 aitest audit: type=SYSCALL msg=audit(1756026049.356:556): arch=c000003e syscall=59 success=yes exit=0 pid=7574 uid=2008 gid=2008 comm="who" exe="/usr/bin/who" key="process_execution"
Aug 24 09:00:58 aitest audit: type=PATH msg=audit(1756026058.564:895): item=0 name="/home/opc/logai/enterprise_mnc_audit_sim/enterprise_data/hr/" inode=36176 dev=08:01 mode=0100644 ouid=0 ogid=0
Aug 24 09:00:58 aitest audit: type=SYSCALL msg=audit(1756026058.564:842): arch=c000003e syscall=59 success=yes exit=0 pid=4585 uid=2008 gid=2008 comm="chmod" exe="/usr/bin/chmod" key="process_execution"
Aug 24 09:01:00 aitest audit: type=SYSCALL msg=audit(1756026060.35:545): arch=c000003e syscall=59 success=yes exit=0 pid=3926 uid=2008 gid=2008 comm="who" exe="/usr/bin/who" key="process_execution"
