Aug 29 00:02:51 aitest audit: type=PATH msg=audit(1756425771.128:945): item=0 name="/home/opc/logai/enterprise_mnc_audit_sim/enterprise_data/development/projects/" inode=29938 dev=08:01 mode=0100644 ouid=0 ogid=0
Aug 29 00:02:51 aitest audit: type=SYSCALL msg=audit(1756425771.128:332): arch=c000003e syscall=59 success=yes exit=0 pid=4020 uid=2009 gid=2009 comm="ls" exe="/usr/bin/ls" key="process_execution"
Aug 29 00:02:53 aitest audit: type=PATH msg=audit(1756425773.359:118): item=0 name="/home/opc/logai/enterprise_mnc_audit_sim/enterprise_data/development/scripts/build.sh" inode=17648 dev=08:01 mode=0100644 ouid=0 ogid=0
Aug 29 00:02:53 aitest audit: type=SYSCALL msg=audit(1756425773.359:368): arch=c000003e syscall=59 success=yes exit=0 pid=6357 uid=2009 gid=2009 comm="chmod" exe="/usr/bin/chmod" key="process_execution"
Aug 29 00:03:01 aitest audit: type=PATH msg=audit(1756425781.201:705): item=0 name="/home/opc/logai/enterprise_mnc_audit_sim/enterprise_data/development/" inode=14320 dev=08:01 mode=0100644 ouid=0 ogid=0
Aug 29 00:03:01 aitest audit: type=SYSCALL msg=audit(1756425781.201:249): arch=c000003e syscall=59 success=yes exit=0 pid=8134 uid=2009 gid=2009 comm="ls" exe="/usr/bin/ls" key="process_execution"
Aug 29 00:08:02 aitest audit: type=SYSCALL msg=audit(1756426082.701:617): arch=c000003e syscall=59 success=yes exit=0 pid=4812 uid=2007 gid=2007 comm="du" exe="/usr/bin/du" key="process_execution"
Aug 29 00:08:04 aitest audit: type=PATH msg=audit(1756426084.337:630): item=0 name="/home/opc/logai/enterprise_mnc_audit_sim/enterprise_data/operations/" inode=22995 dev=08:01 mode=0100644 ouid=0 ogid=0
Aug 29 00:08:04 aitest audit: type=SYSCALL msg=audit(1756426084.337:435): arch=c000003e syscall=59 success=yes exit=0 pid=9587 uid=2007 gid=2007 comm="ls" exe="/usr/bin/ls" key="process_execution"
Aug 29 00:08:13 aitest audit: type=PATH msg=audit(1756426093.699:808): item=0 name="/home/opc/logai/enterprise_mnc_audit_sim/applications/" inode=17872 dev=08:01 mode=0100644 ouid=0 ogid=0
Aug 29 00:08:13 aitest audit: type=SYSCALL msg=audit(1756426093.699:758): arch=c000003e syscall=59 success=yes exit=0 pid=7241 uid=2007 gid=2007 comm="ls" exe="/usr/bin/ls" key="process_execution"
Aug 29 00:08:17 aitest audit: type=SYSCALL msg=audit(1756426097.863:460): arch=c000003e syscall=59 success=yes exit=0 pid=5577 uid=2007 gid=2007 comm="du" exe="/usr/bin/du" key="process_execution"
Aug 29 00:19:35 aitest audit: type=PATH msg=audit(1756426775.644:933): item=0 name="/home/opc/logai/enterprise_mnc_audit_sim/system/configs/" inode=36103 dev=08:01 mode=0100644 ouid=0 ogid=0
Aug 29 00:19:35 aitest audit: type=SYSCALL msg=audit(1756426775.644:276): arch=c000003e syscall=59 success=yes exit=0 pid=8932 uid=2004 gid=2004 comm="ls" exe="/usr/bin/ls" key="process_execution"
Aug 29 00:19:37 aitest audit: type=SYSCALL msg=audit(1756426777.911:865): arch=c000003e syscall=59 success=yes exit=0 pid=11406 uid=2004 gid=2004 comm="netstat" exe="/usr/bin/netstat" key="process_execution"
Aug 29 00:19:43 aitest audit: type=PATH msg=audit(1756426783.671:541): item=0 name="/home/opc/logai/enterprise_mnc_audit_sim/system/logs/application.log" inode=16066 dev=08:01 mode=0100644 ouid=0 ogid=0
Aug 29 00:19:43 aitest audit: type=SYSCALL msg=audit(1756426783.671:783): arch=c000003e syscall=59 success=yes exit=0 pid=6170 uid=2004 gid=2004 comm="tail" exe="/usr/bin/tail" key="process_execution"
Aug 29 00:23:08 aitest audit: type=SYSCALL msg=audit(1756426988.465:521): arch=c000003e syscall=59 success=yes exit=0 pid=11878 uid=2010 gid=2010 comm="top" exe="/usr/bin/top" key="process_execution"
Aug 29 00:23:17 aitest audit: type=SYSCALL msg=audit(1756426997.493:625): arch=c000003e syscall=59 success=yes exit=0 pid=2566 uid=2010 gid=2010 comm="du" exe="/usr/bin/du" key="process_execution"
Aug 29 00:23:20 aitest audit: type=PATH msg=audit(1756427000.859:742): item=0 name="/home/opc/logai/enterprise_mnc_audit_sim/enterprise_data/operations" inode=25224 dev=08:01 mode=0100644 ouid=0 ogid=0
Aug 29 00:23:20 aitest audit: type=SYSCALL msg=audit(1756427000.859:474): arch=c000003e syscall=59 success=yes exit=0 pid=8677 uid=2010 gid=2010 comm="find" exe="/usr/bin/find" key="process_execution"
Aug 29 00:30:56 aitest audit: type=SYSCALL msg=audit(1756427456.539:564): arch=c000003e syscall=59 success=yes exit=0 pid=2546 uid=2002 gid=2002 comm="cp" exe="/usr/bin/cp" key="process_execution"
Aug 29 00:31:01 aitest audit: type=PATH msg=audit(1756427461.647:105): item=0 name="/home/opc/logai/enterprise_mnc_audit_sim/enterprise_data/database/" inode=17901 dev=08:01 mode=0100644 ouid=0 ogid=0
Aug 29 00:31:01 aitest audit: type=SYSCALL msg=audit(1756427461.647:120): arch=c000003e syscall=59 success=yes exit=0 pid=11965 uid=2002 gid=2002 comm="ls" exe="/usr/bin/ls" key="process_execution"
Aug 29 00:47:00 aitest audit: type=PATH msg=audit(1756428420.268:24): item=0 name="/home/opc/logai/enterprise_mnc_audit_sim/enterprise_data/development" inode=27035 dev=08:01 mode=0100644 ouid=0 ogid=0
Aug 29 00:47:00 aitest audit: type=SYSCALL msg=audit(1756428420.268:757): arch=c000003e syscall=59 success=yes exit=0 pid=11694 uid=2006 gid=2006 comm="find" exe="/usr/bin/find" key="process_execution"
Aug 29 00:47:02 aitest audit: type=SYSCALL msg=audit(1756428422.180:147): arch=c000003e syscall=59 success=yes exit=0 pid=6334 uid=2006 gid=2006 comm="grep" exe="/usr/bin/grep" key="process_execution"
Aug 29 00:51:28 aitest audit: type=PATH msg=audit(1756428688.663:702): item=0 name="/home/opc/logai/enterprise_mnc_audit_sim/enterprise_data/database/" inode=33962 dev=08:01 mode=0100644 ouid=0 ogid=0
Aug 29 00:51:28 aitest audit: type=SYSCALL msg=audit(1756428688.663:73): arch=c000003e syscall=59 success=yes exit=0 pid=7165 uid=2002 gid=2002 comm="ls" exe="/usr/bin/ls" key="process_execution"
Aug 29 00:51:37 aitest audit: type=SYSCALL msg=audit(1756428697.596:198): arch=c000003e syscall=59 success=yes exit=0 pid=6003 uid=2002 gid=2002 comm="grep" exe="/usr/bin/grep" key="process_execution"
Aug 29 01:04:12 aitest audit: type=PATH msg=audit(1756429452.317:940): item=0 name="/home/opc/logai/enterprise_mnc_audit_sim/system/configs/server.conf" inode=38704 dev=08:01 mode=0100644 ouid=0 ogid=0
Aug 29 01:04:12 aitest audit: type=SYSCALL msg=audit(1756429452.317:629): arch=c000003e syscall=59 success=yes exit=0 pid=3876 uid=2004 gid=2004 comm="cat" exe="/usr/bin/cat" key="process_execution"
Aug 29 01:04:16 aitest audit: type=PATH msg=audit(1756429456.385:52): item=0 name="/home/opc/logai/enterprise_mnc_audit_sim/system/configs/server.conf" inode=19202 dev=08:01 mode=0100644 ouid=0 ogid=0
Aug 29 01:04:16 aitest audit: type=SYSCALL msg=audit(1756429456.385:702): arch=c000003e syscall=59 success=yes exit=0 pid=6839 uid=2004 gid=2004 comm="cat" exe="/usr/bin/cat" key="process_execution"
Aug 29 01:04:18 aitest audit: type=SYSCALL msg=audit(1756429458.480:149): arch=c000003e syscall=59 success=yes exit=0 pid=9947 uid=2004 gid=2004 comm="netstat" exe="/usr/bin/netstat" key="process_execution"
Aug 29 01:04:22 aitest audit: type=PATH msg=audit(1756429462.959:890): item=0 name="/home/opc/logai/enterprise_mnc_audit_sim/system" inode=31442 dev=08:01 mode=0100644 ouid=0 ogid=0
Aug 29 01:04:22 aitest audit: type=SYSCALL msg=audit(1756429462.959:144): arch=c000003e syscall=59 success=yes exit=0 pid=8128 uid=2004 gid=2004 comm="find" exe="/usr/bin/find" key="process_execution"
Aug 29 01:04:26 aitest audit: type=PATH msg=audit(1756429466.700:1): item=0 name="/home/opc/logai/enterprise_mnc_audit_sim/system/configs/" inode=11207 dev=08:01 mode=0100644 ouid=0 ogid=0
Aug 29 01:04:26 aitest audit: type=SYSCALL msg=audit(1756429466.700:271): arch=c000003e syscall=59 success=yes exit=0 pid=10642 uid=2004 gid=2004 comm="ls" exe="/usr/bin/ls" key="process_execution"
Aug 29 01:08:02 aitest audit: type=SYSCALL msg=audit(1756429682.801:152): arch=c000003e syscall=59 success=yes exit=0 pid=2064 uid=2003 gid=2003 comm="cp" exe="/usr/bin/cp" key="process_execution"
Aug 29 01:08:06 aitest audit: type=PATH msg=audit(1756429686.677:654): item=0 name="/home/opc/logai/enterprise_mnc_audit_sim/enterprise_data/development/scripts/build.sh" inode=18119 dev=08:01 mode=0100644 ouid=0 ogid=0
Aug 29 01:08:06 aitest audit: type=SYSCALL msg=audit(1756429686.677:990): arch=c000003e syscall=59 success=yes exit=0 pid=9553 uid=2003 gid=2003 comm="chmod" exe="/usr/bin/chmod" key="process_execution"
Aug 29 01:08:13 aitest audit: type=SYSCALL msg=audit(1756429693.62:147): arch=c000003e syscall=59 success=yes exit=0 pid=2865 uid=2003 gid=2003 comm="cp" exe="/usr/bin/cp" key="process_execution"
Aug 29 01:12:52 aitest audit: type=PATH msg=audit(1756429972.918:256): item=0 name="/home/opc/logai/enterprise_mnc_audit_sim/enterprise_data/development" inode=13961 dev=08:01 mode=0100644 ouid=0 ogid=0
Aug 29 01:12:52 aitest audit: type=SYSCALL msg=audit(1756429972.918:351): arch=c000003e syscall=59 success=yes exit=0 pid=4509 uid=2006 gid=2006 comm="find" exe="/usr/bin/find" key="process_execution"
Aug 29 01:12:58 aitest audit: type=SYSCALL msg=audit(1756429978.40:791): arch=c000003e syscall=59 success=yes exit=0 pid=10230 uid=2006 gid=2006 comm="cp" exe="/usr/bin/cp" key="process_execution"
Aug 29 01:13:04 aitest audit: type=PATH msg=audit(1756429984.994:422): item=0 name="/home/opc/logai/enterprise_mnc_audit_sim/enterprise_data/development/projects/" inode=10630 dev=08:01 mode=0100644 ouid=0 ogid=0
Aug 29 01:13:04 aitest audit: type=SYSCALL msg=audit(1756429984.994:325): arch=c000003e syscall=59 success=yes exit=0 pid=2990 uid=2006 gid=2006 comm="ls" exe="/usr/bin/ls" key="process_execution"
Aug 29 01:13:11 aitest audit: type=PATH msg=audit(1756429991.243:846): item=0 name="/home/opc/logai/enterprise_mnc_audit_sim/enterprise_data/development/projects/project_alpha.txt" inode=18276 dev=08:01 mode=0100644 ouid=0 ogid=0
Aug 29 01:13:11 aitest audit: type=SYSCALL msg=audit(1756429991.243:997): arch=c000003e syscall=59 success=yes exit=0 pid=5525 uid=2006 gid=2006 comm="cat" exe="/usr/bin/cat" key="process_execution"
Aug 29 01:13:19 aitest audit: type=SYSCALL msg=audit(1756429999.164:980): arch=c000003e syscall=59 success=yes exit=0 pid=4607 uid=2006 gid=2006 comm="grep" exe="/usr/bin/grep" key="process_execution"
Aug 29 01:14:48 aitest audit: type=PATH msg=audit(1756430088.380:502): item=0 name="/home/opc/logai/enterprise_mnc_audit_sim/enterprise_data/development/projects/project_alpha.txt" inode=39143 dev=08:01 mode=0100644 ouid=0 ogid=0
Aug 29 01:14:48 aitest audit: type=SYSCALL msg=audit(1756430088.380:15): arch=c000003e syscall=59 success=yes exit=0 pid=4465 uid=2006 gid=2006 comm="cat" exe="/usr/bin/cat" key="process_execution"
Aug 29 01:14:51 aitest audit: type=PATH msg=audit(1756430091.934:785): item=0 name="/home/opc/logai/enterprise_mnc_audit_sim/enterprise_data/development/scripts/build.sh" inode=16457 dev=08:01 mode=0100644 ouid=0 ogid=0
Aug 29 01:14:51 aitest audit: type=SYSCALL msg=audit(1756430091.934:197): arch=c000003e syscall=59 success=yes exit=0 pid=3038 uid=2006 gid=2006 comm="chmod" exe="/usr/bin/chmod" key="process_execution"
Aug 29 01:14:54 aitest audit: type=SYSCALL msg=audit(1756430094.227:842): arch=c000003e syscall=59 success=yes exit=0 pid=5310 uid=2006 gid=2006 comm="wc" exe="/usr/bin/wc" key="process_execution"
Aug 29 01:15:01 aitest audit: type=PATH msg=audit(1756430101.495:823): item=0 name="/home/opc/logai/enterprise_mnc_audit_sim/enterprise_data/development/projects/" inode=30269 dev=08:01 mode=0100644 ouid=0 ogid=0
Aug 29 01:15:01 aitest audit: type=SYSCALL msg=audit(1756430101.495:228): arch=c000003e syscall=59 success=yes exit=0 pid=10197 uid=2006 gid=2006 comm="ls" exe="/usr/bin/ls" key="process_execution"
Aug 29 01:30:54 aitest audit: type=PATH msg=audit(1756431054.753:552): item=0 name="/home/opc/logai/enterprise_mnc_audit_sim/system/configs/server.conf" inode=27785 dev=08:01 mode=0100644 ouid=0 ogid=0
Aug 29 01:30:54 aitest audit: type=SYSCALL msg=audit(1756431054.753:958): arch=c000003e syscall=59 success=yes exit=0 pid=7400 uid=2004 gid=2004 comm="cat" exe="/usr/bin/cat" key="process_execution"
Aug 29 01:31:02 aitest audit: type=PATH msg=audit(1756431062.752:250): item=0 name="/home/opc/logai/enterprise_mnc_audit_sim/system/logs/application.log" inode=19489 dev=08:01 mode=0100644 ouid=0 ogid=0
Aug 29 01:31:02 aitest audit: type=SYSCALL msg=audit(1756431062.752:35): arch=c000003e syscall=59 success=yes exit=0 pid=6347 uid=2004 gid=2004 comm="tail" exe="/usr/bin/tail" key="process_execution"
Aug 29 01:33:09 aitest audit: type=PATH msg=audit(1756431189.546:773): item=0 name="/home/opc/logai/enterprise_mnc_audit_sim/enterprise_data/operations" inode=11117 dev=08:01 mode=0100644 ouid=0 ogid=0
Aug 29 01:33:09 aitest audit: type=SYSCALL msg=audit(1756431189.546:904): arch=c000003e syscall=59 success=yes exit=0 pid=4522 uid=2007 gid=2007 comm="find" exe="/usr/bin/find" key="process_execution"
Aug 29 01:33:11 aitest audit: type=SYSCALL msg=audit(1756431191.18:246): arch=c000003e syscall=59 success=yes exit=0 pid=2317 uid=2007 gid=2007 comm="top" exe="/usr/bin/top" key="process_execution"
Aug 29 01:33:18 aitest audit: type=PATH msg=audit(1756431198.463:608): item=0 name="/home/opc/logai/enterprise_mnc_audit_sim/enterprise_data/operations" inode=17712 dev=08:01 mode=0100644 ouid=0 ogid=0
Aug 29 01:33:18 aitest audit: type=SYSCALL msg=audit(1756431198.463:958): arch=c000003e syscall=59 success=yes exit=0 pid=2198 uid=2007 gid=2007 comm="find" exe="/usr/bin/find" key="process_execution"
Aug 29 01:33:25 aitest audit: type=PATH msg=audit(1756431205.742:247): item=0 name="/home/opc/logai/enterprise_mnc_audit_sim/enterprise_data/operations" inode=26669 dev=08:01 mode=0100644 ouid=0 ogid=0
Aug 29 01:33:25 aitest audit: type=SYSCALL msg=audit(1756431205.742:683): arch=c000003e syscall=59 success=yes exit=0 pid=11343 uid=2007 gid=2007 comm="find" exe="/usr/bin/find" key="process_execution"
Aug 29 01:33:33 aitest audit: type=SYSCALL msg=audit(1756431213.813:289): arch=c000003e syscall=59 success=yes exit=0 pid=8606 uid=2007 gid=2007 comm="du" exe="/usr/bin/du" key="process_execution"
Aug 29 01:38:16 aitest audit: type=SYSCALL msg=audit(1756431496.114:307): arch=c000003e syscall=59 success=yes exit=0 pid=10451 uid=2003 gid=2003 comm="cp" exe="/usr/bin/cp" key="process_execution"
Aug 29 01:38:21 aitest audit: type=PATH msg=audit(1756431501.475:578): item=0 name="/home/opc/logai/enterprise_mnc_audit_sim/enterprise_data/development/projects/" inode=19863 dev=08:01 mode=0100644 ouid=0 ogid=0
Aug 29 01:38:21 aitest audit: type=SYSCALL msg=audit(1756431501.475:61): arch=c000003e syscall=59 success=yes exit=0 pid=5085 uid=2003 gid=2003 comm="ls" exe="/usr/bin/ls" key="process_execution"
Aug 29 01:38:31 aitest audit: type=SYSCALL msg=audit(1756431511.971:458): arch=c000003e syscall=59 success=yes exit=0 pid=10724 uid=2003 gid=2003 comm="cp" exe="/usr/bin/cp" key="process_execution"
Aug 29 01:53:43 aitest audit: type=SYSCALL msg=audit(1756432423.299:595): arch=c000003e syscall=59 success=yes exit=0 pid=6308 uid=2006 gid=2006 comm="grep" exe="/usr/bin/grep" key="process_execution"
Aug 29 01:53:49 aitest audit: type=SYSCALL msg=audit(1756432429.360:790): arch=c000003e syscall=59 success=yes exit=0 pid=9016 uid=2006 gid=2006 comm="wc" exe="/usr/bin/wc" key="process_execution"
Aug 29 01:53:51 aitest audit: type=PATH msg=audit(1756432431.717:963): item=0 name="/home/opc/logai/enterprise_mnc_audit_sim/enterprise_data/development/projects/project_alpha.txt" inode=35100 dev=08:01 mode=0100644 ouid=0 ogid=0
Aug 29 01:53:51 aitest audit: type=SYSCALL msg=audit(1756432431.717:816): arch=c000003e syscall=59 success=yes exit=0 pid=10897 uid=2006 gid=2006 comm="cat" exe="/usr/bin/cat" key="process_execution"
Aug 29 01:53:53 aitest audit: type=PATH msg=audit(1756432433.976:969): item=0 name="/home/opc/logai/enterprise_mnc_audit_sim/enterprise_data/development/projects/project_alpha.txt" inode=28913 dev=08:01 mode=0100644 ouid=0 ogid=0
Aug 29 01:53:53 aitest audit: type=SYSCALL msg=audit(1756432433.976:310): arch=c000003e syscall=59 success=yes exit=0 pid=4636 uid=2006 gid=2006 comm="cat" exe="/usr/bin/cat" key="process_execution"
Aug 29 01:53:56 aitest audit: type=SYSCALL msg=audit(1756432436.377:342): arch=c000003e syscall=59 success=yes exit=0 pid=3470 uid=2006 gid=2006 comm="cp" exe="/usr/bin/cp" key="process_execution"
Aug 29 01:56:18 aitest audit: type=SYSCALL msg=audit(1756432578.203:809): arch=c000003e syscall=59 success=yes exit=0 pid=3165 uid=2007 gid=2007 comm="ps" exe="/usr/bin/ps" key="process_execution"
Aug 29 01:56:24 aitest audit: type=PATH msg=audit(1756432584.502:589): item=0 name="/home/opc/logai/enterprise_mnc_audit_sim/enterprise_data/operations" inode=20899 dev=08:01 mode=0100644 ouid=0 ogid=0
Aug 29 01:56:24 aitest audit: type=SYSCALL msg=audit(1756432584.502:109): arch=c000003e syscall=59 success=yes exit=0 pid=2267 uid=2007 gid=2007 comm="find" exe="/usr/bin/find" key="process_execution"
Aug 29 02:01:42 aitest audit: type=SYSCALL msg=audit(1756432902.283:66): arch=c000003e syscall=59 success=yes exit=0 pid=6790 uid=2001 gid=2001 comm="ps" exe="/usr/bin/ps" key="process_execution"
Aug 29 02:01:47 aitest audit: type=PATH msg=audit(1756432907.205:194): item=0 name="/home/opc/logai/enterprise_mnc_audit_sim/system" inode=28130 dev=08:01 mode=0100644 ouid=0 ogid=0
Aug 29 02:01:47 aitest audit: type=SYSCALL msg=audit(1756432907.205:409): arch=c000003e syscall=59 success=yes exit=0 pid=10373 uid=2001 gid=2001 comm="find" exe="/usr/bin/find" key="process_execution"
Aug 29 02:12:20 aitest audit: type=PATH msg=audit(1756433540.754:562): item=0 name="/home/opc/logai/enterprise_mnc_audit_sim/applications/" inode=19088 dev=08:01 mode=0100644 ouid=0 ogid=0
Aug 29 02:12:20 aitest audit: type=SYSCALL msg=audit(1756433540.754:91): arch=c000003e syscall=59 success=yes exit=0 pid=11618 uid=2010 gid=2010 comm="ls" exe="/usr/bin/ls" key="process_execution"
Aug 29 02:12:24 aitest audit: type=PATH msg=audit(1756433544.228:935): item=0 name="/home/opc/logai/enterprise_mnc_audit_sim/enterprise_data/operations/scripts/" inode=12446 dev=08:01 mode=0100644 ouid=0 ogid=0
Aug 29 02:12:24 aitest audit: type=SYSCALL msg=audit(1756433544.228:818): arch=c000003e syscall=59 success=yes exit=0 pid=2725 uid=2010 gid=2010 comm="chmod" exe="/usr/bin/chmod" key="process_execution"
Aug 29 02:13:15 aitest audit: type=PATH msg=audit(1756433595.45:60): item=0 name="/home/opc/logai/enterprise_mnc_audit_sim/enterprise_data/development" inode=14546 dev=08:01 mode=0100644 ouid=0 ogid=0
Aug 29 02:13:15 aitest audit: type=SYSCALL msg=audit(1756433595.45:348): arch=c000003e syscall=59 success=yes exit=0 pid=10178 uid=2009 gid=2009 comm="find" exe="/usr/bin/find" key="process_execution"
Aug 29 02:13:20 aitest audit: type=PATH msg=audit(1756433600.892:716): item=0 name="/home/opc/logai/enterprise_mnc_audit_sim/enterprise_data/development/" inode=14193 dev=08:01 mode=0100644 ouid=0 ogid=0
Aug 29 02:13:20 aitest audit: type=SYSCALL msg=audit(1756433600.892:932): arch=c000003e syscall=59 success=yes exit=0 pid=5736 uid=2009 gid=2009 comm="ls" exe="/usr/bin/ls" key="process_execution"
Aug 29 02:13:21 aitest audit: type=SYSCALL msg=audit(1756433601.273:228): arch=c000003e syscall=59 success=yes exit=0 pid=7725 uid=2009 gid=2009 comm="grep" exe="/usr/bin/grep" key="process_execution"
Aug 29 02:13:25 aitest audit: type=SYSCALL msg=audit(1756433605.641:883): arch=c000003e syscall=59 success=yes exit=0 pid=4002 uid=2009 gid=2009 comm="cp" exe="/usr/bin/cp" key="process_execution"
Aug 29 02:13:28 aitest audit: type=PATH msg=audit(1756433608.31:987): item=0 name="/home/opc/logai/enterprise_mnc_audit_sim/enterprise_data/development" inode=10463 dev=08:01 mode=0100644 ouid=0 ogid=0
Aug 29 02:13:28 aitest audit: type=SYSCALL msg=audit(1756433608.31:807): arch=c000003e syscall=59 success=yes exit=0 pid=2196 uid=2009 gid=2009 comm="find" exe="/usr/bin/find" key="process_execution"
Aug 29 02:13:48 aitest audit: type=SYSCALL msg=audit(1756433628.28:563): arch=c000003e syscall=59 success=yes exit=0 pid=9368 uid=2004 gid=2004 comm="netstat" exe="/usr/bin/netstat" key="process_execution"
Aug 29 02:13:58 aitest audit: type=PATH msg=audit(1756433638.799:224): item=0 name="/home/opc/logai/enterprise_mnc_audit_sim/applications/" inode=23128 dev=08:01 mode=0100644 ouid=0 ogid=0
Aug 29 02:13:58 aitest audit: type=SYSCALL msg=audit(1756433638.799:269): arch=c000003e syscall=59 success=yes exit=0 pid=3205 uid=2004 gid=2004 comm="ls" exe="/usr/bin/ls" key="process_execution"
Aug 29 02:14:04 aitest audit: type=SYSCALL msg=audit(1756433644.657:243): arch=c000003e syscall=59 success=yes exit=0 pid=3696 uid=2004 gid=2004 comm="df" exe="/usr/bin/df" key="process_execution"
Aug 29 02:14:10 aitest audit: type=PATH msg=audit(1756433650.731:15): item=0 name="/home/opc/logai/enterprise_mnc_audit_sim/system/configs/server.conf" inode=38924 dev=08:01 mode=0100644 ouid=0 ogid=0
Aug 29 02:14:10 aitest audit: type=SYSCALL msg=audit(1756433650.731:99): arch=c000003e syscall=59 success=yes exit=0 pid=11282 uid=2004 gid=2004 comm="cat" exe="/usr/bin/cat" key="process_execution"
Aug 29 02:14:14 aitest audit: type=SYSCALL msg=audit(1756433654.880:529): arch=c000003e syscall=59 success=yes exit=0 pid=10494 uid=2004 gid=2004 comm="ps" exe="/usr/bin/ps" key="process_execution"
Aug 29 02:20:39 aitest audit: type=SYSCALL msg=audit(1756434039.252:703): arch=c000003e syscall=59 success=yes exit=0 pid=10294 uid=2008 gid=2008 comm="w" exe="/usr/bin/w" key="process_execution"
Aug 29 02:20:46 aitest audit: type=PATH msg=audit(1756434046.549:30): item=0 name="/home/opc/logai/enterprise_mnc_audit_sim/enterprise_data/hr/" inode=23394 dev=08:01 mode=0100644 ouid=0 ogid=0
Aug 29 02:20:46 aitest audit: type=SYSCALL msg=audit(1756434046.549:328): arch=c000003e syscall=59 success=yes exit=0 pid=3101 uid=2008 gid=2008 comm="chmod" exe="/usr/bin/chmod" key="process_execution"
Aug 29 02:20:56 aitest audit: type=PATH msg=audit(1756434056.358:805): item=0 name="/home/opc/logai/enterprise_mnc_audit_sim/enterprise_data/hr/" inode=23379 dev=08:01 mode=0100644 ouid=0 ogid=0
Aug 29 02:20:56 aitest audit: type=SYSCALL msg=audit(1756434056.358:711): arch=c000003e syscall=59 success=yes exit=0 pid=5849 uid=2008 gid=2008 comm="ls" exe="/usr/bin/ls" key="process_execution"
Aug 29 02:21:04 aitest audit: type=SYSCALL msg=audit(1756434064.666:387): arch=c000003e syscall=59 success=yes exit=0 pid=2438 uid=2007 gid=2007 comm="tar" exe="/usr/bin/tar" key="process_execution"
Aug 29 02:21:06 aitest audit: type=SYSCALL msg=audit(1756434066.21:946): arch=c000003e syscall=59 success=yes exit=0 pid=9743 uid=2008 gid=2008 comm="find" exe="/usr/bin/find" key="process_execution"
Aug 29 02:21:11 aitest audit: type=SYSCALL msg=audit(1756434071.644:835): arch=c000003e syscall=59 success=yes exit=0 pid=7615 uid=2007 gid=2007 comm="top" exe="/usr/bin/top" key="process_execution"
Aug 29 02:21:17 aitest audit: type=PATH msg=audit(1756434077.433:641): item=0 name="/home/opc/logai/enterprise_mnc_audit_sim/enterprise_data/operations" inode=17286 dev=08:01 mode=0100644 ouid=0 ogid=0
Aug 29 02:21:17 aitest audit: type=SYSCALL msg=audit(1756434077.433:407): arch=c000003e syscall=59 success=yes exit=0 pid=6646 uid=2007 gid=2007 comm="find" exe="/usr/bin/find" key="process_execution"
Aug 29 02:21:20 aitest audit: type=SYSCALL msg=audit(1756434080.7:676): arch=c000003e syscall=59 success=yes exit=0 pid=5162 uid=2007 gid=2007 comm="top" exe="/usr/bin/top" key="process_execution"
Aug 29 02:25:58 aitest audit: type=SYSCALL msg=audit(1756434358.50:492): arch=c000003e syscall=59 success=yes exit=0 pid=2591 uid=2003 gid=2003 comm="cp" exe="/usr/bin/cp" key="process_execution"
Aug 29 02:26:08 aitest audit: type=SYSCALL msg=audit(1756434368.853:649): arch=c000003e syscall=59 success=yes exit=0 pid=2849 uid=2003 gid=2003 comm="grep" exe="/usr/bin/grep" key="process_execution"
Aug 29 02:26:17 aitest audit: type=PATH msg=audit(1756434377.160:980): item=0 name="/home/opc/logai/enterprise_mnc_audit_sim/enterprise_data/development/projects/" inode=39664 dev=08:01 mode=0100644 ouid=0 ogid=0
Aug 29 02:26:17 aitest audit: type=SYSCALL msg=audit(1756434377.160:625): arch=c000003e syscall=59 success=yes exit=0 pid=10199 uid=2003 gid=2003 comm="ls" exe="/usr/bin/ls" key="process_execution"
Aug 29 02:26:19 aitest audit: type=PATH msg=audit(1756434379.127:152): item=0 name="/home/opc/logai/enterprise_mnc_audit_sim/enterprise_data/development/scripts/build.sh" inode=38168 dev=08:01 mode=0100644 ouid=0 ogid=0
Aug 29 02:26:19 aitest audit: type=SYSCALL msg=audit(1756434379.127:874): arch=c000003e syscall=59 success=yes exit=0 pid=5515 uid=2003 gid=2003 comm="chmod" exe="/usr/bin/chmod" key="process_execution"
Aug 29 02:26:20 aitest audit: type=SYSCALL msg=audit(1756434380.344:298): arch=c000003e syscall=59 success=yes exit=0 pid=3644 uid=2003 gid=2003 comm="cp" exe="/usr/bin/cp" key="process_execution"
Aug 29 02:28:42 aitest audit: type=PATH msg=audit(1756434522.991:485): item=0 name="/home/opc/logai/enterprise_mnc_audit_sim/enterprise_data/development/" inode=32884 dev=08:01 mode=0100644 ouid=0 ogid=0
Aug 29 02:28:42 aitest audit: type=SYSCALL msg=audit(1756434522.991:26): arch=c000003e syscall=59 success=yes exit=0 pid=2423 uid=2003 gid=2003 comm="ls" exe="/usr/bin/ls" key="process_execution"
Aug 29 02:28:48 aitest audit: type=PATH msg=audit(1756434528.312:856): item=0 name="/home/opc/logai/enterprise_mnc_audit_sim/enterprise_data/development/scripts/build.sh" inode=27358 dev=08:01 mode=0100644 ouid=0 ogid=0
Aug 29 02:28:48 aitest audit: type=SYSCALL msg=audit(1756434528.312:504): arch=c000003e syscall=59 success=yes exit=0 pid=11457 uid=2003 gid=2003 comm="chmod" exe="/usr/bin/chmod" key="process_execution"
Aug 29 02:28:54 aitest audit: type=PATH msg=audit(1756434534.344:128): item=0 name="/home/opc/logai/enterprise_mnc_audit_sim/enterprise_data/development" inode=17506 dev=08:01 mode=0100644 ouid=0 ogid=0
Aug 29 02:28:54 aitest audit: type=SYSCALL msg=audit(1756434534.344:236): arch=c000003e syscall=59 success=yes exit=0 pid=2151 uid=2003 gid=2003 comm="find" exe="/usr/bin/find" key="process_execution"
Aug 29 02:29:03 aitest audit: type=PATH msg=audit(1756434543.40:524): item=0 name="/home/opc/logai/enterprise_mnc_audit_sim/enterprise_data/development/projects/" inode=39857 dev=08:01 mode=0100644 ouid=0 ogid=0
Aug 29 02:29:03 aitest audit: type=SYSCALL msg=audit(1756434543.40:618): arch=c000003e syscall=59 success=yes exit=0 pid=11080 uid=2003 gid=2003 comm="ls" exe="/usr/bin/ls" key="process_execution"
Aug 29 02:29:07 aitest audit: type=PATH msg=audit(1756434547.772:510): item=0 name="/home/opc/logai/enterprise_mnc_audit_sim/enterprise_data/development/scripts/build.sh" inode=31550 dev=08:01 mode=0100644 ouid=0 ogid=0
Aug 29 02:29:07 aitest audit: type=SYSCALL msg=audit(1756434547.772:179): arch=c000003e syscall=59 success=yes exit=0 pid=6207 uid=2003 gid=2003 comm="chmod" exe="/usr/bin/chmod" key="process_execution"
Aug 29 02:46:26 aitest audit: type=PATH msg=audit(1756435586.572:64): item=0 name="/home/opc/logai/enterprise_mnc_audit_sim/enterprise_data/development/projects/" inode=12772 dev=08:01 mode=0100644 ouid=0 ogid=0
Aug 29 02:46:26 aitest audit: type=SYSCALL msg=audit(1756435586.572:851): arch=c000003e syscall=59 success=yes exit=0 pid=9717 uid=2006 gid=2006 comm="ls" exe="/usr/bin/ls" key="process_execution"
Aug 29 02:46:36 aitest audit: type=PATH msg=audit(1756435596.988:237): item=0 name="/home/opc/logai/enterprise_mnc_audit_sim/enterprise_data/development/projects/" inode=11426 dev=08:01 mode=0100644 ouid=0 ogid=0
Aug 29 02:46:36 aitest audit: type=SYSCALL msg=audit(1756435596.988:887): arch=c000003e syscall=59 success=yes exit=0 pid=7728 uid=2006 gid=2006 comm="ls" exe="/usr/bin/ls" key="process_execution"
Aug 29 02:46:39 aitest audit: type=PATH msg=audit(1756435599.738:486): item=0 name="/home/opc/logai/enterprise_mnc_audit_sim/enterprise_data/development/projects/project_alpha.txt" inode=25881 dev=08:01 mode=0100644 ouid=0 ogid=0
Aug 29 02:46:39 aitest audit: type=SYSCALL msg=audit(1756435599.738:32): arch=c000003e syscall=59 success=yes exit=0 pid=4392 uid=2006 gid=2006 comm="cat" exe="/usr/bin/cat" key="process_execution"
Aug 29 02:49:07 aitest audit: type=SYSCALL msg=audit(1756435747.165:658): arch=c000003e syscall=59 success=yes exit=0 pid=5347 uid=2009 gid=2009 comm="wc" exe="/usr/bin/wc" key="process_execution"
Aug 29 02:49:17 aitest audit: type=PATH msg=audit(1756435757.860:125): item=0 name="/home/opc/logai/enterprise_mnc_audit_sim/enterprise_data/development/projects/" inode=32196 dev=08:01 mode=0100644 ouid=0 ogid=0
Aug 29 02:49:17 aitest audit: type=SYSCALL msg=audit(1756435757.860:384): arch=c000003e syscall=59 success=yes exit=0 pid=3269 uid=2009 gid=2009 comm="ls" exe="/usr/bin/ls" key="process_execution"
Aug 29 02:49:19 aitest audit: type=PATH msg=audit(1756435759.295:36): item=0 name="/home/opc/logai/enterprise_mnc_audit_sim/enterprise_data/development/projects/" inode=23671 dev=08:01 mode=0100644 ouid=0 ogid=0
Aug 29 02:49:19 aitest audit: type=SYSCALL msg=audit(1756435759.295:562): arch=c000003e syscall=59 success=yes exit=0 pid=7198 uid=2009 gid=2009 comm="ls" exe="/usr/bin/ls" key="process_execution"
Aug 29 02:49:20 aitest audit: type=SYSCALL msg=audit(1756435760.437:57): arch=c000003e syscall=59 success=yes exit=0 pid=5716 uid=2009 gid=2009 comm="wc" exe="/usr/bin/wc" key="process_execution"
Aug 29 02:49:30 aitest audit: type=PATH msg=audit(1756435770.584:435): item=0 name="/home/opc/logai/enterprise_mnc_audit_sim/enterprise_data/development" inode=30742 dev=08:01 mode=0100644 ouid=0 ogid=0
Aug 29 02:49:30 aitest audit: type=SYSCALL msg=audit(1756435770.584:316): arch=c000003e syscall=59 success=yes exit=0 pid=10610 uid=2009 gid=2009 comm="find" exe="/usr/bin/find" key="process_execution"
Aug 29 02:57:45 aitest audit: type=PATH msg=audit(1756436265.689:198): item=0 name="/home/opc/logai/enterprise_mnc_audit_sim/enterprise_data/development/projects/" inode=12031 dev=08:01 mode=0100644 ouid=0 ogid=0
Aug 29 02:57:45 aitest audit: type=SYSCALL msg=audit(1756436265.689:946): arch=c000003e syscall=59 success=yes exit=0 pid=7117 uid=2009 gid=2009 comm="ls" exe="/usr/bin/ls" key="process_execution"
Aug 29 02:57:55 aitest audit: type=SYSCALL msg=audit(1756436275.79:891): arch=c000003e syscall=59 success=yes exit=0 pid=8572 uid=2009 gid=2009 comm="wc" exe="/usr/bin/wc" key="process_execution"
Aug 29 02:57:57 aitest audit: type=PATH msg=audit(1756436277.957:769): item=0 name="/home/opc/logai/enterprise_mnc_audit_sim/enterprise_data/development/projects/project_alpha.txt" inode=21364 dev=08:01 mode=0100644 ouid=0 ogid=0
Aug 29 02:57:57 aitest audit: type=SYSCALL msg=audit(1756436277.957:659): arch=c000003e syscall=59 success=yes exit=0 pid=3753 uid=2009 gid=2009 comm="cat" exe="/usr/bin/cat" key="process_execution"
Aug 29 02:58:05 aitest audit: type=SYSCALL msg=audit(1756436285.511:363): arch=c000003e syscall=59 success=yes exit=0 pid=3043 uid=2009 gid=2009 comm="grep" exe="/usr/bin/grep" key="process_execution"
Aug 29 03:08:24 aitest audit: type=PATH msg=audit(1756436904.982:976): item=0 name="/home/opc/logai/enterprise_mnc_audit_sim/system/configs/server.conf" inode=41167 dev=08:01 mode=0100644 ouid=0 ogid=0
Aug 29 03:08:24 aitest audit: type=SYSCALL msg=audit(1756436904.982:440): arch=c000003e syscall=59 success=yes exit=0 pid=10866 uid=2004 gid=2004 comm="chmod" exe="/usr/bin/chmod" key="process_execution"
Aug 29 03:08:33 aitest audit: type=SYSCALL msg=audit(1756436913.385:326): arch=c000003e syscall=59 success=yes exit=0 pid=6491 uid=2004 gid=2004 comm="free" exe="/usr/bin/free" key="process_execution"
Aug 29 03:13:18 aitest audit: type=SYSCALL msg=audit(1756437198.996:5): arch=c000003e syscall=59 success=yes exit=0 pid=4708 uid=2009 gid=2009 comm="cp" exe="/usr/bin/cp" key="process_execution"
Aug 29 03:13:27 aitest audit: type=PATH msg=audit(1756437207.630:389): item=0 name="/home/opc/logai/enterprise_mnc_audit_sim/enterprise_data/development/projects/" inode=33994 dev=08:01 mode=0100644 ouid=0 ogid=0
Aug 29 03:13:27 aitest audit: type=SYSCALL msg=audit(1756437207.630:617): arch=c000003e syscall=59 success=yes exit=0 pid=6255 uid=2009 gid=2009 comm="ls" exe="/usr/bin/ls" key="process_execution"
Aug 29 03:16:05 aitest audit: type=PATH msg=audit(1756437365.526:52): item=0 name="/home/opc/logai/enterprise_mnc_audit_sim/system/configs/server.conf" inode=21495 dev=08:01 mode=0100644 ouid=0 ogid=0
Aug 29 03:16:05 aitest audit: type=SYSCALL msg=audit(1756437365.526:332): arch=c000003e syscall=59 success=yes exit=0 pid=4040 uid=2004 gid=2004 comm="chmod" exe="/usr/bin/chmod" key="process_execution"
Aug 29 03:16:14 aitest audit: type=PATH msg=audit(1756437374.997:761): item=0 name="/home/opc/logai/enterprise_mnc_audit_sim/system" inode=16661 dev=08:01 mode=0100644 ouid=0 ogid=0
Aug 29 03:16:14 aitest audit: type=SYSCALL msg=audit(1756437374.997:45): arch=c000003e syscall=59 success=yes exit=0 pid=4481 uid=2004 gid=2004 comm="find" exe="/usr/bin/find" key="process_execution"
Aug 29 03:16:22 aitest audit: type=PATH msg=audit(1756437382.780:32): item=0 name="/home/opc/logai/enterprise_mnc_audit_sim/applications/" inode=30621 dev=08:01 mode=0100644 ouid=0 ogid=0
Aug 29 03:16:22 aitest audit: type=SYSCALL msg=audit(1756437382.780:584): arch=c000003e syscall=59 success=yes exit=0 pid=6339 uid=2004 gid=2004 comm="ls" exe="/usr/bin/ls" key="process_execution"
Aug 29 03:16:30 aitest audit: type=SYSCALL msg=audit(1756437390.81:944): arch=c000003e syscall=59 success=yes exit=0 pid=10466 uid=2004 gid=2004 comm="ps" exe="/usr/bin/ps" key="process_execution"
Aug 29 03:20:40 aitest audit: type=SYSCALL msg=audit(1756437640.517:228): arch=c000003e syscall=59 success=yes exit=0 pid=6230 uid= gid= comm="wget" exe="/usr/bin/wget" key="process_execution"
Aug 29 03:25:27 aitest audit: type=PATH msg=audit(1756437927.792:548): item=0 name="/home/opc/logai/enterprise_mnc_audit_sim/enterprise_data/database" inode=14282 dev=08:01 mode=0100644 ouid=0 ogid=0
Aug 29 03:25:27 aitest audit: type=SYSCALL msg=audit(1756437927.792:318): arch=c000003e syscall=59 success=yes exit=0 pid=2611 uid=2005 gid=2005 comm="find" exe="/usr/bin/find" key="process_execution"
Aug 29 03:25:31 aitest audit: type=PATH msg=audit(1756437931.314:624): item=0 name="/home/opc/logai/enterprise_mnc_audit_sim/applications/databases/" inode=34522 dev=08:01 mode=0100644 ouid=0 ogid=0
Aug 29 03:25:31 aitest audit: type=SYSCALL msg=audit(1756437931.314:205): arch=c000003e syscall=59 success=yes exit=0 pid=3692 uid=2005 gid=2005 comm="ls" exe="/usr/bin/ls" key="process_execution"
Aug 29 03:25:32 aitest audit: type=PATH msg=audit(1756437932.451:249): item=0 name="/home/opc/logai/enterprise_mnc_audit_sim/enterprise_data/database" inode=42002 dev=08:01 mode=0100644 ouid=0 ogid=0
Aug 29 03:25:32 aitest audit: type=SYSCALL msg=audit(1756437932.451:382): arch=c000003e syscall=59 success=yes exit=0 pid=6691 uid=2005 gid=2005 comm="find" exe="/usr/bin/find" key="process_execution"
Aug 29 03:25:42 aitest audit: type=PATH msg=audit(1756437942.200:297): item=0 name="/home/opc/logai/enterprise_mnc_audit_sim/enterprise_data/database/mysql/db_config.cnf" inode=18310 dev=08:01 mode=0100644 ouid=0 ogid=0
Aug 29 03:25:42 aitest audit: type=SYSCALL msg=audit(1756437942.200:306): arch=c000003e syscall=59 success=yes exit=0 pid=10976 uid=2005 gid=2005 comm="cat" exe="/usr/bin/cat" key="process_execution"
Aug 29 03:27:02 aitest audit: type=PATH msg=audit(1756438022.301:637): item=0 name="/home/opc/logai/enterprise_mnc_audit_sim/enterprise_data/development/projects/" inode=14414 dev=08:01 mode=0100644 ouid=0 ogid=0
Aug 29 03:27:02 aitest audit: type=SYSCALL msg=audit(1756438022.301:306): arch=c000003e syscall=59 success=yes exit=0 pid=9624 uid=2006 gid=2006 comm="ls" exe="/usr/bin/ls" key="process_execution"
Aug 29 03:27:06 aitest audit: type=SYSCALL msg=audit(1756438026.188:725): arch=c000003e syscall=59 success=yes exit=0 pid=10009 uid=2006 gid=2006 comm="grep" exe="/usr/bin/grep" key="process_execution"
Aug 29 03:32:18 aitest audit: type=PATH msg=audit(1756438338.68:734): item=0 name="/home/opc/logai/enterprise_mnc_audit_sim/enterprise_data/database/mysql/db_config.cnf" inode=20938 dev=08:01 mode=0100644 ouid=0 ogid=0
Aug 29 03:32:18 aitest audit: type=SYSCALL msg=audit(1756438338.68:881): arch=c000003e syscall=59 success=yes exit=0 pid=5590 uid=2002 gid=2002 comm="cat" exe="/usr/bin/cat" key="process_execution"
Aug 29 03:32:21 aitest audit: type=SYSCALL msg=audit(1756438341.155:454): arch=c000003e syscall=59 success=yes exit=0 pid=10149 uid=2002 gid=2002 comm="grep" exe="/usr/bin/grep" key="process_execution"
Aug 29 03:32:23 aitest audit: type=PATH msg=audit(1756438343.888:229): item=0 name="/home/opc/logai/enterprise_mnc_audit_sim/enterprise_data/database/" inode=15573 dev=08:01 mode=0100644 ouid=0 ogid=0
Aug 29 03:32:23 aitest audit: type=SYSCALL msg=audit(1756438343.888:97): arch=c000003e syscall=59 success=yes exit=0 pid=11610 uid=2002 gid=2002 comm="ls" exe="/usr/bin/ls" key="process_execution"
Aug 29 03:32:28 aitest audit: type=SYSCALL msg=audit(1756438348.977:126): arch=c000003e syscall=59 success=yes exit=0 pid=7372 uid=2002 gid=2002 comm="grep" exe="/usr/bin/grep" key="process_execution"
Aug 29 03:34:20 aitest audit: type=SYSCALL msg=audit(1756438460.496:425): arch=c000003e syscall=59 success=yes exit=0 pid=9473 uid=2004 gid=2004 comm="free" exe="/usr/bin/free" key="process_execution"
Aug 29 03:34:30 aitest audit: type=PATH msg=audit(1756438470.278:734): item=0 name="/home/opc/logai/enterprise_mnc_audit_sim/system" inode=40996 dev=08:01 mode=0100644 ouid=0 ogid=0
Aug 29 03:34:30 aitest audit: type=SYSCALL msg=audit(1756438470.278:660): arch=c000003e syscall=59 success=yes exit=0 pid=4395 uid=2004 gid=2004 comm="find" exe="/usr/bin/find" key="process_execution"
Aug 29 03:34:33 aitest audit: type=SYSCALL msg=audit(1756438473.679:271): arch=c000003e syscall=59 success=yes exit=0 pid=3419 uid=2004 gid=2004 comm="ps" exe="/usr/bin/ps" key="process_execution"
Aug 29 03:34:40 aitest audit: type=SYSCALL msg=audit(1756438480.896:915): arch=c000003e syscall=59 success=yes exit=0 pid=5254 uid=2004 gid=2004 comm="free" exe="/usr/bin/free" key="process_execution"
Aug 29 03:36:41 aitest audit: type=SYSCALL msg=audit(1756438601.459:596): arch=c000003e syscall=59 success=yes exit=0 pid=5788 uid=2001 gid=2001 comm="ps" exe="/usr/bin/ps" key="process_execution"
Aug 29 03:36:46 aitest audit: type=PATH msg=audit(1756438606.611:385): item=0 name="/home/opc/logai/enterprise_mnc_audit_sim/system/configs/server.conf" inode=16944 dev=08:01 mode=0100644 ouid=0 ogid=0
Aug 29 03:36:46 aitest audit: type=SYSCALL msg=audit(1756438606.611:932): arch=c000003e syscall=59 success=yes exit=0 pid=4839 uid=2001 gid=2001 comm="cat" exe="/usr/bin/cat" key="process_execution"
Aug 29 03:36:53 aitest audit: type=PATH msg=audit(1756438613.481:154): item=0 name="/home/opc/logai/enterprise_mnc_audit_sim/applications/" inode=35305 dev=08:01 mode=0100644 ouid=0 ogid=0
Aug 29 03:36:53 aitest audit: type=SYSCALL msg=audit(1756438613.481:425): arch=c000003e syscall=59 success=yes exit=0 pid=4668 uid=2001 gid=2001 comm="ls" exe="/usr/bin/ls" key="process_execution"
Aug 29 03:36:59 aitest audit: type=PATH msg=audit(1756438619.65:78): item=0 name="/home/opc/logai/enterprise_mnc_audit_sim/system/configs/server.conf" inode=28405 dev=08:01 mode=0100644 ouid=0 ogid=0
Aug 29 03:36:59 aitest audit: type=SYSCALL msg=audit(1756438619.65:442): arch=c000003e syscall=59 success=yes exit=0 pid=9974 uid=2001 gid=2001 comm="cat" exe="/usr/bin/cat" key="process_execution"
Aug 29 03:41:12 aitest audit: type=SYSCALL msg=audit(1756438872.291:935): arch=c000003e syscall=59 success=yes exit=0 pid=7694 uid=2008 gid=2008 comm="who" exe="/usr/bin/who" key="process_execution"
Aug 29 03:41:19 aitest audit: type=PATH msg=audit(1756438879.6:446): item=0 name="/home/opc/logai/enterprise_mnc_audit_sim/enterprise_data/hr/" inode=17026 dev=08:01 mode=0100644 ouid=0 ogid=0
Aug 29 03:41:19 aitest audit: type=SYSCALL msg=audit(1756438879.6:999): arch=c000003e syscall=59 success=yes exit=0 pid=8039 uid=2008 gid=2008 comm="ls" exe="/usr/bin/ls" key="process_execution"
Aug 29 03:41:23 aitest audit: type=SYSCALL msg=audit(1756438883.934:440): arch=c000003e syscall=59 success=yes exit=0 pid=11272 uid=2008 gid=2008 comm="last" exe="/usr/bin/last" key="process_execution"
Aug 29 03:42:45 aitest audit: type=SYSCALL msg=audit(1756438965.249:37): arch=c000003e syscall=59 success=yes exit=0 pid=2287 uid=2008 gid=2008 comm="who" exe="/usr/bin/who" key="process_execution"
Aug 29 03:42:46 aitest audit: type=PATH msg=audit(1756438966.648:157): item=0 name="/home/opc/logai/enterprise_mnc_audit_sim/enterprise_data/hr/" inode=24209 dev=08:01 mode=0100644 ouid=0 ogid=0
Aug 29 03:42:46 aitest audit: type=SYSCALL msg=audit(1756438966.648:465): arch=c000003e syscall=59 success=yes exit=0 pid=2627 uid=2008 gid=2008 comm="chmod" exe="/usr/bin/chmod" key="process_execution"
Aug 29 03:42:49 aitest audit: type=SYSCALL msg=audit(1756438969.756:301): arch=c000003e syscall=59 success=yes exit=0 pid=8487 uid=2008 gid=2008 comm="w" exe="/usr/bin/w" key="process_execution"
Aug 29 03:42:59 aitest audit: type=PATH msg=audit(1756438979.22:246): item=0 name="/home/opc/logai/enterprise_mnc_audit_sim/enterprise_data/hr/" inode=31587 dev=08:01 mode=0100644 ouid=0 ogid=0
Aug 29 03:42:59 aitest audit: type=SYSCALL msg=audit(1756438979.22:958): arch=c000003e syscall=59 success=yes exit=0 pid=5266 uid=2008 gid=2008 comm="chmod" exe="/usr/bin/chmod" key="process_execution"
Aug 29 03:44:45 aitest audit: type=PATH msg=audit(1756439085.786:993): item=0 name="/home/opc/logai/enterprise_mnc_audit_sim/system/configs/" inode=29886 dev=08:01 mode=0100644 ouid=0 ogid=0
Aug 29 03:44:45 aitest audit: type=SYSCALL msg=audit(1756439085.786:474): arch=c000003e syscall=59 success=yes exit=0 pid=10260 uid=2004 gid=2004 comm="ls" exe="/usr/bin/ls" key="process_execution"
Aug 29 03:44:47 aitest audit: type=PATH msg=audit(1756439087.376:415): item=0 name="/home/opc/logai/enterprise_mnc_audit_sim/system/configs/server.conf" inode=40345 dev=08:01 mode=0100644 ouid=0 ogid=0
Aug 29 03:44:47 aitest audit: type=SYSCALL msg=audit(1756439087.376:417): arch=c000003e syscall=59 success=yes exit=0 pid=8790 uid=2004 gid=2004 comm="cat" exe="/usr/bin/cat" key="process_execution"
Aug 29 03:44:53 aitest audit: type=PATH msg=audit(1756439093.135:175): item=0 name="/home/opc/logai/enterprise_mnc_audit_sim/system/configs/server.conf" inode=32717 dev=08:01 mode=0100644 ouid=0 ogid=0
Aug 29 03:44:53 aitest audit: type=SYSCALL msg=audit(1756439093.135:478): arch=c000003e syscall=59 success=yes exit=0 pid=4435 uid=2004 gid=2004 comm="chmod" exe="/usr/bin/chmod" key="process_execution"
Aug 29 03:46:49 aitest audit: type=SYSCALL msg=audit(1756439209.493:927): arch=c000003e syscall=59 success=yes exit=0 pid=6932 uid=2007 gid=2007 comm="top" exe="/usr/bin/top" key="process_execution"
Aug 29 03:46:58 aitest audit: type=PATH msg=audit(1756439218.639:930): item=0 name="/home/opc/logai/enterprise_mnc_audit_sim/enterprise_data/operations/" inode=36249 dev=08:01 mode=0100644 ouid=0 ogid=0
Aug 29 03:46:58 aitest audit: type=SYSCALL msg=audit(1756439218.639:166): arch=c000003e syscall=59 success=yes exit=0 pid=4669 uid=2007 gid=2007 comm="ls" exe="/usr/bin/ls" key="process_execution"
Aug 29 03:47:06 aitest audit: type=PATH msg=audit(1756439226.44:980): item=0 name="/home/opc/logai/enterprise_mnc_audit_sim/enterprise_data/database/mysql/db_config.cnf" inode=36594 dev=08:01 mode=0100644 ouid=0 ogid=0
Aug 29 03:47:06 aitest audit: type=SYSCALL msg=audit(1756439226.44:876): arch=c000003e syscall=59 success=yes exit=0 pid=5288 uid=2005 gid=2005 comm="chmod" exe="/usr/bin/chmod" key="process_execution"
Aug 29 03:47:08 aitest audit: type=PATH msg=audit(1756439228.541:965): item=0 name="/home/opc/logai/enterprise_mnc_audit_sim/enterprise_data/development/scripts/build.sh" inode=22431 dev=08:01 mode=0100644 ouid=0 ogid=0
Aug 29 03:47:08 aitest audit: type=SYSCALL msg=audit(1756439228.541:758): arch=c000003e syscall=59 success=yes exit=0 pid=3324 uid=2009 gid=2009 comm="chmod" exe="/usr/bin/chmod" key="process_execution"
Aug 29 03:47:09 aitest audit: type=SYSCALL msg=audit(1756439229.698:16): arch=c000003e syscall=59 success=yes exit=0 pid=10856 uid=2005 gid=2005 comm="cp" exe="/usr/bin/cp" key="process_execution"
Aug 29 03:47:14 aitest audit: type=PATH msg=audit(1756439234.150:956): item=0 name="/home/opc/logai/enterprise_mnc_audit_sim/enterprise_data/development/" inode=15053 dev=08:01 mode=0100644 ouid=0 ogid=0
Aug 29 03:47:14 aitest audit: type=SYSCALL msg=audit(1756439234.150:886): arch=c000003e syscall=59 success=yes exit=0 pid=2756 uid=2009 gid=2009 comm="ls" exe="/usr/bin/ls" key="process_execution"
Aug 29 03:47:15 aitest audit: type=SYSCALL msg=audit(1756439235.872:452): arch=c000003e syscall=59 success=yes exit=0 pid=5837 uid=2005 gid=2005 comm="du" exe="/usr/bin/du" key="process_execution"
Aug 29 03:47:19 aitest audit: type=SYSCALL msg=audit(1756439239.233:728): arch=c000003e syscall=59 success=yes exit=0 pid=8375 uid=2009 gid=2009 comm="wc" exe="/usr/bin/wc" key="process_execution"
Aug 29 03:47:47 aitest audit: type=SYSCALL msg=audit(1756439267.150:118): arch=c000003e syscall=59 success=yes exit=0 pid=4467 uid=2003 gid=2003 comm="grep" exe="/usr/bin/grep" key="process_execution"
Aug 29 03:47:56 aitest audit: type=PATH msg=audit(1756439276.397:730): item=0 name="/home/opc/logai/enterprise_mnc_audit_sim/enterprise_data/development/" inode=20704 dev=08:01 mode=0100644 ouid=0 ogid=0
Aug 29 03:47:56 aitest audit: type=SYSCALL msg=audit(1756439276.397:539): arch=c000003e syscall=59 success=yes exit=0 pid=8120 uid=2003 gid=2003 comm="ls" exe="/usr/bin/ls" key="process_execution"
Aug 29 03:47:57 aitest audit: type=PATH msg=audit(1756439277.345:731): item=0 name="/home/opc/logai/enterprise_mnc_audit_sim/enterprise_data/development/" inode=37652 dev=08:01 mode=0100644 ouid=0 ogid=0
Aug 29 03:47:57 aitest audit: type=SYSCALL msg=audit(1756439277.345:604): arch=c000003e syscall=59 success=yes exit=0 pid=8642 uid=2003 gid=2003 comm="ls" exe="/usr/bin/ls" key="process_execution"
Aug 29 03:47:58 aitest audit: type=PATH msg=audit(1756439278.1:545): item=0 name="/home/opc/logai/enterprise_mnc_audit_sim/enterprise_data/development/scripts/build.sh" inode=25599 dev=08:01 mode=0100644 ouid=0 ogid=0
Aug 29 03:47:58 aitest audit: type=SYSCALL msg=audit(1756439278.1:365): arch=c000003e syscall=59 success=yes exit=0 pid=6389 uid=2003 gid=2003 comm="chmod" exe="/usr/bin/chmod" key="process_execution"
Aug 29 03:48:52 aitest audit: type=PATH msg=audit(1756439332.632:358): item=0 name="/home/opc/logai/enterprise_mnc_audit_sim/system/configs/server.conf" inode=24113 dev=08:01 mode=0100644 ouid=0 ogid=0
Aug 29 03:48:52 aitest audit: type=SYSCALL msg=audit(1756439332.632:855): arch=c000003e syscall=59 success=yes exit=0 pid=6490 uid=2004 gid=2004 comm="chmod" exe="/usr/bin/chmod" key="process_execution"
Aug 29 03:48:58 aitest audit: type=SYSCALL msg=audit(1756439338.739:952): arch=c000003e syscall=59 success=yes exit=0 pid=6796 uid=2004 gid=2004 comm="netstat" exe="/usr/bin/netstat" key="process_execution"
Aug 29 03:49:01 aitest audit: type=SYSCALL msg=audit(1756439341.680:18): arch=c000003e syscall=59 success=yes exit=0 pid=2119 uid=2004 gid=2004 comm="netstat" exe="/usr/bin/netstat" key="process_execution"
Aug 29 03:49:06 aitest audit: type=SYSCALL msg=audit(1756439346.361:504): arch=c000003e syscall=59 success=yes exit=0 pid=4850 uid=2004 gid=2004 comm="netstat" exe="/usr/bin/netstat" key="process_execution"
Aug 29 03:49:08 aitest audit: type=SYSCALL msg=audit(1756439348.685:78): arch=c000003e syscall=59 success=yes exit=0 pid=11511 uid=2004 gid=2004 comm="netstat" exe="/usr/bin/netstat" key="process_execution"
Aug 29 03:54:13 aitest audit: type=PATH msg=audit(1756439653.681:46): item=0 name="/home/opc/logai/enterprise_mnc_audit_sim/enterprise_data/database/mysql/db_config.cnf" inode=40618 dev=08:01 mode=0100644 ouid=0 ogid=0
Aug 29 03:54:13 aitest audit: type=SYSCALL msg=audit(1756439653.681:166): arch=c000003e syscall=59 success=yes exit=0 pid=2127 uid=2005 gid=2005 comm="chmod" exe="/usr/bin/chmod" key="process_execution"
Aug 29 03:54:21 aitest audit: type=PATH msg=audit(1756439661.484:486): item=0 name="/home/opc/logai/enterprise_mnc_audit_sim/enterprise_data/database" inode=38944 dev=08:01 mode=0100644 ouid=0 ogid=0
Aug 29 03:54:21 aitest audit: type=SYSCALL msg=audit(1756439661.484:604): arch=c000003e syscall=59 success=yes exit=0 pid=8327 uid=2005 gid=2005 comm="find" exe="/usr/bin/find" key="process_execution"
Aug 29 03:54:30 aitest audit: type=SYSCALL msg=audit(1756439670.289:963): arch=c000003e syscall=59 success=yes exit=0 pid=6481 uid=2005 gid=2005 comm="grep" exe="/usr/bin/grep" key="process_execution"
Aug 29 03:54:39 aitest audit: type=PATH msg=audit(1756439679.265:570): item=0 name="/home/opc/logai/enterprise_mnc_audit_sim/enterprise_data/database/mysql/db_config.cnf" inode=24655 dev=08:01 mode=0100644 ouid=0 ogid=0
Aug 29 03:54:39 aitest audit: type=SYSCALL msg=audit(1756439679.265:146): arch=c000003e syscall=59 success=yes exit=0 pid=9653 uid=2005 gid=2005 comm="chmod" exe="/usr/bin/chmod" key="process_execution"
Aug 29 03:57:17 aitest audit: type=SYSCALL msg=audit(1756439837.913:428): arch=c000003e syscall=59 success=yes exit=0 pid=10185 uid=2007 gid=2007 comm="ps" exe="/usr/bin/ps" key="process_execution"
Aug 29 03:57:18 aitest audit: type=PATH msg=audit(1756439838.370:209): item=0 name="/home/opc/logai/enterprise_mnc_audit_sim/enterprise_data/operations/" inode=35427 dev=08:01 mode=0100644 ouid=0 ogid=0
Aug 29 03:57:18 aitest audit: type=SYSCALL msg=audit(1756439838.370:872): arch=c000003e syscall=59 success=yes exit=0 pid=10823 uid=2007 gid=2007 comm="ls" exe="/usr/bin/ls" key="process_execution"
Aug 29 03:57:22 aitest audit: type=SYSCALL msg=audit(1756439842.818:396): arch=c000003e syscall=59 success=yes exit=0 pid=4218 uid=2007 gid=2007 comm="du" exe="/usr/bin/du" key="process_execution"
Aug 29 04:05:29 aitest audit: type=SYSCALL msg=audit(1756440329.594:690): arch=c000003e syscall=59 success=yes exit=0 pid=7943 uid=2002 gid=2002 comm="cp" exe="/usr/bin/cp" key="process_execution"
Aug 29 04:05:35 aitest audit: type=SYSCALL msg=audit(1756440335.399:970): arch=c000003e syscall=59 success=yes exit=0 pid=9648 uid=2002 gid=2002 comm="grep" exe="/usr/bin/grep" key="process_execution"
Aug 29 04:05:45 aitest audit: type=SYSCALL msg=audit(1756440345.257:371): arch=c000003e syscall=59 success=yes exit=0 pid=11333 uid=2002 gid=2002 comm="grep" exe="/usr/bin/grep" key="process_execution"
Aug 29 04:05:47 aitest audit: type=SYSCALL msg=audit(1756440347.404:919): arch=c000003e syscall=59 success=yes exit=0 pid=9669 uid=2002 gid=2002 comm="cp" exe="/usr/bin/cp" key="process_execution"
Aug 29 04:10:40 aitest audit: type=PATH msg=audit(1756440640.166:789): item=0 name="/home/opc/logai/enterprise_mnc_audit_sim/enterprise_data/development" inode=35856 dev=08:01 mode=0100644 ouid=0 ogid=0
Aug 29 04:10:40 aitest audit: type=SYSCALL msg=audit(1756440640.166:165): arch=c000003e syscall=59 success=yes exit=0 pid=3602 uid=2003 gid=2003 comm="find" exe="/usr/bin/find" key="process_execution"
Aug 29 04:10:46 aitest audit: type=PATH msg=audit(1756440646.336:183): item=0 name="/home/opc/logai/enterprise_mnc_audit_sim/enterprise_data/development/" inode=29219 dev=08:01 mode=0100644 ouid=0 ogid=0
Aug 29 04:10:46 aitest audit: type=SYSCALL msg=audit(1756440646.336:758): arch=c000003e syscall=59 success=yes exit=0 pid=3338 uid=2003 gid=2003 comm="ls" exe="/usr/bin/ls" key="process_execution"
Aug 29 04:10:47 aitest audit: type=SYSCALL msg=audit(1756440647.235:227): arch=c000003e syscall=59 success=yes exit=0 pid=3890 uid=2005 gid=2005 comm="cp" exe="/usr/bin/cp" key="process_execution"
Aug 29 04:10:54 aitest audit: type=PATH msg=audit(1756440654.918:458): item=0 name="/home/opc/logai/enterprise_mnc_audit_sim/enterprise_data/operations/" inode=31483 dev=08:01 mode=0100644 ouid=0 ogid=0
Aug 29 04:10:54 aitest audit: type=SYSCALL msg=audit(1756440654.918:754): arch=c000003e syscall=59 success=yes exit=0 pid=2884 uid=2007 gid=2007 comm="ls" exe="/usr/bin/ls" key="process_execution"
Aug 29 04:10:55 aitest audit: type=PATH msg=audit(1756440655.195:196): item=0 name="/home/opc/logai/enterprise_mnc_audit_sim/enterprise_data/database/" inode=27489 dev=08:01 mode=0100644 ouid=0 ogid=0
Aug 29 04:10:55 aitest audit: type=PATH msg=audit(1756440655.914:24): item=0 name="/home/opc/logai/enterprise_mnc_audit_sim/enterprise_data/development/scripts/build.sh" inode=36575 dev=08:01 mode=0100644 ouid=0 ogid=0
Aug 29 04:10:55 aitest audit: type=SYSCALL msg=audit(1756440655.195:873): arch=c000003e syscall=59 success=yes exit=0 pid=6393 uid=2005 gid=2005 comm="ls" exe="/usr/bin/ls" key="process_execution"
Aug 29 04:10:55 aitest audit: type=SYSCALL msg=audit(1756440655.914:354): arch=c000003e syscall=59 success=yes exit=0 pid=6021 uid=2003 gid=2003 comm="chmod" exe="/usr/bin/chmod" key="process_execution"
Aug 29 04:11:00 aitest audit: type=PATH msg=audit(1756440660.887:45): item=0 name="/home/opc/logai/enterprise_mnc_audit_sim/applications/databases/" inode=29468 dev=08:01 mode=0100644 ouid=0 ogid=0
Aug 29 04:11:00 aitest audit: type=SYSCALL msg=audit(1756440660.25:285): arch=c000003e syscall=59 success=yes exit=0 pid=10014 uid=2007 gid=2007 comm="top" exe="/usr/bin/top" key="process_execution"
Aug 29 04:11:00 aitest audit: type=SYSCALL msg=audit(1756440660.887:681): arch=c000003e syscall=59 success=yes exit=0 pid=9303 uid=2005 gid=2005 comm="ls" exe="/usr/bin/ls" key="process_execution"
Aug 29 04:11:01 aitest audit: type=SYSCALL msg=audit(1756440661.776:152): arch=c000003e syscall=59 success=yes exit=0 pid=3308 uid=2003 gid=2003 comm="wc" exe="/usr/bin/wc" key="process_execution"
Aug 29 04:24:46 aitest audit: type=SYSCALL msg=audit(1756441486.474:709): arch=c000003e syscall=59 success=yes exit=0 pid=10237 uid=2006 gid=2006 comm="grep" exe="/usr/bin/grep" key="process_execution"
Aug 29 04:24:54 aitest audit: type=PATH msg=audit(1756441494.274:703): item=0 name="/home/opc/logai/enterprise_mnc_audit_sim/enterprise_data/development/projects/" inode=22695 dev=08:01 mode=0100644 ouid=0 ogid=0
Aug 29 04:24:54 aitest audit: type=SYSCALL msg=audit(1756441494.274:398): arch=c000003e syscall=59 success=yes exit=0 pid=3765 uid=2006 gid=2006 comm="ls" exe="/usr/bin/ls" key="process_execution"
Aug 29 04:43:28 aitest audit: type=SYSCALL msg=audit(1756442608.967:234): arch=c000003e syscall=59 success=yes exit=0 pid=7638 uid=2003 gid=2003 comm="grep" exe="/usr/bin/grep" key="process_execution"
Aug 29 04:43:35 aitest audit: type=PATH msg=audit(1756442615.730:396): item=0 name="/home/opc/logai/enterprise_mnc_audit_sim/enterprise_data/development" inode=23929 dev=08:01 mode=0100644 ouid=0 ogid=0
Aug 29 04:43:35 aitest audit: type=SYSCALL msg=audit(1756442615.730:680): arch=c000003e syscall=59 success=yes exit=0 pid=8546 uid=2003 gid=2003 comm="find" exe="/usr/bin/find" key="process_execution"
Aug 29 04:44:24 aitest audit: type=SYSCALL msg=audit(1756442664.635:398): arch=c000003e syscall=59 success=yes exit=0 pid=9706 uid=2006 gid=2006 comm="grep" exe="/usr/bin/grep" key="process_execution"
Aug 29 04:44:31 aitest audit: type=SYSCALL msg=audit(1756442671.434:537): arch=c000003e syscall=59 success=yes exit=0 pid=9900 uid=2006 gid=2006 comm="cp" exe="/usr/bin/cp" key="process_execution"
Aug 29 04:44:50 aitest audit: type=PATH msg=audit(1756442690.110:905): item=0 name="/home/opc/logai/enterprise_mnc_audit_sim/system" inode=20991 dev=08:01 mode=0100644 ouid=0 ogid=0
Aug 29 04:44:50 aitest audit: type=SYSCALL msg=audit(1756442690.110:641): arch=c000003e syscall=59 success=yes exit=0 pid=2755 uid=2001 gid=2001 comm="find" exe="/usr/bin/find" key="process_execution"
Aug 29 04:44:52 aitest audit: type=PATH msg=audit(1756442692.239:498): item=0 name="/home/opc/logai/enterprise_mnc_audit_sim/system/configs/server.conf" inode=38681 dev=08:01 mode=0100644 ouid=0 ogid=0
Aug 29 04:44:52 aitest audit: type=SYSCALL msg=audit(1756442692.239:500): arch=c000003e syscall=59 success=yes exit=0 pid=6109 uid=2001 gid=2001 comm="cat" exe="/usr/bin/cat" key="process_execution"
Aug 29 04:44:54 aitest audit: type=SYSCALL msg=audit(1756442694.398:474): arch=c000003e syscall=59 success=yes exit=0 pid=8777 uid=2001 gid=2001 comm="netstat" exe="/usr/bin/netstat" key="process_execution"
Aug 29 04:55:08 aitest audit: type=PATH msg=audit(1756443308.617:924): item=0 name="/home/opc/logai/enterprise_mnc_audit_sim/enterprise_data/development/scripts/build.sh" inode=14120 dev=08:01 mode=0100644 ouid=0 ogid=0
Aug 29 04:55:08 aitest audit: type=SYSCALL msg=audit(1756443308.617:334): arch=c000003e syscall=59 success=yes exit=0 pid=2806 uid=2009 gid=2009 comm="chmod" exe="/usr/bin/chmod" key="process_execution"
Aug 29 04:55:10 aitest audit: type=SYSCALL msg=audit(1756443310.644:161): arch=c000003e syscall=59 success=yes exit=0 pid=2406 uid=2009 gid=2009 comm="cp" exe="/usr/bin/cp" key="process_execution"
Aug 29 04:55:12 aitest audit: type=SYSCALL msg=audit(1756443312.700:786): arch=c000003e syscall=59 success=yes exit=0 pid=11204 uid=2009 gid=2009 comm="wc" exe="/usr/bin/wc" key="process_execution"
Aug 29 04:55:18 aitest audit: type=SYSCALL msg=audit(1756443318.746:79): arch=c000003e syscall=59 success=yes exit=0 pid=10138 uid=2009 gid=2009 comm="grep" exe="/usr/bin/grep" key="process_execution"
Aug 29 04:56:44 aitest audit: type=PATH msg=audit(1756443404.215:416): item=0 name="/home/opc/logai/enterprise_mnc_audit_sim/enterprise_data/database/mysql/db_config.cnf" inode=21650 dev=08:01 mode=0100644 ouid=0 ogid=0
Aug 29 04:56:44 aitest audit: type=SYSCALL msg=audit(1756443404.215:464): arch=c000003e syscall=59 success=yes exit=0 pid=10169 uid=2002 gid=2002 comm="chmod" exe="/usr/bin/chmod" key="process_execution"
Aug 29 04:56:54 aitest audit: type=PATH msg=audit(1756443414.336:123): item=0 name="/home/opc/logai/enterprise_mnc_audit_sim/enterprise_data/database/" inode=36570 dev=08:01 mode=0100644 ouid=0 ogid=0
Aug 29 04:56:54 aitest audit: type=SYSCALL msg=audit(1756443414.336:134): arch=c000003e syscall=59 success=yes exit=0 pid=8474 uid=2002 gid=2002 comm="ls" exe="/usr/bin/ls" key="process_execution"
Aug 29 04:58:07 aitest audit: type=SYSCALL msg=audit(1756443487.721:162): arch=c000003e syscall=59 success=yes exit=0 pid=2538 uid=2006 gid=2006 comm="grep" exe="/usr/bin/grep" key="process_execution"
Aug 29 04:58:16 aitest audit: type=PATH msg=audit(1756443496.919:975): item=0 name="/home/opc/logai/enterprise_mnc_audit_sim/enterprise_data/development/projects/project_alpha.txt" inode=14103 dev=08:01 mode=0100644 ouid=0 ogid=0
Aug 29 04:58:16 aitest audit: type=SYSCALL msg=audit(1756443496.919:497): arch=c000003e syscall=59 success=yes exit=0 pid=11430 uid=2006 gid=2006 comm="cat" exe="/usr/bin/cat" key="process_execution"
Aug 29 04:58:17 aitest audit: type=SYSCALL msg=audit(1756443497.579:145): arch=c000003e syscall=59 success=yes exit=0 pid=11593 uid=2006 gid=2006 comm="grep" exe="/usr/bin/grep" key="process_execution"
Aug 29 04:58:18 aitest audit: type=PATH msg=audit(1756443498.154:127): item=0 name="/home/opc/logai/enterprise_mnc_audit_sim/enterprise_data/development/projects/" inode=27349 dev=08:01 mode=0100644 ouid=0 ogid=0
Aug 29 04:58:18 aitest audit: type=SYSCALL msg=audit(1756443498.154:903): arch=c000003e syscall=59 success=yes exit=0 pid=9557 uid=2006 gid=2006 comm="ls" exe="/usr/bin/ls" key="process_execution"
Aug 29 04:58:21 aitest audit: type=PATH msg=audit(1756443501.367:848): item=0 name="/home/opc/logai/enterprise_mnc_audit_sim/enterprise_data/development/" inode=20403 dev=08:01 mode=0100644 ouid=0 ogid=0
Aug 29 04:58:21 aitest audit: type=SYSCALL msg=audit(1756443501.367:638): arch=c000003e syscall=59 success=yes exit=0 pid=3850 uid=2006 gid=2006 comm="ls" exe="/usr/bin/ls" key="process_execution"
Aug 29 04:59:14 aitest audit: type=PATH msg=audit(1756443554.30:875): item=0 name="/home/opc/logai/enterprise_mnc_audit_sim/applications/databases/" inode=36702 dev=08:01 mode=0100644 ouid=0 ogid=0
Aug 29 04:59:14 aitest audit: type=SYSCALL msg=audit(1756443554.30:152): arch=c000003e syscall=59 success=yes exit=0 pid=2352 uid=2002 gid=2002 comm="ls" exe="/usr/bin/ls" key="process_execution"
Aug 29 04:59:16 aitest audit: type=PATH msg=audit(1756443556.117:933): item=0 name="/home/opc/logai/enterprise_mnc_audit_sim/enterprise_data/database/" inode=15022 dev=08:01 mode=0100644 ouid=0 ogid=0
Aug 29 04:59:16 aitest audit: type=SYSCALL msg=audit(1756443556.117:333): arch=c000003e syscall=59 success=yes exit=0 pid=5645 uid=2002 gid=2002 comm="ls" exe="/usr/bin/ls" key="process_execution"
Aug 29 04:59:24 aitest audit: type=PATH msg=audit(1756443564.838:723): item=0 name="/home/opc/logai/enterprise_mnc_audit_sim/enterprise_data/database/mysql/db_config.cnf" inode=38559 dev=08:01 mode=0100644 ouid=0 ogid=0
Aug 29 04:59:24 aitest audit: type=SYSCALL msg=audit(1756443564.838:970): arch=c000003e syscall=59 success=yes exit=0 pid=3754 uid=2002 gid=2002 comm="chmod" exe="/usr/bin/chmod" key="process_execution"
Aug 29 05:05:52 aitest audit: type=PATH msg=audit(1756443952.275:607): item=0 name="/home/opc/logai/enterprise_mnc_audit_sim/enterprise_data/operations" inode=39821 dev=08:01 mode=0100644 ouid=0 ogid=0
Aug 29 05:05:52 aitest audit: type=SYSCALL msg=audit(1756443952.275:184): arch=c000003e syscall=59 success=yes exit=0 pid=4226 uid=2007 gid=2007 comm="find" exe="/usr/bin/find" key="process_execution"
Aug 29 05:06:01 aitest audit: type=SYSCALL msg=audit(1756443961.853:822): arch=c000003e syscall=59 success=yes exit=0 pid=10130 uid=2007 gid=2007 comm="du" exe="/usr/bin/du" key="process_execution"
Aug 29 05:06:03 aitest audit: type=SYSCALL msg=audit(1756443963.8:692): arch=c000003e syscall=59 success=yes exit=0 pid=9268 uid=2007 gid=2007 comm="du" exe="/usr/bin/du" key="process_execution"
Aug 29 05:06:04 aitest audit: type=SYSCALL msg=audit(1756443964.67:824): arch=c000003e syscall=59 success=yes exit=0 pid=7682 uid=2007 gid=2007 comm="tar" exe="/usr/bin/tar" key="process_execution"
Aug 29 05:07:52 aitest audit: type=PATH msg=audit(1756444072.833:967): item=0 name="/home/opc/logai/enterprise_mnc_audit_sim/enterprise_data/development" inode=29215 dev=08:01 mode=0100644 ouid=0 ogid=0
Aug 29 05:07:52 aitest audit: type=SYSCALL msg=audit(1756444072.833:724): arch=c000003e syscall=59 success=yes exit=0 pid=2507 uid=2009 gid=2009 comm="find" exe="/usr/bin/find" key="process_execution"
Aug 29 05:07:55 aitest audit: type=PATH msg=audit(1756444075.20:719): item=0 name="/home/opc/logai/enterprise_mnc_audit_sim/enterprise_data/development" inode=25847 dev=08:01 mode=0100644 ouid=0 ogid=0
Aug 29 05:07:55 aitest audit: type=SYSCALL msg=audit(1756444075.20:482): arch=c000003e syscall=59 success=yes exit=0 pid=8069 uid=2009 gid=2009 comm="find" exe="/usr/bin/find" key="process_execution"
Aug 29 05:14:27 aitest audit: type=SYSCALL msg=audit(1756444467.442:151): arch=c000003e syscall=59 success=yes exit=0 pid=7355 uid=2001 gid=2001 comm="netstat" exe="/usr/bin/netstat" key="process_execution"
Aug 29 05:14:33 aitest audit: type=PATH msg=audit(1756444473.573:981): item=0 name="/home/opc/logai/enterprise_mnc_audit_sim/system/configs/" inode=21351 dev=08:01 mode=0100644 ouid=0 ogid=0
Aug 29 05:14:33 aitest audit: type=SYSCALL msg=audit(1756444473.573:621): arch=c000003e syscall=59 success=yes exit=0 pid=11173 uid=2001 gid=2001 comm="ls" exe="/usr/bin/ls" key="process_execution"
Aug 29 05:14:42 aitest audit: type=SYSCALL msg=audit(1756444482.830:634): arch=c000003e syscall=59 success=yes exit=0 pid=11807 uid=2001 gid=2001 comm="free" exe="/usr/bin/free" key="process_execution"
Aug 29 05:14:44 aitest audit: type=PATH msg=audit(1756444484.233:928): item=0 name="/home/opc/logai/enterprise_mnc_audit_sim/applications/" inode=11813 dev=08:01 mode=0100644 ouid=0 ogid=0
Aug 29 05:14:44 aitest audit: type=SYSCALL msg=audit(1756444484.233:552): arch=c000003e syscall=59 success=yes exit=0 pid=3626 uid=2001 gid=2001 comm="ls" exe="/usr/bin/ls" key="process_execution"
Aug 29 05:14:47 aitest audit: type=SYSCALL msg=audit(1756444487.633:904): arch=c000003e syscall=59 success=yes exit=0 pid=11871 uid=2001 gid=2001 comm="df" exe="/usr/bin/df" key="process_execution"
Aug 29 05:16:08 aitest audit: type=SYSCALL msg=audit(1756444568.139:350): arch=c000003e syscall=59 success=yes exit=0 pid=8799 uid=2005 gid=2005 comm="grep" exe="/usr/bin/grep" key="process_execution"
Aug 29 05:16:17 aitest audit: type=PATH msg=audit(1756444577.945:39): item=0 name="/home/opc/logai/enterprise_mnc_audit_sim/enterprise_data/database" inode=17467 dev=08:01 mode=0100644 ouid=0 ogid=0
Aug 29 05:16:17 aitest audit: type=SYSCALL msg=audit(1756444577.945:582): arch=c000003e syscall=59 success=yes exit=0 pid=3229 uid=2005 gid=2005 comm="find" exe="/usr/bin/find" key="process_execution"
Aug 29 05:16:20 aitest audit: type=PATH msg=audit(1756444580.244:87): item=0 name="/home/opc/logai/enterprise_mnc_audit_sim/applications/databases/" inode=30127 dev=08:01 mode=0100644 ouid=0 ogid=0
Aug 29 05:16:20 aitest audit: type=SYSCALL msg=audit(1756444580.244:702): arch=c000003e syscall=59 success=yes exit=0 pid=7081 uid=2005 gid=2005 comm="ls" exe="/usr/bin/ls" key="process_execution"
Aug 29 05:22:31 aitest audit: type=PATH msg=audit(1756444951.266:873): item=0 name="/home/opc/logai/enterprise_mnc_audit_sim/enterprise_data/operations" inode=17020 dev=08:01 mode=0100644 ouid=0 ogid=0
Aug 29 05:22:31 aitest audit: type=SYSCALL msg=audit(1756444951.266:633): arch=c000003e syscall=59 success=yes exit=0 pid=7769 uid=2007 gid=2007 comm="find" exe="/usr/bin/find" key="process_execution"
Aug 29 05:22:41 aitest audit: type=SYSCALL msg=audit(1756444961.463:666): arch=c000003e syscall=59 success=yes exit=0 pid=9262 uid=2007 gid=2007 comm="tar" exe="/usr/bin/tar" key="process_execution"
Aug 29 05:22:47 aitest audit: type=SYSCALL msg=audit(1756444967.327:963): arch=c000003e syscall=59 success=yes exit=0 pid=6715 uid=2007 gid=2007 comm="tar" exe="/usr/bin/tar" key="process_execution"
Aug 29 05:22:51 aitest audit: type=SYSCALL msg=audit(1756444971.150:973): arch=c000003e syscall=59 success=yes exit=0 pid=5376 uid=2007 gid=2007 comm="top" exe="/usr/bin/top" key="process_execution"
Aug 29 05:34:15 aitest audit: type=PATH msg=audit(1756445655.332:944): item=0 name="/home/opc/logai/enterprise_mnc_audit_sim/enterprise_data/operations" inode=18510 dev=08:01 mode=0100644 ouid=0 ogid=0
Aug 29 05:34:15 aitest audit: type=SYSCALL msg=audit(1756445655.332:64): arch=c000003e syscall=59 success=yes exit=0 pid=2237 uid=2007 gid=2007 comm="find" exe="/usr/bin/find" key="process_execution"
Aug 29 05:34:17 aitest audit: type=SYSCALL msg=audit(1756445657.215:735): arch=c000003e syscall=59 success=yes exit=0 pid=8346 uid=2007 gid=2007 comm="ps" exe="/usr/bin/ps" key="process_execution"
Aug 29 05:34:21 aitest audit: type=SYSCALL msg=audit(1756445661.56:648): arch=c000003e syscall=59 success=yes exit=0 pid=4645 uid=2007 gid=2007 comm="tar" exe="/usr/bin/tar" key="process_execution"
Aug 29 05:35:19 aitest audit: type=PATH msg=audit(1756445719.687:485): item=0 name="/home/opc/logai/enterprise_mnc_audit_sim/enterprise_data/development/" inode=12424 dev=08:01 mode=0100644 ouid=0 ogid=0
Aug 29 05:35:19 aitest audit: type=SYSCALL msg=audit(1756445719.687:733): arch=c000003e syscall=59 success=yes exit=0 pid=11804 uid=2003 gid=2003 comm="ls" exe="/usr/bin/ls" key="process_execution"
Aug 29 05:35:24 aitest audit: type=PATH msg=audit(1756445724.803:428): item=0 name="/home/opc/logai/enterprise_mnc_audit_sim/enterprise_data/development/projects/project_alpha.txt" inode=17924 dev=08:01 mode=0100644 ouid=0 ogid=0
Aug 29 05:35:24 aitest audit: type=SYSCALL msg=audit(1756445724.803:425): arch=c000003e syscall=59 success=yes exit=0 pid=9370 uid=2003 gid=2003 comm="cat" exe="/usr/bin/cat" key="process_execution"
Aug 29 05:35:26 aitest audit: type=PATH msg=audit(1756445726.328:925): item=0 name="/home/opc/logai/enterprise_mnc_audit_sim/enterprise_data/development/scripts/build.sh" inode=28914 dev=08:01 mode=0100644 ouid=0 ogid=0
Aug 29 05:35:26 aitest audit: type=SYSCALL msg=audit(1756445726.328:914): arch=c000003e syscall=59 success=yes exit=0 pid=5312 uid=2003 gid=2003 comm="chmod" exe="/usr/bin/chmod" key="process_execution"
Aug 29 05:35:34 aitest audit: type=SYSCALL msg=audit(1756445734.924:666): arch=c000003e syscall=59 success=yes exit=0 pid=10008 uid=2003 gid=2003 comm="cp" exe="/usr/bin/cp" key="process_execution"
Aug 29 05:35:41 aitest audit: type=PATH msg=audit(1756445741.374:68): item=0 name="/home/opc/logai/enterprise_mnc_audit_sim/enterprise_data/development/" inode=12911 dev=08:01 mode=0100644 ouid=0 ogid=0
Aug 29 05:35:41 aitest audit: type=SYSCALL msg=audit(1756445741.374:123): arch=c000003e syscall=59 success=yes exit=0 pid=3026 uid=2003 gid=2003 comm="ls" exe="/usr/bin/ls" key="process_execution"
Aug 29 05:37:03 aitest audit: type=PATH msg=audit(1756445823.582:247): item=0 name="/home/opc/logai/enterprise_mnc_audit_sim/enterprise_data/database/mysql/db_config.cnf" inode=38910 dev=08:01 mode=0100644 ouid=0 ogid=0
Aug 29 05:37:03 aitest audit: type=SYSCALL msg=audit(1756445823.582:659): arch=c000003e syscall=59 success=yes exit=0 pid=5132 uid=2002 gid=2002 comm="chmod" exe="/usr/bin/chmod" key="process_execution"
Aug 29 05:37:08 aitest audit: type=PATH msg=audit(1756445828.28:458): item=0 name="/home/opc/logai/enterprise_mnc_audit_sim/enterprise_data/database/" inode=15546 dev=08:01 mode=0100644 ouid=0 ogid=0
Aug 29 05:37:08 aitest audit: type=SYSCALL msg=audit(1756445828.28:943): arch=c000003e syscall=59 success=yes exit=0 pid=4606 uid=2002 gid=2002 comm="ls" exe="/usr/bin/ls" key="process_execution"
Aug 29 05:37:12 aitest audit: type=PATH msg=audit(1756445832.932:94): item=0 name="/home/opc/logai/enterprise_mnc_audit_sim/enterprise_data/database" inode=16171 dev=08:01 mode=0100644 ouid=0 ogid=0
Aug 29 05:37:12 aitest audit: type=SYSCALL msg=audit(1756445832.932:690): arch=c000003e syscall=59 success=yes exit=0 pid=10461 uid=2002 gid=2002 comm="find" exe="/usr/bin/find" key="process_execution"
Aug 29 05:37:22 aitest audit: type=SYSCALL msg=audit(1756445842.755:68): arch=c000003e syscall=59 success=yes exit=0 pid=6199 uid=2002 gid=2002 comm="du" exe="/usr/bin/du" key="process_execution"
Aug 29 05:37:26 aitest audit: type=SYSCALL msg=audit(1756445846.808:954): arch=c000003e syscall=59 success=yes exit=0 pid=7011 uid=2002 gid=2002 comm="du" exe="/usr/bin/du" key="process_execution"
Aug 29 05:40:27 aitest audit: type=PATH msg=audit(1756446027.707:125): item=0 name="/home/opc/logai/enterprise_mnc_audit_sim/enterprise_data/database/mysql/db_config.cnf" inode=30546 dev=08:01 mode=0100644 ouid=0 ogid=0
Aug 29 05:40:27 aitest audit: type=SYSCALL msg=audit(1756446027.707:738): arch=c000003e syscall=59 success=yes exit=0 pid=10484 uid=2005 gid=2005 comm="chmod" exe="/usr/bin/chmod" key="process_execution"
Aug 29 05:40:31 aitest audit: type=PATH msg=audit(1756446031.463:870): item=0 name="/home/opc/logai/enterprise_mnc_audit_sim/applications/databases/" inode=11348 dev=08:01 mode=0100644 ouid=0 ogid=0
Aug 29 05:40:31 aitest audit: type=SYSCALL msg=audit(1756446031.463:883): arch=c000003e syscall=59 success=yes exit=0 pid=11549 uid=2005 gid=2005 comm="ls" exe="/usr/bin/ls" key="process_execution"
Aug 29 05:40:38 aitest audit: type=SYSCALL msg=audit(1756446038.307:528): arch=c000003e syscall=59 success=yes exit=0 pid=4170 uid=2005 gid=2005 comm="cp" exe="/usr/bin/cp" key="process_execution"
Aug 29 05:40:47 aitest audit: type=SYSCALL msg=audit(1756446047.539:815): arch=c000003e syscall=59 success=yes exit=0 pid=8261 uid=2005 gid=2005 comm="grep" exe="/usr/bin/grep" key="process_execution"
Aug 29 05:40:48 aitest audit: type=PATH msg=audit(1756446048.949:845): item=0 name="/home/opc/logai/enterprise_mnc_audit_sim/enterprise_data/database/mysql/db_config.cnf" inode=36949 dev=08:01 mode=0100644 ouid=0 ogid=0
Aug 29 05:40:48 aitest audit: type=SYSCALL msg=audit(1756446048.949:513): arch=c000003e syscall=59 success=yes exit=0 pid=10173 uid=2005 gid=2005 comm="cat" exe="/usr/bin/cat" key="process_execution"
Aug 29 05:40:50 aitest audit: type=SYSCALL msg=audit(1756446050.637:742): arch=c000003e syscall=59 success=yes exit=0 pid=3868 uid=2005 gid=2005 comm="grep" exe="/usr/bin/grep" key="process_execution"
Aug 29 05:40:54 aitest audit: type=SYSCALL msg=audit(1756446054.345:347): arch=c000003e syscall=59 success=yes exit=0 pid=9601 uid=2005 gid=2005 comm="cp" exe="/usr/bin/cp" key="process_execution"
Aug 29 05:40:57 aitest audit: type=PATH msg=audit(1756446057.547:622): item=0 name="/home/opc/logai/enterprise_mnc_audit_sim/enterprise_data/database" inode=40449 dev=08:01 mode=0100644 ouid=0 ogid=0
Aug 29 05:40:57 aitest audit: type=SYSCALL msg=audit(1756446057.547:589): arch=c000003e syscall=59 success=yes exit=0 pid=3968 uid=2005 gid=2005 comm="find" exe="/usr/bin/find" key="process_execution"
Aug 29 05:41:05 aitest audit: type=SYSCALL msg=audit(1756446065.407:85): arch=c000003e syscall=59 success=yes exit=0 pid=11279 uid=2005 gid=2005 comm="grep" exe="/usr/bin/grep" key="process_execution"
Aug 29 05:41:06 aitest audit: type=PATH msg=audit(1756446066.305:83): item=0 name="/home/opc/logai/enterprise_mnc_audit_sim/enterprise_data/database/mysql/db_config.cnf" inode=35629 dev=08:01 mode=0100644 ouid=0 ogid=0
Aug 29 05:41:06 aitest audit: type=SYSCALL msg=audit(1756446066.305:704): arch=c000003e syscall=59 success=yes exit=0 pid=8060 uid=2005 gid=2005 comm="cat" exe="/usr/bin/cat" key="process_execution"
Aug 29 05:46:17 aitest audit: type=PATH msg=audit(1756446377.766:33): item=0 name="/home/opc/logai/enterprise_mnc_audit_sim/system/configs/" inode=14845 dev=08:01 mode=0100644 ouid=0 ogid=0
Aug 29 05:46:17 aitest audit: type=SYSCALL msg=audit(1756446377.766:561): arch=c000003e syscall=59 success=yes exit=0 pid=7484 uid=2004 gid=2004 comm="ls" exe="/usr/bin/ls" key="process_execution"
Aug 29 05:46:21 aitest audit: type=PATH msg=audit(1756446381.545:736): item=0 name="/home/opc/logai/enterprise_mnc_audit_sim/system" inode=33351 dev=08:01 mode=0100644 ouid=0 ogid=0
Aug 29 05:46:21 aitest audit: type=SYSCALL msg=audit(1756446381.545:862): arch=c000003e syscall=59 success=yes exit=0 pid=10679 uid=2004 gid=2004 comm="find" exe="/usr/bin/find" key="process_execution"
Aug 29 06:11:32 aitest audit: type=PATH msg=audit(1756447892.739:512): item=0 name="/home/opc/logai/enterprise_mnc_audit_sim/enterprise_data/database/" inode=38970 dev=08:01 mode=0100644 ouid=0 ogid=0
Aug 29 06:11:32 aitest audit: type=SYSCALL msg=audit(1756447892.739:406): arch=c000003e syscall=59 success=yes exit=0 pid=6268 uid=2005 gid=2005 comm="ls" exe="/usr/bin/ls" key="process_execution"
Aug 29 06:11:39 aitest audit: type=SYSCALL msg=audit(1756447899.805:130): arch=c000003e syscall=59 success=yes exit=0 pid=8114 uid=2005 gid=2005 comm="grep" exe="/usr/bin/grep" key="process_execution"
Aug 29 06:11:46 aitest audit: type=PATH msg=audit(1756447906.505:914): item=0 name="/home/opc/logai/enterprise_mnc_audit_sim/enterprise_data/database/mysql/db_config.cnf" inode=30154 dev=08:01 mode=0100644 ouid=0 ogid=0
Aug 29 06:11:46 aitest audit: type=SYSCALL msg=audit(1756447906.505:721): arch=c000003e syscall=59 success=yes exit=0 pid=7738 uid=2005 gid=2005 comm="chmod" exe="/usr/bin/chmod" key="process_execution"
Aug 29 06:14:43 aitest audit: type=SYSCALL msg=audit(1756448083.361:209): arch=c000003e syscall=59 success=yes exit=0 pid=2432 uid=2004 gid=2004 comm="netstat" exe="/usr/bin/netstat" key="process_execution"
Aug 29 06:14:46 aitest audit: type=PATH msg=audit(1756448086.290:22): item=0 name="/home/opc/logai/enterprise_mnc_audit_sim/applications/" inode=35924 dev=08:01 mode=0100644 ouid=0 ogid=0
Aug 29 06:14:46 aitest audit: type=SYSCALL msg=audit(1756448086.290:601): arch=c000003e syscall=59 success=yes exit=0 pid=7527 uid=2004 gid=2004 comm="ls" exe="/usr/bin/ls" key="process_execution"
Aug 29 06:14:54 aitest audit: type=PATH msg=audit(1756448094.119:32): item=0 name="/home/opc/logai/enterprise_mnc_audit_sim/system" inode=23747 dev=08:01 mode=0100644 ouid=0 ogid=0
Aug 29 06:14:54 aitest audit: type=SYSCALL msg=audit(1756448094.119:442): arch=c000003e syscall=59 success=yes exit=0 pid=11137 uid=2004 gid=2004 comm="find" exe="/usr/bin/find" key="process_execution"
Aug 29 06:15:02 aitest audit: type=SYSCALL msg=audit(1756448102.38:262): arch=c000003e syscall=59 success=yes exit=0 pid=8127 uid=2004 gid=2004 comm="df" exe="/usr/bin/df" key="process_execution"
Aug 29 06:18:47 aitest audit: type=PATH msg=audit(1756448327.735:674): item=0 name="/home/opc/logai/enterprise_mnc_audit_sim/enterprise_data/development/" inode=17444 dev=08:01 mode=0100644 ouid=0 ogid=0
Aug 29 06:18:47 aitest audit: type=SYSCALL msg=audit(1756448327.735:956): arch=c000003e syscall=59 success=yes exit=0 pid=3648 uid=2003 gid=2003 comm="ls" exe="/usr/bin/ls" key="process_execution"
Aug 29 06:18:48 aitest audit: type=SYSCALL msg=audit(1756448328.70:660): arch=c000003e syscall=59 success=yes exit=0 pid=7064 uid=2003 gid=2003 comm="cp" exe="/usr/bin/cp" key="process_execution"
Aug 29 06:18:53 aitest audit: type=PATH msg=audit(1756448333.910:394): item=0 name="/home/opc/logai/enterprise_mnc_audit_sim/enterprise_data/development/projects/project_alpha.txt" inode=39963 dev=08:01 mode=0100644 ouid=0 ogid=0
Aug 29 06:18:53 aitest audit: type=SYSCALL msg=audit(1756448333.910:317): arch=c000003e syscall=59 success=yes exit=0 pid=6201 uid=2003 gid=2003 comm="cat" exe="/usr/bin/cat" key="process_execution"
Aug 29 06:19:01 aitest audit: type=PATH msg=audit(1756448341.45:652): item=0 name="/home/opc/logai/enterprise_mnc_audit_sim/enterprise_data/development/projects/" inode=10683 dev=08:01 mode=0100644 ouid=0 ogid=0
Aug 29 06:19:01 aitest audit: type=SYSCALL msg=audit(1756448341.45:344): arch=c000003e syscall=59 success=yes exit=0 pid=4885 uid=2003 gid=2003 comm="ls" exe="/usr/bin/ls" key="process_execution"
Aug 29 06:19:05 aitest audit: type=SYSCALL msg=audit(1756448345.751:358): arch=c000003e syscall=59 success=yes exit=0 pid=6789 uid=2003 gid=2003 comm="grep" exe="/usr/bin/grep" key="process_execution"
Aug 29 06:22:53 aitest audit: type=SYSCALL msg=audit(1756448573.656:311): arch=c000003e syscall=59 success=yes exit=0 pid=7688 uid=2008 gid=2008 comm="netstat" exe="/usr/bin/netstat" key="process_execution"
Aug 29 06:22:59 aitest audit: type=PATH msg=audit(1756448579.3:713): item=0 name="/home/opc/logai/enterprise_mnc_audit_sim/enterprise_data/hr/" inode=27817 dev=08:01 mode=0100644 ouid=0 ogid=0
Aug 29 06:22:59 aitest audit: type=SYSCALL msg=audit(1756448579.3:402): arch=c000003e syscall=59 success=yes exit=0 pid=10918 uid=2008 gid=2008 comm="chmod" exe="/usr/bin/chmod" key="process_execution"
Aug 29 06:23:07 aitest audit: type=SYSCALL msg=audit(1756448587.247:942): arch=c000003e syscall=59 success=yes exit=0 pid=4705 uid=2008 gid=2008 comm="last" exe="/usr/bin/last" key="process_execution"
Aug 29 06:23:13 aitest audit: type=PATH msg=audit(1756448593.184:107): item=0 name="/home/opc/logai/enterprise_mnc_audit_sim/enterprise_data/" inode=12881 dev=08:01 mode=0100644 ouid=0 ogid=0
Aug 29 06:23:13 aitest audit: type=SYSCALL msg=audit(1756448593.184:505): arch=c000003e syscall=59 success=yes exit=0 pid=4387 uid=2008 gid=2008 comm="ls" exe="/usr/bin/ls" key="process_execution"
Aug 29 06:23:16 aitest audit: type=SYSCALL msg=audit(1756448596.821:861): arch=c000003e syscall=59 success=yes exit=0 pid=9677 uid=2008 gid=2008 comm="who" exe="/usr/bin/who" key="process_execution"
Aug 29 06:31:09 aitest audit: type=PATH msg=audit(1756449069.363:265): item=0 name="/home/opc/logai/enterprise_mnc_audit_sim/applications/databases/" inode=42501 dev=08:01 mode=0100644 ouid=0 ogid=0
Aug 29 06:31:09 aitest audit: type=SYSCALL msg=audit(1756449069.363:139): arch=c000003e syscall=59 success=yes exit=0 pid=8321 uid=2002 gid=2002 comm="ls" exe="/usr/bin/ls" key="process_execution"
Aug 29 06:31:17 aitest audit: type=PATH msg=audit(1756449077.353:612): item=0 name="/home/opc/logai/enterprise_mnc_audit_sim/enterprise_data/database/mysql/db_config.cnf" inode=29449 dev=08:01 mode=0100644 ouid=0 ogid=0
Aug 29 06:31:17 aitest audit: type=SYSCALL msg=audit(1756449077.353:456): arch=c000003e syscall=59 success=yes exit=0 pid=3268 uid=2002 gid=2002 comm="cat" exe="/usr/bin/cat" key="process_execution"
Aug 29 06:31:19 aitest audit: type=PATH msg=audit(1756449079.421:411): item=0 name="/home/opc/logai/enterprise_mnc_audit_sim/enterprise_data/database/mysql/db_config.cnf" inode=13612 dev=08:01 mode=0100644 ouid=0 ogid=0
Aug 29 06:31:19 aitest audit: type=SYSCALL msg=audit(1756449079.421:605): arch=c000003e syscall=59 success=yes exit=0 pid=11315 uid=2002 gid=2002 comm="chmod" exe="/usr/bin/chmod" key="process_execution"
Aug 29 06:31:29 aitest audit: type=SYSCALL msg=audit(1756449089.507:215): arch=c000003e syscall=59 success=yes exit=0 pid=2591 uid=2002 gid=2002 comm="du" exe="/usr/bin/du" key="process_execution"
Aug 29 06:31:36 aitest audit: type=SYSCALL msg=audit(1756449096.901:316): arch=c000003e syscall=59 success=yes exit=0 pid=10552 uid=2002 gid=2002 comm="grep" exe="/usr/bin/grep" key="process_execution"
Aug 29 06:39:06 aitest audit: type=PATH msg=audit(1756449546.390:882): item=0 name="/home/opc/logai/enterprise_mnc_audit_sim/enterprise_data/database" inode=41652 dev=08:01 mode=0100644 ouid=0 ogid=0
Aug 29 06:39:06 aitest audit: type=SYSCALL msg=audit(1756449546.390:777): arch=c000003e syscall=59 success=yes exit=0 pid=3693 uid=2005 gid=2005 comm="find" exe="/usr/bin/find" key="process_execution"
Aug 29 06:39:08 aitest audit: type=SYSCALL msg=audit(1756449548.419:695): arch=c000003e syscall=59 success=yes exit=0 pid=5812 uid=2005 gid=2005 comm="grep" exe="/usr/bin/grep" key="process_execution"
Aug 29 06:39:44 aitest audit: type=PATH msg=audit(1756449584.665:370): item=0 name="/home/opc/logai/enterprise_mnc_audit_sim/enterprise_data/development/projects/project_alpha.txt" inode=21592 dev=08:01 mode=0100644 ouid=0 ogid=0
Aug 29 06:39:44 aitest audit: type=SYSCALL msg=audit(1756449584.665:699): arch=c000003e syscall=59 success=yes exit=0 pid=4889 uid=2006 gid=2006 comm="cat" exe="/usr/bin/cat" key="process_execution"
Aug 29 06:39:51 aitest audit: type=PATH msg=audit(1756449591.724:744): item=0 name="/home/opc/logai/enterprise_mnc_audit_sim/enterprise_data/development/projects/" inode=20055 dev=08:01 mode=0100644 ouid=0 ogid=0
Aug 29 06:39:51 aitest audit: type=SYSCALL msg=audit(1756449591.724:695): arch=c000003e syscall=59 success=yes exit=0 pid=2260 uid=2006 gid=2006 comm="ls" exe="/usr/bin/ls" key="process_execution"
Aug 29 06:39:54 aitest audit: type=SYSCALL msg=audit(1756449594.778:843): arch=c000003e syscall=59 success=yes exit=0 pid=7494 uid=2006 gid=2006 comm="wc" exe="/usr/bin/wc" key="process_execution"
Aug 29 06:41:07 aitest audit: type=PATH msg=audit(1756449667.987:467): item=0 name="/home/opc/logai/enterprise_mnc_audit_sim/enterprise_data/database/mysql/db_config.cnf" inode=15749 dev=08:01 mode=0100644 ouid=0 ogid=0
Aug 29 06:41:07 aitest audit: type=SYSCALL msg=audit(1756449667.987:950): arch=c000003e syscall=59 success=yes exit=0 pid=8142 uid=2005 gid=2005 comm="chmod" exe="/usr/bin/chmod" key="process_execution"
Aug 29 06:41:08 aitest audit: type=PATH msg=audit(1756449668.83:272): item=0 name="/home/opc/logai/enterprise_mnc_audit_sim/enterprise_data/development/projects/" inode=23750 dev=08:01 mode=0100644 ouid=0 ogid=0
Aug 29 06:41:08 aitest audit: type=SYSCALL msg=audit(1756449668.83:420): arch=c000003e syscall=59 success=yes exit=0 pid=10067 uid=2006 gid=2006 comm="ls" exe="/usr/bin/ls" key="process_execution"
Aug 29 06:41:14 aitest audit: type=PATH msg=audit(1756449674.32:853): item=0 name="/home/opc/logai/enterprise_mnc_audit_sim/enterprise_data/database/" inode=37718 dev=08:01 mode=0100644 ouid=0 ogid=0
Aug 29 06:41:14 aitest audit: type=SYSCALL msg=audit(1756449674.32:196): arch=c000003e syscall=59 success=yes exit=0 pid=4708 uid=2005 gid=2005 comm="ls" exe="/usr/bin/ls" key="process_execution"
Aug 29 06:41:16 aitest audit: type=PATH msg=audit(1756449676.345:28): item=0 name="/home/opc/logai/enterprise_mnc_audit_sim/enterprise_data/development" inode=40241 dev=08:01 mode=0100644 ouid=0 ogid=0
Aug 29 06:41:16 aitest audit: type=SYSCALL msg=audit(1756449676.345:169): arch=c000003e syscall=59 success=yes exit=0 pid=6881 uid=2006 gid=2006 comm="find" exe="/usr/bin/find" key="process_execution"
Aug 29 06:41:24 aitest audit: type=SYSCALL msg=audit(1756449684.68:249): arch=c000003e syscall=59 success=yes exit=0 pid=5750 uid=2006 gid=2006 comm="grep" exe="/usr/bin/grep" key="process_execution"
Aug 29 06:49:19 aitest audit: type=SYSCALL msg=audit(1756450159.522:245): arch=c000003e syscall=59 success=yes exit=0 pid=6139 uid=2010 gid=2010 comm="ps" exe="/usr/bin/ps" key="process_execution"
Aug 29 06:49:23 aitest audit: type=SYSCALL msg=audit(1756450163.867:286): arch=c000003e syscall=59 success=yes exit=0 pid=5489 uid=2010 gid=2010 comm="ps" exe="/usr/bin/ps" key="process_execution"
Aug 29 06:49:29 aitest audit: type=PATH msg=audit(1756450169.50:96): item=0 name="/home/opc/logai/enterprise_mnc_audit_sim/applications/" inode=35772 dev=08:01 mode=0100644 ouid=0 ogid=0
Aug 29 06:49:29 aitest audit: type=SYSCALL msg=audit(1756450169.50:698): arch=c000003e syscall=59 success=yes exit=0 pid=10649 uid=2010 gid=2010 comm="ls" exe="/usr/bin/ls" key="process_execution"
Aug 29 06:49:38 aitest audit: type=PATH msg=audit(1756450178.724:261): item=0 name="/home/opc/logai/enterprise_mnc_audit_sim/enterprise_data/operations/" inode=26766 dev=08:01 mode=0100644 ouid=0 ogid=0
Aug 29 06:49:38 aitest audit: type=SYSCALL msg=audit(1756450178.724:232): arch=c000003e syscall=59 success=yes exit=0 pid=5218 uid=2010 gid=2010 comm="ls" exe="/usr/bin/ls" key="process_execution"
Aug 29 06:49:48 aitest audit: type=SYSCALL msg=audit(1756450188.549:283): arch=c000003e syscall=59 success=yes exit=0 pid=9295 uid=2010 gid=2010 comm="tar" exe="/usr/bin/tar" key="process_execution"
Aug 29 07:05:28 aitest audit: type=SYSCALL msg=audit(1756451128.763:536): arch=c000003e syscall=59 success=yes exit=0 pid=6535 uid=2007 gid=2007 comm="du" exe="/usr/bin/du" key="process_execution"
Aug 29 07:05:37 aitest audit: type=SYSCALL msg=audit(1756451137.104:177): arch=c000003e syscall=59 success=yes exit=0 pid=8434 uid=2007 gid=2007 comm="du" exe="/usr/bin/du" key="process_execution"
Aug 29 07:05:46 aitest audit: type=SYSCALL msg=audit(1756451146.783:231): arch=c000003e syscall=59 success=yes exit=0 pid=6635 uid=2007 gid=2007 comm="ps" exe="/usr/bin/ps" key="process_execution"
Aug 29 07:07:42 aitest audit: type=PATH msg=audit(1756451262.171:140): item=0 name="/home/opc/logai/enterprise_mnc_audit_sim/system" inode=12102 dev=08:01 mode=0100644 ouid=0 ogid=0
Aug 29 07:07:42 aitest audit: type=SYSCALL msg=audit(1756451262.171:125): arch=c000003e syscall=59 success=yes exit=0 pid=5073 uid=2001 gid=2001 comm="find" exe="/usr/bin/find" key="process_execution"
Aug 29 07:07:50 aitest audit: type=PATH msg=audit(1756451270.597:70): item=0 name="/home/opc/logai/enterprise_mnc_audit_sim/system/configs/" inode=27809 dev=08:01 mode=0100644 ouid=0 ogid=0
Aug 29 07:07:50 aitest audit: type=SYSCALL msg=audit(1756451270.597:965): arch=c000003e syscall=59 success=yes exit=0 pid=2503 uid=2001 gid=2001 comm="ls" exe="/usr/bin/ls" key="process_execution"
Aug 29 07:07:57 aitest audit: type=PATH msg=audit(1756451277.366:996): item=0 name="/home/opc/logai/enterprise_mnc_audit_sim/applications/" inode=33095 dev=08:01 mode=0100644 ouid=0 ogid=0
Aug 29 07:07:57 aitest audit: type=SYSCALL msg=audit(1756451277.366:922): arch=c000003e syscall=59 success=yes exit=0 pid=3753 uid=2001 gid=2001 comm="ls" exe="/usr/bin/ls" key="process_execution"
Aug 29 07:08:03 aitest audit: type=SYSCALL msg=audit(1756451283.994:942): arch=c000003e syscall=59 success=yes exit=0 pid=4626 uid=2001 gid=2001 comm="netstat" exe="/usr/bin/netstat" key="process_execution"
Aug 29 07:35:17 aitest audit: type=PATH msg=audit(1756452917.716:823): item=0 name="/home/opc/logai/enterprise_mnc_audit_sim/enterprise_data/development/projects/project_alpha.txt" inode=37336 dev=08:01 mode=0100644 ouid=0 ogid=0
Aug 29 07:35:17 aitest audit: type=SYSCALL msg=audit(1756452917.716:346): arch=c000003e syscall=59 success=yes exit=0 pid=7831 uid=2006 gid=2006 comm="cat" exe="/usr/bin/cat" key="process_execution"
Aug 29 07:35:25 aitest audit: type=PATH msg=audit(1756452925.673:675): item=0 name="/home/opc/logai/enterprise_mnc_audit_sim/enterprise_data/development/projects/" inode=18574 dev=08:01 mode=0100644 ouid=0 ogid=0
Aug 29 07:35:25 aitest audit: type=SYSCALL msg=audit(1756452925.673:719): arch=c000003e syscall=59 success=yes exit=0 pid=4368 uid=2006 gid=2006 comm="ls" exe="/usr/bin/ls" key="process_execution"
Aug 29 07:44:10 aitest audit: type=SYSCALL msg=audit(1756453450.69:128): arch=c000003e syscall=59 success=yes exit=0 pid=11439 uid=2007 gid=2007 comm="ps" exe="/usr/bin/ps" key="process_execution"
Aug 29 07:44:18 aitest audit: type=PATH msg=audit(1756453458.428:405): item=0 name="/home/opc/logai/enterprise_mnc_audit_sim/enterprise_data/development/scripts/build.sh" inode=24635 dev=08:01 mode=0100644 ouid=0 ogid=0
Aug 29 07:44:18 aitest audit: type=SYSCALL msg=audit(1756453458.138:167): arch=c000003e syscall=59 success=yes exit=0 pid=6548 uid=2007 gid=2007 comm="ps" exe="/usr/bin/ps" key="process_execution"
Aug 29 07:44:18 aitest audit: type=SYSCALL msg=audit(1756453458.428:905): arch=c000003e syscall=59 success=yes exit=0 pid=2483 uid=2003 gid=2003 comm="chmod" exe="/usr/bin/chmod" key="process_execution"
Aug 29 07:44:22 aitest audit: type=PATH msg=audit(1756453462.675:424): item=0 name="/home/opc/logai/enterprise_mnc_audit_sim/enterprise_data/development/" inode=33681 dev=08:01 mode=0100644 ouid=0 ogid=0
Aug 29 07:44:22 aitest audit: type=SYSCALL msg=audit(1756453462.675:221): arch=c000003e syscall=59 success=yes exit=0 pid=9273 uid=2003 gid=2003 comm="ls" exe="/usr/bin/ls" key="process_execution"
Aug 29 07:44:26 aitest audit: type=SYSCALL msg=audit(1756453466.698:464): arch=c000003e syscall=59 success=yes exit=0 pid=6841 uid=2007 gid=2007 comm="top" exe="/usr/bin/top" key="process_execution"
Aug 29 07:44:27 aitest audit: type=SYSCALL msg=audit(1756453467.935:547): arch=c000003e syscall=59 success=yes exit=0 pid=2643 uid=2003 gid=2003 comm="grep" exe="/usr/bin/grep" key="process_execution"
Aug 29 07:44:31 aitest audit: type=PATH msg=audit(1756453471.158:653): item=0 name="/home/opc/logai/enterprise_mnc_audit_sim/enterprise_data/operations/scripts/" inode=17966 dev=08:01 mode=0100644 ouid=0 ogid=0
Aug 29 07:44:31 aitest audit: type=SYSCALL msg=audit(1756453471.158:173): arch=c000003e syscall=59 success=yes exit=0 pid=5554 uid=2007 gid=2007 comm="chmod" exe="/usr/bin/chmod" key="process_execution"
Aug 29 07:44:32 aitest audit: type=SYSCALL msg=audit(1756453472.367:831): arch=c000003e syscall=59 success=yes exit=0 pid=6177 uid=2007 gid=2007 comm="ps" exe="/usr/bin/ps" key="process_execution"
Aug 29 07:44:35 aitest audit: type=PATH msg=audit(1756453475.904:392): item=0 name="/home/opc/logai/enterprise_mnc_audit_sim/enterprise_data/development/projects/" inode=35188 dev=08:01 mode=0100644 ouid=0 ogid=0
Aug 29 07:44:35 aitest audit: type=SYSCALL msg=audit(1756453475.904:584): arch=c000003e syscall=59 success=yes exit=0 pid=9511 uid=2003 gid=2003 comm="ls" exe="/usr/bin/ls" key="process_execution"
Aug 29 07:48:41 aitest audit: type=SYSCALL msg=audit(1756453721.500:557): arch=c000003e syscall=59 success=yes exit=0 pid=10201 uid=2008 gid=2008 comm="w" exe="/usr/bin/w" key="process_execution"
Aug 29 07:48:51 aitest audit: type=PATH msg=audit(1756453731.73:985): item=0 name="/home/opc/logai/enterprise_mnc_audit_sim/enterprise_data/hr/" inode=15974 dev=08:01 mode=0100644 ouid=0 ogid=0
Aug 29 07:48:51 aitest audit: type=SYSCALL msg=audit(1756453731.73:41): arch=c000003e syscall=59 success=yes exit=0 pid=11669 uid=2008 gid=2008 comm="ls" exe="/usr/bin/ls" key="process_execution"
Aug 29 07:48:54 aitest audit: type=SYSCALL msg=audit(1756453734.144:934): arch=c000003e syscall=59 success=yes exit=0 pid=5273 uid=2008 gid=2008 comm="netstat" exe="/usr/bin/netstat" key="process_execution"
Aug 29 07:50:04 aitest audit: type=PATH msg=audit(1756453804.345:965): item=0 name="/home/opc/logai/enterprise_mnc_audit_sim/enterprise_data/development" inode=36355 dev=08:01 mode=0100644 ouid=0 ogid=0
Aug 29 07:50:04 aitest audit: type=SYSCALL msg=audit(1756453804.345:395): arch=c000003e syscall=59 success=yes exit=0 pid=3105 uid=2003 gid=2003 comm="find" exe="/usr/bin/find" key="process_execution"
Aug 29 07:50:05 aitest audit: type=SYSCALL msg=audit(1756453805.394:68): arch=c000003e syscall=59 success=yes exit=0 pid=5763 uid=2003 gid=2003 comm="wc" exe="/usr/bin/wc" key="process_execution"
Aug 29 07:50:09 aitest audit: type=PATH msg=audit(1756453809.380:885): item=0 name="/home/opc/logai/enterprise_mnc_audit_sim/enterprise_data/development/projects/project_alpha.txt" inode=23868 dev=08:01 mode=0100644 ouid=0 ogid=0
Aug 29 07:50:09 aitest audit: type=SYSCALL msg=audit(1756453809.380:439): arch=c000003e syscall=59 success=yes exit=0 pid=2624 uid=2003 gid=2003 comm="cat" exe="/usr/bin/cat" key="process_execution"
Aug 29 07:50:14 aitest audit: type=PATH msg=audit(1756453814.209:207): item=0 name="/home/opc/logai/enterprise_mnc_audit_sim/enterprise_data/development" inode=40145 dev=08:01 mode=0100644 ouid=0 ogid=0
Aug 29 07:50:14 aitest audit: type=SYSCALL msg=audit(1756453814.209:874): arch=c000003e syscall=59 success=yes exit=0 pid=8171 uid=2003 gid=2003 comm="find" exe="/usr/bin/find" key="process_execution"
Aug 29 07:50:22 aitest audit: type=SYSCALL msg=audit(1756453822.856:877): arch=c000003e syscall=59 success=yes exit=0 pid=8753 uid=2003 gid=2003 comm="cp" exe="/usr/bin/cp" key="process_execution"
Aug 29 08:01:43 aitest audit: type=SYSCALL msg=audit(1756454503.680:170): arch=c000003e syscall=59 success=yes exit=0 pid=7999 uid=2003 gid=2003 comm="cp" exe="/usr/bin/cp" key="process_execution"
Aug 29 08:01:46 aitest audit: type=PATH msg=audit(1756454506.125:324): item=0 name="/home/opc/logai/enterprise_mnc_audit_sim/enterprise_data/development/" inode=36060 dev=08:01 mode=0100644 ouid=0 ogid=0
Aug 29 08:01:46 aitest audit: type=SYSCALL msg=audit(1756454506.125:623): arch=c000003e syscall=59 success=yes exit=0 pid=6704 uid=2003 gid=2003 comm="ls" exe="/usr/bin/ls" key="process_execution"
Aug 29 08:01:49 aitest audit: type=SYSCALL msg=audit(1756454509.36:562): arch=c000003e syscall=59 success=yes exit=0 pid=11311 uid=2003 gid=2003 comm="wc" exe="/usr/bin/wc" key="process_execution"
Aug 29 08:01:54 aitest audit: type=SYSCALL msg=audit(1756454514.163:144): arch=c000003e syscall=59 success=yes exit=0 pid=11054 uid=2003 gid=2003 comm="wc" exe="/usr/bin/wc" key="process_execution"
Aug 29 08:07:51 aitest audit: type=PATH msg=audit(1756454871.464:924): item=0 name="/home/opc/logai/enterprise_mnc_audit_sim/enterprise_data/operations" inode=34403 dev=08:01 mode=0100644 ouid=0 ogid=0
Aug 29 08:07:51 aitest audit: type=SYSCALL msg=audit(1756454871.464:892): arch=c000003e syscall=59 success=yes exit=0 pid=6519 uid=2007 gid=2007 comm="find" exe="/usr/bin/find" key="process_execution"
Aug 29 08:07:59 aitest audit: type=PATH msg=audit(1756454879.357:427): item=0 name="/home/opc/logai/enterprise_mnc_audit_sim/applications/" inode=16071 dev=08:01 mode=0100644 ouid=0 ogid=0
Aug 29 08:07:59 aitest audit: type=SYSCALL msg=audit(1756454879.357:954): arch=c000003e syscall=59 success=yes exit=0 pid=11559 uid=2007 gid=2007 comm="ls" exe="/usr/bin/ls" key="process_execution"
Aug 29 08:13:09 aitest audit: type=PATH msg=audit(1756455189.304:581): item=0 name="/home/opc/logai/enterprise_mnc_audit_sim/enterprise_data/database" inode=15031 dev=08:01 mode=0100644 ouid=0 ogid=0
Aug 29 08:13:09 aitest audit: type=SYSCALL msg=audit(1756455189.304:458): arch=c000003e syscall=59 success=yes exit=0 pid=9598 uid=2002 gid=2002 comm="find" exe="/usr/bin/find" key="process_execution"
Aug 29 08:13:14 aitest audit: type=SYSCALL msg=audit(1756455194.832:716): arch=c000003e syscall=59 success=yes exit=0 pid=3612 uid=2002 gid=2002 comm="grep" exe="/usr/bin/grep" key="process_execution"
Aug 29 08:13:16 aitest audit: type=SYSCALL msg=audit(1756455196.180:931): arch=c000003e syscall=59 success=yes exit=0 pid=11407 uid=2002 gid=2002 comm="grep" exe="/usr/bin/grep" key="process_execution"
Aug 29 08:13:17 aitest audit: type=SYSCALL msg=audit(1756455197.615:420): arch=c000003e syscall=59 success=yes exit=0 pid=3704 uid=2002 gid=2002 comm="cp" exe="/usr/bin/cp" key="process_execution"
Aug 29 08:14:40 aitest audit: type=PATH msg=audit(1756455280.239:705): item=0 name="/home/opc/logai/enterprise_mnc_audit_sim/system/configs/server.conf" inode=36259 dev=08:01 mode=0100644 ouid=0 ogid=0
Aug 29 08:14:40 aitest audit: type=SYSCALL msg=audit(1756455280.239:494): arch=c000003e syscall=59 success=yes exit=0 pid=4968 uid=2004 gid=2004 comm="chmod" exe="/usr/bin/chmod" key="process_execution"
Aug 29 08:14:47 aitest audit: type=SYSCALL msg=audit(1756455287.222:731): arch=c000003e syscall=59 success=yes exit=0 pid=5740 uid=2004 gid=2004 comm="df" exe="/usr/bin/df" key="process_execution"
Aug 29 08:14:50 aitest audit: type=PATH msg=audit(1756455290.286:719): item=0 name="/home/opc/logai/enterprise_mnc_audit_sim/system" inode=13849 dev=08:01 mode=0100644 ouid=0 ogid=0
Aug 29 08:14:50 aitest audit: type=SYSCALL msg=audit(1756455290.286:705): arch=c000003e syscall=59 success=yes exit=0 pid=6135 uid=2004 gid=2004 comm="find" exe="/usr/bin/find" key="process_execution"
Aug 29 08:15:35 aitest audit: type=SYSCALL msg=audit(1756455335.904:293): arch=c000003e syscall=59 success=yes exit=0 pid=2638 uid=2001 gid=2001 comm="netstat" exe="/usr/bin/netstat" key="process_execution"
Aug 29 08:15:39 aitest audit: type=SYSCALL msg=audit(1756455339.621:422): arch=c000003e syscall=59 success=yes exit=0 pid=11626 uid=2001 gid=2001 comm="df" exe="/usr/bin/df" key="process_execution"
Aug 29 08:25:33 aitest audit: type=SYSCALL msg=audit(1756455933.430:678): arch=c000003e syscall=59 success=yes exit=0 pid=5928 uid=2005 gid=2005 comm="du" exe="/usr/bin/du" key="process_execution"
Aug 29 08:25:38 aitest audit: type=PATH msg=audit(1756455938.154:926): item=0 name="/home/opc/logai/enterprise_mnc_audit_sim/enterprise_data/database" inode=33637 dev=08:01 mode=0100644 ouid=0 ogid=0
Aug 29 08:25:38 aitest audit: type=SYSCALL msg=audit(1756455938.154:950): arch=c000003e syscall=59 success=yes exit=0 pid=8549 uid=2005 gid=2005 comm="find" exe="/usr/bin/find" key="process_execution"
Aug 29 08:25:44 aitest audit: type=PATH msg=audit(1756455944.573:493): item=0 name="/home/opc/logai/enterprise_mnc_audit_sim/enterprise_data/database/mysql/db_config.cnf" inode=25942 dev=08:01 mode=0100644 ouid=0 ogid=0
Aug 29 08:25:44 aitest audit: type=SYSCALL msg=audit(1756455944.573:944): arch=c000003e syscall=59 success=yes exit=0 pid=8601 uid=2005 gid=2005 comm="cat" exe="/usr/bin/cat" key="process_execution"
Aug 29 08:25:51 aitest audit: type=PATH msg=audit(1756455951.158:404): item=0 name="/home/opc/logai/enterprise_mnc_audit_sim/applications/databases/" inode=38122 dev=08:01 mode=0100644 ouid=0 ogid=0
Aug 29 08:25:51 aitest audit: type=SYSCALL msg=audit(1756455951.158:371): arch=c000003e syscall=59 success=yes exit=0 pid=9986 uid=2005 gid=2005 comm="ls" exe="/usr/bin/ls" key="process_execution"
Aug 29 08:25:52 aitest audit: type=PATH msg=audit(1756455952.315:1000): item=0 name="/home/opc/logai/enterprise_mnc_audit_sim/enterprise_data/database" inode=41036 dev=08:01 mode=0100644 ouid=0 ogid=0
Aug 29 08:25:52 aitest audit: type=SYSCALL msg=audit(1756455952.315:746): arch=c000003e syscall=59 success=yes exit=0 pid=3041 uid=2005 gid=2005 comm="find" exe="/usr/bin/find" key="process_execution"
Aug 29 08:26:17 aitest audit: type=PATH msg=audit(1756455977.586:907): item=0 name="/home/opc/logai/enterprise_mnc_audit_sim/enterprise_data/operations/scripts/" inode=26561 dev=08:01 mode=0100644 ouid=0 ogid=0
Aug 29 08:26:17 aitest audit: type=SYSCALL msg=audit(1756455977.586:51): arch=c000003e syscall=59 success=yes exit=0 pid=7306 uid=2010 gid=2010 comm="chmod" exe="/usr/bin/chmod" key="process_execution"
Aug 29 08:26:26 aitest audit: type=SYSCALL msg=audit(1756455986.683:609): arch=c000003e syscall=59 success=yes exit=0 pid=8529 uid=2010 gid=2010 comm="ps" exe="/usr/bin/ps" key="process_execution"
Aug 29 08:26:30 aitest audit: type=PATH msg=audit(1756455990.367:749): item=0 name="/home/opc/logai/enterprise_mnc_audit_sim/enterprise_data/operations/" inode=31677 dev=08:01 mode=0100644 ouid=0 ogid=0
Aug 29 08:26:30 aitest audit: type=SYSCALL msg=audit(1756455990.367:295): arch=c000003e syscall=59 success=yes exit=0 pid=2446 uid=2010 gid=2010 comm="ls" exe="/usr/bin/ls" key="process_execution"
Aug 29 08:43:25 aitest audit: type=PATH msg=audit(1756457005.656:123): item=0 name="/home/opc/logai/enterprise_mnc_audit_sim/system/configs/server.conf" inode=32129 dev=08:01 mode=0100644 ouid=0 ogid=0
Aug 29 08:43:25 aitest audit: type=SYSCALL msg=audit(1756457005.656:460): arch=c000003e syscall=59 success=yes exit=0 pid=4134 uid=2001 gid=2001 comm="cat" exe="/usr/bin/cat" key="process_execution"
Aug 29 08:43:31 aitest audit: type=SYSCALL msg=audit(1756457011.583:869): arch=c000003e syscall=59 success=yes exit=0 pid=5234 uid=2001 gid=2001 comm="free" exe="/usr/bin/free" key="process_execution"
Aug 29 08:43:35 aitest audit: type=PATH msg=audit(1756457015.985:967): item=0 name="/home/opc/logai/enterprise_mnc_audit_sim/system" inode=24046 dev=08:01 mode=0100644 ouid=0 ogid=0
Aug 29 08:43:35 aitest audit: type=SYSCALL msg=audit(1756457015.985:499): arch=c000003e syscall=59 success=yes exit=0 pid=11035 uid=2001 gid=2001 comm="find" exe="/usr/bin/find" key="process_execution"
Aug 29 08:43:38 aitest audit: type=PATH msg=audit(1756457018.354:755): item=0 name="/home/opc/logai/enterprise_mnc_audit_sim/system/logs/application.log" inode=10674 dev=08:01 mode=0100644 ouid=0 ogid=0
Aug 29 08:43:38 aitest audit: type=SYSCALL msg=audit(1756457018.354:661): arch=c000003e syscall=59 success=yes exit=0 pid=8779 uid=2001 gid=2001 comm="tail" exe="/usr/bin/tail" key="process_execution"
Aug 29 08:43:45 aitest audit: type=SYSCALL msg=audit(1756457025.977:438): arch=c000003e syscall=59 success=yes exit=0 pid=6104 uid=2001 gid=2001 comm="netstat" exe="/usr/bin/netstat" key="process_execution"
Aug 29 08:49:34 aitest audit: type=PATH msg=audit(1756457374.674:449): item=0 name="/home/opc/logai/enterprise_mnc_audit_sim/enterprise_data/development/scripts/build.sh" inode=10954 dev=08:01 mode=0100644 ouid=0 ogid=0
Aug 29 08:49:34 aitest audit: type=SYSCALL msg=audit(1756457374.674:85): arch=c000003e syscall=59 success=yes exit=0 pid=8025 uid=2006 gid=2006 comm="chmod" exe="/usr/bin/chmod" key="process_execution"
Aug 29 08:49:40 aitest audit: type=SYSCALL msg=audit(1756457380.762:629): arch=c000003e syscall=59 success=yes exit=0 pid=6917 uid=2006 gid=2006 comm="cp" exe="/usr/bin/cp" key="process_execution"
Aug 29 08:51:45 aitest audit: type=SYSCALL msg=audit(1756457505.624:218): arch=c000003e syscall=59 success=yes exit=0 pid=2024 uid=2007 gid=2007 comm="top" exe="/usr/bin/top" key="process_execution"
Aug 29 08:51:50 aitest audit: type=PATH msg=audit(1756457510.666:595): item=0 name="/home/opc/logai/enterprise_mnc_audit_sim/enterprise_data/operations" inode=28246 dev=08:01 mode=0100644 ouid=0 ogid=0
Aug 29 08:51:50 aitest audit: type=SYSCALL msg=audit(1756457510.666:206): arch=c000003e syscall=59 success=yes exit=0 pid=8748 uid=2007 gid=2007 comm="find" exe="/usr/bin/find" key="process_execution"
Aug 29 08:51:57 aitest audit: type=SYSCALL msg=audit(1756457517.197:616): arch=c000003e syscall=59 success=yes exit=0 pid=8237 uid=2007 gid=2007 comm="du" exe="/usr/bin/du" key="process_execution"
Aug 29 08:55:19 aitest audit: type=PATH msg=audit(1756457719.782:722): item=0 name="/home/opc/logai/enterprise_mnc_audit_sim/system/configs/server.conf" inode=22749 dev=08:01 mode=0100644 ouid=0 ogid=0
Aug 29 08:55:19 aitest audit: type=SYSCALL msg=audit(1756457719.782:822): arch=c000003e syscall=59 success=yes exit=0 pid=9569 uid=2001 gid=2001 comm="cat" exe="/usr/bin/cat" key="process_execution"
Aug 29 08:55:22 aitest audit: type=PATH msg=audit(1756457722.598:199): item=0 name="/home/opc/logai/enterprise_mnc_audit_sim/system" inode=40494 dev=08:01 mode=0100644 ouid=0 ogid=0
Aug 29 08:55:22 aitest audit: type=SYSCALL msg=audit(1756457722.598:219): arch=c000003e syscall=59 success=yes exit=0 pid=8734 uid=2001 gid=2001 comm="find" exe="/usr/bin/find" key="process_execution"
Aug 29 08:55:28 aitest audit: type=PATH msg=audit(1756457728.455:84): item=0 name="/home/opc/logai/enterprise_mnc_audit_sim/applications/" inode=31371 dev=08:01 mode=0100644 ouid=0 ogid=0
Aug 29 08:55:28 aitest audit: type=SYSCALL msg=audit(1756457728.455:347): arch=c000003e syscall=59 success=yes exit=0 pid=9910 uid=2001 gid=2001 comm="ls" exe="/usr/bin/ls" key="process_execution"
Aug 29 08:55:31 aitest audit: type=PATH msg=audit(1756457731.341:768): item=0 name="/home/opc/logai/enterprise_mnc_audit_sim/system/logs/application.log" inode=41206 dev=08:01 mode=0100644 ouid=0 ogid=0
Aug 29 08:55:31 aitest audit: type=SYSCALL msg=audit(1756457731.341:433): arch=c000003e syscall=59 success=yes exit=0 pid=3560 uid=2001 gid=2001 comm="tail" exe="/usr/bin/tail" key="process_execution"
Aug 29 08:56:16 aitest audit: type=PATH msg=audit(1756457776.587:898): item=0 name="/home/opc/logai/enterprise_mnc_audit_sim/enterprise_data/operations/" inode=42665 dev=08:01 mode=0100644 ouid=0 ogid=0
Aug 29 08:56:16 aitest audit: type=SYSCALL msg=audit(1756457776.587:903): arch=c000003e syscall=59 success=yes exit=0 pid=9061 uid=2007 gid=2007 comm="ls" exe="/usr/bin/ls" key="process_execution"
Aug 29 08:56:22 aitest audit: type=SYSCALL msg=audit(1756457782.652:934): arch=c000003e syscall=59 success=yes exit=0 pid=9505 uid=2007 gid=2007 comm="du" exe="/usr/bin/du" key="process_execution"
Aug 29 09:01:40 aitest audit: type=SYSCALL msg=audit(1756458100.272:927): arch=c000003e syscall=59 success=yes exit=0 pid=3437 uid=2009 gid=2009 comm="cp" exe="/usr/bin/cp" key="process_execution"
Aug 29 09:01:47 aitest audit: type=PATH msg=audit(1756458107.585:991): item=0 name="/home/opc/logai/enterprise_mnc_audit_sim/enterprise_data/development/projects/" inode=35083 dev=08:01 mode=0100644 ouid=0 ogid=0
Aug 29 09:01:47 aitest audit: type=SYSCALL msg=audit(1756458107.585:211): arch=c000003e syscall=59 success=yes exit=0 pid=11200 uid=2009 gid=2009 comm="ls" exe="/usr/bin/ls" key="process_execution"
Aug 29 09:01:56 aitest audit: type=PATH msg=audit(1756458116.948:43): item=0 name="/home/opc/logai/enterprise_mnc_audit_sim/enterprise_data/development" inode=15636 dev=08:01 mode=0100644 ouid=0 ogid=0
Aug 29 09:01:56 aitest audit: type=SYSCALL msg=audit(1756458116.948:212): arch=c000003e syscall=59 success=yes exit=0 pid=11749 uid=2009 gid=2009 comm="find" exe="/usr/bin/find" key="process_execution"
Aug 29 09:02:46 aitest audit: type=PATH msg=audit(1756458166.472:273): item=0 name="/home/opc/logai/enterprise_mnc_audit_sim/system/configs/server.conf" inode=26602 dev=08:01 mode=0100644 ouid=0 ogid=0
Aug 29 09:02:46 aitest audit: type=SYSCALL msg=audit(1756458166.472:57): arch=c000003e syscall=59 success=yes exit=0 pid=4453 uid=2004 gid=2004 comm="cat" exe="/usr/bin/cat" key="process_execution"
Aug 29 09:02:49 aitest audit: type=PATH msg=audit(1756458169.215:120): item=0 name="/home/opc/logai/enterprise_mnc_audit_sim/system/configs/server.conf" inode=34295 dev=08:01 mode=0100644 ouid=0 ogid=0
Aug 29 09:02:49 aitest audit: type=SYSCALL msg=audit(1756458169.215:443): arch=c000003e syscall=59 success=yes exit=0 pid=8501 uid=2004 gid=2004 comm="cat" exe="/usr/bin/cat" key="process_execution"
Aug 29 09:02:59 aitest audit: type=SYSCALL msg=audit(1756458179.91:371): arch=c000003e syscall=59 success=yes exit=0 pid=3197 uid=2004 gid=2004 comm="free" exe="/usr/bin/free" key="process_execution"
Aug 29 09:03:03 aitest audit: type=SYSCALL msg=audit(1756458183.390:278): arch=c000003e syscall=59 success=yes exit=0 pid=6090 uid=2004 gid=2004 comm="netstat" exe="/usr/bin/netstat" key="process_execution"
Aug 29 09:03:05 aitest audit: type=PATH msg=audit(1756458185.478:337): item=0 name="/home/opc/logai/enterprise_mnc_audit_sim/system/logs/application.log" inode=17068 dev=08:01 mode=0100644 ouid=0 ogid=0
Aug 29 09:03:05 aitest audit: type=SYSCALL msg=audit(1756458185.478:24): arch=c000003e syscall=59 success=yes exit=0 pid=3075 uid=2004 gid=2004 comm="tail" exe="/usr/bin/tail" key="process_execution"
Aug 29 09:03:49 aitest audit: type=SYSCALL msg=audit(1756458229.403:539): arch=c000003e syscall=59 success=yes exit=0 pid=11092 uid=2002 gid=2002 comm="cp" exe="/usr/bin/cp" key="process_execution"
Aug 29 09:03:56 aitest audit: type=PATH msg=audit(1756458236.638:929): item=0 name="/home/opc/logai/enterprise_mnc_audit_sim/enterprise_data/database/mysql/db_config.cnf" inode=25339 dev=08:01 mode=0100644 ouid=0 ogid=0
Aug 29 09:03:56 aitest audit: type=SYSCALL msg=audit(1756458236.638:709): arch=c000003e syscall=59 success=yes exit=0 pid=3589 uid=2002 gid=2002 comm="chmod" exe="/usr/bin/chmod" key="process_execution"
