Aug 28 00:02:14 aitest audit: type=SYSCALL msg=audit(1756339334.9:397): arch=c000003e syscall=59 success=yes exit=0 pid=3115 uid=2001 gid=2001 comm="df" exe="/usr/bin/df" key="process_execution"
Aug 28 00:02:19 aitest audit: type=SYSCALL msg=audit(1756339339.131:71): arch=c000003e syscall=59 success=yes exit=0 pid=10389 uid=2001 gid=2001 comm="free" exe="/usr/bin/free" key="process_execution"
Aug 28 00:02:25 aitest audit: type=SYSCALL msg=audit(1756339345.303:72): arch=c000003e syscall=59 success=yes exit=0 pid=3596 uid=2001 gid=2001 comm="netstat" exe="/usr/bin/netstat" key="process_execution"
Aug 28 00:03:56 aitest audit: type=PATH msg=audit(1756339436.809:500): item=0 name="/home/opc/logai/enterprise_mnc_audit_sim/enterprise_data/development/" inode=25038 dev=08:01 mode=0100644 ouid=0 ogid=0
Aug 28 00:03:56 aitest audit: type=SYSCALL msg=audit(1756339436.809:978): arch=c000003e syscall=59 success=yes exit=0 pid=8924 uid=2009 gid=2009 comm="ls" exe="/usr/bin/ls" key="process_execution"
Aug 28 00:04:04 aitest audit: type=PATH msg=audit(1756339444.343:3): item=0 name="/home/opc/logai/enterprise_mnc_audit_sim/enterprise_data/development" inode=27796 dev=08:01 mode=0100644 ouid=0 ogid=0
Aug 28 00:04:04 aitest audit: type=SYSCALL msg=audit(1756339444.343:917): arch=c000003e syscall=59 success=yes exit=0 pid=8930 uid=2009 gid=2009 comm="find" exe="/usr/bin/find" key="process_execution"
Aug 28 00:08:00 aitest audit: type=PATH msg=audit(1756339680.980:22): item=0 name="/home/opc/logai/enterprise_mnc_audit_sim/applications/" inode=26945 dev=08:01 mode=0100644 ouid=0 ogid=0
Aug 28 00:08:00 aitest audit: type=SYSCALL msg=audit(1756339680.980:582): arch=c000003e syscall=59 success=yes exit=0 pid=6906 uid=2010 gid=2010 comm="ls" exe="/usr/bin/ls" key="process_execution"
Aug 28 00:08:03 aitest audit: type=SYSCALL msg=audit(1756339683.251:3): arch=c000003e syscall=59 success=yes exit=0 pid=5015 uid=2010 gid=2010 comm="ps" exe="/usr/bin/ps" key="process_execution"
Aug 28 00:08:05 aitest audit: type=SYSCALL msg=audit(1756339685.260:231): arch=c000003e syscall=59 success=yes exit=0 pid=3931 uid=2010 gid=2010 comm="du" exe="/usr/bin/du" key="process_execution"
Aug 28 00:08:12 aitest audit: type=PATH msg=audit(1756339692.981:278): item=0 name="/home/opc/logai/enterprise_mnc_audit_sim/enterprise_data/operations/" inode=16263 dev=08:01 mode=0100644 ouid=0 ogid=0
Aug 28 00:08:12 aitest audit: type=SYSCALL msg=audit(1756339692.981:345): arch=c000003e syscall=59 success=yes exit=0 pid=11617 uid=2010 gid=2010 comm="ls" exe="/usr/bin/ls" key="process_execution"
Aug 28 00:08:22 aitest audit: type=PATH msg=audit(1756339702.158:424): item=0 name="/home/opc/logai/enterprise_mnc_audit_sim/enterprise_data/operations/scripts/" inode=14012 dev=08:01 mode=0100644 ouid=0 ogid=0
Aug 28 00:08:22 aitest audit: type=SYSCALL msg=audit(1756339702.158:957): arch=c000003e syscall=59 success=yes exit=0 pid=3633 uid=2010 gid=2010 comm="chmod" exe="/usr/bin/chmod" key="process_execution"
Aug 28 00:09:11 aitest audit: type=SYSCALL msg=audit(1756339751.848:948): arch=c000003e syscall=59 success=yes exit=0 pid=7897 uid=2005 gid=2005 comm="grep" exe="/usr/bin/grep" key="process_execution"
Aug 28 00:09:19 aitest audit: type=PATH msg=audit(1756339759.13:486): item=0 name="/home/opc/logai/enterprise_mnc_audit_sim/enterprise_data/database" inode=35590 dev=08:01 mode=0100644 ouid=0 ogid=0
Aug 28 00:09:19 aitest audit: type=SYSCALL msg=audit(1756339759.13:850): arch=c000003e syscall=59 success=yes exit=0 pid=3641 uid=2005 gid=2005 comm="find" exe="/usr/bin/find" key="process_execution"
Aug 28 00:09:24 aitest audit: type=PATH msg=audit(1756339764.37:566): item=0 name="/home/opc/logai/enterprise_mnc_audit_sim/enterprise_data/database/mysql/db_config.cnf" inode=31747 dev=08:01 mode=0100644 ouid=0 ogid=0
Aug 28 00:09:24 aitest audit: type=SYSCALL msg=audit(1756339764.37:916): arch=c000003e syscall=59 success=yes exit=0 pid=6214 uid=2005 gid=2005 comm="cat" exe="/usr/bin/cat" key="process_execution"
Aug 28 00:09:32 aitest audit: type=PATH msg=audit(1756339772.679:409): item=0 name="/home/opc/logai/enterprise_mnc_audit_sim/enterprise_data/database/mysql/db_config.cnf" inode=10603 dev=08:01 mode=0100644 ouid=0 ogid=0
Aug 28 00:09:32 aitest audit: type=SYSCALL msg=audit(1756339772.679:881): arch=c000003e syscall=59 success=yes exit=0 pid=4412 uid=2005 gid=2005 comm="cat" exe="/usr/bin/cat" key="process_execution"
Aug 28 00:12:48 aitest audit: type=SYSCALL msg=audit(1756339968.769:216): arch=c000003e syscall=59 success=yes exit=0 pid=9898 uid=2005 gid=2005 comm="du" exe="/usr/bin/du" key="process_execution"
Aug 28 00:12:56 aitest audit: type=PATH msg=audit(1756339976.235:491): item=0 name="/home/opc/logai/enterprise_mnc_audit_sim/applications/databases/" inode=34895 dev=08:01 mode=0100644 ouid=0 ogid=0
Aug 28 00:12:56 aitest audit: type=SYSCALL msg=audit(1756339976.235:806): arch=c000003e syscall=59 success=yes exit=0 pid=4385 uid=2005 gid=2005 comm="ls" exe="/usr/bin/ls" key="process_execution"
Aug 28 00:13:53 aitest audit: type=SYSCALL msg=audit(1756340033.802:880): arch=c000003e syscall=59 success=yes exit=0 pid=7495 uid=2003 gid=2003 comm="wc" exe="/usr/bin/wc" key="process_execution"
Aug 28 00:13:55 aitest audit: type=SYSCALL msg=audit(1756340035.349:713): arch=c000003e syscall=59 success=yes exit=0 pid=8298 uid=2003 gid=2003 comm="wc" exe="/usr/bin/wc" key="process_execution"
Aug 28 00:13:58 aitest audit: type=PATH msg=audit(1756340038.723:804): item=0 name="/home/opc/logai/enterprise_mnc_audit_sim/enterprise_data/development" inode=13565 dev=08:01 mode=0100644 ouid=0 ogid=0
Aug 28 00:13:58 aitest audit: type=SYSCALL msg=audit(1756340038.723:422): arch=c000003e syscall=59 success=yes exit=0 pid=10119 uid=2003 gid=2003 comm="find" exe="/usr/bin/find" key="process_execution"
Aug 28 00:14:03 aitest audit: type=SYSCALL msg=audit(1756340043.835:669): arch=c000003e syscall=59 success=yes exit=0 pid=4440 uid=2003 gid=2003 comm="cp" exe="/usr/bin/cp" key="process_execution"
Aug 28 00:21:05 aitest audit: type=SYSCALL msg=audit(1756340465.597:99): arch=c000003e syscall=59 success=yes exit=0 pid=10125 uid=2003 gid=2003 comm="grep" exe="/usr/bin/grep" key="process_execution"
Aug 28 00:21:07 aitest audit: type=PATH msg=audit(1756340467.524:1): item=0 name="/home/opc/logai/enterprise_mnc_audit_sim/enterprise_data/development/projects/project_alpha.txt" inode=24907 dev=08:01 mode=0100644 ouid=0 ogid=0
Aug 28 00:21:07 aitest audit: type=SYSCALL msg=audit(1756340467.524:591): arch=c000003e syscall=59 success=yes exit=0 pid=4049 uid=2003 gid=2003 comm="cat" exe="/usr/bin/cat" key="process_execution"
Aug 28 00:21:11 aitest audit: type=SYSCALL msg=audit(1756340471.400:344): arch=c000003e syscall=59 success=yes exit=0 pid=4172 uid=2003 gid=2003 comm="wc" exe="/usr/bin/wc" key="process_execution"
Aug 28 00:21:19 aitest audit: type=PATH msg=audit(1756340479.134:335): item=0 name="/home/opc/logai/enterprise_mnc_audit_sim/enterprise_data/development/projects/project_alpha.txt" inode=28406 dev=08:01 mode=0100644 ouid=0 ogid=0
Aug 28 00:21:19 aitest audit: type=SYSCALL msg=audit(1756340479.134:93): arch=c000003e syscall=59 success=yes exit=0 pid=9552 uid=2003 gid=2003 comm="cat" exe="/usr/bin/cat" key="process_execution"
Aug 28 00:34:10 aitest audit: type=PATH msg=audit(1756341250.507:465): item=0 name="/home/opc/logai/enterprise_mnc_audit_sim/enterprise_data/database" inode=20350 dev=08:01 mode=0100644 ouid=0 ogid=0
Aug 28 00:34:10 aitest audit: type=SYSCALL msg=audit(1756341250.507:236): arch=c000003e syscall=59 success=yes exit=0 pid=3297 uid=2002 gid=2002 comm="find" exe="/usr/bin/find" key="process_execution"
Aug 28 00:34:17 aitest audit: type=PATH msg=audit(1756341257.549:114): item=0 name="/home/opc/logai/enterprise_mnc_audit_sim/enterprise_data/database/" inode=42510 dev=08:01 mode=0100644 ouid=0 ogid=0
Aug 28 00:34:17 aitest audit: type=SYSCALL msg=audit(1756341257.549:335): arch=c000003e syscall=59 success=yes exit=0 pid=3247 uid=2002 gid=2002 comm="ls" exe="/usr/bin/ls" key="process_execution"
Aug 28 00:34:25 aitest audit: type=SYSCALL msg=audit(1756341265.148:510): arch=c000003e syscall=59 success=yes exit=0 pid=8470 uid=2002 gid=2002 comm="du" exe="/usr/bin/du" key="process_execution"
Aug 28 00:35:12 aitest audit: type=SYSCALL msg=audit(1756341312.405:783): arch=c000003e syscall=59 success=yes exit=0 pid=2190 uid=2003 gid=2003 comm="grep" exe="/usr/bin/grep" key="process_execution"
Aug 28 00:35:14 aitest audit: type=SYSCALL msg=audit(1756341314.881:170): arch=c000003e syscall=59 success=yes exit=0 pid=7387 uid=2003 gid=2003 comm="cp" exe="/usr/bin/cp" key="process_execution"
Aug 28 00:40:14 aitest audit: type=SYSCALL msg=audit(1756341614.396:881): arch=c000003e syscall=59 success=yes exit=0 pid=4600 uid=2007 gid=2007 comm="ps" exe="/usr/bin/ps" key="process_execution"
Aug 28 00:40:22 aitest audit: type=PATH msg=audit(1756341622.176:536): item=0 name="/home/opc/logai/enterprise_mnc_audit_sim/enterprise_data/operations" inode=22351 dev=08:01 mode=0100644 ouid=0 ogid=0
Aug 28 00:40:22 aitest audit: type=SYSCALL msg=audit(1756341622.176:550): arch=c000003e syscall=59 success=yes exit=0 pid=10739 uid=2007 gid=2007 comm="find" exe="/usr/bin/find" key="process_execution"
Aug 28 00:40:29 aitest audit: type=SYSCALL msg=audit(1756341629.893:542): arch=c000003e syscall=59 success=yes exit=0 pid=3420 uid=2007 gid=2007 comm="ps" exe="/usr/bin/ps" key="process_execution"
Aug 28 00:40:33 aitest audit: type=PATH msg=audit(1756341633.424:453): item=0 name="/home/opc/logai/enterprise_mnc_audit_sim/enterprise_data/operations/" inode=24205 dev=08:01 mode=0100644 ouid=0 ogid=0
Aug 28 00:40:33 aitest audit: type=SYSCALL msg=audit(1756341633.424:791): arch=c000003e syscall=59 success=yes exit=0 pid=7037 uid=2007 gid=2007 comm="ls" exe="/usr/bin/ls" key="process_execution"
Aug 28 00:40:35 aitest audit: type=PATH msg=audit(1756341635.373:37): item=0 name="/home/opc/logai/enterprise_mnc_audit_sim/enterprise_data/operations" inode=34957 dev=08:01 mode=0100644 ouid=0 ogid=0
Aug 28 00:40:35 aitest audit: type=SYSCALL msg=audit(1756341635.373:350): arch=c000003e syscall=59 success=yes exit=0 pid=6635 uid=2007 gid=2007 comm="find" exe="/usr/bin/find" key="process_execution"
Aug 28 00:41:48 aitest audit: type=PATH msg=audit(1756341708.78:440): item=0 name="/home/opc/logai/enterprise_mnc_audit_sim/applications/databases/" inode=19945 dev=08:01 mode=0100644 ouid=0 ogid=0
Aug 28 00:41:48 aitest audit: type=SYSCALL msg=audit(1756341708.78:121): arch=c000003e syscall=59 success=yes exit=0 pid=9287 uid=2002 gid=2002 comm="ls" exe="/usr/bin/ls" key="process_execution"
Aug 28 00:41:55 aitest audit: type=PATH msg=audit(1756341715.306:683): item=0 name="/home/opc/logai/enterprise_mnc_audit_sim/enterprise_data/database/" inode=29629 dev=08:01 mode=0100644 ouid=0 ogid=0
Aug 28 00:41:55 aitest audit: type=SYSCALL msg=audit(1756341715.306:19): arch=c000003e syscall=59 success=yes exit=0 pid=9468 uid=2002 gid=2002 comm="ls" exe="/usr/bin/ls" key="process_execution"
Aug 28 00:42:02 aitest audit: type=PATH msg=audit(1756341722.96:475): item=0 name="/home/opc/logai/enterprise_mnc_audit_sim/enterprise_data/database/" inode=31294 dev=08:01 mode=0100644 ouid=0 ogid=0
Aug 28 00:42:02 aitest audit: type=SYSCALL msg=audit(1756341722.96:460): arch=c000003e syscall=59 success=yes exit=0 pid=3360 uid=2002 gid=2002 comm="ls" exe="/usr/bin/ls" key="process_execution"
Aug 28 00:42:08 aitest audit: type=SYSCALL msg=audit(1756341728.963:217): arch=c000003e syscall=59 success=yes exit=0 pid=8934 uid=2002 gid=2002 comm="cp" exe="/usr/bin/cp" key="process_execution"
Aug 28 00:46:47 aitest audit: type=PATH msg=audit(1756342007.3:528): item=0 name="/home/opc/logai/enterprise_mnc_audit_sim/enterprise_data/development/scripts/build.sh" inode=24010 dev=08:01 mode=0100644 ouid=0 ogid=0
Aug 28 00:46:47 aitest audit: type=SYSCALL msg=audit(1756342007.3:244): arch=c000003e syscall=59 success=yes exit=0 pid=9296 uid=2006 gid=2006 comm="chmod" exe="/usr/bin/chmod" key="process_execution"
Aug 28 00:46:50 aitest audit: type=PATH msg=audit(1756342010.146:556): item=0 name="/home/opc/logai/enterprise_mnc_audit_sim/enterprise_data/development" inode=25682 dev=08:01 mode=0100644 ouid=0 ogid=0
Aug 28 00:46:50 aitest audit: type=SYSCALL msg=audit(1756342010.146:904): arch=c000003e syscall=59 success=yes exit=0 pid=9090 uid=2006 gid=2006 comm="find" exe="/usr/bin/find" key="process_execution"
Aug 28 00:46:51 aitest audit: type=SYSCALL msg=audit(1756342011.598:976): arch=c000003e syscall=59 success=yes exit=0 pid=4601 uid=2006 gid=2006 comm="cp" exe="/usr/bin/cp" key="process_execution"
Aug 28 00:47:45 aitest audit: type=PATH msg=audit(1756342065.202:827): item=0 name="/home/opc/logai/enterprise_mnc_audit_sim/system/configs/server.conf" inode=23805 dev=08:01 mode=0100644 ouid=0 ogid=0
Aug 28 00:47:45 aitest audit: type=SYSCALL msg=audit(1756342065.202:605): arch=c000003e syscall=59 success=yes exit=0 pid=3532 uid=2004 gid=2004 comm="chmod" exe="/usr/bin/chmod" key="process_execution"
Aug 28 00:47:49 aitest audit: type=PATH msg=audit(1756342069.931:364): item=0 name="/home/opc/logai/enterprise_mnc_audit_sim/system/configs/server.conf" inode=19645 dev=08:01 mode=0100644 ouid=0 ogid=0
Aug 28 00:47:49 aitest audit: type=SYSCALL msg=audit(1756342069.931:64): arch=c000003e syscall=59 success=yes exit=0 pid=10211 uid=2004 gid=2004 comm="cat" exe="/usr/bin/cat" key="process_execution"
Aug 28 00:47:53 aitest audit: type=PATH msg=audit(1756342073.308:691): item=0 name="/home/opc/logai/enterprise_mnc_audit_sim/system/logs/application.log" inode=24730 dev=08:01 mode=0100644 ouid=0 ogid=0
Aug 28 00:47:53 aitest audit: type=SYSCALL msg=audit(1756342073.308:643): arch=c000003e syscall=59 success=yes exit=0 pid=4604 uid=2004 gid=2004 comm="tail" exe="/usr/bin/tail" key="process_execution"
Aug 28 00:47:55 aitest audit: type=PATH msg=audit(1756342075.234:984): item=0 name="/home/opc/logai/enterprise_mnc_audit_sim/system/configs/" inode=26235 dev=08:01 mode=0100644 ouid=0 ogid=0
Aug 28 00:47:55 aitest audit: type=SYSCALL msg=audit(1756342075.234:407): arch=c000003e syscall=59 success=yes exit=0 pid=4121 uid=2004 gid=2004 comm="ls" exe="/usr/bin/ls" key="process_execution"
Aug 28 00:48:00 aitest audit: type=PATH msg=audit(1756342080.237:279): item=0 name="/home/opc/logai/enterprise_mnc_audit_sim/system/logs/application.log" inode=33894 dev=08:01 mode=0100644 ouid=0 ogid=0
Aug 28 00:48:00 aitest audit: type=SYSCALL msg=audit(1756342080.237:745): arch=c000003e syscall=59 success=yes exit=0 pid=3466 uid=2004 gid=2004 comm="tail" exe="/usr/bin/tail" key="process_execution"
Aug 28 00:55:57 aitest audit: type=PATH msg=audit(1756342557.486:448): item=0 name="/home/opc/logai/enterprise_mnc_audit_sim/enterprise_data/development/" inode=18414 dev=08:01 mode=0100644 ouid=0 ogid=0
Aug 28 00:55:57 aitest audit: type=SYSCALL msg=audit(1756342557.486:356): arch=c000003e syscall=59 success=yes exit=0 pid=6399 uid=2003 gid=2003 comm="ls" exe="/usr/bin/ls" key="process_execution"
Aug 28 00:55:58 aitest audit: type=PATH msg=audit(1756342558.61:742): item=0 name="/home/opc/logai/enterprise_mnc_audit_sim/enterprise_data/development/" inode=12918 dev=08:01 mode=0100644 ouid=0 ogid=0
Aug 28 00:55:58 aitest audit: type=SYSCALL msg=audit(1756342558.61:626): arch=c000003e syscall=59 success=yes exit=0 pid=8044 uid=2003 gid=2003 comm="ls" exe="/usr/bin/ls" key="process_execution"
Aug 28 00:58:52 aitest audit: type=SYSCALL msg=audit(1756342732.316:155): arch=c000003e syscall=59 success=yes exit=0 pid=4833 uid=2008 gid=2008 comm="find" exe="/usr/bin/find" key="process_execution"
Aug 28 00:58:57 aitest audit: type=PATH msg=audit(1756342737.11:284): item=0 name="/home/opc/logai/enterprise_mnc_audit_sim/enterprise_data/hr/" inode=29996 dev=08:01 mode=0100644 ouid=0 ogid=0
Aug 28 00:58:57 aitest audit: type=SYSCALL msg=audit(1756342737.11:116): arch=c000003e syscall=59 success=yes exit=0 pid=6203 uid=2008 gid=2008 comm="chmod" exe="/usr/bin/chmod" key="process_execution"
Aug 28 00:59:00 aitest audit: type=SYSCALL msg=audit(1756342740.909:48): arch=c000003e syscall=59 success=yes exit=0 pid=8802 uid=2008 gid=2008 comm="find" exe="/usr/bin/find" key="process_execution"
Aug 28 01:02:44 aitest audit: type=PATH msg=audit(1756342964.390:635): item=0 name="/home/opc/logai/enterprise_mnc_audit_sim/applications/" inode=10427 dev=08:01 mode=0100644 ouid=0 ogid=0
Aug 28 01:02:44 aitest audit: type=SYSCALL msg=audit(1756342964.390:78): arch=c000003e syscall=59 success=yes exit=0 pid=5589 uid=2007 gid=2007 comm="ls" exe="/usr/bin/ls" key="process_execution"
Aug 28 01:02:52 aitest audit: type=PATH msg=audit(1756342972.716:581): item=0 name="/home/opc/logai/enterprise_mnc_audit_sim/enterprise_data/operations/scripts/" inode=19131 dev=08:01 mode=0100644 ouid=0 ogid=0
Aug 28 01:02:52 aitest audit: type=SYSCALL msg=audit(1756342972.716:379): arch=c000003e syscall=59 success=yes exit=0 pid=6347 uid=2007 gid=2007 comm="chmod" exe="/usr/bin/chmod" key="process_execution"
Aug 28 01:03:00 aitest audit: type=PATH msg=audit(1756342980.529:197): item=0 name="/home/opc/logai/enterprise_mnc_audit_sim/enterprise_data/development" inode=38142 dev=08:01 mode=0100644 ouid=0 ogid=0
Aug 28 01:03:00 aitest audit: type=SYSCALL msg=audit(1756342980.529:370): arch=c000003e syscall=59 success=yes exit=0 pid=3132 uid=2003 gid=2003 comm="find" exe="/usr/bin/find" key="process_execution"
Aug 28 01:03:00 aitest audit: type=SYSCALL msg=audit(1756342980.902:232): arch=c000003e syscall=59 success=yes exit=0 pid=5420 uid=2007 gid=2007 comm="du" exe="/usr/bin/du" key="process_execution"
Aug 28 01:03:04 aitest audit: type=PATH msg=audit(1756342984.433:650): item=0 name="/home/opc/logai/enterprise_mnc_audit_sim/applications/" inode=42680 dev=08:01 mode=0100644 ouid=0 ogid=0
Aug 28 01:03:04 aitest audit: type=SYSCALL msg=audit(1756342984.433:198): arch=c000003e syscall=59 success=yes exit=0 pid=9334 uid=2007 gid=2007 comm="ls" exe="/usr/bin/ls" key="process_execution"
Aug 28 01:03:08 aitest audit: type=SYSCALL msg=audit(1756342988.528:361): arch=c000003e syscall=59 success=yes exit=0 pid=8028 uid=2003 gid=2003 comm="wc" exe="/usr/bin/wc" key="process_execution"
Aug 28 01:03:11 aitest audit: type=SYSCALL msg=audit(1756342991.631:166): arch=c000003e syscall=59 success=yes exit=0 pid=5206 uid=2003 gid=2003 comm="cp" exe="/usr/bin/cp" key="process_execution"
Aug 28 01:12:59 aitest audit: type=SYSCALL msg=audit(1756343579.806:769): arch=c000003e syscall=59 success=yes exit=0 pid=7874 uid=2003 gid=2003 comm="cp" exe="/usr/bin/cp" key="process_execution"
Aug 28 01:13:02 aitest audit: type=PATH msg=audit(1756343582.850:610): item=0 name="/home/opc/logai/enterprise_mnc_audit_sim/enterprise_data/development/projects/" inode=36266 dev=08:01 mode=0100644 ouid=0 ogid=0
Aug 28 01:13:02 aitest audit: type=SYSCALL msg=audit(1756343582.850:843): arch=c000003e syscall=59 success=yes exit=0 pid=7664 uid=2003 gid=2003 comm="ls" exe="/usr/bin/ls" key="process_execution"
Aug 28 01:13:16 aitest audit: type=SYSCALL msg=audit(1756343596.402:974): arch=c000003e syscall=59 success=yes exit=0 pid=11015 uid=2009 gid=2009 comm="grep" exe="/usr/bin/grep" key="process_execution"
Aug 28 01:13:25 aitest audit: type=PATH msg=audit(1756343605.837:989): item=0 name="/home/opc/logai/enterprise_mnc_audit_sim/enterprise_data/development/projects/" inode=13004 dev=08:01 mode=0100644 ouid=0 ogid=0
Aug 28 01:13:25 aitest audit: type=SYSCALL msg=audit(1756343605.837:607): arch=c000003e syscall=59 success=yes exit=0 pid=3471 uid=2009 gid=2009 comm="ls" exe="/usr/bin/ls" key="process_execution"
Aug 28 01:32:53 aitest audit: type=PATH msg=audit(1756344773.916:110): item=0 name="/home/opc/logai/enterprise_mnc_audit_sim/system" inode=34766 dev=08:01 mode=0100644 ouid=0 ogid=0
Aug 28 01:32:53 aitest audit: type=SYSCALL msg=audit(1756344773.916:418): arch=c000003e syscall=59 success=yes exit=0 pid=6700 uid=2004 gid=2004 comm="find" exe="/usr/bin/find" key="process_execution"
Aug 28 01:32:54 aitest audit: type=PATH msg=audit(1756344774.682:213): item=0 name="/home/opc/logai/enterprise_mnc_audit_sim/applications/" inode=10656 dev=08:01 mode=0100644 ouid=0 ogid=0
Aug 28 01:32:54 aitest audit: type=SYSCALL msg=audit(1756344774.682:878): arch=c000003e syscall=59 success=yes exit=0 pid=7977 uid=2004 gid=2004 comm="ls" exe="/usr/bin/ls" key="process_execution"
Aug 28 01:33:00 aitest audit: type=SYSCALL msg=audit(1756344780.748:100): arch=c000003e syscall=59 success=yes exit=0 pid=5859 uid=2004 gid=2004 comm="ps" exe="/usr/bin/ps" key="process_execution"
Aug 28 01:33:01 aitest audit: type=PATH msg=audit(1756344781.295:176): item=0 name="/home/opc/logai/enterprise_mnc_audit_sim/system/logs/application.log" inode=20993 dev=08:01 mode=0100644 ouid=0 ogid=0
Aug 28 01:33:01 aitest audit: type=SYSCALL msg=audit(1756344781.295:35): arch=c000003e syscall=59 success=yes exit=0 pid=3806 uid=2004 gid=2004 comm="tail" exe="/usr/bin/tail" key="process_execution"
Aug 28 01:33:08 aitest audit: type=PATH msg=audit(1756344788.866:846): item=0 name="/home/opc/logai/enterprise_mnc_audit_sim/system" inode=11584 dev=08:01 mode=0100644 ouid=0 ogid=0
Aug 28 01:33:08 aitest audit: type=SYSCALL msg=audit(1756344788.866:287): arch=c000003e syscall=59 success=yes exit=0 pid=10797 uid=2004 gid=2004 comm="find" exe="/usr/bin/find" key="process_execution"
Aug 28 01:49:37 aitest audit: type=PATH msg=audit(1756345777.710:638): item=0 name="/home/opc/logai/enterprise_mnc_audit_sim/enterprise_data/development/projects/" inode=23838 dev=08:01 mode=0100644 ouid=0 ogid=0
Aug 28 01:49:37 aitest audit: type=SYSCALL msg=audit(1756345777.710:449): arch=c000003e syscall=59 success=yes exit=0 pid=2226 uid=2006 gid=2006 comm="ls" exe="/usr/bin/ls" key="process_execution"
Aug 28 01:49:47 aitest audit: type=SYSCALL msg=audit(1756345787.781:629): arch=c000003e syscall=59 success=yes exit=0 pid=3616 uid=2006 gid=2006 comm="cp" exe="/usr/bin/cp" key="process_execution"
Aug 28 01:53:26 aitest audit: type=SYSCALL msg=audit(1756346006.65:286): arch=c000003e syscall=59 success=yes exit=0 pid=11334 uid=2010 gid=2010 comm="ps" exe="/usr/bin/ps" key="process_execution"
Aug 28 01:53:32 aitest audit: type=PATH msg=audit(1756346012.94:995): item=0 name="/home/opc/logai/enterprise_mnc_audit_sim/enterprise_data/operations" inode=41151 dev=08:01 mode=0100644 ouid=0 ogid=0
Aug 28 01:53:32 aitest audit: type=SYSCALL msg=audit(1756346012.94:309): arch=c000003e syscall=59 success=yes exit=0 pid=2036 uid=2010 gid=2010 comm="find" exe="/usr/bin/find" key="process_execution"
Aug 28 01:53:35 aitest audit: type=SYSCALL msg=audit(1756346015.427:479): arch=c000003e syscall=59 success=yes exit=0 pid=9757 uid=2010 gid=2010 comm="tar" exe="/usr/bin/tar" key="process_execution"
Aug 28 01:53:42 aitest audit: type=PATH msg=audit(1756346022.436:536): item=0 name="/home/opc/logai/enterprise_mnc_audit_sim/applications/" inode=30923 dev=08:01 mode=0100644 ouid=0 ogid=0
Aug 28 01:53:42 aitest audit: type=SYSCALL msg=audit(1756346022.436:973): arch=c000003e syscall=59 success=yes exit=0 pid=3262 uid=2010 gid=2010 comm="ls" exe="/usr/bin/ls" key="process_execution"
Aug 28 02:22:49 aitest audit: type=PATH msg=audit(1756347769.123:99): item=0 name="/home/opc/logai/enterprise_mnc_audit_sim/system/logs/application.log" inode=10965 dev=08:01 mode=0100644 ouid=0 ogid=0
Aug 28 02:22:49 aitest audit: type=SYSCALL msg=audit(1756347769.123:750): arch=c000003e syscall=59 success=yes exit=0 pid=2487 uid=2001 gid=2001 comm="tail" exe="/usr/bin/tail" key="process_execution"
Aug 28 02:22:50 aitest audit: type=PATH msg=audit(1756347770.191:579): item=0 name="/home/opc/logai/enterprise_mnc_audit_sim/system/configs/" inode=39762 dev=08:01 mode=0100644 ouid=0 ogid=0
Aug 28 02:22:50 aitest audit: type=SYSCALL msg=audit(1756347770.191:238): arch=c000003e syscall=59 success=yes exit=0 pid=9929 uid=2001 gid=2001 comm="ls" exe="/usr/bin/ls" key="process_execution"
Aug 28 02:44:28 aitest audit: type=PATH msg=audit(1756349068.632:672): item=0 name="/home/opc/logai/enterprise_mnc_audit_sim/system/configs/server.conf" inode=41167 dev=08:01 mode=0100644 ouid=0 ogid=0
Aug 28 02:44:28 aitest audit: type=SYSCALL msg=audit(1756349068.632:884): arch=c000003e syscall=59 success=yes exit=0 pid=5860 uid=2001 gid=2001 comm="cat" exe="/usr/bin/cat" key="process_execution"
Aug 28 02:44:33 aitest audit: type=SYSCALL msg=audit(1756349073.406:340): arch=c000003e syscall=59 success=yes exit=0 pid=5178 uid=2001 gid=2001 comm="free" exe="/usr/bin/free" key="process_execution"
Aug 28 03:06:53 aitest audit: type=PATH msg=audit(1756350413.633:226): item=0 name="/home/opc/logai/enterprise_mnc_audit_sim/enterprise_data/" inode=20793 dev=08:01 mode=0100644 ouid=0 ogid=0
Aug 28 03:06:53 aitest audit: type=SYSCALL msg=audit(1756350413.633:703): arch=c000003e syscall=59 success=yes exit=0 pid=5500 uid=2008 gid=2008 comm="ls" exe="/usr/bin/ls" key="process_execution"
Aug 28 03:07:02 aitest audit: type=SYSCALL msg=audit(1756350422.169:75): arch=c000003e syscall=59 success=yes exit=0 pid=9830 uid=2008 gid=2008 comm="w" exe="/usr/bin/w" key="process_execution"
Aug 28 03:10:34 aitest audit: type=SYSCALL msg=audit(1756350634.530:286): arch=c000003e syscall=59 success=yes exit=0 pid=4389 uid=2002 gid=2002 comm="grep" exe="/usr/bin/grep" key="process_execution"
Aug 28 03:10:41 aitest audit: type=PATH msg=audit(1756350641.596:942): item=0 name="/home/opc/logai/enterprise_mnc_audit_sim/applications/databases/" inode=26827 dev=08:01 mode=0100644 ouid=0 ogid=0
Aug 28 03:10:41 aitest audit: type=SYSCALL msg=audit(1756350641.596:552): arch=c000003e syscall=59 success=yes exit=0 pid=11342 uid=2002 gid=2002 comm="ls" exe="/usr/bin/ls" key="process_execution"
Aug 28 03:10:42 aitest audit: type=PATH msg=audit(1756350642.29:701): item=0 name="/home/opc/logai/enterprise_mnc_audit_sim/enterprise_data/database" inode=35417 dev=08:01 mode=0100644 ouid=0 ogid=0
Aug 28 03:10:42 aitest audit: type=SYSCALL msg=audit(1756350642.29:800): arch=c000003e syscall=59 success=yes exit=0 pid=2140 uid=2002 gid=2002 comm="find" exe="/usr/bin/find" key="process_execution"
Aug 28 03:19:29 aitest audit: type=PATH msg=audit(1756351169.975:522): item=0 name="/home/opc/logai/enterprise_mnc_audit_sim/system/configs/server.conf" inode=13253 dev=08:01 mode=0100644 ouid=0 ogid=0
Aug 28 03:19:29 aitest audit: type=SYSCALL msg=audit(1756351169.975:63): arch=c000003e syscall=59 success=yes exit=0 pid=4877 uid=2001 gid=2001 comm="cat" exe="/usr/bin/cat" key="process_execution"
Aug 28 03:19:38 aitest audit: type=PATH msg=audit(1756351178.970:567): item=0 name="/home/opc/logai/enterprise_mnc_audit_sim/applications/" inode=37884 dev=08:01 mode=0100644 ouid=0 ogid=0
Aug 28 03:19:38 aitest audit: type=SYSCALL msg=audit(1756351178.970:894): arch=c000003e syscall=59 success=yes exit=0 pid=10778 uid=2001 gid=2001 comm="ls" exe="/usr/bin/ls" key="process_execution"
Aug 28 03:19:47 aitest audit: type=PATH msg=audit(1756351187.385:647): item=0 name="/home/opc/logai/enterprise_mnc_audit_sim/applications/" inode=11858 dev=08:01 mode=0100644 ouid=0 ogid=0
Aug 28 03:19:47 aitest audit: type=SYSCALL msg=audit(1756351187.385:774): arch=c000003e syscall=59 success=yes exit=0 pid=3895 uid=2001 gid=2001 comm="ls" exe="/usr/bin/ls" key="process_execution"
Aug 28 03:27:36 aitest audit: type=PATH msg=audit(1756351656.454:287): item=0 name="/home/opc/logai/enterprise_mnc_audit_sim/system/configs/server.conf" inode=38248 dev=08:01 mode=0100644 ouid=0 ogid=0
Aug 28 03:27:36 aitest audit: type=SYSCALL msg=audit(1756351656.454:688): arch=c000003e syscall=59 success=yes exit=0 pid=3641 uid=2001 gid=2001 comm="chmod" exe="/usr/bin/chmod" key="process_execution"
Aug 28 03:27:41 aitest audit: type=PATH msg=audit(1756351661.749:574): item=0 name="/home/opc/logai/enterprise_mnc_audit_sim/system" inode=36305 dev=08:01 mode=0100644 ouid=0 ogid=0
Aug 28 03:27:41 aitest audit: type=SYSCALL msg=audit(1756351661.749:304): arch=c000003e syscall=59 success=yes exit=0 pid=6776 uid=2001 gid=2001 comm="find" exe="/usr/bin/find" key="process_execution"
Aug 28 03:27:50 aitest audit: type=PATH msg=audit(1756351670.772:59): item=0 name="/home/opc/logai/enterprise_mnc_audit_sim/system" inode=23743 dev=08:01 mode=0100644 ouid=0 ogid=0
Aug 28 03:27:50 aitest audit: type=SYSCALL msg=audit(1756351670.772:483): arch=c000003e syscall=59 success=yes exit=0 pid=2126 uid=2001 gid=2001 comm="find" exe="/usr/bin/find" key="process_execution"
Aug 28 03:27:55 aitest audit: type=SYSCALL msg=audit(1756351675.446:275): arch=c000003e syscall=59 success=yes exit=0 pid=9789 uid=2001 gid=2001 comm="df" exe="/usr/bin/df" key="process_execution"
Aug 28 03:28:03 aitest audit: type=PATH msg=audit(1756351683.241:432): item=0 name="/home/opc/logai/enterprise_mnc_audit_sim/system/configs/server.conf" inode=33670 dev=08:01 mode=0100644 ouid=0 ogid=0
Aug 28 03:28:03 aitest audit: type=SYSCALL msg=audit(1756351683.241:597): arch=c000003e syscall=59 success=yes exit=0 pid=3909 uid=2001 gid=2001 comm="cat" exe="/usr/bin/cat" key="process_execution"
Aug 28 03:29:10 aitest audit: type=PATH msg=audit(1756351750.647:174): item=0 name="/home/opc/logai/enterprise_mnc_audit_sim/applications/databases/" inode=39800 dev=08:01 mode=0100644 ouid=0 ogid=0
Aug 28 03:29:10 aitest audit: type=SYSCALL msg=audit(1756351750.647:375): arch=c000003e syscall=59 success=yes exit=0 pid=10719 uid=2005 gid=2005 comm="ls" exe="/usr/bin/ls" key="process_execution"
Aug 28 03:29:19 aitest audit: type=SYSCALL msg=audit(1756351759.17:208): arch=c000003e syscall=59 success=yes exit=0 pid=2002 uid=2005 gid=2005 comm="grep" exe="/usr/bin/grep" key="process_execution"
Aug 28 03:30:27 aitest audit: type=SYSCALL msg=audit(1756351827.350:182): arch=c000003e syscall=59 success=yes exit=0 pid=10245 uid=2008 gid=2008 comm="netstat" exe="/usr/bin/netstat" key="process_execution"
Aug 28 03:30:34 aitest audit: type=SYSCALL msg=audit(1756351834.138:358): arch=c000003e syscall=59 success=yes exit=0 pid=8511 uid=2008 gid=2008 comm="netstat" exe="/usr/bin/netstat" key="process_execution"
Aug 28 03:30:40 aitest audit: type=SYSCALL msg=audit(1756351840.964:294): arch=c000003e syscall=59 success=yes exit=0 pid=3524 uid=2008 gid=2008 comm="who" exe="/usr/bin/who" key="process_execution"
Aug 28 03:30:50 aitest audit: type=SYSCALL msg=audit(1756351850.839:153): arch=c000003e syscall=59 success=yes exit=0 pid=11799 uid=2008 gid=2008 comm="who" exe="/usr/bin/who" key="process_execution"
Aug 28 03:32:57 aitest audit: type=SYSCALL msg=audit(1756351977.914:516): arch=c000003e syscall=59 success=yes exit=0 pid=8461 uid=2007 gid=2007 comm="ps" exe="/usr/bin/ps" key="process_execution"
Aug 28 03:33:05 aitest audit: type=PATH msg=audit(1756351985.224:445): item=0 name="/home/opc/logai/enterprise_mnc_audit_sim/applications/" inode=33196 dev=08:01 mode=0100644 ouid=0 ogid=0
Aug 28 03:33:05 aitest audit: type=SYSCALL msg=audit(1756351985.224:78): arch=c000003e syscall=59 success=yes exit=0 pid=11322 uid=2007 gid=2007 comm="ls" exe="/usr/bin/ls" key="process_execution"
Aug 28 03:36:56 aitest audit: type=PATH msg=audit(1756352216.133:205): item=0 name="/home/opc/logai/enterprise_mnc_audit_sim/enterprise_data/operations" inode=14127 dev=08:01 mode=0100644 ouid=0 ogid=0
Aug 28 03:36:56 aitest audit: type=SYSCALL msg=audit(1756352216.133:144): arch=c000003e syscall=59 success=yes exit=0 pid=9762 uid=2007 gid=2007 comm="find" exe="/usr/bin/find" key="process_execution"
Aug 28 03:37:06 aitest audit: type=SYSCALL msg=audit(1756352226.676:685): arch=c000003e syscall=59 success=yes exit=0 pid=3502 uid=2007 gid=2007 comm="tar" exe="/usr/bin/tar" key="process_execution"
Aug 28 03:37:08 aitest audit: type=SYSCALL msg=audit(1756352228.38:715): arch=c000003e syscall=59 success=yes exit=0 pid=2132 uid=2007 gid=2007 comm="top" exe="/usr/bin/top" key="process_execution"
Aug 28 03:38:24 aitest audit: type=PATH msg=audit(1756352304.485:948): item=0 name="/home/opc/logai/enterprise_mnc_audit_sim/enterprise_data/development/scripts/build.sh" inode=17914 dev=08:01 mode=0100644 ouid=0 ogid=0
Aug 28 03:38:24 aitest audit: type=SYSCALL msg=audit(1756352304.485:998): arch=c000003e syscall=59 success=yes exit=0 pid=8003 uid=2003 gid=2003 comm="chmod" exe="/usr/bin/chmod" key="process_execution"
Aug 28 03:38:34 aitest audit: type=SYSCALL msg=audit(1756352314.474:513): arch=c000003e syscall=59 success=yes exit=0 pid=6946 uid=2003 gid=2003 comm="wc" exe="/usr/bin/wc" key="process_execution"
Aug 28 03:38:36 aitest audit: type=PATH msg=audit(1756352316.511:328): item=0 name="/home/opc/logai/enterprise_mnc_audit_sim/enterprise_data/development" inode=38124 dev=08:01 mode=0100644 ouid=0 ogid=0
Aug 28 03:38:36 aitest audit: type=SYSCALL msg=audit(1756352316.511:534): arch=c000003e syscall=59 success=yes exit=0 pid=5782 uid=2003 gid=2003 comm="find" exe="/usr/bin/find" key="process_execution"
Aug 28 03:38:46 aitest audit: type=SYSCALL msg=audit(1756352326.233:152): arch=c000003e syscall=59 success=yes exit=0 pid=7672 uid=2003 gid=2003 comm="wc" exe="/usr/bin/wc" key="process_execution"
Aug 28 03:46:51 aitest audit: type=PATH msg=audit(1756352811.591:475): item=0 name="/home/opc/logai/enterprise_mnc_audit_sim/enterprise_data/development" inode=31319 dev=08:01 mode=0100644 ouid=0 ogid=0
Aug 28 03:46:51 aitest audit: type=SYSCALL msg=audit(1756352811.591:667): arch=c000003e syscall=59 success=yes exit=0 pid=2691 uid=2009 gid=2009 comm="find" exe="/usr/bin/find" key="process_execution"
Aug 28 03:46:54 aitest audit: type=SYSCALL msg=audit(1756352814.485:608): arch=c000003e syscall=59 success=yes exit=0 pid=7996 uid=2009 gid=2009 comm="wc" exe="/usr/bin/wc" key="process_execution"
Aug 28 03:46:59 aitest audit: type=PATH msg=audit(1756352819.882:911): item=0 name="/home/opc/logai/enterprise_mnc_audit_sim/enterprise_data/development/" inode=22288 dev=08:01 mode=0100644 ouid=0 ogid=0
Aug 28 03:46:59 aitest audit: type=SYSCALL msg=audit(1756352819.882:782): arch=c000003e syscall=59 success=yes exit=0 pid=9228 uid=2009 gid=2009 comm="ls" exe="/usr/bin/ls" key="process_execution"
Aug 28 03:47:12 aitest audit: type=SYSCALL msg=audit(1756352832.868:804): arch=c000003e syscall=59 success=yes exit=0 pid=6134 uid=2005 gid=2005 comm="cp" exe="/usr/bin/cp" key="process_execution"
Aug 28 03:47:13 aitest audit: type=SYSCALL msg=audit(1756352833.780:769): arch=c000003e syscall=59 success=yes exit=0 pid=5616 uid=2005 gid=2005 comm="du" exe="/usr/bin/du" key="process_execution"
Aug 28 03:47:16 aitest audit: type=SYSCALL msg=audit(1756352836.251:693): arch=c000003e syscall=59 success=yes exit=0 pid=3694 uid=2005 gid=2005 comm="grep" exe="/usr/bin/grep" key="process_execution"
Aug 28 03:47:17 aitest audit: type=SYSCALL msg=audit(1756352837.362:496): arch=c000003e syscall=59 success=yes exit=0 pid=11188 uid=2005 gid=2005 comm="cp" exe="/usr/bin/cp" key="process_execution"
Aug 28 03:53:45 aitest audit: type=PATH msg=audit(1756353225.324:358): item=0 name="/home/opc/logai/enterprise_mnc_audit_sim/system/logs/application.log" inode=23520 dev=08:01 mode=0100644 ouid=0 ogid=0
Aug 28 03:53:45 aitest audit: type=SYSCALL msg=audit(1756353225.324:257): arch=c000003e syscall=59 success=yes exit=0 pid=5087 uid=2001 gid=2001 comm="tail" exe="/usr/bin/tail" key="process_execution"
Aug 28 03:53:46 aitest audit: type=PATH msg=audit(1756353226.4:92): item=0 name="/home/opc/logai/enterprise_mnc_audit_sim/system/logs/application.log" inode=33732 dev=08:01 mode=0100644 ouid=0 ogid=0
Aug 28 03:53:46 aitest audit: type=SYSCALL msg=audit(1756353226.4:77): arch=c000003e syscall=59 success=yes exit=0 pid=9674 uid=2001 gid=2001 comm="tail" exe="/usr/bin/tail" key="process_execution"
Aug 28 03:56:58 aitest audit: type=SYSCALL msg=audit(1756353418.16:450): arch=c000003e syscall=59 success=yes exit=0 pid=6384 uid=2007 gid=2007 comm="tar" exe="/usr/bin/tar" key="process_execution"
Aug 28 03:57:07 aitest audit: type=PATH msg=audit(1756353427.78:632): item=0 name="/home/opc/logai/enterprise_mnc_audit_sim/enterprise_data/operations/" inode=20655 dev=08:01 mode=0100644 ouid=0 ogid=0
Aug 28 03:57:07 aitest audit: type=SYSCALL msg=audit(1756353427.78:504): arch=c000003e syscall=59 success=yes exit=0 pid=4523 uid=2007 gid=2007 comm="ls" exe="/usr/bin/ls" key="process_execution"
Aug 28 03:57:13 aitest audit: type=SYSCALL msg=audit(1756353433.313:461): arch=c000003e syscall=59 success=yes exit=0 pid=11101 uid=2007 gid=2007 comm="ps" exe="/usr/bin/ps" key="process_execution"
Aug 28 03:57:23 aitest audit: type=PATH msg=audit(1756353443.340:926): item=0 name="/home/opc/logai/enterprise_mnc_audit_sim/enterprise_data/operations/scripts/" inode=29548 dev=08:01 mode=0100644 ouid=0 ogid=0
Aug 28 03:57:23 aitest audit: type=SYSCALL msg=audit(1756353443.340:564): arch=c000003e syscall=59 success=yes exit=0 pid=5942 uid=2007 gid=2007 comm="chmod" exe="/usr/bin/chmod" key="process_execution"
Aug 28 03:58:03 aitest audit: type=PATH msg=audit(1756353483.26:815): item=0 name="/home/opc/logai/enterprise_mnc_audit_sim/enterprise_data/operations/" inode=17067 dev=08:01 mode=0100644 ouid=0 ogid=0
Aug 28 03:58:03 aitest audit: type=SYSCALL msg=audit(1756353483.26:243): arch=c000003e syscall=59 success=yes exit=0 pid=8507 uid=2010 gid=2010 comm="ls" exe="/usr/bin/ls" key="process_execution"
Aug 28 03:58:04 aitest audit: type=SYSCALL msg=audit(1756353484.103:222): arch=c000003e syscall=59 success=yes exit=0 pid=5862 uid=2010 gid=2010 comm="du" exe="/usr/bin/du" key="process_execution"
Aug 28 04:00:41 aitest audit: type=PATH msg=audit(1756353641.144:529): item=0 name="/home/opc/logai/enterprise_mnc_audit_sim/enterprise_data/database/mysql/db_config.cnf" inode=15653 dev=08:01 mode=0100644 ouid=0 ogid=0
Aug 28 04:00:41 aitest audit: type=SYSCALL msg=audit(1756353641.144:65): arch=c000003e syscall=59 success=yes exit=0 pid=7458 uid=2002 gid=2002 comm="chmod" exe="/usr/bin/chmod" key="process_execution"
Aug 28 04:00:46 aitest audit: type=PATH msg=audit(1756353646.342:73): item=0 name="/home/opc/logai/enterprise_mnc_audit_sim/enterprise_data/database/mysql/db_config.cnf" inode=40903 dev=08:01 mode=0100644 ouid=0 ogid=0
Aug 28 04:00:46 aitest audit: type=SYSCALL msg=audit(1756353646.342:581): arch=c000003e syscall=59 success=yes exit=0 pid=2762 uid=2002 gid=2002 comm="cat" exe="/usr/bin/cat" key="process_execution"
Aug 28 04:00:48 aitest audit: type=SYSCALL msg=audit(1756353648.193:950): arch=c000003e syscall=59 success=yes exit=0 pid=7655 uid=2002 gid=2002 comm="grep" exe="/usr/bin/grep" key="process_execution"
Aug 28 04:00:49 aitest audit: type=PATH msg=audit(1756353649.938:832): item=0 name="/home/opc/logai/enterprise_mnc_audit_sim/applications/databases/" inode=24566 dev=08:01 mode=0100644 ouid=0 ogid=0
Aug 28 04:00:49 aitest audit: type=SYSCALL msg=audit(1756353649.938:108): arch=c000003e syscall=59 success=yes exit=0 pid=3524 uid=2002 gid=2002 comm="ls" exe="/usr/bin/ls" key="process_execution"
Aug 28 04:06:36 aitest audit: type=PATH msg=audit(1756353996.58:321): item=0 name="/home/opc/logai/enterprise_mnc_audit_sim/system" inode=32082 dev=08:01 mode=0100644 ouid=0 ogid=0
Aug 28 04:06:36 aitest audit: type=SYSCALL msg=audit(1756353996.58:112): arch=c000003e syscall=59 success=yes exit=0 pid=5704 uid=2001 gid=2001 comm="find" exe="/usr/bin/find" key="process_execution"
Aug 28 04:06:43 aitest audit: type=SYSCALL msg=audit(1756354003.181:248): arch=c000003e syscall=59 success=yes exit=0 pid=5446 uid=2001 gid=2001 comm="ps" exe="/usr/bin/ps" key="process_execution"
Aug 28 04:15:46 aitest audit: type=SYSCALL msg=audit(1756354546.907:608): arch=c000003e syscall=59 success=yes exit=0 pid=5360 uid=2004 gid=2004 comm="free" exe="/usr/bin/free" key="process_execution"
Aug 28 04:15:47 aitest audit: type=PATH msg=audit(1756354547.699:539): item=0 name="/home/opc/logai/enterprise_mnc_audit_sim/system/configs/" inode=22654 dev=08:01 mode=0100644 ouid=0 ogid=0
Aug 28 04:15:47 aitest audit: type=SYSCALL msg=audit(1756354547.699:816): arch=c000003e syscall=59 success=yes exit=0 pid=11155 uid=2004 gid=2004 comm="ls" exe="/usr/bin/ls" key="process_execution"
Aug 28 04:26:58 aitest audit: type=PATH msg=audit(1756355218.144:597): item=0 name="/home/opc/logai/enterprise_mnc_audit_sim/system/configs/server.conf" inode=15904 dev=08:01 mode=0100644 ouid=0 ogid=0
Aug 28 04:26:58 aitest audit: type=SYSCALL msg=audit(1756355218.144:366): arch=c000003e syscall=59 success=yes exit=0 pid=3944 uid=2001 gid=2001 comm="cat" exe="/usr/bin/cat" key="process_execution"
Aug 28 04:26:59 aitest audit: type=PATH msg=audit(1756355219.431:381): item=0 name="/home/opc/logai/enterprise_mnc_audit_sim/system/configs/server.conf" inode=32937 dev=08:01 mode=0100644 ouid=0 ogid=0
Aug 28 04:26:59 aitest audit: type=SYSCALL msg=audit(1756355219.431:358): arch=c000003e syscall=59 success=yes exit=0 pid=11401 uid=2001 gid=2001 comm="chmod" exe="/usr/bin/chmod" key="process_execution"
Aug 28 04:27:05 aitest audit: type=PATH msg=audit(1756355225.920:688): item=0 name="/home/opc/logai/enterprise_mnc_audit_sim/system/configs/server.conf" inode=10508 dev=08:01 mode=0100644 ouid=0 ogid=0
Aug 28 04:27:05 aitest audit: type=SYSCALL msg=audit(1756355225.920:560): arch=c000003e syscall=59 success=yes exit=0 pid=3334 uid=2001 gid=2001 comm="chmod" exe="/usr/bin/chmod" key="process_execution"
Aug 28 04:27:12 aitest audit: type=SYSCALL msg=audit(1756355232.258:877): arch=c000003e syscall=59 success=yes exit=0 pid=2134 uid=2001 gid=2001 comm="free" exe="/usr/bin/free" key="process_execution"
Aug 28 04:28:27 aitest audit: type=PATH msg=audit(1756355307.780:684): item=0 name="/home/opc/logai/enterprise_mnc_audit_sim/enterprise_data/operations" inode=13212 dev=08:01 mode=0100644 ouid=0 ogid=0
Aug 28 04:28:27 aitest audit: type=SYSCALL msg=audit(1756355307.780:300): arch=c000003e syscall=59 success=yes exit=0 pid=6977 uid=2007 gid=2007 comm="find" exe="/usr/bin/find" key="process_execution"
Aug 28 04:28:34 aitest audit: type=SYSCALL msg=audit(1756355314.838:459): arch=c000003e syscall=59 success=yes exit=0 pid=5113 uid=2007 gid=2007 comm="ps" exe="/usr/bin/ps" key="process_execution"
Aug 28 04:29:14 aitest audit: type=PATH msg=audit(1756355354.400:321): item=0 name="/home/opc/logai/enterprise_mnc_audit_sim/enterprise_data/database/mysql/db_config.cnf" inode=38845 dev=08:01 mode=0100644 ouid=0 ogid=0
Aug 28 04:29:14 aitest audit: type=SYSCALL msg=audit(1756355354.400:323): arch=c000003e syscall=59 success=yes exit=0 pid=8937 uid=2002 gid=2002 comm="chmod" exe="/usr/bin/chmod" key="process_execution"
Aug 28 04:29:22 aitest audit: type=PATH msg=audit(1756355362.594:455): item=0 name="/home/opc/logai/enterprise_mnc_audit_sim/enterprise_data/database/" inode=24559 dev=08:01 mode=0100644 ouid=0 ogid=0
Aug 28 04:29:22 aitest audit: type=SYSCALL msg=audit(1756355362.594:971): arch=c000003e syscall=59 success=yes exit=0 pid=10347 uid=2002 gid=2002 comm="ls" exe="/usr/bin/ls" key="process_execution"
Aug 28 04:29:27 aitest audit: type=SYSCALL msg=audit(1756355367.126:10): arch=c000003e syscall=59 success=yes exit=0 pid=10830 uid=2002 gid=2002 comm="cp" exe="/usr/bin/cp" key="process_execution"
Aug 28 04:29:36 aitest audit: type=PATH msg=audit(1756355376.288:414): item=0 name="/home/opc/logai/enterprise_mnc_audit_sim/enterprise_data/database/mysql/db_config.cnf" inode=19557 dev=08:01 mode=0100644 ouid=0 ogid=0
Aug 28 04:29:36 aitest audit: type=SYSCALL msg=audit(1756355376.288:899): arch=c000003e syscall=59 success=yes exit=0 pid=4609 uid=2002 gid=2002 comm="chmod" exe="/usr/bin/chmod" key="process_execution"
Aug 28 04:46:31 aitest audit: type=SYSCALL msg=audit(1756356391.457:33): arch=c000003e syscall=59 success=yes exit=0 pid=4730 uid=2007 gid=2007 comm="top" exe="/usr/bin/top" key="process_execution"
Aug 28 04:46:39 aitest audit: type=SYSCALL msg=audit(1756356399.28:598): arch=c000003e syscall=59 success=yes exit=0 pid=6459 uid=2007 gid=2007 comm="ps" exe="/usr/bin/ps" key="process_execution"
Aug 28 04:46:59 aitest audit: type=SYSCALL msg=audit(1756356419.477:164): arch=c000003e syscall=59 success=yes exit=0 pid=4571 uid=2007 gid=2007 comm="ps" exe="/usr/bin/ps" key="process_execution"
Aug 28 04:47:09 aitest audit: type=SYSCALL msg=audit(1756356429.308:965): arch=c000003e syscall=59 success=yes exit=0 pid=4007 uid=2007 gid=2007 comm="ps" exe="/usr/bin/ps" key="process_execution"
Aug 28 04:47:16 aitest audit: type=PATH msg=audit(1756356436.959:725): item=0 name="/home/opc/logai/enterprise_mnc_audit_sim/enterprise_data/operations/" inode=27360 dev=08:01 mode=0100644 ouid=0 ogid=0
Aug 28 04:47:16 aitest audit: type=SYSCALL msg=audit(1756356436.959:361): arch=c000003e syscall=59 success=yes exit=0 pid=11489 uid=2007 gid=2007 comm="ls" exe="/usr/bin/ls" key="process_execution"
Aug 28 04:47:22 aitest audit: type=PATH msg=audit(1756356442.572:226): item=0 name="/home/opc/logai/enterprise_mnc_audit_sim/enterprise_data/operations/scripts/" inode=23475 dev=08:01 mode=0100644 ouid=0 ogid=0
Aug 28 04:47:22 aitest audit: type=SYSCALL msg=audit(1756356442.572:591): arch=c000003e syscall=59 success=yes exit=0 pid=3751 uid=2007 gid=2007 comm="chmod" exe="/usr/bin/chmod" key="process_execution"
Aug 28 04:47:29 aitest audit: type=PATH msg=audit(1756356449.518:439): item=0 name="/home/opc/logai/enterprise_mnc_audit_sim/enterprise_data/operations" inode=28343 dev=08:01 mode=0100644 ouid=0 ogid=0
Aug 28 04:47:29 aitest audit: type=SYSCALL msg=audit(1756356449.518:210): arch=c000003e syscall=59 success=yes exit=0 pid=4088 uid=2007 gid=2007 comm="find" exe="/usr/bin/find" key="process_execution"
Aug 28 04:56:04 aitest audit: type=PATH msg=audit(1756356964.423:89): item=0 name="/home/opc/logai/enterprise_mnc_audit_sim/enterprise_data/development/" inode=38856 dev=08:01 mode=0100644 ouid=0 ogid=0
Aug 28 04:56:04 aitest audit: type=SYSCALL msg=audit(1756356964.423:466): arch=c000003e syscall=59 success=yes exit=0 pid=4807 uid=2009 gid=2009 comm="ls" exe="/usr/bin/ls" key="process_execution"
Aug 28 04:56:05 aitest audit: type=PATH msg=audit(1756356965.397:480): item=0 name="/home/opc/logai/enterprise_mnc_audit_sim/enterprise_data/development/projects/project_alpha.txt" inode=20653 dev=08:01 mode=0100644 ouid=0 ogid=0
Aug 28 04:56:05 aitest audit: type=SYSCALL msg=audit(1756356965.397:455): arch=c000003e syscall=59 success=yes exit=0 pid=4397 uid=2009 gid=2009 comm="cat" exe="/usr/bin/cat" key="process_execution"
Aug 28 04:56:12 aitest audit: type=SYSCALL msg=audit(1756356972.878:275): arch=c000003e syscall=59 success=yes exit=0 pid=5789 uid=2009 gid=2009 comm="wc" exe="/usr/bin/wc" key="process_execution"
Aug 28 04:56:16 aitest audit: type=PATH msg=audit(1756356976.735:124): item=0 name="/home/opc/logai/enterprise_mnc_audit_sim/enterprise_data/development" inode=10241 dev=08:01 mode=0100644 ouid=0 ogid=0
Aug 28 04:56:16 aitest audit: type=SYSCALL msg=audit(1756356976.735:231): arch=c000003e syscall=59 success=yes exit=0 pid=10914 uid=2009 gid=2009 comm="find" exe="/usr/bin/find" key="process_execution"
Aug 28 05:01:42 aitest audit: type=SYSCALL msg=audit(1756357302.245:922): arch=c000003e syscall=59 success=yes exit=0 pid=8242 uid=2005 gid=2005 comm="grep" exe="/usr/bin/grep" key="process_execution"
Aug 28 05:01:44 aitest audit: type=SYSCALL msg=audit(1756357304.580:477): arch=c000003e syscall=59 success=yes exit=0 pid=4145 uid=2005 gid=2005 comm="grep" exe="/usr/bin/grep" key="process_execution"
Aug 28 05:01:49 aitest audit: type=SYSCALL msg=audit(1756357309.353:311): arch=c000003e syscall=59 success=yes exit=0 pid=9814 uid=2005 gid=2005 comm="grep" exe="/usr/bin/grep" key="process_execution"
Aug 28 05:01:57 aitest audit: type=PATH msg=audit(1756357317.22:310): item=0 name="/home/opc/logai/enterprise_mnc_audit_sim/enterprise_data/database" inode=39947 dev=08:01 mode=0100644 ouid=0 ogid=0
Aug 28 05:01:57 aitest audit: type=SYSCALL msg=audit(1756357317.22:633): arch=c000003e syscall=59 success=yes exit=0 pid=4483 uid=2005 gid=2005 comm="find" exe="/usr/bin/find" key="process_execution"
Aug 28 05:02:00 aitest audit: type=PATH msg=audit(1756357320.442:66): item=0 name="/home/opc/logai/enterprise_mnc_audit_sim/enterprise_data/database" inode=19527 dev=08:01 mode=0100644 ouid=0 ogid=0
Aug 28 05:02:00 aitest audit: type=SYSCALL msg=audit(1756357320.442:484): arch=c000003e syscall=59 success=yes exit=0 pid=2022 uid=2005 gid=2005 comm="find" exe="/usr/bin/find" key="process_execution"
Aug 28 05:03:54 aitest audit: type=PATH msg=audit(1756357434.493:695): item=0 name="/home/opc/logai/enterprise_mnc_audit_sim/enterprise_data/database/mysql/db_config.cnf" inode=36621 dev=08:01 mode=0100644 ouid=0 ogid=0
Aug 28 05:03:54 aitest audit: type=SYSCALL msg=audit(1756357434.493:583): arch=c000003e syscall=59 success=yes exit=0 pid=3939 uid=2002 gid=2002 comm="chmod" exe="/usr/bin/chmod" key="process_execution"
Aug 28 05:03:58 aitest audit: type=SYSCALL msg=audit(1756357438.982:578): arch=c000003e syscall=59 success=yes exit=0 pid=7438 uid=2002 gid=2002 comm="grep" exe="/usr/bin/grep" key="process_execution"
Aug 28 05:07:26 aitest audit: type=PATH msg=audit(1756357646.684:213): item=0 name="/home/opc/logai/enterprise_mnc_audit_sim/enterprise_data/development/projects/" inode=30514 dev=08:01 mode=0100644 ouid=0 ogid=0
Aug 28 05:07:26 aitest audit: type=SYSCALL msg=audit(1756357646.684:314): arch=c000003e syscall=59 success=yes exit=0 pid=11757 uid=2006 gid=2006 comm="ls" exe="/usr/bin/ls" key="process_execution"
Aug 28 05:07:28 aitest audit: type=SYSCALL msg=audit(1756357648.998:201): arch=c000003e syscall=59 success=yes exit=0 pid=5347 uid=2006 gid=2006 comm="grep" exe="/usr/bin/grep" key="process_execution"
Aug 28 05:07:37 aitest audit: type=SYSCALL msg=audit(1756357657.648:745): arch=c000003e syscall=59 success=yes exit=0 pid=10220 uid=2006 gid=2006 comm="cp" exe="/usr/bin/cp" key="process_execution"
Aug 28 05:07:38 aitest audit: type=SYSCALL msg=audit(1756357658.753:115): arch=c000003e syscall=59 success=yes exit=0 pid=7504 uid=2006 gid=2006 comm="cp" exe="/usr/bin/cp" key="process_execution"
Aug 28 05:17:13 aitest audit: type=SYSCALL msg=audit(1756358233.370:342): arch=c000003e syscall=59 success=yes exit=0 pid=3495 uid=2006 gid=2006 comm="grep" exe="/usr/bin/grep" key="process_execution"
Aug 28 05:17:18 aitest audit: type=PATH msg=audit(1756358238.780:107): item=0 name="/home/opc/logai/enterprise_mnc_audit_sim/enterprise_data/development" inode=25700 dev=08:01 mode=0100644 ouid=0 ogid=0
Aug 28 05:17:18 aitest audit: type=SYSCALL msg=audit(1756358238.780:226): arch=c000003e syscall=59 success=yes exit=0 pid=10857 uid=2006 gid=2006 comm="find" exe="/usr/bin/find" key="process_execution"
Aug 28 05:20:59 aitest audit: type=SYSCALL msg=audit(1756358459.144:243): arch=c000003e syscall=59 success=yes exit=0 pid=5755 uid=2007 gid=2007 comm="top" exe="/usr/bin/top" key="process_execution"
Aug 28 05:21:02 aitest audit: type=SYSCALL msg=audit(1756358462.500:657): arch=c000003e syscall=59 success=yes exit=0 pid=10047 uid=2007 gid=2007 comm="du" exe="/usr/bin/du" key="process_execution"
Aug 28 05:21:09 aitest audit: type=PATH msg=audit(1756358469.59:296): item=0 name="/home/opc/logai/enterprise_mnc_audit_sim/enterprise_data/development/projects/" inode=26538 dev=08:01 mode=0100644 ouid=0 ogid=0
Aug 28 05:21:09 aitest audit: type=SYSCALL msg=audit(1756358469.59:197): arch=c000003e syscall=59 success=yes exit=0 pid=2008 uid=2006 gid=2006 comm="ls" exe="/usr/bin/ls" key="process_execution"
Aug 28 05:21:09 aitest audit: type=SYSCALL msg=audit(1756358469.767:476): arch=c000003e syscall=59 success=yes exit=0 pid=2436 uid=2007 gid=2007 comm="ps" exe="/usr/bin/ps" key="process_execution"
Aug 28 05:21:11 aitest audit: type=SYSCALL msg=audit(1756358471.96:449): arch=c000003e syscall=59 success=yes exit=0 pid=6601 uid=2006 gid=2006 comm="wc" exe="/usr/bin/wc" key="process_execution"
Aug 28 05:22:19 aitest audit: type=SYSCALL msg=audit(1756358539.303:206): arch=c000003e syscall=59 success=yes exit=0 pid=2094 uid=2002 gid=2002 comm="nc" exe="/usr/bin/nc" key="process_execution"
Aug 28 05:25:25 aitest audit: type=PATH msg=audit(1756358725.37:460): item=0 name="/home/opc/logai/enterprise_mnc_audit_sim/enterprise_data/development" inode=37814 dev=08:01 mode=0100644 ouid=0 ogid=0
Aug 28 05:25:25 aitest audit: type=SYSCALL msg=audit(1756358725.37:136): arch=c000003e syscall=59 success=yes exit=0 pid=8170 uid=2009 gid=2009 comm="find" exe="/usr/bin/find" key="process_execution"
Aug 28 05:25:29 aitest audit: type=PATH msg=audit(1756358729.949:832): item=0 name="/home/opc/logai/enterprise_mnc_audit_sim/enterprise_data/development" inode=19038 dev=08:01 mode=0100644 ouid=0 ogid=0
Aug 28 05:25:29 aitest audit: type=SYSCALL msg=audit(1756358729.949:593): arch=c000003e syscall=59 success=yes exit=0 pid=7111 uid=2009 gid=2009 comm="find" exe="/usr/bin/find" key="process_execution"
Aug 28 05:25:34 aitest audit: type=SYSCALL msg=audit(1756358734.231:603): arch=c000003e syscall=59 success=yes exit=0 pid=7066 uid=2009 gid=2009 comm="grep" exe="/usr/bin/grep" key="process_execution"
Aug 28 05:25:40 aitest audit: type=PATH msg=audit(1756358740.296:96): item=0 name="/home/opc/logai/enterprise_mnc_audit_sim/enterprise_data/development" inode=25078 dev=08:01 mode=0100644 ouid=0 ogid=0
Aug 28 05:25:40 aitest audit: type=SYSCALL msg=audit(1756358740.296:900): arch=c000003e syscall=59 success=yes exit=0 pid=4744 uid=2009 gid=2009 comm="find" exe="/usr/bin/find" key="process_execution"
Aug 28 05:25:45 aitest audit: type=SYSCALL msg=audit(1756358745.632:975): arch=c000003e syscall=59 success=yes exit=0 pid=5621 uid=2009 gid=2009 comm="cp" exe="/usr/bin/cp" key="process_execution"
Aug 28 05:33:56 aitest audit: type=SYSCALL msg=audit(1756359236.754:118): arch=c000003e syscall=59 success=yes exit=0 pid=5038 uid=2004 gid=2004 comm="ps" exe="/usr/bin/ps" key="process_execution"
Aug 28 05:34:05 aitest audit: type=SYSCALL msg=audit(1756359245.345:449): arch=c000003e syscall=59 success=yes exit=0 pid=7565 uid=2004 gid=2004 comm="ps" exe="/usr/bin/ps" key="process_execution"
Aug 28 05:34:15 aitest audit: type=PATH msg=audit(1756359255.37:975): item=0 name="/home/opc/logai/enterprise_mnc_audit_sim/system/configs/server.conf" inode=37266 dev=08:01 mode=0100644 ouid=0 ogid=0
Aug 28 05:34:15 aitest audit: type=SYSCALL msg=audit(1756359255.37:409): arch=c000003e syscall=59 success=yes exit=0 pid=4780 uid=2004 gid=2004 comm="chmod" exe="/usr/bin/chmod" key="process_execution"
Aug 28 05:34:21 aitest audit: type=PATH msg=audit(1756359261.59:265): item=0 name="/home/opc/logai/enterprise_mnc_audit_sim/system/configs/server.conf" inode=29695 dev=08:01 mode=0100644 ouid=0 ogid=0
Aug 28 05:34:21 aitest audit: type=SYSCALL msg=audit(1756359261.59:981): arch=c000003e syscall=59 success=yes exit=0 pid=2493 uid=2004 gid=2004 comm="cat" exe="/usr/bin/cat" key="process_execution"
Aug 28 05:50:17 aitest audit: type=SYSCALL msg=audit(1756360217.982:948): arch=c000003e syscall=59 success=yes exit=0 pid=9620 uid=2001 gid=2001 comm="ps" exe="/usr/bin/ps" key="process_execution"
Aug 28 05:50:19 aitest audit: type=PATH msg=audit(1756360219.355:930): item=0 name="/home/opc/logai/enterprise_mnc_audit_sim/system" inode=36439 dev=08:01 mode=0100644 ouid=0 ogid=0
Aug 28 05:50:19 aitest audit: type=SYSCALL msg=audit(1756360219.355:260): arch=c000003e syscall=59 success=yes exit=0 pid=5153 uid=2001 gid=2001 comm="find" exe="/usr/bin/find" key="process_execution"
Aug 28 05:50:22 aitest audit: type=SYSCALL msg=audit(1756360222.119:758): arch=c000003e syscall=59 success=yes exit=0 pid=3581 uid=2001 gid=2001 comm="ps" exe="/usr/bin/ps" key="process_execution"
Aug 28 05:57:17 aitest audit: type=PATH msg=audit(1756360637.722:663): item=0 name="/home/opc/logai/enterprise_mnc_audit_sim/system/logs/application.log" inode=14772 dev=08:01 mode=0100644 ouid=0 ogid=0
Aug 28 05:57:17 aitest audit: type=SYSCALL msg=audit(1756360637.722:327): arch=c000003e syscall=59 success=yes exit=0 pid=4259 uid=2004 gid=2004 comm="tail" exe="/usr/bin/tail" key="process_execution"
Aug 28 05:57:21 aitest audit: type=PATH msg=audit(1756360641.483:446): item=0 name="/home/opc/logai/enterprise_mnc_audit_sim/system/logs/application.log" inode=20507 dev=08:01 mode=0100644 ouid=0 ogid=0
Aug 28 05:57:21 aitest audit: type=SYSCALL msg=audit(1756360641.483:702): arch=c000003e syscall=59 success=yes exit=0 pid=3267 uid=2004 gid=2004 comm="tail" exe="/usr/bin/tail" key="process_execution"
Aug 28 05:57:25 aitest audit: type=PATH msg=audit(1756360645.618:493): item=0 name="/home/opc/logai/enterprise_mnc_audit_sim/enterprise_data/hr/" inode=24368 dev=08:01 mode=0100644 ouid=0 ogid=0
Aug 28 05:57:25 aitest audit: type=SYSCALL msg=audit(1756360645.618:117): arch=c000003e syscall=59 success=yes exit=0 pid=8602 uid=2008 gid=2008 comm="ls" exe="/usr/bin/ls" key="process_execution"
Aug 28 05:57:27 aitest audit: type=PATH msg=audit(1756360647.63:3): item=0 name="/home/opc/logai/enterprise_mnc_audit_sim/enterprise_data/hr/" inode=17668 dev=08:01 mode=0100644 ouid=0 ogid=0
Aug 28 05:57:27 aitest audit: type=SYSCALL msg=audit(1756360647.63:291): arch=c000003e syscall=59 success=yes exit=0 pid=8738 uid=2008 gid=2008 comm="chmod" exe="/usr/bin/chmod" key="process_execution"
Aug 28 05:57:31 aitest audit: type=PATH msg=audit(1756360651.213:361): item=0 name="/home/opc/logai/enterprise_mnc_audit_sim/applications/" inode=11205 dev=08:01 mode=0100644 ouid=0 ogid=0
Aug 28 05:57:31 aitest audit: type=SYSCALL msg=audit(1756360651.213:460): arch=c000003e syscall=59 success=yes exit=0 pid=9144 uid=2004 gid=2004 comm="ls" exe="/usr/bin/ls" key="process_execution"
Aug 28 05:57:37 aitest audit: type=PATH msg=audit(1756360657.919:196): item=0 name="/home/opc/logai/enterprise_mnc_audit_sim/enterprise_data/hr/" inode=23009 dev=08:01 mode=0100644 ouid=0 ogid=0
Aug 28 05:57:37 aitest audit: type=SYSCALL msg=audit(1756360657.919:323): arch=c000003e syscall=59 success=yes exit=0 pid=4413 uid=2008 gid=2008 comm="ls" exe="/usr/bin/ls" key="process_execution"
Aug 28 05:57:43 aitest audit: type=PATH msg=audit(1756360663.244:11): item=0 name="/home/opc/logai/enterprise_mnc_audit_sim/enterprise_data/hr/" inode=18202 dev=08:01 mode=0100644 ouid=0 ogid=0
Aug 28 05:57:43 aitest audit: type=SYSCALL msg=audit(1756360663.244:57): arch=c000003e syscall=59 success=yes exit=0 pid=11138 uid=2008 gid=2008 comm="chmod" exe="/usr/bin/chmod" key="process_execution"
Aug 28 06:02:36 aitest audit: type=PATH msg=audit(1756360956.683:518): item=0 name="/home/opc/logai/enterprise_mnc_audit_sim/enterprise_data/database/" inode=14773 dev=08:01 mode=0100644 ouid=0 ogid=0
Aug 28 06:02:36 aitest audit: type=SYSCALL msg=audit(1756360956.683:230): arch=c000003e syscall=59 success=yes exit=0 pid=3281 uid=2002 gid=2002 comm="ls" exe="/usr/bin/ls" key="process_execution"
Aug 28 06:02:46 aitest audit: type=SYSCALL msg=audit(1756360966.716:176): arch=c000003e syscall=59 success=yes exit=0 pid=8146 uid=2002 gid=2002 comm="cp" exe="/usr/bin/cp" key="process_execution"
Aug 28 06:02:51 aitest audit: type=PATH msg=audit(1756360971.472:671): item=0 name="/home/opc/logai/enterprise_mnc_audit_sim/enterprise_data/database/mysql/db_config.cnf" inode=41940 dev=08:01 mode=0100644 ouid=0 ogid=0
Aug 28 06:02:51 aitest audit: type=SYSCALL msg=audit(1756360971.472:196): arch=c000003e syscall=59 success=yes exit=0 pid=3341 uid=2002 gid=2002 comm="cat" exe="/usr/bin/cat" key="process_execution"
Aug 28 06:03:00 aitest audit: type=PATH msg=audit(1756360980.378:317): item=0 name="/home/opc/logai/enterprise_mnc_audit_sim/enterprise_data/database/mysql/db_config.cnf" inode=18147 dev=08:01 mode=0100644 ouid=0 ogid=0
Aug 28 06:03:00 aitest audit: type=SYSCALL msg=audit(1756360980.378:462): arch=c000003e syscall=59 success=yes exit=0 pid=5935 uid=2002 gid=2002 comm="chmod" exe="/usr/bin/chmod" key="process_execution"
Aug 28 06:03:04 aitest audit: type=PATH msg=audit(1756360984.452:422): item=0 name="/home/opc/logai/enterprise_mnc_audit_sim/enterprise_data/database/" inode=11119 dev=08:01 mode=0100644 ouid=0 ogid=0
Aug 28 06:03:04 aitest audit: type=SYSCALL msg=audit(1756360984.452:136): arch=c000003e syscall=59 success=yes exit=0 pid=5924 uid=2002 gid=2002 comm="ls" exe="/usr/bin/ls" key="process_execution"
Aug 28 06:05:09 aitest audit: type=PATH msg=audit(1756361109.979:106): item=0 name="/home/opc/logai/enterprise_mnc_audit_sim/applications/databases/" inode=34724 dev=08:01 mode=0100644 ouid=0 ogid=0
Aug 28 06:05:09 aitest audit: type=SYSCALL msg=audit(1756361109.979:83): arch=c000003e syscall=59 success=yes exit=0 pid=6306 uid=2005 gid=2005 comm="ls" exe="/usr/bin/ls" key="process_execution"
Aug 28 06:05:12 aitest audit: type=PATH msg=audit(1756361112.928:961): item=0 name="/home/opc/logai/enterprise_mnc_audit_sim/enterprise_data/database/" inode=26971 dev=08:01 mode=0100644 ouid=0 ogid=0
Aug 28 06:05:12 aitest audit: type=SYSCALL msg=audit(1756361112.928:840): arch=c000003e syscall=59 success=yes exit=0 pid=11088 uid=2005 gid=2005 comm="ls" exe="/usr/bin/ls" key="process_execution"
Aug 28 06:05:17 aitest audit: type=PATH msg=audit(1756361117.478:723): item=0 name="/home/opc/logai/enterprise_mnc_audit_sim/enterprise_data/database/" inode=41610 dev=08:01 mode=0100644 ouid=0 ogid=0
Aug 28 06:05:17 aitest audit: type=SYSCALL msg=audit(1756361117.478:584): arch=c000003e syscall=59 success=yes exit=0 pid=2567 uid=2005 gid=2005 comm="ls" exe="/usr/bin/ls" key="process_execution"
Aug 28 06:05:23 aitest audit: type=SYSCALL msg=audit(1756361123.704:619): arch=c000003e syscall=59 success=yes exit=0 pid=6753 uid=2005 gid=2005 comm="du" exe="/usr/bin/du" key="process_execution"
Aug 28 06:05:24 aitest audit: type=SYSCALL msg=audit(1756361124.828:281): arch=c000003e syscall=59 success=yes exit=0 pid=5829 uid=2005 gid=2005 comm="du" exe="/usr/bin/du" key="process_execution"
Aug 28 06:10:38 aitest audit: type=PATH msg=audit(1756361438.260:229): item=0 name="/home/opc/logai/enterprise_mnc_audit_sim/system/configs/server.conf" inode=34203 dev=08:01 mode=0100644 ouid=0 ogid=0
Aug 28 06:10:38 aitest audit: type=SYSCALL msg=audit(1756361438.260:881): arch=c000003e syscall=59 success=yes exit=0 pid=4932 uid=2004 gid=2004 comm="cat" exe="/usr/bin/cat" key="process_execution"
Aug 28 06:10:44 aitest audit: type=PATH msg=audit(1756361444.485:875): item=0 name="/home/opc/logai/enterprise_mnc_audit_sim/applications/" inode=34229 dev=08:01 mode=0100644 ouid=0 ogid=0
Aug 28 06:10:44 aitest audit: type=SYSCALL msg=audit(1756361444.485:250): arch=c000003e syscall=59 success=yes exit=0 pid=2031 uid=2004 gid=2004 comm="ls" exe="/usr/bin/ls" key="process_execution"
Aug 28 06:12:16 aitest audit: type=SYSCALL msg=audit(1756361536.253:457): arch=c000003e syscall=59 success=yes exit=0 pid=11204 uid=2003 gid=2003 comm="wc" exe="/usr/bin/wc" key="process_execution"
Aug 28 06:12:20 aitest audit: type=SYSCALL msg=audit(1756361540.562:698): arch=c000003e syscall=59 success=yes exit=0 pid=5576 uid=2003 gid=2003 comm="wc" exe="/usr/bin/wc" key="process_execution"
Aug 28 06:16:38 aitest audit: type=PATH msg=audit(1756361798.763:731): item=0 name="/home/opc/logai/enterprise_mnc_audit_sim/enterprise_data/development/projects/" inode=10405 dev=08:01 mode=0100644 ouid=0 ogid=0
Aug 28 06:16:38 aitest audit: type=SYSCALL msg=audit(1756361798.763:630): arch=c000003e syscall=59 success=yes exit=0 pid=8599 uid=2003 gid=2003 comm="ls" exe="/usr/bin/ls" key="process_execution"
Aug 28 06:16:39 aitest audit: type=SYSCALL msg=audit(1756361799.873:339): arch=c000003e syscall=59 success=yes exit=0 pid=10237 uid=2003 gid=2003 comm="cp" exe="/usr/bin/cp" key="process_execution"
Aug 28 06:16:48 aitest audit: type=SYSCALL msg=audit(1756361808.522:776): arch=c000003e syscall=59 success=yes exit=0 pid=3430 uid=2003 gid=2003 comm="grep" exe="/usr/bin/grep" key="process_execution"
Aug 28 06:16:52 aitest audit: type=PATH msg=audit(1756361812.974:991): item=0 name="/home/opc/logai/enterprise_mnc_audit_sim/enterprise_data/development/scripts/build.sh" inode=27560 dev=08:01 mode=0100644 ouid=0 ogid=0
Aug 28 06:16:52 aitest audit: type=SYSCALL msg=audit(1756361812.974:562): arch=c000003e syscall=59 success=yes exit=0 pid=10733 uid=2003 gid=2003 comm="chmod" exe="/usr/bin/chmod" key="process_execution"
Aug 28 06:16:59 aitest audit: type=SYSCALL msg=audit(1756361819.661:880): arch=c000003e syscall=59 success=yes exit=0 pid=5178 uid=2003 gid=2003 comm="cp" exe="/usr/bin/cp" key="process_execution"
Aug 28 06:27:16 aitest audit: type=PATH msg=audit(1756362436.11:913): item=0 name="/home/opc/logai/enterprise_mnc_audit_sim/enterprise_data/development/" inode=13240 dev=08:01 mode=0100644 ouid=0 ogid=0
Aug 28 06:27:16 aitest audit: type=SYSCALL msg=audit(1756362436.11:238): arch=c000003e syscall=59 success=yes exit=0 pid=3137 uid=2003 gid=2003 comm="ls" exe="/usr/bin/ls" key="process_execution"
Aug 28 06:27:20 aitest audit: type=SYSCALL msg=audit(1756362440.59:25): arch=c000003e syscall=59 success=yes exit=0 pid=7487 uid=2003 gid=2003 comm="wc" exe="/usr/bin/wc" key="process_execution"
Aug 28 06:27:24 aitest audit: type=SYSCALL msg=audit(1756362444.511:139): arch=c000003e syscall=59 success=yes exit=0 pid=10789 uid=2003 gid=2003 comm="cp" exe="/usr/bin/cp" key="process_execution"
Aug 28 06:36:03 aitest audit: type=PATH msg=audit(1756362963.537:893): item=0 name="/home/opc/logai/enterprise_mnc_audit_sim/enterprise_data/hr/" inode=28579 dev=08:01 mode=0100644 ouid=0 ogid=0
Aug 28 06:36:03 aitest audit: type=SYSCALL msg=audit(1756362963.537:537): arch=c000003e syscall=59 success=yes exit=0 pid=9335 uid=2008 gid=2008 comm="ls" exe="/usr/bin/ls" key="process_execution"
Aug 28 06:36:10 aitest audit: type=PATH msg=audit(1756362970.877:248): item=0 name="/home/opc/logai/enterprise_mnc_audit_sim/enterprise_data/hr/" inode=39476 dev=08:01 mode=0100644 ouid=0 ogid=0
Aug 28 06:36:10 aitest audit: type=SYSCALL msg=audit(1756362970.877:337): arch=c000003e syscall=59 success=yes exit=0 pid=2049 uid=2008 gid=2008 comm="chmod" exe="/usr/bin/chmod" key="process_execution"
Aug 28 06:36:13 aitest audit: type=PATH msg=audit(1756362973.180:952): item=0 name="/home/opc/logai/enterprise_mnc_audit_sim/enterprise_data/hr/" inode=21578 dev=08:01 mode=0100644 ouid=0 ogid=0
Aug 28 06:36:13 aitest audit: type=SYSCALL msg=audit(1756362973.180:464): arch=c000003e syscall=59 success=yes exit=0 pid=5167 uid=2008 gid=2008 comm="ls" exe="/usr/bin/ls" key="process_execution"
Aug 28 06:36:19 aitest audit: type=SYSCALL msg=audit(1756362979.777:914): arch=c000003e syscall=59 success=yes exit=0 pid=10622 uid=2008 gid=2008 comm="last" exe="/usr/bin/last" key="process_execution"
Aug 28 06:37:32 aitest audit: type=PATH msg=audit(1756363052.301:555): item=0 name="/home/opc/logai/enterprise_mnc_audit_sim/enterprise_data/development/" inode=13565 dev=08:01 mode=0100644 ouid=0 ogid=0
Aug 28 06:37:32 aitest audit: type=SYSCALL msg=audit(1756363052.301:874): arch=c000003e syscall=59 success=yes exit=0 pid=2100 uid=2003 gid=2003 comm="ls" exe="/usr/bin/ls" key="process_execution"
Aug 28 06:37:34 aitest audit: type=PATH msg=audit(1756363054.326:967): item=0 name="/home/opc/logai/enterprise_mnc_audit_sim/enterprise_data/development" inode=24766 dev=08:01 mode=0100644 ouid=0 ogid=0
Aug 28 06:37:34 aitest audit: type=SYSCALL msg=audit(1756363054.326:485): arch=c000003e syscall=59 success=yes exit=0 pid=7916 uid=2003 gid=2003 comm="find" exe="/usr/bin/find" key="process_execution"
Aug 28 06:37:37 aitest audit: type=PATH msg=audit(1756363057.614:858): item=0 name="/home/opc/logai/enterprise_mnc_audit_sim/enterprise_data/development/projects/project_alpha.txt" inode=40974 dev=08:01 mode=0100644 ouid=0 ogid=0
Aug 28 06:37:37 aitest audit: type=SYSCALL msg=audit(1756363057.614:542): arch=c000003e syscall=59 success=yes exit=0 pid=10385 uid=2003 gid=2003 comm="cat" exe="/usr/bin/cat" key="process_execution"
Aug 28 06:37:42 aitest audit: type=PATH msg=audit(1756363062.986:493): item=0 name="/home/opc/logai/enterprise_mnc_audit_sim/enterprise_data/development/projects/project_alpha.txt" inode=16067 dev=08:01 mode=0100644 ouid=0 ogid=0
Aug 28 06:37:42 aitest audit: type=SYSCALL msg=audit(1756363062.986:696): arch=c000003e syscall=59 success=yes exit=0 pid=9467 uid=2003 gid=2003 comm="cat" exe="/usr/bin/cat" key="process_execution"
Aug 28 06:38:14 aitest audit: type=PATH msg=audit(1756363094.446:836): item=0 name="/home/opc/logai/enterprise_mnc_audit_sim/enterprise_data/development" inode=27525 dev=08:01 mode=0100644 ouid=0 ogid=0
Aug 28 06:38:14 aitest audit: type=SYSCALL msg=audit(1756363094.446:112): arch=c000003e syscall=59 success=yes exit=0 pid=2780 uid=2003 gid=2003 comm="find" exe="/usr/bin/find" key="process_execution"
Aug 28 06:38:24 aitest audit: type=PATH msg=audit(1756363104.755:976): item=0 name="/home/opc/logai/enterprise_mnc_audit_sim/enterprise_data/development/" inode=11978 dev=08:01 mode=0100644 ouid=0 ogid=0
Aug 28 06:38:24 aitest audit: type=SYSCALL msg=audit(1756363104.755:102): arch=c000003e syscall=59 success=yes exit=0 pid=9808 uid=2003 gid=2003 comm="ls" exe="/usr/bin/ls" key="process_execution"
Aug 28 06:38:32 aitest audit: type=SYSCALL msg=audit(1756363112.941:523): arch=c000003e syscall=59 success=yes exit=0 pid=10652 uid=2003 gid=2003 comm="cp" exe="/usr/bin/cp" key="process_execution"
Aug 28 06:38:39 aitest audit: type=PATH msg=audit(1756363119.13:361): item=0 name="/home/opc/logai/enterprise_mnc_audit_sim/enterprise_data/development/scripts/build.sh" inode=33914 dev=08:01 mode=0100644 ouid=0 ogid=0
Aug 28 06:38:39 aitest audit: type=SYSCALL msg=audit(1756363119.13:636): arch=c000003e syscall=59 success=yes exit=0 pid=4516 uid=2003 gid=2003 comm="chmod" exe="/usr/bin/chmod" key="process_execution"
Aug 28 06:42:27 aitest audit: type=PATH msg=audit(1756363347.772:56): item=0 name="/home/opc/logai/enterprise_mnc_audit_sim/applications/" inode=41141 dev=08:01 mode=0100644 ouid=0 ogid=0
Aug 28 06:42:27 aitest audit: type=SYSCALL msg=audit(1756363347.772:952): arch=c000003e syscall=59 success=yes exit=0 pid=5400 uid=2004 gid=2004 comm="ls" exe="/usr/bin/ls" key="process_execution"
Aug 28 06:42:32 aitest audit: type=PATH msg=audit(1756363352.872:876): item=0 name="/home/opc/logai/enterprise_mnc_audit_sim/system/configs/server.conf" inode=29276 dev=08:01 mode=0100644 ouid=0 ogid=0
Aug 28 06:42:32 aitest audit: type=SYSCALL msg=audit(1756363352.872:623): arch=c000003e syscall=59 success=yes exit=0 pid=7654 uid=2004 gid=2004 comm="cat" exe="/usr/bin/cat" key="process_execution"
Aug 28 06:42:39 aitest audit: type=PATH msg=audit(1756363359.492:660): item=0 name="/home/opc/logai/enterprise_mnc_audit_sim/applications/" inode=25919 dev=08:01 mode=0100644 ouid=0 ogid=0
Aug 28 06:42:39 aitest audit: type=SYSCALL msg=audit(1756363359.492:614): arch=c000003e syscall=59 success=yes exit=0 pid=4550 uid=2004 gid=2004 comm="ls" exe="/usr/bin/ls" key="process_execution"
Aug 28 06:42:42 aitest audit: type=SYSCALL msg=audit(1756363362.239:877): arch=c000003e syscall=59 success=yes exit=0 pid=2178 uid=2004 gid=2004 comm="ps" exe="/usr/bin/ps" key="process_execution"
Aug 28 06:42:50 aitest audit: type=PATH msg=audit(1756363370.662:659): item=0 name="/home/opc/logai/enterprise_mnc_audit_sim/system/configs/server.conf" inode=11189 dev=08:01 mode=0100644 ouid=0 ogid=0
Aug 28 06:42:50 aitest audit: type=PATH msg=audit(1756363370.743:101): item=0 name="/home/opc/logai/enterprise_mnc_audit_sim/enterprise_data/operations/" inode=10923 dev=08:01 mode=0100644 ouid=0 ogid=0
Aug 28 06:42:50 aitest audit: type=SYSCALL msg=audit(1756363370.662:288): arch=c000003e syscall=59 success=yes exit=0 pid=6531 uid=2004 gid=2004 comm="cat" exe="/usr/bin/cat" key="process_execution"
Aug 28 06:42:50 aitest audit: type=SYSCALL msg=audit(1756363370.743:835): arch=c000003e syscall=59 success=yes exit=0 pid=7703 uid=2010 gid=2010 comm="ls" exe="/usr/bin/ls" key="process_execution"
Aug 28 06:42:59 aitest audit: type=SYSCALL msg=audit(1756363379.939:655): arch=c000003e syscall=59 success=yes exit=0 pid=10289 uid=2010 gid=2010 comm="ps" exe="/usr/bin/ps" key="process_execution"
Aug 28 06:43:09 aitest audit: type=SYSCALL msg=audit(1756363389.441:557): arch=c000003e syscall=59 success=yes exit=0 pid=2775 uid=2010 gid=2010 comm="tar" exe="/usr/bin/tar" key="process_execution"
Aug 28 06:43:43 aitest audit: type=PATH msg=audit(1756363423.669:632): item=0 name="/home/opc/logai/enterprise_mnc_audit_sim/enterprise_data/operations/scripts/" inode=17159 dev=08:01 mode=0100644 ouid=0 ogid=0
Aug 28 06:43:43 aitest audit: type=SYSCALL msg=audit(1756363423.669:573): arch=c000003e syscall=59 success=yes exit=0 pid=3657 uid=2007 gid=2007 comm="chmod" exe="/usr/bin/chmod" key="process_execution"
Aug 28 06:43:53 aitest audit: type=PATH msg=audit(1756363433.142:988): item=0 name="/home/opc/logai/enterprise_mnc_audit_sim/enterprise_data/operations/" inode=39622 dev=08:01 mode=0100644 ouid=0 ogid=0
Aug 28 06:43:53 aitest audit: type=SYSCALL msg=audit(1756363433.142:432): arch=c000003e syscall=59 success=yes exit=0 pid=3938 uid=2007 gid=2007 comm="ls" exe="/usr/bin/ls" key="process_execution"
Aug 28 06:44:03 aitest audit: type=PATH msg=audit(1756363443.136:240): item=0 name="/home/opc/logai/enterprise_mnc_audit_sim/enterprise_data/operations/" inode=11996 dev=08:01 mode=0100644 ouid=0 ogid=0
Aug 28 06:44:03 aitest audit: type=SYSCALL msg=audit(1756363443.136:97): arch=c000003e syscall=59 success=yes exit=0 pid=7595 uid=2007 gid=2007 comm="ls" exe="/usr/bin/ls" key="process_execution"
Aug 28 06:44:08 aitest audit: type=PATH msg=audit(1756363448.68:194): item=0 name="/home/opc/logai/enterprise_mnc_audit_sim/applications/" inode=38569 dev=08:01 mode=0100644 ouid=0 ogid=0
Aug 28 06:44:08 aitest audit: type=SYSCALL msg=audit(1756363448.68:345): arch=c000003e syscall=59 success=yes exit=0 pid=6488 uid=2007 gid=2007 comm="ls" exe="/usr/bin/ls" key="process_execution"
Aug 28 06:44:21 aitest audit: type=SYSCALL msg=audit(1756363461.125:254): arch=c000003e syscall=59 success=yes exit=0 pid=7852 uid=2002 gid=2002 comm="grep" exe="/usr/bin/grep" key="process_execution"
Aug 28 06:44:31 aitest audit: type=SYSCALL msg=audit(1756363471.465:313): arch=c000003e syscall=59 success=yes exit=0 pid=11977 uid=2002 gid=2002 comm="grep" exe="/usr/bin/grep" key="process_execution"
Aug 28 06:44:32 aitest audit: type=PATH msg=audit(1756363472.574:703): item=0 name="/home/opc/logai/enterprise_mnc_audit_sim/applications/databases/" inode=33766 dev=08:01 mode=0100644 ouid=0 ogid=0
Aug 28 06:44:32 aitest audit: type=SYSCALL msg=audit(1756363472.574:139): arch=c000003e syscall=59 success=yes exit=0 pid=8442 uid=2002 gid=2002 comm="ls" exe="/usr/bin/ls" key="process_execution"
Aug 28 06:44:34 aitest audit: type=PATH msg=audit(1756363474.500:385): item=0 name="/home/opc/logai/enterprise_mnc_audit_sim/enterprise_data/database/mysql/db_config.cnf" inode=19827 dev=08:01 mode=0100644 ouid=0 ogid=0
Aug 28 06:44:34 aitest audit: type=SYSCALL msg=audit(1756363474.500:786): arch=c000003e syscall=59 success=yes exit=0 pid=11952 uid=2002 gid=2002 comm="cat" exe="/usr/bin/cat" key="process_execution"
Aug 28 06:44:37 aitest audit: type=PATH msg=audit(1756363477.84:35): item=0 name="/home/opc/logai/enterprise_mnc_audit_sim/enterprise_data/database" inode=30407 dev=08:01 mode=0100644 ouid=0 ogid=0
Aug 28 06:44:37 aitest audit: type=SYSCALL msg=audit(1756363477.84:0): arch=c000003e syscall=59 success=yes exit=0 pid=3195 uid=2002 gid=2002 comm="find" exe="/usr/bin/find" key="process_execution"
Aug 28 06:44:41 aitest audit: type=PATH msg=audit(1756363481.50:86): item=0 name="/home/opc/logai/enterprise_mnc_audit_sim/enterprise_data/development/projects/project_alpha.txt" inode=21165 dev=08:01 mode=0100644 ouid=0 ogid=0
Aug 28 06:44:41 aitest audit: type=SYSCALL msg=audit(1756363481.50:307): arch=c000003e syscall=59 success=yes exit=0 pid=11897 uid=2009 gid=2009 comm="cat" exe="/usr/bin/cat" key="process_execution"
Aug 28 06:44:50 aitest audit: type=SYSCALL msg=audit(1756363490.915:115): arch=c000003e syscall=59 success=yes exit=0 pid=7871 uid=2009 gid=2009 comm="cp" exe="/usr/bin/cp" key="process_execution"
Aug 28 06:44:53 aitest audit: type=SYSCALL msg=audit(1756363493.592:494): arch=c000003e syscall=59 success=yes exit=0 pid=9726 uid=2009 gid=2009 comm="cp" exe="/usr/bin/cp" key="process_execution"
Aug 28 06:54:45 aitest audit: type=PATH msg=audit(1756364085.35:64): item=0 name="/home/opc/logai/enterprise_mnc_audit_sim/enterprise_data/development/projects/" inode=10094 dev=08:01 mode=0100644 ouid=0 ogid=0
Aug 28 06:54:45 aitest audit: type=SYSCALL msg=audit(1756364085.35:726): arch=c000003e syscall=59 success=yes exit=0 pid=8403 uid=2003 gid=2003 comm="ls" exe="/usr/bin/ls" key="process_execution"
Aug 28 06:54:51 aitest audit: type=PATH msg=audit(1756364091.258:572): item=0 name="/home/opc/logai/enterprise_mnc_audit_sim/enterprise_data/development/" inode=39367 dev=08:01 mode=0100644 ouid=0 ogid=0
Aug 28 06:54:51 aitest audit: type=SYSCALL msg=audit(1756364091.258:720): arch=c000003e syscall=59 success=yes exit=0 pid=7304 uid=2003 gid=2003 comm="ls" exe="/usr/bin/ls" key="process_execution"
Aug 28 06:54:53 aitest audit: type=SYSCALL msg=audit(1756364093.819:459): arch=c000003e syscall=59 success=yes exit=0 pid=3792 uid=2003 gid=2003 comm="grep" exe="/usr/bin/grep" key="process_execution"
Aug 28 06:57:55 aitest audit: type=SYSCALL msg=audit(1756364275.158:625): arch=c000003e syscall=59 success=yes exit=0 pid=3449 uid=2006 gid=2006 comm="wc" exe="/usr/bin/wc" key="process_execution"
Aug 28 06:58:05 aitest audit: type=PATH msg=audit(1756364285.532:699): item=0 name="/home/opc/logai/enterprise_mnc_audit_sim/enterprise_data/development" inode=41479 dev=08:01 mode=0100644 ouid=0 ogid=0
Aug 28 06:58:05 aitest audit: type=SYSCALL msg=audit(1756364285.532:772): arch=c000003e syscall=59 success=yes exit=0 pid=10961 uid=2006 gid=2006 comm="find" exe="/usr/bin/find" key="process_execution"
Aug 28 06:58:10 aitest audit: type=PATH msg=audit(1756364290.161:932): item=0 name="/home/opc/logai/enterprise_mnc_audit_sim/enterprise_data/development/projects/" inode=17603 dev=08:01 mode=0100644 ouid=0 ogid=0
Aug 28 06:58:10 aitest audit: type=SYSCALL msg=audit(1756364290.161:308): arch=c000003e syscall=59 success=yes exit=0 pid=6476 uid=2006 gid=2006 comm="ls" exe="/usr/bin/ls" key="process_execution"
Aug 28 06:58:19 aitest audit: type=PATH msg=audit(1756364299.104:923): item=0 name="/home/opc/logai/enterprise_mnc_audit_sim/enterprise_data/development/scripts/build.sh" inode=33943 dev=08:01 mode=0100644 ouid=0 ogid=0
Aug 28 06:58:19 aitest audit: type=SYSCALL msg=audit(1756364299.104:156): arch=c000003e syscall=59 success=yes exit=0 pid=9534 uid=2006 gid=2006 comm="chmod" exe="/usr/bin/chmod" key="process_execution"
Aug 28 06:58:47 aitest audit: type=SYSCALL msg=audit(1756364327.43:581): arch=c000003e syscall=59 success=yes exit=0 pid=4067 uid=2003 gid=2003 comm="wc" exe="/usr/bin/wc" key="process_execution"
Aug 28 06:58:55 aitest audit: type=SYSCALL msg=audit(1756364335.497:756): arch=c000003e syscall=59 success=yes exit=0 pid=4319 uid=2003 gid=2003 comm="grep" exe="/usr/bin/grep" key="process_execution"
Aug 28 06:58:56 aitest audit: type=PATH msg=audit(1756364336.901:125): item=0 name="/home/opc/logai/enterprise_mnc_audit_sim/enterprise_data/development/projects/project_alpha.txt" inode=39063 dev=08:01 mode=0100644 ouid=0 ogid=0
Aug 28 06:58:56 aitest audit: type=SYSCALL msg=audit(1756364336.901:827): arch=c000003e syscall=59 success=yes exit=0 pid=11646 uid=2003 gid=2003 comm="cat" exe="/usr/bin/cat" key="process_execution"
Aug 28 06:58:57 aitest audit: type=PATH msg=audit(1756364337.653:127): item=0 name="/home/opc/logai/enterprise_mnc_audit_sim/enterprise_data/development" inode=41120 dev=08:01 mode=0100644 ouid=0 ogid=0
Aug 28 06:58:57 aitest audit: type=SYSCALL msg=audit(1756364337.653:284): arch=c000003e syscall=59 success=yes exit=0 pid=9935 uid=2003 gid=2003 comm="find" exe="/usr/bin/find" key="process_execution"
Aug 28 06:59:04 aitest audit: type=SYSCALL msg=audit(1756364344.884:49): arch=c000003e syscall=59 success=yes exit=0 pid=7183 uid=2003 gid=2003 comm="wc" exe="/usr/bin/wc" key="process_execution"
Aug 28 07:01:09 aitest audit: type=SYSCALL msg=audit(1756364469.629:101): arch=c000003e syscall=59 success=yes exit=0 pid=9973 uid=2008 gid=2008 comm="who" exe="/usr/bin/who" key="process_execution"
Aug 28 07:01:19 aitest audit: type=PATH msg=audit(1756364479.974:242): item=0 name="/home/opc/logai/enterprise_mnc_audit_sim/enterprise_data/" inode=11682 dev=08:01 mode=0100644 ouid=0 ogid=0
Aug 28 07:01:19 aitest audit: type=SYSCALL msg=audit(1756364479.974:887): arch=c000003e syscall=59 success=yes exit=0 pid=7274 uid=2008 gid=2008 comm="ls" exe="/usr/bin/ls" key="process_execution"
Aug 28 07:01:28 aitest audit: type=SYSCALL msg=audit(1756364488.519:210): arch=c000003e syscall=59 success=yes exit=0 pid=6067 uid=2008 gid=2008 comm="netstat" exe="/usr/bin/netstat" key="process_execution"
Aug 28 07:01:35 aitest audit: type=PATH msg=audit(1756364495.321:810): item=0 name="/home/opc/logai/enterprise_mnc_audit_sim/enterprise_data/" inode=27202 dev=08:01 mode=0100644 ouid=0 ogid=0
Aug 28 07:01:35 aitest audit: type=SYSCALL msg=audit(1756364495.321:346): arch=c000003e syscall=59 success=yes exit=0 pid=4540 uid=2008 gid=2008 comm="ls" exe="/usr/bin/ls" key="process_execution"
Aug 28 07:01:44 aitest audit: type=PATH msg=audit(1756364504.759:350): item=0 name="/home/opc/logai/enterprise_mnc_audit_sim/enterprise_data/" inode=23716 dev=08:01 mode=0100644 ouid=0 ogid=0
Aug 28 07:01:44 aitest audit: type=SYSCALL msg=audit(1756364504.759:43): arch=c000003e syscall=59 success=yes exit=0 pid=2086 uid=2008 gid=2008 comm="ls" exe="/usr/bin/ls" key="process_execution"
Aug 28 07:04:24 aitest audit: type=PATH msg=audit(1756364664.326:899): item=0 name="/home/opc/logai/enterprise_mnc_audit_sim/applications/databases/" inode=14160 dev=08:01 mode=0100644 ouid=0 ogid=0
Aug 28 07:04:24 aitest audit: type=SYSCALL msg=audit(1756364664.326:475): arch=c000003e syscall=59 success=yes exit=0 pid=10994 uid=2005 gid=2005 comm="ls" exe="/usr/bin/ls" key="process_execution"
Aug 28 07:04:34 aitest audit: type=PATH msg=audit(1756364674.636:812): item=0 name="/home/opc/logai/enterprise_mnc_audit_sim/applications/databases/" inode=14796 dev=08:01 mode=0100644 ouid=0 ogid=0
Aug 28 07:04:34 aitest audit: type=SYSCALL msg=audit(1756364674.636:519): arch=c000003e syscall=59 success=yes exit=0 pid=2759 uid=2005 gid=2005 comm="ls" exe="/usr/bin/ls" key="process_execution"
Aug 28 07:04:40 aitest audit: type=PATH msg=audit(1756364680.433:389): item=0 name="/home/opc/logai/enterprise_mnc_audit_sim/enterprise_data/database/mysql/db_config.cnf" inode=35497 dev=08:01 mode=0100644 ouid=0 ogid=0
Aug 28 07:04:40 aitest audit: type=SYSCALL msg=audit(1756364680.433:839): arch=c000003e syscall=59 success=yes exit=0 pid=2787 uid=2005 gid=2005 comm="cat" exe="/usr/bin/cat" key="process_execution"
Aug 28 07:09:31 aitest audit: type=SYSCALL msg=audit(1756364971.121:385): arch=c000003e syscall=59 success=yes exit=0 pid=4434 uid=2007 gid=2007 comm="top" exe="/usr/bin/top" key="process_execution"
Aug 28 07:09:33 aitest audit: type=SYSCALL msg=audit(1756364973.500:353): arch=c000003e syscall=59 success=yes exit=0 pid=2424 uid=2007 gid=2007 comm="tar" exe="/usr/bin/tar" key="process_execution"
Aug 28 07:17:01 aitest audit: type=PATH msg=audit(1756365421.110:41): item=0 name="/home/opc/logai/enterprise_mnc_audit_sim/enterprise_data/development/projects/" inode=41483 dev=08:01 mode=0100644 ouid=0 ogid=0
Aug 28 07:17:01 aitest audit: type=SYSCALL msg=audit(1756365421.110:218): arch=c000003e syscall=59 success=yes exit=0 pid=3838 uid=2003 gid=2003 comm="ls" exe="/usr/bin/ls" key="process_execution"
Aug 28 07:17:08 aitest audit: type=PATH msg=audit(1756365428.274:802): item=0 name="/home/opc/logai/enterprise_mnc_audit_sim/enterprise_data/development/scripts/build.sh" inode=16448 dev=08:01 mode=0100644 ouid=0 ogid=0
Aug 28 07:17:08 aitest audit: type=SYSCALL msg=audit(1756365428.274:808): arch=c000003e syscall=59 success=yes exit=0 pid=9332 uid=2003 gid=2003 comm="chmod" exe="/usr/bin/chmod" key="process_execution"
Aug 28 07:17:16 aitest audit: type=SYSCALL msg=audit(1756365436.41:239): arch=c000003e syscall=59 success=yes exit=0 pid=9655 uid=2003 gid=2003 comm="cp" exe="/usr/bin/cp" key="process_execution"
Aug 28 07:17:17 aitest audit: type=PATH msg=audit(1756365437.161:16): item=0 name="/home/opc/logai/enterprise_mnc_audit_sim/enterprise_data/development/projects/" inode=17985 dev=08:01 mode=0100644 ouid=0 ogid=0
Aug 28 07:17:17 aitest audit: type=SYSCALL msg=audit(1756365437.161:898): arch=c000003e syscall=59 success=yes exit=0 pid=4969 uid=2003 gid=2003 comm="ls" exe="/usr/bin/ls" key="process_execution"
Aug 28 07:20:36 aitest audit: type=PATH msg=audit(1756365636.684:641): item=0 name="/home/opc/logai/enterprise_mnc_audit_sim/enterprise_data/database/mysql/db_config.cnf" inode=18919 dev=08:01 mode=0100644 ouid=0 ogid=0
Aug 28 07:20:36 aitest audit: type=SYSCALL msg=audit(1756365636.684:669): arch=c000003e syscall=59 success=yes exit=0 pid=7464 uid=2002 gid=2002 comm="cat" exe="/usr/bin/cat" key="process_execution"
Aug 28 07:20:39 aitest audit: type=PATH msg=audit(1756365639.905:526): item=0 name="/home/opc/logai/enterprise_mnc_audit_sim/applications/databases/" inode=21814 dev=08:01 mode=0100644 ouid=0 ogid=0
Aug 28 07:20:39 aitest audit: type=SYSCALL msg=audit(1756365639.905:916): arch=c000003e syscall=59 success=yes exit=0 pid=11454 uid=2002 gid=2002 comm="ls" exe="/usr/bin/ls" key="process_execution"
Aug 28 07:20:43 aitest audit: type=PATH msg=audit(1756365643.754:201): item=0 name="/home/opc/logai/enterprise_mnc_audit_sim/enterprise_data/database/mysql/db_config.cnf" inode=29140 dev=08:01 mode=0100644 ouid=0 ogid=0
Aug 28 07:20:43 aitest audit: type=SYSCALL msg=audit(1756365643.754:216): arch=c000003e syscall=59 success=yes exit=0 pid=6021 uid=2002 gid=2002 comm="cat" exe="/usr/bin/cat" key="process_execution"
Aug 28 07:23:44 aitest audit: type=PATH msg=audit(1756365824.727:235): item=0 name="/home/opc/logai/enterprise_mnc_audit_sim/enterprise_data/operations/scripts/" inode=25596 dev=08:01 mode=0100644 ouid=0 ogid=0
Aug 28 07:23:44 aitest audit: type=SYSCALL msg=audit(1756365824.727:381): arch=c000003e syscall=59 success=yes exit=0 pid=2405 uid=2010 gid=2010 comm="chmod" exe="/usr/bin/chmod" key="process_execution"
Aug 28 07:23:54 aitest audit: type=SYSCALL msg=audit(1756365834.714:676): arch=c000003e syscall=59 success=yes exit=0 pid=3876 uid=2010 gid=2010 comm="ps" exe="/usr/bin/ps" key="process_execution"
Aug 28 07:24:03 aitest audit: type=PATH msg=audit(1756365843.155:388): item=0 name="/home/opc/logai/enterprise_mnc_audit_sim/applications/" inode=35015 dev=08:01 mode=0100644 ouid=0 ogid=0
Aug 28 07:24:03 aitest audit: type=SYSCALL msg=audit(1756365843.155:181): arch=c000003e syscall=59 success=yes exit=0 pid=10889 uid=2010 gid=2010 comm="ls" exe="/usr/bin/ls" key="process_execution"
Aug 28 07:31:54 aitest audit: type=PATH msg=audit(1756366314.943:453): item=0 name="/home/opc/logai/enterprise_mnc_audit_sim/enterprise_data/database/mysql/db_config.cnf" inode=28397 dev=08:01 mode=0100644 ouid=0 ogid=0
Aug 28 07:31:54 aitest audit: type=SYSCALL msg=audit(1756366314.943:526): arch=c000003e syscall=59 success=yes exit=0 pid=9543 uid=2002 gid=2002 comm="cat" exe="/usr/bin/cat" key="process_execution"
Aug 28 07:31:57 aitest audit: type=PATH msg=audit(1756366317.748:155): item=0 name="/home/opc/logai/enterprise_mnc_audit_sim/enterprise_data/database/mysql/db_config.cnf" inode=16182 dev=08:01 mode=0100644 ouid=0 ogid=0
Aug 28 07:31:57 aitest audit: type=SYSCALL msg=audit(1756366317.748:158): arch=c000003e syscall=59 success=yes exit=0 pid=4086 uid=2002 gid=2002 comm="chmod" exe="/usr/bin/chmod" key="process_execution"
Aug 28 07:32:00 aitest audit: type=PATH msg=audit(1756366320.197:417): item=0 name="/home/opc/logai/enterprise_mnc_audit_sim/enterprise_data/database/mysql/db_config.cnf" inode=22870 dev=08:01 mode=0100644 ouid=0 ogid=0
Aug 28 07:32:00 aitest audit: type=SYSCALL msg=audit(1756366320.197:707): arch=c000003e syscall=59 success=yes exit=0 pid=3607 uid=2002 gid=2002 comm="chmod" exe="/usr/bin/chmod" key="process_execution"
Aug 28 07:32:04 aitest audit: type=PATH msg=audit(1756366324.678:56): item=0 name="/home/opc/logai/enterprise_mnc_audit_sim/enterprise_data/database/mysql/db_config.cnf" inode=37925 dev=08:01 mode=0100644 ouid=0 ogid=0
Aug 28 07:32:04 aitest audit: type=SYSCALL msg=audit(1756366324.678:979): arch=c000003e syscall=59 success=yes exit=0 pid=5027 uid=2002 gid=2002 comm="cat" exe="/usr/bin/cat" key="process_execution"
Aug 28 07:32:09 aitest audit: type=PATH msg=audit(1756366329.493:811): item=0 name="/home/opc/logai/enterprise_mnc_audit_sim/enterprise_data/database/mysql/db_config.cnf" inode=26151 dev=08:01 mode=0100644 ouid=0 ogid=0
Aug 28 07:32:09 aitest audit: type=SYSCALL msg=audit(1756366329.493:922): arch=c000003e syscall=59 success=yes exit=0 pid=10129 uid=2002 gid=2002 comm="chmod" exe="/usr/bin/chmod" key="process_execution"
Aug 28 07:33:02 aitest audit: type=SYSCALL msg=audit(1756366382.538:677): arch=c000003e syscall=59 success=yes exit=0 pid=4835 uid=2004 gid=2004 comm="df" exe="/usr/bin/df" key="process_execution"
Aug 28 07:33:03 aitest audit: type=PATH msg=audit(1756366383.596:388): item=0 name="/home/opc/logai/enterprise_mnc_audit_sim/applications/" inode=37532 dev=08:01 mode=0100644 ouid=0 ogid=0
Aug 28 07:33:03 aitest audit: type=SYSCALL msg=audit(1756366383.596:405): arch=c000003e syscall=59 success=yes exit=0 pid=3486 uid=2004 gid=2004 comm="ls" exe="/usr/bin/ls" key="process_execution"
Aug 28 07:33:10 aitest audit: type=PATH msg=audit(1756366390.252:611): item=0 name="/home/opc/logai/enterprise_mnc_audit_sim/system" inode=33893 dev=08:01 mode=0100644 ouid=0 ogid=0
Aug 28 07:33:10 aitest audit: type=SYSCALL msg=audit(1756366390.252:163): arch=c000003e syscall=59 success=yes exit=0 pid=2607 uid=2004 gid=2004 comm="find" exe="/usr/bin/find" key="process_execution"
Aug 28 07:44:35 aitest audit: type=PATH msg=audit(1756367075.196:10): item=0 name="/home/opc/logai/enterprise_mnc_audit_sim/enterprise_data/development/projects/" inode=40389 dev=08:01 mode=0100644 ouid=0 ogid=0
Aug 28 07:44:35 aitest audit: type=SYSCALL msg=audit(1756367075.196:593): arch=c000003e syscall=59 success=yes exit=0 pid=7787 uid=2009 gid=2009 comm="ls" exe="/usr/bin/ls" key="process_execution"
Aug 28 07:44:38 aitest audit: type=PATH msg=audit(1756367078.956:460): item=0 name="/home/opc/logai/enterprise_mnc_audit_sim/enterprise_data/development/scripts/build.sh" inode=35103 dev=08:01 mode=0100644 ouid=0 ogid=0
Aug 28 07:44:38 aitest audit: type=SYSCALL msg=audit(1756367078.956:180): arch=c000003e syscall=59 success=yes exit=0 pid=6362 uid=2009 gid=2009 comm="chmod" exe="/usr/bin/chmod" key="process_execution"
Aug 28 07:44:47 aitest audit: type=PATH msg=audit(1756367087.83:352): item=0 name="/home/opc/logai/enterprise_mnc_audit_sim/enterprise_data/development/scripts/build.sh" inode=18521 dev=08:01 mode=0100644 ouid=0 ogid=0
Aug 28 07:44:47 aitest audit: type=SYSCALL msg=audit(1756367087.83:134): arch=c000003e syscall=59 success=yes exit=0 pid=7761 uid=2009 gid=2009 comm="chmod" exe="/usr/bin/chmod" key="process_execution"
Aug 28 07:45:02 aitest audit: type=PATH msg=audit(1756367102.5:815): item=0 name="/home/opc/logai/enterprise_mnc_audit_sim/enterprise_data/operations/scripts/" inode=32834 dev=08:01 mode=0100644 ouid=0 ogid=0
Aug 28 07:45:02 aitest audit: type=SYSCALL msg=audit(1756367102.5:878): arch=c000003e syscall=59 success=yes exit=0 pid=8556 uid=2007 gid=2007 comm="chmod" exe="/usr/bin/chmod" key="process_execution"
Aug 28 07:45:03 aitest audit: type=PATH msg=audit(1756367103.737:576): item=0 name="/home/opc/logai/enterprise_mnc_audit_sim/enterprise_data/operations/scripts/" inode=20688 dev=08:01 mode=0100644 ouid=0 ogid=0
Aug 28 07:45:03 aitest audit: type=SYSCALL msg=audit(1756367103.737:816): arch=c000003e syscall=59 success=yes exit=0 pid=2369 uid=2007 gid=2007 comm="chmod" exe="/usr/bin/chmod" key="process_execution"
Aug 28 07:45:05 aitest audit: type=SYSCALL msg=audit(1756367105.430:128): arch=c000003e syscall=59 success=yes exit=0 pid=11589 uid=2007 gid=2007 comm="top" exe="/usr/bin/top" key="process_execution"
Aug 28 07:45:11 aitest audit: type=SYSCALL msg=audit(1756367111.152:234): arch=c000003e syscall=59 success=yes exit=0 pid=8813 uid=2007 gid=2007 comm="tar" exe="/usr/bin/tar" key="process_execution"
Aug 28 07:45:16 aitest audit: type=SYSCALL msg=audit(1756367116.473:585): arch=c000003e syscall=59 success=yes exit=0 pid=6676 uid=2007 gid=2007 comm="ps" exe="/usr/bin/ps" key="process_execution"
Aug 28 07:46:20 aitest audit: type=SYSCALL msg=audit(1756367180.604:689): arch=c000003e syscall=59 success=yes exit=0 pid=9080 uid=2002 gid=2002 comm="du" exe="/usr/bin/du" key="process_execution"
Aug 28 07:46:24 aitest audit: type=PATH msg=audit(1756367184.570:723): item=0 name="/home/opc/logai/enterprise_mnc_audit_sim/enterprise_data/database/" inode=40070 dev=08:01 mode=0100644 ouid=0 ogid=0
Aug 28 07:46:24 aitest audit: type=SYSCALL msg=audit(1756367184.570:756): arch=c000003e syscall=59 success=yes exit=0 pid=2185 uid=2002 gid=2002 comm="ls" exe="/usr/bin/ls" key="process_execution"
Aug 28 07:46:33 aitest audit: type=SYSCALL msg=audit(1756367193.565:796): arch=c000003e syscall=59 success=yes exit=0 pid=10012 uid=2002 gid=2002 comm="cp" exe="/usr/bin/cp" key="process_execution"
Aug 28 07:46:34 aitest audit: type=PATH msg=audit(1756367194.933:365): item=0 name="/home/opc/logai/enterprise_mnc_audit_sim/enterprise_data/database/mysql/db_config.cnf" inode=42508 dev=08:01 mode=0100644 ouid=0 ogid=0
Aug 28 07:46:34 aitest audit: type=SYSCALL msg=audit(1756367194.933:314): arch=c000003e syscall=59 success=yes exit=0 pid=5295 uid=2002 gid=2002 comm="cat" exe="/usr/bin/cat" key="process_execution"
Aug 28 07:46:39 aitest audit: type=PATH msg=audit(1756367199.774:634): item=0 name="/home/opc/logai/enterprise_mnc_audit_sim/enterprise_data/database/" inode=25184 dev=08:01 mode=0100644 ouid=0 ogid=0
Aug 28 07:46:39 aitest audit: type=SYSCALL msg=audit(1756367199.774:283): arch=c000003e syscall=59 success=yes exit=0 pid=5524 uid=2002 gid=2002 comm="ls" exe="/usr/bin/ls" key="process_execution"
Aug 28 07:49:10 aitest audit: type=PATH msg=audit(1756367350.941:378): item=0 name="/home/opc/logai/enterprise_mnc_audit_sim/enterprise_data/development/projects/" inode=20384 dev=08:01 mode=0100644 ouid=0 ogid=0
Aug 28 07:49:10 aitest audit: type=SYSCALL msg=audit(1756367350.941:672): arch=c000003e syscall=59 success=yes exit=0 pid=6682 uid=2003 gid=2003 comm="ls" exe="/usr/bin/ls" key="process_execution"
Aug 28 07:49:12 aitest audit: type=SYSCALL msg=audit(1756367352.791:884): arch=c000003e syscall=59 success=yes exit=0 pid=2712 uid=2003 gid=2003 comm="cp" exe="/usr/bin/cp" key="process_execution"
Aug 28 07:49:16 aitest audit: type=PATH msg=audit(1756367356.74:665): item=0 name="/home/opc/logai/enterprise_mnc_audit_sim/enterprise_data/development/" inode=34909 dev=08:01 mode=0100644 ouid=0 ogid=0
Aug 28 07:49:16 aitest audit: type=SYSCALL msg=audit(1756367356.74:792): arch=c000003e syscall=59 success=yes exit=0 pid=10122 uid=2003 gid=2003 comm="ls" exe="/usr/bin/ls" key="process_execution"
Aug 28 07:49:22 aitest audit: type=PATH msg=audit(1756367362.898:698): item=0 name="/home/opc/logai/enterprise_mnc_audit_sim/enterprise_data/development/scripts/build.sh" inode=38865 dev=08:01 mode=0100644 ouid=0 ogid=0
Aug 28 07:49:22 aitest audit: type=SYSCALL msg=audit(1756367362.898:59): arch=c000003e syscall=59 success=yes exit=0 pid=6968 uid=2003 gid=2003 comm="chmod" exe="/usr/bin/chmod" key="process_execution"
Aug 28 07:49:24 aitest audit: type=PATH msg=audit(1756367364.374:987): item=0 name="/home/opc/logai/enterprise_mnc_audit_sim/enterprise_data/development/projects/project_alpha.txt" inode=40758 dev=08:01 mode=0100644 ouid=0 ogid=0
Aug 28 07:49:24 aitest audit: type=SYSCALL msg=audit(1756367364.374:532): arch=c000003e syscall=59 success=yes exit=0 pid=11082 uid=2003 gid=2003 comm="cat" exe="/usr/bin/cat" key="process_execution"
Aug 28 07:49:50 aitest audit: type=SYSCALL msg=audit(1756367390.570:936): arch=c000003e syscall=59 success=yes exit=0 pid=9562 uid=2005 gid=2005 comm="grep" exe="/usr/bin/grep" key="process_execution"
Aug 28 07:49:55 aitest audit: type=PATH msg=audit(1756367395.420:929): item=0 name="/home/opc/logai/enterprise_mnc_audit_sim/enterprise_data/database/mysql/db_config.cnf" inode=15472 dev=08:01 mode=0100644 ouid=0 ogid=0
Aug 28 07:49:55 aitest audit: type=SYSCALL msg=audit(1756367395.420:475): arch=c000003e syscall=59 success=yes exit=0 pid=6369 uid=2005 gid=2005 comm="chmod" exe="/usr/bin/chmod" key="process_execution"
Aug 28 07:50:01 aitest audit: type=SYSCALL msg=audit(1756367401.216:10): arch=c000003e syscall=59 success=yes exit=0 pid=9416 uid=2005 gid=2005 comm="grep" exe="/usr/bin/grep" key="process_execution"
Aug 28 08:01:39 aitest audit: type=SYSCALL msg=audit(1756368099.285:419): arch=c000003e syscall=59 success=yes exit=0 pid=3917 uid=2007 gid=2007 comm="tar" exe="/usr/bin/tar" key="process_execution"
Aug 28 08:01:41 aitest audit: type=SYSCALL msg=audit(1756368101.524:904): arch=c000003e syscall=59 success=yes exit=0 pid=4528 uid=2007 gid=2007 comm="du" exe="/usr/bin/du" key="process_execution"
Aug 28 08:01:49 aitest audit: type=PATH msg=audit(1756368109.252:611): item=0 name="/home/opc/logai/enterprise_mnc_audit_sim/applications/" inode=30929 dev=08:01 mode=0100644 ouid=0 ogid=0
Aug 28 08:01:49 aitest audit: type=SYSCALL msg=audit(1756368109.252:146): arch=c000003e syscall=59 success=yes exit=0 pid=8339 uid=2007 gid=2007 comm="ls" exe="/usr/bin/ls" key="process_execution"
Aug 28 08:01:57 aitest audit: type=SYSCALL msg=audit(1756368117.228:801): arch=c000003e syscall=59 success=yes exit=0 pid=5429 uid=2004 gid=2004 comm="ps" exe="/usr/bin/ps" key="process_execution"
Aug 28 08:02:02 aitest audit: type=PATH msg=audit(1756368122.309:466): item=0 name="/home/opc/logai/enterprise_mnc_audit_sim/system/configs/server.conf" inode=21967 dev=08:01 mode=0100644 ouid=0 ogid=0
Aug 28 08:02:02 aitest audit: type=SYSCALL msg=audit(1756368122.309:870): arch=c000003e syscall=59 success=yes exit=0 pid=6216 uid=2004 gid=2004 comm="chmod" exe="/usr/bin/chmod" key="process_execution"
Aug 28 08:02:04 aitest audit: type=SYSCALL msg=audit(1756368124.686:117): arch=c000003e syscall=59 success=yes exit=0 pid=9112 uid=2004 gid=2004 comm="free" exe="/usr/bin/free" key="process_execution"
Aug 28 08:02:13 aitest audit: type=PATH msg=audit(1756368133.34:884): item=0 name="/home/opc/logai/enterprise_mnc_audit_sim/system/configs/server.conf" inode=30056 dev=08:01 mode=0100644 ouid=0 ogid=0
Aug 28 08:02:13 aitest audit: type=SYSCALL msg=audit(1756368133.34:659): arch=c000003e syscall=59 success=yes exit=0 pid=6172 uid=2004 gid=2004 comm="cat" exe="/usr/bin/cat" key="process_execution"
Aug 28 08:02:14 aitest audit: type=PATH msg=audit(1756368134.76:893): item=0 name="/home/opc/logai/enterprise_mnc_audit_sim/applications/" inode=25164 dev=08:01 mode=0100644 ouid=0 ogid=0
Aug 28 08:02:14 aitest audit: type=SYSCALL msg=audit(1756368134.76:919): arch=c000003e syscall=59 success=yes exit=0 pid=6149 uid=2004 gid=2004 comm="ls" exe="/usr/bin/ls" key="process_execution"
Aug 28 08:12:36 aitest audit: type=PATH msg=audit(1756368756.427:880): item=0 name="/home/opc/logai/enterprise_mnc_audit_sim/enterprise_data/development/projects/" inode=13703 dev=08:01 mode=0100644 ouid=0 ogid=0
Aug 28 08:12:36 aitest audit: type=SYSCALL msg=audit(1756368756.427:609): arch=c000003e syscall=59 success=yes exit=0 pid=8981 uid=2003 gid=2003 comm="ls" exe="/usr/bin/ls" key="process_execution"
Aug 28 08:12:42 aitest audit: type=PATH msg=audit(1756368762.633:664): item=0 name="/home/opc/logai/enterprise_mnc_audit_sim/enterprise_data/development/" inode=35119 dev=08:01 mode=0100644 ouid=0 ogid=0
Aug 28 08:12:42 aitest audit: type=SYSCALL msg=audit(1756368762.633:673): arch=c000003e syscall=59 success=yes exit=0 pid=3798 uid=2003 gid=2003 comm="ls" exe="/usr/bin/ls" key="process_execution"
Aug 28 08:12:48 aitest audit: type=SYSCALL msg=audit(1756368768.328:721): arch=c000003e syscall=59 success=yes exit=0 pid=7533 uid=2003 gid=2003 comm="wc" exe="/usr/bin/wc" key="process_execution"
Aug 28 08:12:54 aitest audit: type=SYSCALL msg=audit(1756368774.854:13): arch=c000003e syscall=59 success=yes exit=0 pid=11993 uid=2003 gid=2003 comm="cp" exe="/usr/bin/cp" key="process_execution"
Aug 28 08:20:49 aitest audit: type=SYSCALL msg=audit(1756369249.725:686): arch=c000003e syscall=59 success=yes exit=0 pid=5173 uid=2009 gid=2009 comm="wc" exe="/usr/bin/wc" key="process_execution"
Aug 28 08:20:55 aitest audit: type=PATH msg=audit(1756369255.867:790): item=0 name="/home/opc/logai/enterprise_mnc_audit_sim/enterprise_data/development/projects/" inode=33190 dev=08:01 mode=0100644 ouid=0 ogid=0
Aug 28 08:20:55 aitest audit: type=SYSCALL msg=audit(1756369255.867:885): arch=c000003e syscall=59 success=yes exit=0 pid=4448 uid=2009 gid=2009 comm="ls" exe="/usr/bin/ls" key="process_execution"
Aug 28 08:21:02 aitest audit: type=PATH msg=audit(1756369262.41:399): item=0 name="/home/opc/logai/enterprise_mnc_audit_sim/enterprise_data/development" inode=10242 dev=08:01 mode=0100644 ouid=0 ogid=0
Aug 28 08:21:02 aitest audit: type=SYSCALL msg=audit(1756369262.41:916): arch=c000003e syscall=59 success=yes exit=0 pid=11431 uid=2009 gid=2009 comm="find" exe="/usr/bin/find" key="process_execution"
Aug 28 08:21:05 aitest audit: type=PATH msg=audit(1756369265.912:171): item=0 name="/home/opc/logai/enterprise_mnc_audit_sim/enterprise_data/development/projects/" inode=18766 dev=08:01 mode=0100644 ouid=0 ogid=0
Aug 28 08:21:05 aitest audit: type=SYSCALL msg=audit(1756369265.912:192): arch=c000003e syscall=59 success=yes exit=0 pid=6949 uid=2009 gid=2009 comm="ls" exe="/usr/bin/ls" key="process_execution"
Aug 28 08:21:14 aitest audit: type=SYSCALL msg=audit(1756369274.421:682): arch=c000003e syscall=59 success=yes exit=0 pid=2301 uid=2009 gid=2009 comm="wc" exe="/usr/bin/wc" key="process_execution"
Aug 28 08:26:04 aitest audit: type=PATH msg=audit(1756369564.183:346): item=0 name="/home/opc/logai/enterprise_mnc_audit_sim/enterprise_data/development/scripts/build.sh" inode=29318 dev=08:01 mode=0100644 ouid=0 ogid=0
Aug 28 08:26:04 aitest audit: type=SYSCALL msg=audit(1756369564.183:660): arch=c000003e syscall=59 success=yes exit=0 pid=3576 uid=2003 gid=2003 comm="chmod" exe="/usr/bin/chmod" key="process_execution"
Aug 28 08:26:11 aitest audit: type=PATH msg=audit(1756369571.854:927): item=0 name="/home/opc/logai/enterprise_mnc_audit_sim/enterprise_data/development/projects/" inode=32396 dev=08:01 mode=0100644 ouid=0 ogid=0
Aug 28 08:26:11 aitest audit: type=SYSCALL msg=audit(1756369571.854:491): arch=c000003e syscall=59 success=yes exit=0 pid=2696 uid=2003 gid=2003 comm="ls" exe="/usr/bin/ls" key="process_execution"
Aug 28 08:26:12 aitest audit: type=PATH msg=audit(1756369572.783:125): item=0 name="/home/opc/logai/enterprise_mnc_audit_sim/enterprise_data/development/" inode=36921 dev=08:01 mode=0100644 ouid=0 ogid=0
Aug 28 08:26:12 aitest audit: type=SYSCALL msg=audit(1756369572.783:300): arch=c000003e syscall=59 success=yes exit=0 pid=11321 uid=2003 gid=2003 comm="ls" exe="/usr/bin/ls" key="process_execution"
Aug 28 08:26:14 aitest audit: type=PATH msg=audit(1756369574.608:592): item=0 name="/home/opc/logai/enterprise_mnc_audit_sim/enterprise_data/development/projects/" inode=18732 dev=08:01 mode=0100644 ouid=0 ogid=0
Aug 28 08:26:14 aitest audit: type=SYSCALL msg=audit(1756369574.608:640): arch=c000003e syscall=59 success=yes exit=0 pid=10184 uid=2003 gid=2003 comm="ls" exe="/usr/bin/ls" key="process_execution"
Aug 28 08:27:25 aitest audit: type=PATH msg=audit(1756369645.660:494): item=0 name="/home/opc/logai/enterprise_mnc_audit_sim/enterprise_data/database/mysql/db_config.cnf" inode=30257 dev=08:01 mode=0100644 ouid=0 ogid=0
Aug 28 08:27:25 aitest audit: type=SYSCALL msg=audit(1756369645.660:510): arch=c000003e syscall=59 success=yes exit=0 pid=6975 uid=2002 gid=2002 comm="chmod" exe="/usr/bin/chmod" key="process_execution"
Aug 28 08:27:35 aitest audit: type=SYSCALL msg=audit(1756369655.484:844): arch=c000003e syscall=59 success=yes exit=0 pid=2189 uid=2002 gid=2002 comm="grep" exe="/usr/bin/grep" key="process_execution"
Aug 28 08:27:39 aitest audit: type=SYSCALL msg=audit(1756369659.140:394): arch=c000003e syscall=59 success=yes exit=0 pid=2762 uid=2002 gid=2002 comm="du" exe="/usr/bin/du" key="process_execution"
Aug 28 08:30:07 aitest audit: type=SYSCALL msg=audit(1756369807.152:471): arch=c000003e syscall=59 success=yes exit=0 pid=11290 uid=2007 gid=2007 comm="ps" exe="/usr/bin/ps" key="process_execution"
Aug 28 08:30:17 aitest audit: type=PATH msg=audit(1756369817.821:410): item=0 name="/home/opc/logai/enterprise_mnc_audit_sim/enterprise_data/operations" inode=15044 dev=08:01 mode=0100644 ouid=0 ogid=0
Aug 28 08:30:17 aitest audit: type=SYSCALL msg=audit(1756369817.821:271): arch=c000003e syscall=59 success=yes exit=0 pid=8637 uid=2007 gid=2007 comm="find" exe="/usr/bin/find" key="process_execution"
Aug 28 08:30:25 aitest audit: type=PATH msg=audit(1756369825.400:23): item=0 name="/home/opc/logai/enterprise_mnc_audit_sim/applications/" inode=39458 dev=08:01 mode=0100644 ouid=0 ogid=0
Aug 28 08:30:25 aitest audit: type=SYSCALL msg=audit(1756369825.400:486): arch=c000003e syscall=59 success=yes exit=0 pid=9731 uid=2007 gid=2007 comm="ls" exe="/usr/bin/ls" key="process_execution"
Aug 28 08:30:29 aitest audit: type=SYSCALL msg=audit(1756369829.936:598): arch=c000003e syscall=59 success=yes exit=0 pid=2509 uid=2007 gid=2007 comm="tar" exe="/usr/bin/tar" key="process_execution"
Aug 28 08:30:50 aitest audit: type=SYSCALL msg=audit(1756369850.124:794): arch=c000003e syscall=59 success=yes exit=0 pid=4304 uid=2009 gid=2009 comm="cp" exe="/usr/bin/cp" key="process_execution"
Aug 28 08:30:51 aitest audit: type=PATH msg=audit(1756369851.71:142): item=0 name="/home/opc/logai/enterprise_mnc_audit_sim/enterprise_data/development/" inode=12167 dev=08:01 mode=0100644 ouid=0 ogid=0
Aug 28 08:30:51 aitest audit: type=SYSCALL msg=audit(1756369851.71:352): arch=c000003e syscall=59 success=yes exit=0 pid=4346 uid=2009 gid=2009 comm="ls" exe="/usr/bin/ls" key="process_execution"
Aug 28 08:30:56 aitest audit: type=PATH msg=audit(1756369856.514:17): item=0 name="/home/opc/logai/enterprise_mnc_audit_sim/enterprise_data/development/projects/project_alpha.txt" inode=17060 dev=08:01 mode=0100644 ouid=0 ogid=0
Aug 28 08:30:56 aitest audit: type=SYSCALL msg=audit(1756369856.514:38): arch=c000003e syscall=59 success=yes exit=0 pid=4761 uid=2009 gid=2009 comm="cat" exe="/usr/bin/cat" key="process_execution"
Aug 28 08:33:29 aitest audit: type=SYSCALL msg=audit(1756370009.901:276): arch=c000003e syscall=59 success=yes exit=0 pid=4277 uid=2008 gid=2008 comm="w" exe="/usr/bin/w" key="process_execution"
Aug 28 08:33:31 aitest audit: type=PATH msg=audit(1756370011.185:636): item=0 name="/home/opc/logai/enterprise_mnc_audit_sim/enterprise_data/hr/" inode=11336 dev=08:01 mode=0100644 ouid=0 ogid=0
Aug 28 08:33:31 aitest audit: type=SYSCALL msg=audit(1756370011.185:88): arch=c000003e syscall=59 success=yes exit=0 pid=7509 uid=2008 gid=2008 comm="ls" exe="/usr/bin/ls" key="process_execution"
Aug 28 08:39:35 aitest audit: type=SYSCALL msg=audit(1756370375.487:23): arch=c000003e syscall=59 success=yes exit=0 pid=2754 uid=2007 gid=2007 comm="du" exe="/usr/bin/du" key="process_execution"
Aug 28 08:39:39 aitest audit: type=SYSCALL msg=audit(1756370379.113:501): arch=c000003e syscall=59 success=yes exit=0 pid=3846 uid=2007 gid=2007 comm="top" exe="/usr/bin/top" key="process_execution"
Aug 28 08:39:46 aitest audit: type=SYSCALL msg=audit(1756370386.730:57): arch=c000003e syscall=59 success=yes exit=0 pid=3264 uid=2007 gid=2007 comm="ps" exe="/usr/bin/ps" key="process_execution"
Aug 28 08:39:47 aitest audit: type=PATH msg=audit(1756370387.422:828): item=0 name="/home/opc/logai/enterprise_mnc_audit_sim/enterprise_data/operations/" inode=12490 dev=08:01 mode=0100644 ouid=0 ogid=0
Aug 28 08:39:47 aitest audit: type=SYSCALL msg=audit(1756370387.422:382): arch=c000003e syscall=59 success=yes exit=0 pid=7909 uid=2007 gid=2007 comm="ls" exe="/usr/bin/ls" key="process_execution"
Aug 28 08:39:48 aitest audit: type=SYSCALL msg=audit(1756370388.762:841): arch=c000003e syscall=59 success=yes exit=0 pid=7076 uid=2007 gid=2007 comm="top" exe="/usr/bin/top" key="process_execution"
Aug 28 08:49:27 aitest audit: type=SYSCALL msg=audit(1756370967.525:848): arch=c000003e syscall=59 success=yes exit=0 pid=2434 uid=2003 gid=2003 comm="wc" exe="/usr/bin/wc" key="process_execution"
Aug 28 08:49:29 aitest audit: type=SYSCALL msg=audit(1756370969.962:615): arch=c000003e syscall=59 success=yes exit=0 pid=4646 uid=2003 gid=2003 comm="wc" exe="/usr/bin/wc" key="process_execution"
Aug 28 08:49:38 aitest audit: type=SYSCALL msg=audit(1756370978.446:986): arch=c000003e syscall=59 success=yes exit=0 pid=3048 uid=2003 gid=2003 comm="cp" exe="/usr/bin/cp" key="process_execution"
Aug 28 08:49:39 aitest audit: type=PATH msg=audit(1756370979.886:515): item=0 name="/home/opc/logai/enterprise_mnc_audit_sim/enterprise_data/development/projects/project_alpha.txt" inode=32321 dev=08:01 mode=0100644 ouid=0 ogid=0
Aug 28 08:49:39 aitest audit: type=SYSCALL msg=audit(1756370979.886:935): arch=c000003e syscall=59 success=yes exit=0 pid=9440 uid=2003 gid=2003 comm="cat" exe="/usr/bin/cat" key="process_execution"
Aug 28 08:49:48 aitest audit: type=PATH msg=audit(1756370988.773:12): item=0 name="/home/opc/logai/enterprise_mnc_audit_sim/enterprise_data/development/" inode=20308 dev=08:01 mode=0100644 ouid=0 ogid=0
Aug 28 08:49:48 aitest audit: type=SYSCALL msg=audit(1756370988.773:49): arch=c000003e syscall=59 success=yes exit=0 pid=3296 uid=2003 gid=2003 comm="ls" exe="/usr/bin/ls" key="process_execution"
Aug 28 08:51:10 aitest audit: type=PATH msg=audit(1756371070.64:179): item=0 name="/home/opc/logai/enterprise_mnc_audit_sim/enterprise_data/operations" inode=18704 dev=08:01 mode=0100644 ouid=0 ogid=0
Aug 28 08:51:10 aitest audit: type=SYSCALL msg=audit(1756371070.64:555): arch=c000003e syscall=59 success=yes exit=0 pid=5029 uid=2007 gid=2007 comm="find" exe="/usr/bin/find" key="process_execution"
Aug 28 08:51:11 aitest audit: type=SYSCALL msg=audit(1756371071.690:410): arch=c000003e syscall=59 success=yes exit=0 pid=7334 uid=2007 gid=2007 comm="tar" exe="/usr/bin/tar" key="process_execution"
