Aug 21 00:06:59 aitest audit: type=SYSCALL msg=audit(1755734819.746:368): arch=c000003e syscall=59 success=yes exit=0 pid=3406 uid=2006 gid=2006 comm="grep" exe="/usr/bin/grep" key="process_execution"
Aug 21 00:07:02 aitest audit: type=SYSCALL msg=audit(1755734822.550:420): arch=c000003e syscall=59 success=yes exit=0 pid=11439 uid=2006 gid=2006 comm="wc" exe="/usr/bin/wc" key="process_execution"
Aug 21 00:07:05 aitest audit: type=SYSCALL msg=audit(1755734825.61:606): arch=c000003e syscall=59 success=yes exit=0 pid=10382 uid=2006 gid=2006 comm="cp" exe="/usr/bin/cp" key="process_execution"
Aug 21 00:07:08 aitest audit: type=PATH msg=audit(1755734828.26:567): item=0 name="/home/opc/logai/enterprise_mnc_audit_sim/enterprise_data/development/scripts/build.sh" inode=30088 dev=08:01 mode=0100644 ouid=0 ogid=0
Aug 21 00:07:08 aitest audit: type=SYSCALL msg=audit(1755734828.26:827): arch=c000003e syscall=59 success=yes exit=0 pid=7743 uid=2006 gid=2006 comm="chmod" exe="/usr/bin/chmod" key="process_execution"
Aug 21 00:10:03 aitest audit: type=PATH msg=audit(1755735003.222:771): item=0 name="/home/opc/logai/enterprise_mnc_audit_sim/enterprise_data/development" inode=41372 dev=08:01 mode=0100644 ouid=0 ogid=0
Aug 21 00:10:03 aitest audit: type=SYSCALL msg=audit(1755735003.222:811): arch=c000003e syscall=59 success=yes exit=0 pid=11949 uid=2009 gid=2009 comm="find" exe="/usr/bin/find" key="process_execution"
Aug 21 00:10:04 aitest audit: type=PATH msg=audit(1755735004.967:604): item=0 name="/home/opc/logai/enterprise_mnc_audit_sim/enterprise_data/development/scripts/build.sh" inode=35657 dev=08:01 mode=0100644 ouid=0 ogid=0
Aug 21 00:10:04 aitest audit: type=SYSCALL msg=audit(1755735004.967:535): arch=c000003e syscall=59 success=yes exit=0 pid=7899 uid=2009 gid=2009 comm="chmod" exe="/usr/bin/chmod" key="process_execution"
Aug 21 00:10:11 aitest audit: type=PATH msg=audit(1755735011.920:205): item=0 name="/home/opc/logai/enterprise_mnc_audit_sim/enterprise_data/development/projects/" inode=32529 dev=08:01 mode=0100644 ouid=0 ogid=0
Aug 21 00:10:11 aitest audit: type=SYSCALL msg=audit(1755735011.920:248): arch=c000003e syscall=59 success=yes exit=0 pid=5140 uid=2009 gid=2009 comm="ls" exe="/usr/bin/ls" key="process_execution"
Aug 21 00:10:12 aitest audit: type=PATH msg=audit(1755735012.985:737): item=0 name="/home/opc/logai/enterprise_mnc_audit_sim/enterprise_data/development/scripts/build.sh" inode=41979 dev=08:01 mode=0100644 ouid=0 ogid=0
Aug 21 00:10:12 aitest audit: type=SYSCALL msg=audit(1755735012.985:370): arch=c000003e syscall=59 success=yes exit=0 pid=5146 uid=2009 gid=2009 comm="chmod" exe="/usr/bin/chmod" key="process_execution"
Aug 21 00:20:54 aitest audit: type=PATH msg=audit(1755735654.402:34): item=0 name="/home/opc/logai/enterprise_mnc_audit_sim/applications/databases/" inode=29079 dev=08:01 mode=0100644 ouid=0 ogid=0
Aug 21 00:20:54 aitest audit: type=SYSCALL msg=audit(1755735654.402:867): arch=c000003e syscall=59 success=yes exit=0 pid=8874 uid=2002 gid=2002 comm="ls" exe="/usr/bin/ls" key="process_execution"
Aug 21 00:20:56 aitest audit: type=PATH msg=audit(1755735656.470:652): item=0 name="/home/opc/logai/enterprise_mnc_audit_sim/applications/databases/" inode=25416 dev=08:01 mode=0100644 ouid=0 ogid=0
Aug 21 00:20:56 aitest audit: type=SYSCALL msg=audit(1755735656.470:877): arch=c000003e syscall=59 success=yes exit=0 pid=10275 uid=2002 gid=2002 comm="ls" exe="/usr/bin/ls" key="process_execution"
Aug 21 00:20:59 aitest audit: type=SYSCALL msg=audit(1755735659.417:309): arch=c000003e syscall=59 success=yes exit=0 pid=7913 uid=2002 gid=2002 comm="du" exe="/usr/bin/du" key="process_execution"
Aug 21 00:21:09 aitest audit: type=PATH msg=audit(1755735669.258:352): item=0 name="/home/opc/logai/enterprise_mnc_audit_sim/enterprise_data/database/" inode=28519 dev=08:01 mode=0100644 ouid=0 ogid=0
Aug 21 00:21:09 aitest audit: type=SYSCALL msg=audit(1755735669.258:898): arch=c000003e syscall=59 success=yes exit=0 pid=5462 uid=2002 gid=2002 comm="ls" exe="/usr/bin/ls" key="process_execution"
Aug 21 00:21:48 aitest audit: type=SYSCALL msg=audit(1755735708.815:117): arch=c000003e syscall=59 success=yes exit=0 pid=2280 uid=2006 gid=2006 comm="cp" exe="/usr/bin/cp" key="process_execution"
Aug 21 00:21:57 aitest audit: type=SYSCALL msg=audit(1755735717.257:283): arch=c000003e syscall=59 success=yes exit=0 pid=2418 uid=2006 gid=2006 comm="cp" exe="/usr/bin/cp" key="process_execution"
Aug 21 00:23:27 aitest audit: type=PATH msg=audit(1755735807.894:407): item=0 name="/home/opc/logai/enterprise_mnc_audit_sim/applications/" inode=17984 dev=08:01 mode=0100644 ouid=0 ogid=0
Aug 21 00:23:27 aitest audit: type=SYSCALL msg=audit(1755735807.894:474): arch=c000003e syscall=59 success=yes exit=0 pid=3559 uid=2004 gid=2004 comm="ls" exe="/usr/bin/ls" key="process_execution"
Aug 21 00:23:36 aitest audit: type=PATH msg=audit(1755735816.478:101): item=0 name="/home/opc/logai/enterprise_mnc_audit_sim/system/logs/application.log" inode=39115 dev=08:01 mode=0100644 ouid=0 ogid=0
Aug 21 00:23:36 aitest audit: type=SYSCALL msg=audit(1755735816.478:908): arch=c000003e syscall=59 success=yes exit=0 pid=8679 uid=2004 gid=2004 comm="tail" exe="/usr/bin/tail" key="process_execution"
Aug 21 00:23:43 aitest audit: type=PATH msg=audit(1755735823.748:173): item=0 name="/home/opc/logai/enterprise_mnc_audit_sim/applications/" inode=25457 dev=08:01 mode=0100644 ouid=0 ogid=0
Aug 21 00:23:43 aitest audit: type=SYSCALL msg=audit(1755735823.748:296): arch=c000003e syscall=59 success=yes exit=0 pid=7460 uid=2004 gid=2004 comm="ls" exe="/usr/bin/ls" key="process_execution"
Aug 21 00:23:45 aitest audit: type=SYSCALL msg=audit(1755735825.976:524): arch=c000003e syscall=59 success=yes exit=0 pid=3322 uid=2004 gid=2004 comm="netstat" exe="/usr/bin/netstat" key="process_execution"
Aug 21 00:23:46 aitest audit: type=PATH msg=audit(1755735826.509:462): item=0 name="/home/opc/logai/enterprise_mnc_audit_sim/system/configs/server.conf" inode=35750 dev=08:01 mode=0100644 ouid=0 ogid=0
Aug 21 00:23:46 aitest audit: type=SYSCALL msg=audit(1755735826.509:31): arch=c000003e syscall=59 success=yes exit=0 pid=10403 uid=2004 gid=2004 comm="chmod" exe="/usr/bin/chmod" key="process_execution"
Aug 21 00:25:23 aitest audit: type=PATH msg=audit(1755735923.262:763): item=0 name="/home/opc/logai/enterprise_mnc_audit_sim/enterprise_data/operations" inode=22817 dev=08:01 mode=0100644 ouid=0 ogid=0
Aug 21 00:25:23 aitest audit: type=SYSCALL msg=audit(1755735923.262:321): arch=c000003e syscall=59 success=yes exit=0 pid=8217 uid=2010 gid=2010 comm="find" exe="/usr/bin/find" key="process_execution"
Aug 21 00:25:32 aitest audit: type=SYSCALL msg=audit(1755735932.259:595): arch=c000003e syscall=59 success=yes exit=0 pid=5606 uid=2010 gid=2010 comm="top" exe="/usr/bin/top" key="process_execution"
Aug 21 00:25:34 aitest audit: type=SYSCALL msg=audit(1755735934.161:826): arch=c000003e syscall=59 success=yes exit=0 pid=8641 uid=2010 gid=2010 comm="ps" exe="/usr/bin/ps" key="process_execution"
Aug 21 00:25:43 aitest audit: type=PATH msg=audit(1755735943.315:396): item=0 name="/home/opc/logai/enterprise_mnc_audit_sim/enterprise_data/operations/" inode=34946 dev=08:01 mode=0100644 ouid=0 ogid=0
Aug 21 00:25:43 aitest audit: type=SYSCALL msg=audit(1755735943.315:875): arch=c000003e syscall=59 success=yes exit=0 pid=4099 uid=2010 gid=2010 comm="ls" exe="/usr/bin/ls" key="process_execution"
Aug 21 00:25:52 aitest audit: type=SYSCALL msg=audit(1755735952.345:207): arch=c000003e syscall=59 success=yes exit=0 pid=8598 uid=2010 gid=2010 comm="top" exe="/usr/bin/top" key="process_execution"
Aug 21 00:32:19 aitest audit: type=SYSCALL msg=audit(1755736339.702:625): arch=c000003e syscall=59 success=yes exit=0 pid=4264 uid=2006 gid=2006 comm="cp" exe="/usr/bin/cp" key="process_execution"
Aug 21 00:32:21 aitest audit: type=PATH msg=audit(1755736341.200:294): item=0 name="/home/opc/logai/enterprise_mnc_audit_sim/enterprise_data/development" inode=18513 dev=08:01 mode=0100644 ouid=0 ogid=0
Aug 21 00:32:21 aitest audit: type=SYSCALL msg=audit(1755736341.200:391): arch=c000003e syscall=59 success=yes exit=0 pid=5739 uid=2006 gid=2006 comm="find" exe="/usr/bin/find" key="process_execution"
Aug 21 00:32:31 aitest audit: type=PATH msg=audit(1755736351.92:614): item=0 name="/home/opc/logai/enterprise_mnc_audit_sim/enterprise_data/development/" inode=24135 dev=08:01 mode=0100644 ouid=0 ogid=0
Aug 21 00:32:31 aitest audit: type=SYSCALL msg=audit(1755736351.92:378): arch=c000003e syscall=59 success=yes exit=0 pid=3264 uid=2006 gid=2006 comm="ls" exe="/usr/bin/ls" key="process_execution"
Aug 21 00:32:36 aitest audit: type=PATH msg=audit(1755736356.332:747): item=0 name="/home/opc/logai/enterprise_mnc_audit_sim/enterprise_data/development" inode=23836 dev=08:01 mode=0100644 ouid=0 ogid=0
Aug 21 00:32:36 aitest audit: type=SYSCALL msg=audit(1755736356.332:815): arch=c000003e syscall=59 success=yes exit=0 pid=3657 uid=2006 gid=2006 comm="find" exe="/usr/bin/find" key="process_execution"
Aug 21 00:34:24 aitest audit: type=SYSCALL msg=audit(1755736464.366:167): arch=c000003e syscall=59 success=yes exit=0 pid=3328 uid=2008 gid=2008 comm="who" exe="/usr/bin/who" key="process_execution"
Aug 21 00:34:34 aitest audit: type=SYSCALL msg=audit(1755736474.76:831): arch=c000003e syscall=59 success=yes exit=0 pid=6896 uid=2008 gid=2008 comm="w" exe="/usr/bin/w" key="process_execution"
Aug 21 00:38:23 aitest audit: type=PATH msg=audit(1755736703.330:54): item=0 name="/home/opc/logai/enterprise_mnc_audit_sim/enterprise_data/operations/" inode=17215 dev=08:01 mode=0100644 ouid=0 ogid=0
Aug 21 00:38:23 aitest audit: type=SYSCALL msg=audit(1755736703.330:25): arch=c000003e syscall=59 success=yes exit=0 pid=5416 uid=2007 gid=2007 comm="ls" exe="/usr/bin/ls" key="process_execution"
Aug 21 00:38:26 aitest audit: type=SYSCALL msg=audit(1755736706.665:308): arch=c000003e syscall=59 success=yes exit=0 pid=6709 uid=2007 gid=2007 comm="ps" exe="/usr/bin/ps" key="process_execution"
Aug 21 00:38:35 aitest audit: type=PATH msg=audit(1755736715.517:164): item=0 name="/home/opc/logai/enterprise_mnc_audit_sim/applications/" inode=19370 dev=08:01 mode=0100644 ouid=0 ogid=0
Aug 21 00:38:35 aitest audit: type=SYSCALL msg=audit(1755736715.517:507): arch=c000003e syscall=59 success=yes exit=0 pid=11771 uid=2001 gid=2001 comm="ls" exe="/usr/bin/ls" key="process_execution"
Aug 21 00:38:36 aitest audit: type=PATH msg=audit(1755736716.280:254): item=0 name="/home/opc/logai/enterprise_mnc_audit_sim/applications/" inode=37729 dev=08:01 mode=0100644 ouid=0 ogid=0
Aug 21 00:38:36 aitest audit: type=SYSCALL msg=audit(1755736716.280:3): arch=c000003e syscall=59 success=yes exit=0 pid=2882 uid=2007 gid=2007 comm="ls" exe="/usr/bin/ls" key="process_execution"
Aug 21 00:38:43 aitest audit: type=PATH msg=audit(1755736723.429:611): item=0 name="/home/opc/logai/enterprise_mnc_audit_sim/system" inode=23602 dev=08:01 mode=0100644 ouid=0 ogid=0
Aug 21 00:38:43 aitest audit: type=SYSCALL msg=audit(1755736723.429:825): arch=c000003e syscall=59 success=yes exit=0 pid=10443 uid=2001 gid=2001 comm="find" exe="/usr/bin/find" key="process_execution"
Aug 21 00:39:30 aitest audit: type=PATH msg=audit(1755736770.517:763): item=0 name="/home/opc/logai/enterprise_mnc_audit_sim/enterprise_data/database/mysql/db_config.cnf" inode=37418 dev=08:01 mode=0100644 ouid=0 ogid=0
Aug 21 00:39:30 aitest audit: type=SYSCALL msg=audit(1755736770.517:142): arch=c000003e syscall=59 success=yes exit=0 pid=2179 uid=2005 gid=2005 comm="cat" exe="/usr/bin/cat" key="process_execution"
Aug 21 00:39:38 aitest audit: type=PATH msg=audit(1755736778.635:816): item=0 name="/home/opc/logai/enterprise_mnc_audit_sim/applications/databases/" inode=38100 dev=08:01 mode=0100644 ouid=0 ogid=0
Aug 21 00:39:38 aitest audit: type=SYSCALL msg=audit(1755736778.635:970): arch=c000003e syscall=59 success=yes exit=0 pid=10976 uid=2005 gid=2005 comm="ls" exe="/usr/bin/ls" key="process_execution"
Aug 21 00:39:48 aitest audit: type=PATH msg=audit(1755736788.105:21): item=0 name="/home/opc/logai/enterprise_mnc_audit_sim/enterprise_data/database/" inode=19563 dev=08:01 mode=0100644 ouid=0 ogid=0
Aug 21 00:39:48 aitest audit: type=SYSCALL msg=audit(1755736788.105:642): arch=c000003e syscall=59 success=yes exit=0 pid=6851 uid=2005 gid=2005 comm="ls" exe="/usr/bin/ls" key="process_execution"
Aug 21 00:39:54 aitest audit: type=PATH msg=audit(1755736794.39:188): item=0 name="/home/opc/logai/enterprise_mnc_audit_sim/enterprise_data/database/mysql/db_config.cnf" inode=31862 dev=08:01 mode=0100644 ouid=0 ogid=0
Aug 21 00:39:54 aitest audit: type=SYSCALL msg=audit(1755736794.39:959): arch=c000003e syscall=59 success=yes exit=0 pid=2157 uid=2005 gid=2005 comm="cat" exe="/usr/bin/cat" key="process_execution"
Aug 21 00:56:06 aitest audit: type=PATH msg=audit(1755737766.269:675): item=0 name="/home/opc/logai/enterprise_mnc_audit_sim/enterprise_data/operations" inode=36942 dev=08:01 mode=0100644 ouid=0 ogid=0
Aug 21 00:56:06 aitest audit: type=SYSCALL msg=audit(1755737766.269:70): arch=c000003e syscall=59 success=yes exit=0 pid=6806 uid=2010 gid=2010 comm="find" exe="/usr/bin/find" key="process_execution"
Aug 21 00:56:14 aitest audit: type=SYSCALL msg=audit(1755737774.245:765): arch=c000003e syscall=59 success=yes exit=0 pid=2053 uid=2010 gid=2010 comm="tar" exe="/usr/bin/tar" key="process_execution"
Aug 21 00:56:17 aitest audit: type=SYSCALL msg=audit(1755737777.794:767): arch=c000003e syscall=59 success=yes exit=0 pid=4091 uid=2010 gid=2010 comm="top" exe="/usr/bin/top" key="process_execution"
Aug 21 00:56:18 aitest audit: type=SYSCALL msg=audit(1755737778.181:542): arch=c000003e syscall=59 success=yes exit=0 pid=2317 uid=2010 gid=2010 comm="top" exe="/usr/bin/top" key="process_execution"
Aug 21 01:06:18 aitest audit: type=SYSCALL msg=audit(1755738378.578:377): arch=c000003e syscall=59 success=yes exit=0 pid=8448 uid=2006 gid=2006 comm="cp" exe="/usr/bin/cp" key="process_execution"
Aug 21 01:06:20 aitest audit: type=PATH msg=audit(1755738380.691:614): item=0 name="/home/opc/logai/enterprise_mnc_audit_sim/enterprise_data/development/projects/project_alpha.txt" inode=21959 dev=08:01 mode=0100644 ouid=0 ogid=0
Aug 21 01:06:20 aitest audit: type=SYSCALL msg=audit(1755738380.691:883): arch=c000003e syscall=59 success=yes exit=0 pid=7436 uid=2006 gid=2006 comm="cat" exe="/usr/bin/cat" key="process_execution"
Aug 21 01:06:22 aitest audit: type=PATH msg=audit(1755738382.148:418): item=0 name="/home/opc/logai/enterprise_mnc_audit_sim/enterprise_data/development/" inode=27163 dev=08:01 mode=0100644 ouid=0 ogid=0
Aug 21 01:06:22 aitest audit: type=SYSCALL msg=audit(1755738382.148:982): arch=c000003e syscall=59 success=yes exit=0 pid=7551 uid=2006 gid=2006 comm="ls" exe="/usr/bin/ls" key="process_execution"
Aug 21 01:09:49 aitest audit: type=PATH msg=audit(1755738589.349:388): item=0 name="/home/opc/logai/enterprise_mnc_audit_sim/enterprise_data/database/" inode=13904 dev=08:01 mode=0100644 ouid=0 ogid=0
Aug 21 01:09:49 aitest audit: type=SYSCALL msg=audit(1755738589.349:242): arch=c000003e syscall=59 success=yes exit=0 pid=3267 uid=2002 gid=2002 comm="ls" exe="/usr/bin/ls" key="process_execution"
Aug 21 01:09:56 aitest audit: type=PATH msg=audit(1755738596.916:689): item=0 name="/home/opc/logai/enterprise_mnc_audit_sim/enterprise_data/database/mysql/db_config.cnf" inode=41651 dev=08:01 mode=0100644 ouid=0 ogid=0
Aug 21 01:09:56 aitest audit: type=SYSCALL msg=audit(1755738596.916:974): arch=c000003e syscall=59 success=yes exit=0 pid=11484 uid=2002 gid=2002 comm="chmod" exe="/usr/bin/chmod" key="process_execution"
Aug 21 01:09:57 aitest audit: type=SYSCALL msg=audit(1755738597.574:861): arch=c000003e syscall=59 success=yes exit=0 pid=8910 uid=2002 gid=2002 comm="cp" exe="/usr/bin/cp" key="process_execution"
Aug 21 01:10:04 aitest audit: type=SYSCALL msg=audit(1755738604.513:293): arch=c000003e syscall=59 success=yes exit=0 pid=4997 uid=2002 gid=2002 comm="du" exe="/usr/bin/du" key="process_execution"
Aug 21 01:10:08 aitest audit: type=PATH msg=audit(1755738608.860:29): item=0 name="/home/opc/logai/enterprise_mnc_audit_sim/applications/databases/" inode=18838 dev=08:01 mode=0100644 ouid=0 ogid=0
Aug 21 01:10:08 aitest audit: type=SYSCALL msg=audit(1755738608.860:619): arch=c000003e syscall=59 success=yes exit=0 pid=3424 uid=2002 gid=2002 comm="ls" exe="/usr/bin/ls" key="process_execution"
Aug 21 01:13:07 aitest audit: type=PATH msg=audit(1755738787.745:619): item=0 name="/home/opc/logai/enterprise_mnc_audit_sim/enterprise_data/development" inode=40719 dev=08:01 mode=0100644 ouid=0 ogid=0
Aug 21 01:13:07 aitest audit: type=SYSCALL msg=audit(1755738787.745:317): arch=c000003e syscall=59 success=yes exit=0 pid=6002 uid=2006 gid=2006 comm="find" exe="/usr/bin/find" key="process_execution"
Aug 21 01:13:11 aitest audit: type=SYSCALL msg=audit(1755738791.807:878): arch=c000003e syscall=59 success=yes exit=0 pid=11961 uid=2006 gid=2006 comm="grep" exe="/usr/bin/grep" key="process_execution"
Aug 21 01:13:32 aitest audit: type=SYSCALL msg=audit(1755738812.802:634): arch=c000003e syscall=59 success=yes exit=0 pid=3152 uid=2008 gid=2008 comm="netstat" exe="/usr/bin/netstat" key="process_execution"
Aug 21 01:13:33 aitest audit: type=SYSCALL msg=audit(1755738813.180:60): arch=c000003e syscall=59 success=yes exit=0 pid=7781 uid=2008 gid=2008 comm="who" exe="/usr/bin/who" key="process_execution"
Aug 21 01:13:40 aitest audit: type=PATH msg=audit(1755738820.324:123): item=0 name="/home/opc/logai/enterprise_mnc_audit_sim/enterprise_data/" inode=39090 dev=08:01 mode=0100644 ouid=0 ogid=0
Aug 21 01:13:40 aitest audit: type=SYSCALL msg=audit(1755738820.324:556): arch=c000003e syscall=59 success=yes exit=0 pid=3951 uid=2008 gid=2008 comm="ls" exe="/usr/bin/ls" key="process_execution"
Aug 21 01:13:45 aitest audit: type=SYSCALL msg=audit(1755738825.888:316): arch=c000003e syscall=59 success=yes exit=0 pid=5037 uid=2008 gid=2008 comm="last" exe="/usr/bin/last" key="process_execution"
Aug 21 01:19:06 aitest audit: type=PATH msg=audit(1755739146.784:856): item=0 name="/home/opc/logai/enterprise_mnc_audit_sim/enterprise_data/database" inode=21162 dev=08:01 mode=0100644 ouid=0 ogid=0
Aug 21 01:19:06 aitest audit: type=SYSCALL msg=audit(1755739146.784:173): arch=c000003e syscall=59 success=yes exit=0 pid=10158 uid=2005 gid=2005 comm="find" exe="/usr/bin/find" key="process_execution"
Aug 21 01:19:09 aitest audit: type=SYSCALL msg=audit(1755739149.840:398): arch=c000003e syscall=59 success=yes exit=0 pid=11509 uid=2005 gid=2005 comm="cp" exe="/usr/bin/cp" key="process_execution"
Aug 21 01:28:16 aitest audit: type=SYSCALL msg=audit(1755739696.638:318): arch=c000003e syscall=59 success=yes exit=0 pid=10386 uid=2001 gid=2001 comm="df" exe="/usr/bin/df" key="process_execution"
Aug 21 01:28:26 aitest audit: type=PATH msg=audit(1755739706.514:517): item=0 name="/home/opc/logai/enterprise_mnc_audit_sim/system" inode=37749 dev=08:01 mode=0100644 ouid=0 ogid=0
Aug 21 01:28:26 aitest audit: type=SYSCALL msg=audit(1755739706.514:104): arch=c000003e syscall=59 success=yes exit=0 pid=2777 uid=2001 gid=2001 comm="find" exe="/usr/bin/find" key="process_execution"
Aug 21 01:39:55 aitest audit: type=PATH msg=audit(1755740395.754:256): item=0 name="/home/opc/logai/enterprise_mnc_audit_sim/applications/databases/" inode=25338 dev=08:01 mode=0100644 ouid=0 ogid=0
Aug 21 01:39:55 aitest audit: type=SYSCALL msg=audit(1755740395.754:748): arch=c000003e syscall=59 success=yes exit=0 pid=9478 uid=2002 gid=2002 comm="ls" exe="/usr/bin/ls" key="process_execution"
Aug 21 01:39:56 aitest audit: type=PATH msg=audit(1755740396.23:995): item=0 name="/home/opc/logai/enterprise_mnc_audit_sim/applications/databases/" inode=10534 dev=08:01 mode=0100644 ouid=0 ogid=0
Aug 21 01:39:56 aitest audit: type=SYSCALL msg=audit(1755740396.23:814): arch=c000003e syscall=59 success=yes exit=0 pid=8022 uid=2002 gid=2002 comm="ls" exe="/usr/bin/ls" key="process_execution"
Aug 21 01:39:58 aitest audit: type=PATH msg=audit(1755740398.633:768): item=0 name="/home/opc/logai/enterprise_mnc_audit_sim/enterprise_data/database/" inode=33738 dev=08:01 mode=0100644 ouid=0 ogid=0
Aug 21 01:39:58 aitest audit: type=SYSCALL msg=audit(1755740398.633:294): arch=c000003e syscall=59 success=yes exit=0 pid=10009 uid=2002 gid=2002 comm="ls" exe="/usr/bin/ls" key="process_execution"
Aug 21 01:40:02 aitest audit: type=PATH msg=audit(1755740402.341:683): item=0 name="/home/opc/logai/enterprise_mnc_audit_sim/enterprise_data/database" inode=20823 dev=08:01 mode=0100644 ouid=0 ogid=0
Aug 21 01:40:02 aitest audit: type=SYSCALL msg=audit(1755740402.341:603): arch=c000003e syscall=59 success=yes exit=0 pid=10605 uid=2002 gid=2002 comm="find" exe="/usr/bin/find" key="process_execution"
Aug 21 02:11:23 aitest audit: type=SYSCALL msg=audit(1755742283.148:213): arch=c000003e syscall=59 success=yes exit=0 pid=5145 uid=2006 gid=2006 comm="cp" exe="/usr/bin/cp" key="process_execution"
Aug 21 02:11:31 aitest audit: type=SYSCALL msg=audit(1755742291.246:684): arch=c000003e syscall=59 success=yes exit=0 pid=3949 uid=2006 gid=2006 comm="grep" exe="/usr/bin/grep" key="process_execution"
Aug 21 02:11:35 aitest audit: type=PATH msg=audit(1755742295.867:739): item=0 name="/home/opc/logai/enterprise_mnc_audit_sim/enterprise_data/development/scripts/build.sh" inode=26428 dev=08:01 mode=0100644 ouid=0 ogid=0
Aug 21 02:11:35 aitest audit: type=SYSCALL msg=audit(1755742295.867:90): arch=c000003e syscall=59 success=yes exit=0 pid=2298 uid=2006 gid=2006 comm="chmod" exe="/usr/bin/chmod" key="process_execution"
Aug 21 02:14:15 aitest audit: type=PATH msg=audit(1755742455.594:985): item=0 name="/home/opc/logai/enterprise_mnc_audit_sim/applications/databases/" inode=12359 dev=08:01 mode=0100644 ouid=0 ogid=0
Aug 21 02:14:15 aitest audit: type=SYSCALL msg=audit(1755742455.594:277): arch=c000003e syscall=59 success=yes exit=0 pid=8289 uid=2005 gid=2005 comm="ls" exe="/usr/bin/ls" key="process_execution"
Aug 21 02:14:17 aitest audit: type=PATH msg=audit(1755742457.608:393): item=0 name="/home/opc/logai/enterprise_mnc_audit_sim/enterprise_data/database" inode=11064 dev=08:01 mode=0100644 ouid=0 ogid=0
Aug 21 02:14:17 aitest audit: type=SYSCALL msg=audit(1755742457.608:424): arch=c000003e syscall=59 success=yes exit=0 pid=10948 uid=2005 gid=2005 comm="find" exe="/usr/bin/find" key="process_execution"
Aug 21 02:14:23 aitest audit: type=PATH msg=audit(1755742463.370:490): item=0 name="/home/opc/logai/enterprise_mnc_audit_sim/enterprise_data/database/mysql/db_config.cnf" inode=39512 dev=08:01 mode=0100644 ouid=0 ogid=0
Aug 21 02:14:23 aitest audit: type=SYSCALL msg=audit(1755742463.370:469): arch=c000003e syscall=59 success=yes exit=0 pid=2687 uid=2005 gid=2005 comm="cat" exe="/usr/bin/cat" key="process_execution"
Aug 21 02:14:28 aitest audit: type=SYSCALL msg=audit(1755742468.676:777): arch=c000003e syscall=59 success=yes exit=0 pid=7885 uid=2005 gid=2005 comm="grep" exe="/usr/bin/grep" key="process_execution"
Aug 21 02:17:23 aitest audit: type=SYSCALL msg=audit(1755742643.142:980): arch=c000003e syscall=59 success=yes exit=0 pid=4158 uid=2007 gid=2007 comm="du" exe="/usr/bin/du" key="process_execution"
Aug 21 02:17:28 aitest audit: type=SYSCALL msg=audit(1755742648.872:800): arch=c000003e syscall=59 success=yes exit=0 pid=4403 uid=2007 gid=2007 comm="du" exe="/usr/bin/du" key="process_execution"
Aug 21 02:21:17 aitest audit: type=PATH msg=audit(1755742877.180:278): item=0 name="/home/opc/logai/enterprise_mnc_audit_sim/system" inode=30242 dev=08:01 mode=0100644 ouid=0 ogid=0
Aug 21 02:21:17 aitest audit: type=SYSCALL msg=audit(1755742877.180:550): arch=c000003e syscall=59 success=yes exit=0 pid=8123 uid=2004 gid=2004 comm="find" exe="/usr/bin/find" key="process_execution"
Aug 21 02:21:27 aitest audit: type=PATH msg=audit(1755742887.789:568): item=0 name="/home/opc/logai/enterprise_mnc_audit_sim/system/configs/" inode=39495 dev=08:01 mode=0100644 ouid=0 ogid=0
Aug 21 02:21:27 aitest audit: type=SYSCALL msg=audit(1755742887.789:734): arch=c000003e syscall=59 success=yes exit=0 pid=11472 uid=2004 gid=2004 comm="ls" exe="/usr/bin/ls" key="process_execution"
Aug 21 02:21:28 aitest audit: type=PATH msg=audit(1755742888.334:423): item=0 name="/home/opc/logai/enterprise_mnc_audit_sim/system/configs/server.conf" inode=29682 dev=08:01 mode=0100644 ouid=0 ogid=0
Aug 21 02:21:28 aitest audit: type=SYSCALL msg=audit(1755742888.334:847): arch=c000003e syscall=59 success=yes exit=0 pid=11689 uid=2004 gid=2004 comm="chmod" exe="/usr/bin/chmod" key="process_execution"
Aug 21 02:21:31 aitest audit: type=SYSCALL msg=audit(1755742891.782:567): arch=c000003e syscall=59 success=yes exit=0 pid=8752 uid=2004 gid=2004 comm="ps" exe="/usr/bin/ps" key="process_execution"
Aug 21 02:21:36 aitest audit: type=SYSCALL msg=audit(1755742896.881:493): arch=c000003e syscall=59 success=yes exit=0 pid=3255 uid=2004 gid=2004 comm="ps" exe="/usr/bin/ps" key="process_execution"
Aug 21 02:28:46 aitest audit: type=PATH msg=audit(1755743326.928:172): item=0 name="/home/opc/logai/enterprise_mnc_audit_sim/enterprise_data/database/mysql/db_config.cnf" inode=35454 dev=08:01 mode=0100644 ouid=0 ogid=0
Aug 21 02:28:46 aitest audit: type=SYSCALL msg=audit(1755743326.928:998): arch=c000003e syscall=59 success=yes exit=0 pid=2181 uid=2002 gid=2002 comm="chmod" exe="/usr/bin/chmod" key="process_execution"
Aug 21 02:28:51 aitest audit: type=PATH msg=audit(1755743331.186:479): item=0 name="/home/opc/logai/enterprise_mnc_audit_sim/enterprise_data/database" inode=40352 dev=08:01 mode=0100644 ouid=0 ogid=0
Aug 21 02:28:51 aitest audit: type=SYSCALL msg=audit(1755743331.186:335): arch=c000003e syscall=59 success=yes exit=0 pid=4842 uid=2002 gid=2002 comm="find" exe="/usr/bin/find" key="process_execution"
Aug 21 02:29:00 aitest audit: type=PATH msg=audit(1755743340.206:585): item=0 name="/home/opc/logai/enterprise_mnc_audit_sim/enterprise_data/database/" inode=24835 dev=08:01 mode=0100644 ouid=0 ogid=0
Aug 21 02:29:00 aitest audit: type=SYSCALL msg=audit(1755743340.206:530): arch=c000003e syscall=59 success=yes exit=0 pid=9462 uid=2002 gid=2002 comm="ls" exe="/usr/bin/ls" key="process_execution"
Aug 21 02:29:08 aitest audit: type=SYSCALL msg=audit(1755743348.735:849): arch=c000003e syscall=59 success=yes exit=0 pid=6866 uid=2007 gid=2007 comm="du" exe="/usr/bin/du" key="process_execution"
Aug 21 02:29:16 aitest audit: type=PATH msg=audit(1755743356.854:751): item=0 name="/home/opc/logai/enterprise_mnc_audit_sim/enterprise_data/operations" inode=41472 dev=08:01 mode=0100644 ouid=0 ogid=0
Aug 21 02:29:16 aitest audit: type=SYSCALL msg=audit(1755743356.854:44): arch=c000003e syscall=59 success=yes exit=0 pid=8493 uid=2007 gid=2007 comm="find" exe="/usr/bin/find" key="process_execution"
Aug 21 02:29:17 aitest audit: type=SYSCALL msg=audit(1755743357.648:836): arch=c000003e syscall=59 success=yes exit=0 pid=7981 uid=2007 gid=2007 comm="du" exe="/usr/bin/du" key="process_execution"
Aug 21 02:29:25 aitest audit: type=PATH msg=audit(1755743365.412:885): item=0 name="/home/opc/logai/enterprise_mnc_audit_sim/enterprise_data/operations" inode=26503 dev=08:01 mode=0100644 ouid=0 ogid=0
Aug 21 02:29:25 aitest audit: type=SYSCALL msg=audit(1755743365.412:620): arch=c000003e syscall=59 success=yes exit=0 pid=3959 uid=2007 gid=2007 comm="find" exe="/usr/bin/find" key="process_execution"
Aug 21 02:29:33 aitest audit: type=PATH msg=audit(1755743373.135:977): item=0 name="/home/opc/logai/enterprise_mnc_audit_sim/enterprise_data/operations/" inode=29766 dev=08:01 mode=0100644 ouid=0 ogid=0
Aug 21 02:29:33 aitest audit: type=SYSCALL msg=audit(1755743373.135:503): arch=c000003e syscall=59 success=yes exit=0 pid=7089 uid=2007 gid=2007 comm="ls" exe="/usr/bin/ls" key="process_execution"
Aug 21 02:30:00 aitest audit: type=PATH msg=audit(1755743400.781:974): item=0 name="/home/opc/logai/enterprise_mnc_audit_sim/enterprise_data/development/scripts/build.sh" inode=15219 dev=08:01 mode=0100644 ouid=0 ogid=0
Aug 21 02:30:00 aitest audit: type=SYSCALL msg=audit(1755743400.781:459): arch=c000003e syscall=59 success=yes exit=0 pid=9154 uid=2006 gid=2006 comm="chmod" exe="/usr/bin/chmod" key="process_execution"
Aug 21 02:30:05 aitest audit: type=PATH msg=audit(1755743405.100:233): item=0 name="/home/opc/logai/enterprise_mnc_audit_sim/enterprise_data/development" inode=36700 dev=08:01 mode=0100644 ouid=0 ogid=0
Aug 21 02:30:05 aitest audit: type=SYSCALL msg=audit(1755743405.100:236): arch=c000003e syscall=59 success=yes exit=0 pid=3102 uid=2006 gid=2006 comm="find" exe="/usr/bin/find" key="process_execution"
Aug 21 02:30:12 aitest audit: type=PATH msg=audit(1755743412.270:748): item=0 name="/home/opc/logai/enterprise_mnc_audit_sim/enterprise_data/development/" inode=13187 dev=08:01 mode=0100644 ouid=0 ogid=0
Aug 21 02:30:12 aitest audit: type=SYSCALL msg=audit(1755743412.270:846): arch=c000003e syscall=59 success=yes exit=0 pid=4651 uid=2006 gid=2006 comm="ls" exe="/usr/bin/ls" key="process_execution"
Aug 21 02:32:50 aitest audit: type=PATH msg=audit(1755743570.217:567): item=0 name="/home/opc/logai/enterprise_mnc_audit_sim/enterprise_data/development/" inode=31535 dev=08:01 mode=0100644 ouid=0 ogid=0
Aug 21 02:32:50 aitest audit: type=SYSCALL msg=audit(1755743570.217:41): arch=c000003e syscall=59 success=yes exit=0 pid=4140 uid=2003 gid=2003 comm="ls" exe="/usr/bin/ls" key="process_execution"
Aug 21 02:32:54 aitest audit: type=SYSCALL msg=audit(1755743574.922:2): arch=c000003e syscall=59 success=yes exit=0 pid=8686 uid=2003 gid=2003 comm="grep" exe="/usr/bin/grep" key="process_execution"
Aug 21 02:32:55 aitest audit: type=SYSCALL msg=audit(1755743575.295:126): arch=c000003e syscall=59 success=yes exit=0 pid=6212 uid=2003 gid=2003 comm="cp" exe="/usr/bin/cp" key="process_execution"
Aug 21 02:33:04 aitest audit: type=PATH msg=audit(1755743584.511:586): item=0 name="/home/opc/logai/enterprise_mnc_audit_sim/enterprise_data/development/scripts/build.sh" inode=32607 dev=08:01 mode=0100644 ouid=0 ogid=0
Aug 21 02:33:04 aitest audit: type=SYSCALL msg=audit(1755743584.511:940): arch=c000003e syscall=59 success=yes exit=0 pid=4762 uid=2003 gid=2003 comm="chmod" exe="/usr/bin/chmod" key="process_execution"
Aug 21 02:33:11 aitest audit: type=SYSCALL msg=audit(1755743591.966:90): arch=c000003e syscall=59 success=yes exit=0 pid=6957 uid=2003 gid=2003 comm="cp" exe="/usr/bin/cp" key="process_execution"
Aug 21 02:34:01 aitest audit: type=PATH msg=audit(1755743641.669:558): item=0 name="/home/opc/logai/enterprise_mnc_audit_sim/system" inode=28079 dev=08:01 mode=0100644 ouid=0 ogid=0
Aug 21 02:34:01 aitest audit: type=SYSCALL msg=audit(1755743641.669:568): arch=c000003e syscall=59 success=yes exit=0 pid=3926 uid=2001 gid=2001 comm="find" exe="/usr/bin/find" key="process_execution"
Aug 21 02:34:07 aitest audit: type=PATH msg=audit(1755743647.586:352): item=0 name="/home/opc/logai/enterprise_mnc_audit_sim/system/logs/application.log" inode=14060 dev=08:01 mode=0100644 ouid=0 ogid=0
Aug 21 02:34:07 aitest audit: type=SYSCALL msg=audit(1755743647.586:973): arch=c000003e syscall=59 success=yes exit=0 pid=4222 uid=2001 gid=2001 comm="tail" exe="/usr/bin/tail" key="process_execution"
Aug 21 02:34:08 aitest audit: type=PATH msg=audit(1755743648.255:569): item=0 name="/home/opc/logai/enterprise_mnc_audit_sim/enterprise_data/hr/" inode=20978 dev=08:01 mode=0100644 ouid=0 ogid=0
Aug 21 02:34:08 aitest audit: type=SYSCALL msg=audit(1755743648.255:544): arch=c000003e syscall=59 success=yes exit=0 pid=4035 uid=2008 gid=2008 comm="ls" exe="/usr/bin/ls" key="process_execution"
Aug 21 02:34:15 aitest audit: type=PATH msg=audit(1755743655.557:792): item=0 name="/home/opc/logai/enterprise_mnc_audit_sim/system" inode=37458 dev=08:01 mode=0100644 ouid=0 ogid=0
Aug 21 02:34:15 aitest audit: type=SYSCALL msg=audit(1755743655.557:741): arch=c000003e syscall=59 success=yes exit=0 pid=4399 uid=2001 gid=2001 comm="find" exe="/usr/bin/find" key="process_execution"
Aug 21 02:34:16 aitest audit: type=SYSCALL msg=audit(1755743656.81:182): arch=c000003e syscall=59 success=yes exit=0 pid=11074 uid=2008 gid=2008 comm="netstat" exe="/usr/bin/netstat" key="process_execution"
Aug 21 02:34:21 aitest audit: type=SYSCALL msg=audit(1755743661.604:789): arch=c000003e syscall=59 success=yes exit=0 pid=5477 uid=2008 gid=2008 comm="netstat" exe="/usr/bin/netstat" key="process_execution"
Aug 21 02:34:24 aitest audit: type=SYSCALL msg=audit(1755743664.113:890): arch=c000003e syscall=59 success=yes exit=0 pid=2533 uid=2001 gid=2001 comm="df" exe="/usr/bin/df" key="process_execution"
Aug 21 02:34:26 aitest audit: type=PATH msg=audit(1755743666.74:308): item=0 name="/home/opc/logai/enterprise_mnc_audit_sim/enterprise_data/" inode=13063 dev=08:01 mode=0100644 ouid=0 ogid=0
Aug 21 02:34:26 aitest audit: type=SYSCALL msg=audit(1755743666.74:940): arch=c000003e syscall=59 success=yes exit=0 pid=3923 uid=2008 gid=2008 comm="ls" exe="/usr/bin/ls" key="process_execution"
Aug 21 02:44:01 aitest audit: type=PATH msg=audit(1755744241.640:268): item=0 name="/home/opc/logai/enterprise_mnc_audit_sim/enterprise_data/development/" inode=14372 dev=08:01 mode=0100644 ouid=0 ogid=0
Aug 21 02:44:01 aitest audit: type=SYSCALL msg=audit(1755744241.640:265): arch=c000003e syscall=59 success=yes exit=0 pid=7255 uid=2003 gid=2003 comm="ls" exe="/usr/bin/ls" key="process_execution"
Aug 21 02:44:07 aitest audit: type=PATH msg=audit(1755744247.563:874): item=0 name="/home/opc/logai/enterprise_mnc_audit_sim/enterprise_data/development" inode=20677 dev=08:01 mode=0100644 ouid=0 ogid=0
Aug 21 02:44:07 aitest audit: type=SYSCALL msg=audit(1755744247.563:126): arch=c000003e syscall=59 success=yes exit=0 pid=2040 uid=2003 gid=2003 comm="find" exe="/usr/bin/find" key="process_execution"
Aug 21 02:44:09 aitest audit: type=PATH msg=audit(1755744249.49:317): item=0 name="/home/opc/logai/enterprise_mnc_audit_sim/enterprise_data/development/projects/project_alpha.txt" inode=27521 dev=08:01 mode=0100644 ouid=0 ogid=0
Aug 21 02:44:09 aitest audit: type=SYSCALL msg=audit(1755744249.49:461): arch=c000003e syscall=59 success=yes exit=0 pid=5219 uid=2003 gid=2003 comm="cat" exe="/usr/bin/cat" key="process_execution"
Aug 21 02:44:11 aitest audit: type=PATH msg=audit(1755744251.732:128): item=0 name="/home/opc/logai/enterprise_mnc_audit_sim/enterprise_data/development/" inode=21214 dev=08:01 mode=0100644 ouid=0 ogid=0
Aug 21 02:44:11 aitest audit: type=SYSCALL msg=audit(1755744251.732:260): arch=c000003e syscall=59 success=yes exit=0 pid=8990 uid=2003 gid=2003 comm="ls" exe="/usr/bin/ls" key="process_execution"
Aug 21 02:50:59 aitest audit: type=SYSCALL msg=audit(1755744659.598:647): arch=c000003e syscall=59 success=yes exit=0 pid=11641 uid=2006 gid=2006 comm="wc" exe="/usr/bin/wc" key="process_execution"
Aug 21 02:51:02 aitest audit: type=PATH msg=audit(1755744662.570:165): item=0 name="/home/opc/logai/enterprise_mnc_audit_sim/enterprise_data/development/scripts/build.sh" inode=37668 dev=08:01 mode=0100644 ouid=0 ogid=0
Aug 21 02:51:02 aitest audit: type=SYSCALL msg=audit(1755744662.570:578): arch=c000003e syscall=59 success=yes exit=0 pid=10173 uid=2006 gid=2006 comm="chmod" exe="/usr/bin/chmod" key="process_execution"
Aug 21 02:51:09 aitest audit: type=PATH msg=audit(1755744669.21:91): item=0 name="/home/opc/logai/enterprise_mnc_audit_sim/enterprise_data/development/projects/project_alpha.txt" inode=15916 dev=08:01 mode=0100644 ouid=0 ogid=0
Aug 21 02:51:09 aitest audit: type=SYSCALL msg=audit(1755744669.21:130): arch=c000003e syscall=59 success=yes exit=0 pid=3196 uid=2006 gid=2006 comm="cat" exe="/usr/bin/cat" key="process_execution"
Aug 21 02:51:17 aitest audit: type=PATH msg=audit(1755744677.125:207): item=0 name="/home/opc/logai/enterprise_mnc_audit_sim/enterprise_data/development" inode=16148 dev=08:01 mode=0100644 ouid=0 ogid=0
Aug 21 02:51:17 aitest audit: type=SYSCALL msg=audit(1755744677.125:127): arch=c000003e syscall=59 success=yes exit=0 pid=6722 uid=2006 gid=2006 comm="find" exe="/usr/bin/find" key="process_execution"
Aug 21 02:57:03 aitest audit: type=SYSCALL msg=audit(1755745023.197:511): arch=c000003e syscall=59 success=yes exit=0 pid=6727 uid=2010 gid=2010 comm="top" exe="/usr/bin/top" key="process_execution"
Aug 21 02:57:12 aitest audit: type=PATH msg=audit(1755745032.824:961): item=0 name="/home/opc/logai/enterprise_mnc_audit_sim/enterprise_data/operations/scripts/" inode=18584 dev=08:01 mode=0100644 ouid=0 ogid=0
Aug 21 02:57:12 aitest audit: type=SYSCALL msg=audit(1755745032.824:90): arch=c000003e syscall=59 success=yes exit=0 pid=7198 uid=2010 gid=2010 comm="chmod" exe="/usr/bin/chmod" key="process_execution"
Aug 21 02:57:15 aitest audit: type=PATH msg=audit(1755745035.530:527): item=0 name="/home/opc/logai/enterprise_mnc_audit_sim/system/configs/" inode=38147 dev=08:01 mode=0100644 ouid=0 ogid=0
Aug 21 02:57:15 aitest audit: type=SYSCALL msg=audit(1755745035.530:111): arch=c000003e syscall=59 success=yes exit=0 pid=4081 uid=2004 gid=2004 comm="ls" exe="/usr/bin/ls" key="process_execution"
Aug 21 02:57:18 aitest audit: type=PATH msg=audit(1755745038.286:31): item=0 name="/home/opc/logai/enterprise_mnc_audit_sim/enterprise_data/operations" inode=35756 dev=08:01 mode=0100644 ouid=0 ogid=0
Aug 21 02:57:18 aitest audit: type=SYSCALL msg=audit(1755745038.286:477): arch=c000003e syscall=59 success=yes exit=0 pid=7477 uid=2010 gid=2010 comm="find" exe="/usr/bin/find" key="process_execution"
Aug 21 02:57:19 aitest audit: type=PATH msg=audit(1755745039.131:715): item=0 name="/home/opc/logai/enterprise_mnc_audit_sim/system/logs/application.log" inode=11595 dev=08:01 mode=0100644 ouid=0 ogid=0
Aug 21 02:57:19 aitest audit: type=SYSCALL msg=audit(1755745039.131:481): arch=c000003e syscall=59 success=yes exit=0 pid=2756 uid=2004 gid=2004 comm="tail" exe="/usr/bin/tail" key="process_execution"
Aug 21 02:58:50 aitest audit: type=PATH msg=audit(1755745130.142:782): item=0 name="/home/opc/logai/enterprise_mnc_audit_sim/enterprise_data/operations/scripts/" inode=22458 dev=08:01 mode=0100644 ouid=0 ogid=0
Aug 21 02:58:50 aitest audit: type=SYSCALL msg=audit(1755745130.142:421): arch=c000003e syscall=59 success=yes exit=0 pid=11762 uid=2010 gid=2010 comm="chmod" exe="/usr/bin/chmod" key="process_execution"
Aug 21 02:58:51 aitest audit: type=SYSCALL msg=audit(1755745131.508:577): arch=c000003e syscall=59 success=yes exit=0 pid=10683 uid=2010 gid=2010 comm="top" exe="/usr/bin/top" key="process_execution"
Aug 21 02:58:53 aitest audit: type=PATH msg=audit(1755745133.403:78): item=0 name="/home/opc/logai/enterprise_mnc_audit_sim/enterprise_data/operations/scripts/" inode=25879 dev=08:01 mode=0100644 ouid=0 ogid=0
Aug 21 02:58:53 aitest audit: type=SYSCALL msg=audit(1755745133.403:57): arch=c000003e syscall=59 success=yes exit=0 pid=7705 uid=2010 gid=2010 comm="chmod" exe="/usr/bin/chmod" key="process_execution"
Aug 21 02:59:02 aitest audit: type=PATH msg=audit(1755745142.353:677): item=0 name="/home/opc/logai/enterprise_mnc_audit_sim/enterprise_data/operations/" inode=30725 dev=08:01 mode=0100644 ouid=0 ogid=0
Aug 21 02:59:02 aitest audit: type=SYSCALL msg=audit(1755745142.353:917): arch=c000003e syscall=59 success=yes exit=0 pid=8122 uid=2010 gid=2010 comm="ls" exe="/usr/bin/ls" key="process_execution"
Aug 21 03:03:19 aitest audit: type=PATH msg=audit(1755745399.264:393): item=0 name="/home/opc/logai/enterprise_mnc_audit_sim/enterprise_data/development" inode=36101 dev=08:01 mode=0100644 ouid=0 ogid=0
Aug 21 03:03:19 aitest audit: type=SYSCALL msg=audit(1755745399.264:380): arch=c000003e syscall=59 success=yes exit=0 pid=5296 uid=2003 gid=2003 comm="find" exe="/usr/bin/find" key="process_execution"
Aug 21 03:03:27 aitest audit: type=PATH msg=audit(1755745407.582:543): item=0 name="/home/opc/logai/enterprise_mnc_audit_sim/enterprise_data/development/" inode=41657 dev=08:01 mode=0100644 ouid=0 ogid=0
Aug 21 03:03:27 aitest audit: type=SYSCALL msg=audit(1755745407.582:335): arch=c000003e syscall=59 success=yes exit=0 pid=4897 uid=2003 gid=2003 comm="ls" exe="/usr/bin/ls" key="process_execution"
Aug 21 03:03:32 aitest audit: type=PATH msg=audit(1755745412.806:12): item=0 name="/home/opc/logai/enterprise_mnc_audit_sim/enterprise_data/development/scripts/build.sh" inode=27267 dev=08:01 mode=0100644 ouid=0 ogid=0
Aug 21 03:03:32 aitest audit: type=SYSCALL msg=audit(1755745412.806:137): arch=c000003e syscall=59 success=yes exit=0 pid=6633 uid=2003 gid=2003 comm="chmod" exe="/usr/bin/chmod" key="process_execution"
Aug 21 03:03:39 aitest audit: type=SYSCALL msg=audit(1755745419.736:305): arch=c000003e syscall=59 success=yes exit=0 pid=7401 uid=2003 gid=2003 comm="wc" exe="/usr/bin/wc" key="process_execution"
Aug 21 03:03:48 aitest audit: type=PATH msg=audit(1755745428.292:888): item=0 name="/home/opc/logai/enterprise_mnc_audit_sim/enterprise_data/development/projects/project_alpha.txt" inode=40052 dev=08:01 mode=0100644 ouid=0 ogid=0
Aug 21 03:03:48 aitest audit: type=SYSCALL msg=audit(1755745428.292:23): arch=c000003e syscall=59 success=yes exit=0 pid=3937 uid=2003 gid=2003 comm="cat" exe="/usr/bin/cat" key="process_execution"
Aug 21 03:16:09 aitest audit: type=SYSCALL msg=audit(1755746169.294:710): arch=c000003e syscall=59 success=yes exit=0 pid=2061 uid=2001 gid=2001 comm="free" exe="/usr/bin/free" key="process_execution"
Aug 21 03:16:19 aitest audit: type=PATH msg=audit(1755746179.992:108): item=0 name="/home/opc/logai/enterprise_mnc_audit_sim/system/configs/server.conf" inode=37440 dev=08:01 mode=0100644 ouid=0 ogid=0
Aug 21 03:16:19 aitest audit: type=SYSCALL msg=audit(1755746179.992:177): arch=c000003e syscall=59 success=yes exit=0 pid=2771 uid=2001 gid=2001 comm="chmod" exe="/usr/bin/chmod" key="process_execution"
Aug 21 03:16:27 aitest audit: type=SYSCALL msg=audit(1755746187.552:301): arch=c000003e syscall=59 success=yes exit=0 pid=4452 uid=2001 gid=2001 comm="netstat" exe="/usr/bin/netstat" key="process_execution"
Aug 21 03:16:35 aitest audit: type=PATH msg=audit(1755746195.359:126): item=0 name="/home/opc/logai/enterprise_mnc_audit_sim/applications/" inode=32667 dev=08:01 mode=0100644 ouid=0 ogid=0
Aug 21 03:16:35 aitest audit: type=SYSCALL msg=audit(1755746195.359:796): arch=c000003e syscall=59 success=yes exit=0 pid=9068 uid=2001 gid=2001 comm="ls" exe="/usr/bin/ls" key="process_execution"
Aug 21 03:16:43 aitest audit: type=SYSCALL msg=audit(1755746203.871:66): arch=c000003e syscall=59 success=yes exit=0 pid=3598 uid=2001 gid=2001 comm="ps" exe="/usr/bin/ps" key="process_execution"
Aug 21 03:17:46 aitest audit: type=PATH msg=audit(1755746266.159:750): item=0 name="/home/opc/logai/enterprise_mnc_audit_sim/enterprise_data/development" inode=24002 dev=08:01 mode=0100644 ouid=0 ogid=0
Aug 21 03:17:46 aitest audit: type=SYSCALL msg=audit(1755746266.159:350): arch=c000003e syscall=59 success=yes exit=0 pid=3623 uid=2009 gid=2009 comm="find" exe="/usr/bin/find" key="process_execution"
Aug 21 03:17:51 aitest audit: type=SYSCALL msg=audit(1755746271.217:658): arch=c000003e syscall=59 success=yes exit=0 pid=5225 uid=2009 gid=2009 comm="cp" exe="/usr/bin/cp" key="process_execution"
Aug 21 03:17:53 aitest audit: type=SYSCALL msg=audit(1755746273.212:252): arch=c000003e syscall=59 success=yes exit=0 pid=10121 uid=2003 gid=2003 comm="wc" exe="/usr/bin/wc" key="process_execution"
Aug 21 03:17:55 aitest audit: type=SYSCALL msg=audit(1755746275.504:819): arch=c000003e syscall=59 success=yes exit=0 pid=9328 uid=2003 gid=2003 comm="wc" exe="/usr/bin/wc" key="process_execution"
Aug 21 03:17:59 aitest audit: type=PATH msg=audit(1755746279.330:99): item=0 name="/home/opc/logai/enterprise_mnc_audit_sim/enterprise_data/development/projects/project_alpha.txt" inode=36075 dev=08:01 mode=0100644 ouid=0 ogid=0
Aug 21 03:17:59 aitest audit: type=SYSCALL msg=audit(1755746279.330:272): arch=c000003e syscall=59 success=yes exit=0 pid=4705 uid=2009 gid=2009 comm="cat" exe="/usr/bin/cat" key="process_execution"
Aug 21 03:18:09 aitest audit: type=PATH msg=audit(1755746289.214:724): item=0 name="/home/opc/logai/enterprise_mnc_audit_sim/enterprise_data/development" inode=35296 dev=08:01 mode=0100644 ouid=0 ogid=0
Aug 21 03:18:09 aitest audit: type=SYSCALL msg=audit(1755746289.214:1): arch=c000003e syscall=59 success=yes exit=0 pid=6639 uid=2009 gid=2009 comm="find" exe="/usr/bin/find" key="process_execution"
Aug 21 03:18:15 aitest audit: type=PATH msg=audit(1755746295.847:29): item=0 name="/home/opc/logai/enterprise_mnc_audit_sim/enterprise_data/development/scripts/build.sh" inode=17131 dev=08:01 mode=0100644 ouid=0 ogid=0
Aug 21 03:18:15 aitest audit: type=SYSCALL msg=audit(1755746295.847:119): arch=c000003e syscall=59 success=yes exit=0 pid=4077 uid=2009 gid=2009 comm="chmod" exe="/usr/bin/chmod" key="process_execution"
Aug 21 03:28:55 aitest audit: type=PATH msg=audit(1755746935.370:478): item=0 name="/home/opc/logai/enterprise_mnc_audit_sim/enterprise_data/database/mysql/db_config.cnf" inode=33606 dev=08:01 mode=0100644 ouid=0 ogid=0
Aug 21 03:28:55 aitest audit: type=SYSCALL msg=audit(1755746935.370:435): arch=c000003e syscall=59 success=yes exit=0 pid=6882 uid=2005 gid=2005 comm="cat" exe="/usr/bin/cat" key="process_execution"
Aug 21 03:28:59 aitest audit: type=SYSCALL msg=audit(1755746939.45:890): arch=c000003e syscall=59 success=yes exit=0 pid=2263 uid=2005 gid=2005 comm="du" exe="/usr/bin/du" key="process_execution"
Aug 21 03:29:08 aitest audit: type=SYSCALL msg=audit(1755746948.828:282): arch=c000003e syscall=59 success=yes exit=0 pid=11496 uid=2005 gid=2005 comm="cp" exe="/usr/bin/cp" key="process_execution"
Aug 21 03:29:16 aitest audit: type=SYSCALL msg=audit(1755746956.938:316): arch=c000003e syscall=59 success=yes exit=0 pid=2007 uid=2005 gid=2005 comm="du" exe="/usr/bin/du" key="process_execution"
Aug 21 03:32:33 aitest audit: type=SYSCALL msg=audit(1755747153.104:565): arch=c000003e syscall=59 success=yes exit=0 pid=3855 uid=2009 gid=2009 comm="grep" exe="/usr/bin/grep" key="process_execution"
Aug 21 03:32:42 aitest audit: type=PATH msg=audit(1755747162.33:177): item=0 name="/home/opc/logai/enterprise_mnc_audit_sim/enterprise_data/development/scripts/build.sh" inode=20798 dev=08:01 mode=0100644 ouid=0 ogid=0
Aug 21 03:32:42 aitest audit: type=SYSCALL msg=audit(1755747162.33:553): arch=c000003e syscall=59 success=yes exit=0 pid=2703 uid=2009 gid=2009 comm="chmod" exe="/usr/bin/chmod" key="process_execution"
Aug 21 03:33:53 aitest audit: type=PATH msg=audit(1755747233.324:788): item=0 name="/home/opc/logai/enterprise_mnc_audit_sim/enterprise_data/development/scripts/build.sh" inode=32026 dev=08:01 mode=0100644 ouid=0 ogid=0
Aug 21 03:33:53 aitest audit: type=SYSCALL msg=audit(1755747233.324:788): arch=c000003e syscall=59 success=yes exit=0 pid=2958 uid=2003 gid=2003 comm="chmod" exe="/usr/bin/chmod" key="process_execution"
Aug 21 03:33:59 aitest audit: type=PATH msg=audit(1755747239.557:182): item=0 name="/home/opc/logai/enterprise_mnc_audit_sim/enterprise_data/development/projects/" inode=11985 dev=08:01 mode=0100644 ouid=0 ogid=0
Aug 21 03:33:59 aitest audit: type=SYSCALL msg=audit(1755747239.557:108): arch=c000003e syscall=59 success=yes exit=0 pid=4670 uid=2003 gid=2003 comm="ls" exe="/usr/bin/ls" key="process_execution"
Aug 21 03:40:50 aitest audit: type=SYSCALL msg=audit(1755747650.506:599): arch=c000003e syscall=59 success=yes exit=0 pid=10548 uid=2008 gid=2008 comm="last" exe="/usr/bin/last" key="process_execution"
Aug 21 03:40:56 aitest audit: type=PATH msg=audit(1755747656.696:821): item=0 name="/home/opc/logai/enterprise_mnc_audit_sim/enterprise_data/" inode=41112 dev=08:01 mode=0100644 ouid=0 ogid=0
Aug 21 03:40:56 aitest audit: type=SYSCALL msg=audit(1755747656.696:488): arch=c000003e syscall=59 success=yes exit=0 pid=2004 uid=2008 gid=2008 comm="ls" exe="/usr/bin/ls" key="process_execution"
Aug 21 03:41:03 aitest audit: type=SYSCALL msg=audit(1755747663.670:961): arch=c000003e syscall=59 success=yes exit=0 pid=4232 uid=2008 gid=2008 comm="last" exe="/usr/bin/last" key="process_execution"
Aug 21 03:41:08 aitest audit: type=PATH msg=audit(1755747668.475:265): item=0 name="/home/opc/logai/enterprise_mnc_audit_sim/enterprise_data/hr/" inode=24345 dev=08:01 mode=0100644 ouid=0 ogid=0
Aug 21 03:41:08 aitest audit: type=SYSCALL msg=audit(1755747668.475:122): arch=c000003e syscall=59 success=yes exit=0 pid=7142 uid=2008 gid=2008 comm="chmod" exe="/usr/bin/chmod" key="process_execution"
Aug 21 03:41:16 aitest audit: type=PATH msg=audit(1755747676.840:506): item=0 name="/home/opc/logai/enterprise_mnc_audit_sim/enterprise_data/" inode=13065 dev=08:01 mode=0100644 ouid=0 ogid=0
Aug 21 03:41:16 aitest audit: type=SYSCALL msg=audit(1755747676.840:185): arch=c000003e syscall=59 success=yes exit=0 pid=4279 uid=2008 gid=2008 comm="ls" exe="/usr/bin/ls" key="process_execution"
Aug 21 03:52:38 aitest audit: type=PATH msg=audit(1755748358.372:207): item=0 name="/home/opc/logai/enterprise_mnc_audit_sim/enterprise_data/database" inode=32413 dev=08:01 mode=0100644 ouid=0 ogid=0
Aug 21 03:52:38 aitest audit: type=SYSCALL msg=audit(1755748358.372:853): arch=c000003e syscall=59 success=yes exit=0 pid=3585 uid=2002 gid=2002 comm="find" exe="/usr/bin/find" key="process_execution"
Aug 21 03:52:47 aitest audit: type=PATH msg=audit(1755748367.421:795): item=0 name="/home/opc/logai/enterprise_mnc_audit_sim/enterprise_data/database/" inode=34096 dev=08:01 mode=0100644 ouid=0 ogid=0
Aug 21 03:52:47 aitest audit: type=SYSCALL msg=audit(1755748367.421:743): arch=c000003e syscall=59 success=yes exit=0 pid=6112 uid=2002 gid=2002 comm="ls" exe="/usr/bin/ls" key="process_execution"
Aug 21 03:52:50 aitest audit: type=SYSCALL msg=audit(1755748370.9:763): arch=c000003e syscall=59 success=yes exit=0 pid=9465 uid=2002 gid=2002 comm="cp" exe="/usr/bin/cp" key="process_execution"
Aug 21 03:52:51 aitest audit: type=SYSCALL msg=audit(1755748371.782:166): arch=c000003e syscall=59 success=yes exit=0 pid=4869 uid=2002 gid=2002 comm="du" exe="/usr/bin/du" key="process_execution"
Aug 21 03:53:01 aitest audit: type=SYSCALL msg=audit(1755748381.790:47): arch=c000003e syscall=59 success=yes exit=0 pid=4226 uid=2002 gid=2002 comm="du" exe="/usr/bin/du" key="process_execution"
Aug 21 03:55:41 aitest audit: type=SYSCALL msg=audit(1755748541.881:732): arch=c000003e syscall=59 success=yes exit=0 pid=9158 uid=2001 gid=2001 comm="free" exe="/usr/bin/free" key="process_execution"
Aug 21 03:55:47 aitest audit: type=SYSCALL msg=audit(1755748547.726:976): arch=c000003e syscall=59 success=yes exit=0 pid=3519 uid=2001 gid=2001 comm="ps" exe="/usr/bin/ps" key="process_execution"
Aug 21 03:55:51 aitest audit: type=PATH msg=audit(1755748551.770:517): item=0 name="/home/opc/logai/enterprise_mnc_audit_sim/system/configs/server.conf" inode=20200 dev=08:01 mode=0100644 ouid=0 ogid=0
Aug 21 03:55:51 aitest audit: type=SYSCALL msg=audit(1755748551.770:588): arch=c000003e syscall=59 success=yes exit=0 pid=3487 uid=2001 gid=2001 comm="chmod" exe="/usr/bin/chmod" key="process_execution"
Aug 21 03:55:55 aitest audit: type=PATH msg=audit(1755748555.591:827): item=0 name="/home/opc/logai/enterprise_mnc_audit_sim/system/configs/server.conf" inode=26621 dev=08:01 mode=0100644 ouid=0 ogid=0
Aug 21 03:55:55 aitest audit: type=SYSCALL msg=audit(1755748555.591:174): arch=c000003e syscall=59 success=yes exit=0 pid=5368 uid=2001 gid=2001 comm="chmod" exe="/usr/bin/chmod" key="process_execution"
Aug 21 04:06:38 aitest audit: type=SYSCALL msg=audit(1755749198.984:725): arch=c000003e syscall=59 success=yes exit=0 pid=3833 uid=2001 gid=2001 comm="netstat" exe="/usr/bin/netstat" key="process_execution"
Aug 21 04:06:46 aitest audit: type=PATH msg=audit(1755749206.883:999): item=0 name="/home/opc/logai/enterprise_mnc_audit_sim/system/logs/application.log" inode=12264 dev=08:01 mode=0100644 ouid=0 ogid=0
Aug 21 04:06:46 aitest audit: type=SYSCALL msg=audit(1755749206.883:150): arch=c000003e syscall=59 success=yes exit=0 pid=11584 uid=2001 gid=2001 comm="tail" exe="/usr/bin/tail" key="process_execution"
Aug 21 04:06:52 aitest audit: type=PATH msg=audit(1755749212.799:569): item=0 name="/home/opc/logai/enterprise_mnc_audit_sim/system" inode=18974 dev=08:01 mode=0100644 ouid=0 ogid=0
Aug 21 04:06:52 aitest audit: type=SYSCALL msg=audit(1755749212.799:621): arch=c000003e syscall=59 success=yes exit=0 pid=3540 uid=2001 gid=2001 comm="find" exe="/usr/bin/find" key="process_execution"
Aug 21 04:11:42 aitest audit: type=SYSCALL msg=audit(1755749502.787:231): arch=c000003e syscall=59 success=yes exit=0 pid=4542 uid=2009 gid=2009 comm="wc" exe="/usr/bin/wc" key="process_execution"
Aug 21 04:11:43 aitest audit: type=PATH msg=audit(1755749503.443:15): item=0 name="/home/opc/logai/enterprise_mnc_audit_sim/enterprise_data/development/projects/project_alpha.txt" inode=10374 dev=08:01 mode=0100644 ouid=0 ogid=0
Aug 21 04:11:43 aitest audit: type=SYSCALL msg=audit(1755749503.443:873): arch=c000003e syscall=59 success=yes exit=0 pid=7459 uid=2009 gid=2009 comm="cat" exe="/usr/bin/cat" key="process_execution"
Aug 21 04:11:49 aitest audit: type=SYSCALL msg=audit(1755749509.315:781): arch=c000003e syscall=59 success=yes exit=0 pid=8072 uid=2009 gid=2009 comm="cp" exe="/usr/bin/cp" key="process_execution"
Aug 21 04:11:49 aitest audit: type=SYSCALL msg=audit(1755749509.42:504): arch=c000003e syscall=59 success=yes exit=0 pid=3227 uid=2009 gid=2009 comm="cp" exe="/usr/bin/cp" key="process_execution"
Aug 21 04:11:54 aitest audit: type=PATH msg=audit(1755749514.630:354): item=0 name="/home/opc/logai/enterprise_mnc_audit_sim/enterprise_data/development/projects/project_alpha.txt" inode=21931 dev=08:01 mode=0100644 ouid=0 ogid=0
Aug 21 04:11:54 aitest audit: type=SYSCALL msg=audit(1755749514.630:449): arch=c000003e syscall=59 success=yes exit=0 pid=11645 uid=2009 gid=2009 comm="cat" exe="/usr/bin/cat" key="process_execution"
Aug 21 04:11:55 aitest audit: type=PATH msg=audit(1755749515.262:898): item=0 name="/home/opc/logai/enterprise_mnc_audit_sim/enterprise_data/development/projects/project_alpha.txt" inode=21316 dev=08:01 mode=0100644 ouid=0 ogid=0
Aug 21 04:11:55 aitest audit: type=SYSCALL msg=audit(1755749515.262:504): arch=c000003e syscall=59 success=yes exit=0 pid=11699 uid=2009 gid=2009 comm="cat" exe="/usr/bin/cat" key="process_execution"
Aug 21 04:25:10 aitest audit: type=PATH msg=audit(1755750310.508:377): item=0 name="/home/opc/logai/enterprise_mnc_audit_sim/enterprise_data/development/scripts/build.sh" inode=18112 dev=08:01 mode=0100644 ouid=0 ogid=0
Aug 21 04:25:10 aitest audit: type=SYSCALL msg=audit(1755750310.508:741): arch=c000003e syscall=59 success=yes exit=0 pid=10002 uid=2003 gid=2003 comm="chmod" exe="/usr/bin/chmod" key="process_execution"
Aug 21 04:25:11 aitest audit: type=SYSCALL msg=audit(1755750311.936:675): arch=c000003e syscall=59 success=yes exit=0 pid=6070 uid=2003 gid=2003 comm="cp" exe="/usr/bin/cp" key="process_execution"
Aug 21 04:25:21 aitest audit: type=PATH msg=audit(1755750321.103:670): item=0 name="/home/opc/logai/enterprise_mnc_audit_sim/enterprise_data/development" inode=36051 dev=08:01 mode=0100644 ouid=0 ogid=0
Aug 21 04:25:21 aitest audit: type=SYSCALL msg=audit(1755750321.103:806): arch=c000003e syscall=59 success=yes exit=0 pid=4399 uid=2003 gid=2003 comm="find" exe="/usr/bin/find" key="process_execution"
Aug 21 04:25:26 aitest audit: type=SYSCALL msg=audit(1755750326.414:170): arch=c000003e syscall=59 success=yes exit=0 pid=8872 uid=2003 gid=2003 comm="wc" exe="/usr/bin/wc" key="process_execution"
Aug 21 04:26:45 aitest audit: type=SYSCALL msg=audit(1755750405.356:561): arch=c000003e syscall=59 success=yes exit=0 pid=11859 uid=2010 gid=2010 comm="top" exe="/usr/bin/top" key="process_execution"
Aug 21 04:26:49 aitest audit: type=SYSCALL msg=audit(1755750409.717:250): arch=c000003e syscall=59 success=yes exit=0 pid=5677 uid=2010 gid=2010 comm="du" exe="/usr/bin/du" key="process_execution"
Aug 21 04:26:58 aitest audit: type=SYSCALL msg=audit(1755750418.470:342): arch=c000003e syscall=59 success=yes exit=0 pid=9962 uid=2010 gid=2010 comm="du" exe="/usr/bin/du" key="process_execution"
Aug 21 04:27:09 aitest audit: type=SYSCALL msg=audit(1755750429.999:806): arch=c000003e syscall=59 success=yes exit=0 pid=11587 uid=2008 gid=2008 comm="who" exe="/usr/bin/who" key="process_execution"
Aug 21 04:27:17 aitest audit: type=SYSCALL msg=audit(1755750437.255:875): arch=c000003e syscall=59 success=yes exit=0 pid=9893 uid=2008 gid=2008 comm="w" exe="/usr/bin/w" key="process_execution"
Aug 21 04:27:25 aitest audit: type=PATH msg=audit(1755750445.49:569): item=0 name="/home/opc/logai/enterprise_mnc_audit_sim/enterprise_data/hr/" inode=40237 dev=08:01 mode=0100644 ouid=0 ogid=0
Aug 21 04:27:25 aitest audit: type=SYSCALL msg=audit(1755750445.49:558): arch=c000003e syscall=59 success=yes exit=0 pid=7945 uid=2008 gid=2008 comm="ls" exe="/usr/bin/ls" key="process_execution"
Aug 21 04:27:30 aitest audit: type=PATH msg=audit(1755750450.558:644): item=0 name="/home/opc/logai/enterprise_mnc_audit_sim/enterprise_data/" inode=13460 dev=08:01 mode=0100644 ouid=0 ogid=0
Aug 21 04:27:30 aitest audit: type=SYSCALL msg=audit(1755750450.558:312): arch=c000003e syscall=59 success=yes exit=0 pid=3141 uid=2008 gid=2008 comm="ls" exe="/usr/bin/ls" key="process_execution"
Aug 21 04:27:34 aitest audit: type=SYSCALL msg=audit(1755750454.951:162): arch=c000003e syscall=59 success=yes exit=0 pid=5282 uid=2008 gid=2008 comm="find" exe="/usr/bin/find" key="process_execution"
Aug 21 04:31:32 aitest audit: type=SYSCALL msg=audit(1755750692.279:970): arch=c000003e syscall=59 success=yes exit=0 pid=5917 uid=2010 gid=2010 comm="tar" exe="/usr/bin/tar" key="process_execution"
Aug 21 04:31:39 aitest audit: type=PATH msg=audit(1755750699.555:488): item=0 name="/home/opc/logai/enterprise_mnc_audit_sim/applications/" inode=27813 dev=08:01 mode=0100644 ouid=0 ogid=0
Aug 21 04:31:39 aitest audit: type=SYSCALL msg=audit(1755750699.555:384): arch=c000003e syscall=59 success=yes exit=0 pid=8538 uid=2010 gid=2010 comm="ls" exe="/usr/bin/ls" key="process_execution"
Aug 21 04:31:42 aitest audit: type=PATH msg=audit(1755750702.772:338): item=0 name="/home/opc/logai/enterprise_mnc_audit_sim/enterprise_data/operations/scripts/" inode=19710 dev=08:01 mode=0100644 ouid=0 ogid=0
Aug 21 04:31:42 aitest audit: type=SYSCALL msg=audit(1755750702.772:513): arch=c000003e syscall=59 success=yes exit=0 pid=3692 uid=2010 gid=2010 comm="chmod" exe="/usr/bin/chmod" key="process_execution"
Aug 21 04:36:34 aitest audit: type=SYSCALL msg=audit(1755750994.871:170): arch=c000003e syscall=59 success=yes exit=0 pid=2333 uid=2006 gid=2006 comm="find" exe="/usr/bin/find" key="process_execution"
Aug 21 04:41:30 aitest audit: type=PATH msg=audit(1755751290.209:393): item=0 name="/home/opc/logai/enterprise_mnc_audit_sim/enterprise_data/operations/" inode=36113 dev=08:01 mode=0100644 ouid=0 ogid=0
Aug 21 04:41:30 aitest audit: type=SYSCALL msg=audit(1755751290.209:151): arch=c000003e syscall=59 success=yes exit=0 pid=7798 uid=2010 gid=2010 comm="ls" exe="/usr/bin/ls" key="process_execution"
Aug 21 04:41:38 aitest audit: type=SYSCALL msg=audit(1755751298.448:615): arch=c000003e syscall=59 success=yes exit=0 pid=6216 uid=2010 gid=2010 comm="du" exe="/usr/bin/du" key="process_execution"
Aug 21 04:41:43 aitest audit: type=PATH msg=audit(1755751303.388:804): item=0 name="/home/opc/logai/enterprise_mnc_audit_sim/applications/" inode=41326 dev=08:01 mode=0100644 ouid=0 ogid=0
Aug 21 04:41:43 aitest audit: type=SYSCALL msg=audit(1755751303.388:710): arch=c000003e syscall=59 success=yes exit=0 pid=4265 uid=2010 gid=2010 comm="ls" exe="/usr/bin/ls" key="process_execution"
Aug 21 04:48:25 aitest audit: type=SYSCALL msg=audit(1755751705.227:857): arch=c000003e syscall=59 success=yes exit=0 pid=4513 uid=2001 gid=2001 comm="df" exe="/usr/bin/df" key="process_execution"
Aug 21 04:48:26 aitest audit: type=SYSCALL msg=audit(1755751706.389:774): arch=c000003e syscall=59 success=yes exit=0 pid=4090 uid=2001 gid=2001 comm="free" exe="/usr/bin/free" key="process_execution"
Aug 21 04:48:29 aitest audit: type=SYSCALL msg=audit(1755751709.390:527): arch=c000003e syscall=59 success=yes exit=0 pid=4518 uid=2001 gid=2001 comm="ps" exe="/usr/bin/ps" key="process_execution"
Aug 21 04:48:37 aitest audit: type=PATH msg=audit(1755751717.788:348): item=0 name="/home/opc/logai/enterprise_mnc_audit_sim/system/logs/application.log" inode=12964 dev=08:01 mode=0100644 ouid=0 ogid=0
Aug 21 04:48:37 aitest audit: type=SYSCALL msg=audit(1755751717.788:971): arch=c000003e syscall=59 success=yes exit=0 pid=4268 uid=2001 gid=2001 comm="tail" exe="/usr/bin/tail" key="process_execution"
Aug 21 04:54:09 aitest audit: type=PATH msg=audit(1755752049.760:632): item=0 name="/home/opc/logai/enterprise_mnc_audit_sim/enterprise_data/development/" inode=21305 dev=08:01 mode=0100644 ouid=0 ogid=0
Aug 21 04:54:09 aitest audit: type=SYSCALL msg=audit(1755752049.760:717): arch=c000003e syscall=59 success=yes exit=0 pid=4059 uid=2009 gid=2009 comm="ls" exe="/usr/bin/ls" key="process_execution"
Aug 21 04:54:15 aitest audit: type=SYSCALL msg=audit(1755752055.228:791): arch=c000003e syscall=59 success=yes exit=0 pid=7619 uid=2009 gid=2009 comm="grep" exe="/usr/bin/grep" key="process_execution"
Aug 21 04:54:18 aitest audit: type=PATH msg=audit(1755752058.967:667): item=0 name="/home/opc/logai/enterprise_mnc_audit_sim/enterprise_data/development" inode=19754 dev=08:01 mode=0100644 ouid=0 ogid=0
Aug 21 04:54:18 aitest audit: type=SYSCALL msg=audit(1755752058.967:681): arch=c000003e syscall=59 success=yes exit=0 pid=4001 uid=2009 gid=2009 comm="find" exe="/usr/bin/find" key="process_execution"
Aug 21 04:54:25 aitest audit: type=PATH msg=audit(1755752065.350:954): item=0 name="/home/opc/logai/enterprise_mnc_audit_sim/enterprise_data/development/projects/" inode=11564 dev=08:01 mode=0100644 ouid=0 ogid=0
Aug 21 04:54:25 aitest audit: type=SYSCALL msg=audit(1755752065.350:5): arch=c000003e syscall=59 success=yes exit=0 pid=8794 uid=2009 gid=2009 comm="ls" exe="/usr/bin/ls" key="process_execution"
Aug 21 04:58:05 aitest audit: type=PATH msg=audit(1755752285.839:552): item=0 name="/home/opc/logai/enterprise_mnc_audit_sim/applications/databases/" inode=26845 dev=08:01 mode=0100644 ouid=0 ogid=0
Aug 21 04:58:05 aitest audit: type=SYSCALL msg=audit(1755752285.839:613): arch=c000003e syscall=59 success=yes exit=0 pid=10755 uid=2002 gid=2002 comm="ls" exe="/usr/bin/ls" key="process_execution"
Aug 21 04:58:15 aitest audit: type=SYSCALL msg=audit(1755752295.231:499): arch=c000003e syscall=59 success=yes exit=0 pid=11546 uid=2002 gid=2002 comm="du" exe="/usr/bin/du" key="process_execution"
Aug 21 04:58:23 aitest audit: type=PATH msg=audit(1755752303.183:783): item=0 name="/home/opc/logai/enterprise_mnc_audit_sim/applications/databases/" inode=13420 dev=08:01 mode=0100644 ouid=0 ogid=0
Aug 21 04:58:23 aitest audit: type=SYSCALL msg=audit(1755752303.183:391): arch=c000003e syscall=59 success=yes exit=0 pid=5913 uid=2002 gid=2002 comm="ls" exe="/usr/bin/ls" key="process_execution"
Aug 21 04:58:25 aitest audit: type=SYSCALL msg=audit(1755752305.481:383): arch=c000003e syscall=59 success=yes exit=0 pid=2208 uid=2002 gid=2002 comm="grep" exe="/usr/bin/grep" key="process_execution"
Aug 21 04:58:39 aitest audit: type=PATH msg=audit(1755752319.565:615): item=0 name="/home/opc/logai/enterprise_mnc_audit_sim/enterprise_data/operations/scripts/" inode=32944 dev=08:01 mode=0100644 ouid=0 ogid=0
Aug 21 04:58:39 aitest audit: type=SYSCALL msg=audit(1755752319.565:244): arch=c000003e syscall=59 success=yes exit=0 pid=3097 uid=2007 gid=2007 comm="chmod" exe="/usr/bin/chmod" key="process_execution"
Aug 21 04:58:47 aitest audit: type=SYSCALL msg=audit(1755752327.714:610): arch=c000003e syscall=59 success=yes exit=0 pid=3028 uid=2007 gid=2007 comm="ps" exe="/usr/bin/ps" key="process_execution"
Aug 21 04:58:57 aitest audit: type=SYSCALL msg=audit(1755752337.397:578): arch=c000003e syscall=59 success=yes exit=0 pid=5059 uid=2007 gid=2007 comm="du" exe="/usr/bin/du" key="process_execution"
Aug 21 04:59:03 aitest audit: type=PATH msg=audit(1755752343.839:411): item=0 name="/home/opc/logai/enterprise_mnc_audit_sim/enterprise_data/operations/scripts/" inode=34283 dev=08:01 mode=0100644 ouid=0 ogid=0
Aug 21 04:59:03 aitest audit: type=SYSCALL msg=audit(1755752343.839:409): arch=c000003e syscall=59 success=yes exit=0 pid=8927 uid=2007 gid=2007 comm="chmod" exe="/usr/bin/chmod" key="process_execution"
Aug 21 05:11:36 aitest audit: type=PATH msg=audit(1755753096.875:685): item=0 name="/home/opc/logai/enterprise_mnc_audit_sim/system/configs/server.conf" inode=18836 dev=08:01 mode=0100644 ouid=0 ogid=0
Aug 21 05:11:36 aitest audit: type=SYSCALL msg=audit(1755753096.875:774): arch=c000003e syscall=59 success=yes exit=0 pid=4751 uid=2004 gid=2004 comm="cat" exe="/usr/bin/cat" key="process_execution"
Aug 21 05:11:37 aitest audit: type=PATH msg=audit(1755753097.881:891): item=0 name="/home/opc/logai/enterprise_mnc_audit_sim/system" inode=18657 dev=08:01 mode=0100644 ouid=0 ogid=0
Aug 21 05:11:37 aitest audit: type=SYSCALL msg=audit(1755753097.881:715): arch=c000003e syscall=59 success=yes exit=0 pid=2372 uid=2004 gid=2004 comm="find" exe="/usr/bin/find" key="process_execution"
Aug 21 05:11:40 aitest audit: type=PATH msg=audit(1755753100.380:606): item=0 name="/home/opc/logai/enterprise_mnc_audit_sim/applications/" inode=34423 dev=08:01 mode=0100644 ouid=0 ogid=0
Aug 21 05:11:40 aitest audit: type=SYSCALL msg=audit(1755753100.380:452): arch=c000003e syscall=59 success=yes exit=0 pid=4958 uid=2004 gid=2004 comm="ls" exe="/usr/bin/ls" key="process_execution"
Aug 21 05:15:14 aitest audit: type=SYSCALL msg=audit(1755753314.739:462): arch=c000003e syscall=59 success=yes exit=0 pid=6614 uid=2001 gid=2001 comm="free" exe="/usr/bin/free" key="process_execution"
Aug 21 05:15:22 aitest audit: type=PATH msg=audit(1755753322.685:81): item=0 name="/home/opc/logai/enterprise_mnc_audit_sim/system/configs/" inode=28690 dev=08:01 mode=0100644 ouid=0 ogid=0
Aug 21 05:15:22 aitest audit: type=SYSCALL msg=audit(1755753322.685:472): arch=c000003e syscall=59 success=yes exit=0 pid=6128 uid=2001 gid=2001 comm="ls" exe="/usr/bin/ls" key="process_execution"
Aug 21 05:17:40 aitest audit: type=PATH msg=audit(1755753460.264:291): item=0 name="/home/opc/logai/enterprise_mnc_audit_sim/enterprise_data/development/projects/" inode=28144 dev=08:01 mode=0100644 ouid=0 ogid=0
Aug 21 05:17:40 aitest audit: type=SYSCALL msg=audit(1755753460.264:878): arch=c000003e syscall=59 success=yes exit=0 pid=6987 uid=2006 gid=2006 comm="ls" exe="/usr/bin/ls" key="process_execution"
Aug 21 05:17:46 aitest audit: type=SYSCALL msg=audit(1755753466.679:3): arch=c000003e syscall=59 success=yes exit=0 pid=6956 uid=2006 gid=2006 comm="wc" exe="/usr/bin/wc" key="process_execution"
Aug 21 05:17:53 aitest audit: type=PATH msg=audit(1755753473.18:534): item=0 name="/home/opc/logai/enterprise_mnc_audit_sim/enterprise_data/development/projects/project_alpha.txt" inode=13779 dev=08:01 mode=0100644 ouid=0 ogid=0
Aug 21 05:17:53 aitest audit: type=SYSCALL msg=audit(1755753473.18:704): arch=c000003e syscall=59 success=yes exit=0 pid=10746 uid=2006 gid=2006 comm="cat" exe="/usr/bin/cat" key="process_execution"
Aug 21 05:29:35 aitest audit: type=PATH msg=audit(1755754175.905:527): item=0 name="/home/opc/logai/enterprise_mnc_audit_sim/applications/" inode=35640 dev=08:01 mode=0100644 ouid=0 ogid=0
Aug 21 05:29:35 aitest audit: type=SYSCALL msg=audit(1755754175.905:769): arch=c000003e syscall=59 success=yes exit=0 pid=9558 uid=2001 gid=2001 comm="ls" exe="/usr/bin/ls" key="process_execution"
Aug 21 05:29:37 aitest audit: type=SYSCALL msg=audit(1755754177.173:885): arch=c000003e syscall=59 success=yes exit=0 pid=2503 uid=2001 gid=2001 comm="netstat" exe="/usr/bin/netstat" key="process_execution"
Aug 21 05:31:48 aitest audit: type=SYSCALL msg=audit(1755754308.259:449): arch=c000003e syscall=59 success=yes exit=0 pid=9976 uid=2001 gid=2001 comm="df" exe="/usr/bin/df" key="process_execution"
Aug 21 05:31:58 aitest audit: type=SYSCALL msg=audit(1755754318.123:754): arch=c000003e syscall=59 success=yes exit=0 pid=7727 uid=2001 gid=2001 comm="netstat" exe="/usr/bin/netstat" key="process_execution"
Aug 21 05:32:07 aitest audit: type=PATH msg=audit(1755754327.536:397): item=0 name="/home/opc/logai/enterprise_mnc_audit_sim/system/logs/application.log" inode=21617 dev=08:01 mode=0100644 ouid=0 ogid=0
Aug 21 05:32:07 aitest audit: type=SYSCALL msg=audit(1755754327.536:462): arch=c000003e syscall=59 success=yes exit=0 pid=10986 uid=2001 gid=2001 comm="tail" exe="/usr/bin/tail" key="process_execution"
Aug 21 05:32:12 aitest audit: type=PATH msg=audit(1755754332.170:375): item=0 name="/home/opc/logai/enterprise_mnc_audit_sim/system/configs/server.conf" inode=17479 dev=08:01 mode=0100644 ouid=0 ogid=0
Aug 21 05:32:12 aitest audit: type=SYSCALL msg=audit(1755754332.170:913): arch=c000003e syscall=59 success=yes exit=0 pid=3757 uid=2001 gid=2001 comm="chmod" exe="/usr/bin/chmod" key="process_execution"
Aug 21 05:32:33 aitest audit: type=SYSCALL msg=audit(1755754353.833:940): arch=c000003e syscall=59 success=yes exit=0 pid=7736 uid= gid= comm="find" exe="/usr/bin/find" key="process_execution"
Aug 21 05:36:26 aitest audit: type=SYSCALL msg=audit(1755754586.745:669): arch=c000003e syscall=59 success=yes exit=0 pid=11781 uid=2010 gid=2010 comm="top" exe="/usr/bin/top" key="process_execution"
Aug 21 05:36:30 aitest audit: type=SYSCALL msg=audit(1755754590.243:991): arch=c000003e syscall=59 success=yes exit=0 pid=9108 uid=2010 gid=2010 comm="du" exe="/usr/bin/du" key="process_execution"
Aug 21 05:36:36 aitest audit: type=PATH msg=audit(1755754596.65:795): item=0 name="/home/opc/logai/enterprise_mnc_audit_sim/enterprise_data/development/projects/project_alpha.txt" inode=25626 dev=08:01 mode=0100644 ouid=0 ogid=0
Aug 21 05:36:36 aitest audit: type=SYSCALL msg=audit(1755754596.65:687): arch=c000003e syscall=59 success=yes exit=0 pid=3180 uid=2006 gid=2006 comm="cat" exe="/usr/bin/cat" key="process_execution"
Aug 21 05:36:39 aitest audit: type=PATH msg=audit(1755754599.739:880): item=0 name="/home/opc/logai/enterprise_mnc_audit_sim/enterprise_data/development/projects/" inode=29408 dev=08:01 mode=0100644 ouid=0 ogid=0
Aug 21 05:36:39 aitest audit: type=SYSCALL msg=audit(1755754599.739:475): arch=c000003e syscall=59 success=yes exit=0 pid=11194 uid=2006 gid=2006 comm="ls" exe="/usr/bin/ls" key="process_execution"
Aug 21 05:52:39 aitest audit: type=SYSCALL msg=audit(1755755559.653:71): arch=c000003e syscall=59 success=yes exit=0 pid=8515 uid=2006 gid=2006 comm="wc" exe="/usr/bin/wc" key="process_execution"
Aug 21 05:52:44 aitest audit: type=SYSCALL msg=audit(1755755564.235:556): arch=c000003e syscall=59 success=yes exit=0 pid=10729 uid=2006 gid=2006 comm="wc" exe="/usr/bin/wc" key="process_execution"
Aug 21 05:53:25 aitest audit: type=PATH msg=audit(1755755605.146:86): item=0 name="/home/opc/logai/enterprise_mnc_audit_sim/enterprise_data/database" inode=22309 dev=08:01 mode=0100644 ouid=0 ogid=0
Aug 21 05:53:25 aitest audit: type=SYSCALL msg=audit(1755755605.146:218): arch=c000003e syscall=59 success=yes exit=0 pid=2476 uid=2005 gid=2005 comm="find" exe="/usr/bin/find" key="process_execution"
Aug 21 05:53:29 aitest audit: type=SYSCALL msg=audit(1755755609.160:877): arch=c000003e syscall=59 success=yes exit=0 pid=4779 uid=2005 gid=2005 comm="du" exe="/usr/bin/du" key="process_execution"
Aug 21 06:05:09 aitest audit: type=PATH msg=audit(1755756309.418:145): item=0 name="/home/opc/logai/enterprise_mnc_audit_sim/enterprise_data/development/projects/project_alpha.txt" inode=40068 dev=08:01 mode=0100644 ouid=0 ogid=0
Aug 21 06:05:09 aitest audit: type=SYSCALL msg=audit(1755756309.418:48): arch=c000003e syscall=59 success=yes exit=0 pid=2357 uid=2003 gid=2003 comm="cat" exe="/usr/bin/cat" key="process_execution"
Aug 21 06:05:14 aitest audit: type=SYSCALL msg=audit(1755756314.744:19): arch=c000003e syscall=59 success=yes exit=0 pid=6398 uid=2003 gid=2003 comm="cp" exe="/usr/bin/cp" key="process_execution"
Aug 21 06:05:58 aitest audit: type=PATH msg=audit(1755756358.623:640): item=0 name="/home/opc/logai/enterprise_mnc_audit_sim/enterprise_data/development/projects/" inode=18548 dev=08:01 mode=0100644 ouid=0 ogid=0
Aug 21 06:05:58 aitest audit: type=SYSCALL msg=audit(1755756358.623:75): arch=c000003e syscall=59 success=yes exit=0 pid=7127 uid=2003 gid=2003 comm="ls" exe="/usr/bin/ls" key="process_execution"
Aug 21 06:06:02 aitest audit: type=SYSCALL msg=audit(1755756362.727:422): arch=c000003e syscall=59 success=yes exit=0 pid=5348 uid=2003 gid=2003 comm="grep" exe="/usr/bin/grep" key="process_execution"
Aug 21 06:06:12 aitest audit: type=PATH msg=audit(1755756372.750:334): item=0 name="/home/opc/logai/enterprise_mnc_audit_sim/enterprise_data/development/projects/" inode=30758 dev=08:01 mode=0100644 ouid=0 ogid=0
Aug 21 06:06:12 aitest audit: type=SYSCALL msg=audit(1755756372.750:556): arch=c000003e syscall=59 success=yes exit=0 pid=2366 uid=2003 gid=2003 comm="ls" exe="/usr/bin/ls" key="process_execution"
Aug 21 06:06:13 aitest audit: type=SYSCALL msg=audit(1755756373.660:686): arch=c000003e syscall=59 success=yes exit=0 pid=2437 uid=2003 gid=2003 comm="wc" exe="/usr/bin/wc" key="process_execution"
Aug 21 06:06:14 aitest audit: type=PATH msg=audit(1755756374.630:224): item=0 name="/home/opc/logai/enterprise_mnc_audit_sim/enterprise_data/development/projects/" inode=31373 dev=08:01 mode=0100644 ouid=0 ogid=0
Aug 21 06:06:14 aitest audit: type=SYSCALL msg=audit(1755756374.630:453): arch=c000003e syscall=59 success=yes exit=0 pid=5406 uid=2003 gid=2003 comm="ls" exe="/usr/bin/ls" key="process_execution"
Aug 21 06:08:58 aitest audit: type=PATH msg=audit(1755756538.207:202): item=0 name="/home/opc/logai/enterprise_mnc_audit_sim/applications/databases/" inode=12247 dev=08:01 mode=0100644 ouid=0 ogid=0
Aug 21 06:08:58 aitest audit: type=SYSCALL msg=audit(1755756538.207:780): arch=c000003e syscall=59 success=yes exit=0 pid=6492 uid=2002 gid=2002 comm="ls" exe="/usr/bin/ls" key="process_execution"
Aug 21 06:09:02 aitest audit: type=SYSCALL msg=audit(1755756542.578:506): arch=c000003e syscall=59 success=yes exit=0 pid=8398 uid=2002 gid=2002 comm="grep" exe="/usr/bin/grep" key="process_execution"
Aug 21 06:09:12 aitest audit: type=PATH msg=audit(1755756552.864:402): item=0 name="/home/opc/logai/enterprise_mnc_audit_sim/applications/databases/" inode=12657 dev=08:01 mode=0100644 ouid=0 ogid=0
Aug 21 06:09:12 aitest audit: type=SYSCALL msg=audit(1755756552.864:461): arch=c000003e syscall=59 success=yes exit=0 pid=3071 uid=2002 gid=2002 comm="ls" exe="/usr/bin/ls" key="process_execution"
Aug 21 06:09:13 aitest audit: type=PATH msg=audit(1755756553.924:32): item=0 name="/home/opc/logai/enterprise_mnc_audit_sim/enterprise_data/database/mysql/db_config.cnf" inode=29365 dev=08:01 mode=0100644 ouid=0 ogid=0
Aug 21 06:09:13 aitest audit: type=SYSCALL msg=audit(1755756553.924:32): arch=c000003e syscall=59 success=yes exit=0 pid=7852 uid=2002 gid=2002 comm="cat" exe="/usr/bin/cat" key="process_execution"
Aug 21 06:09:14 aitest audit: type=PATH msg=audit(1755756554.538:467): item=0 name="/home/opc/logai/enterprise_mnc_audit_sim/enterprise_data/development/" inode=33924 dev=08:01 mode=0100644 ouid=0 ogid=0
Aug 21 06:09:14 aitest audit: type=SYSCALL msg=audit(1755756554.538:185): arch=c000003e syscall=59 success=yes exit=0 pid=10188 uid=2003 gid=2003 comm="ls" exe="/usr/bin/ls" key="process_execution"
Aug 21 06:09:22 aitest audit: type=PATH msg=audit(1755756562.330:403): item=0 name="/home/opc/logai/enterprise_mnc_audit_sim/enterprise_data/development/projects/project_alpha.txt" inode=24025 dev=08:01 mode=0100644 ouid=0 ogid=0
Aug 21 06:09:22 aitest audit: type=SYSCALL msg=audit(1755756562.330:776): arch=c000003e syscall=59 success=yes exit=0 pid=2351 uid=2003 gid=2003 comm="cat" exe="/usr/bin/cat" key="process_execution"
Aug 21 06:15:32 aitest audit: type=SYSCALL msg=audit(1755756932.41:903): arch=c000003e syscall=59 success=yes exit=0 pid=3243 uid=2009 gid=2009 comm="wc" exe="/usr/bin/wc" key="process_execution"
Aug 21 06:15:33 aitest audit: type=PATH msg=audit(1755756933.245:483): item=0 name="/home/opc/logai/enterprise_mnc_audit_sim/enterprise_data/development/" inode=12635 dev=08:01 mode=0100644 ouid=0 ogid=0
Aug 21 06:15:33 aitest audit: type=SYSCALL msg=audit(1755756933.245:419): arch=c000003e syscall=59 success=yes exit=0 pid=9347 uid=2009 gid=2009 comm="ls" exe="/usr/bin/ls" key="process_execution"
Aug 21 06:17:46 aitest audit: type=PATH msg=audit(1755757066.655:771): item=0 name="/home/opc/logai/enterprise_mnc_audit_sim/enterprise_data/database/mysql/db_config.cnf" inode=40658 dev=08:01 mode=0100644 ouid=0 ogid=0
Aug 21 06:17:46 aitest audit: type=SYSCALL msg=audit(1755757066.655:634): arch=c000003e syscall=59 success=yes exit=0 pid=6859 uid=2002 gid=2002 comm="chmod" exe="/usr/bin/chmod" key="process_execution"
Aug 21 06:17:56 aitest audit: type=SYSCALL msg=audit(1755757076.516:196): arch=c000003e syscall=59 success=yes exit=0 pid=4441 uid=2002 gid=2002 comm="grep" exe="/usr/bin/grep" key="process_execution"
Aug 21 06:18:04 aitest audit: type=PATH msg=audit(1755757084.280:956): item=0 name="/home/opc/logai/enterprise_mnc_audit_sim/enterprise_data/database/" inode=20659 dev=08:01 mode=0100644 ouid=0 ogid=0
Aug 21 06:18:04 aitest audit: type=SYSCALL msg=audit(1755757084.280:290): arch=c000003e syscall=59 success=yes exit=0 pid=4500 uid=2002 gid=2002 comm="ls" exe="/usr/bin/ls" key="process_execution"
Aug 21 06:18:07 aitest audit: type=PATH msg=audit(1755757087.196:414): item=0 name="/home/opc/logai/enterprise_mnc_audit_sim/enterprise_data/database/mysql/db_config.cnf" inode=41110 dev=08:01 mode=0100644 ouid=0 ogid=0
Aug 21 06:18:07 aitest audit: type=SYSCALL msg=audit(1755757087.196:89): arch=c000003e syscall=59 success=yes exit=0 pid=8081 uid=2002 gid=2002 comm="chmod" exe="/usr/bin/chmod" key="process_execution"
Aug 21 06:18:09 aitest audit: type=SYSCALL msg=audit(1755757089.553:742): arch=c000003e syscall=59 success=yes exit=0 pid=10919 uid=2002 gid=2002 comm="grep" exe="/usr/bin/grep" key="process_execution"
Aug 21 06:20:20 aitest audit: type=PATH msg=audit(1755757220.772:800): item=0 name="/home/opc/logai/enterprise_mnc_audit_sim/applications/" inode=23718 dev=08:01 mode=0100644 ouid=0 ogid=0
Aug 21 06:20:20 aitest audit: type=SYSCALL msg=audit(1755757220.772:435): arch=c000003e syscall=59 success=yes exit=0 pid=4526 uid=2001 gid=2001 comm="ls" exe="/usr/bin/ls" key="process_execution"
Aug 21 06:20:29 aitest audit: type=PATH msg=audit(1755757229.486:436): item=0 name="/home/opc/logai/enterprise_mnc_audit_sim/applications/" inode=40769 dev=08:01 mode=0100644 ouid=0 ogid=0
Aug 21 06:20:29 aitest audit: type=SYSCALL msg=audit(1755757229.486:764): arch=c000003e syscall=59 success=yes exit=0 pid=4280 uid=2001 gid=2001 comm="ls" exe="/usr/bin/ls" key="process_execution"
Aug 21 06:23:56 aitest audit: type=PATH msg=audit(1755757436.665:396): item=0 name="/home/opc/logai/enterprise_mnc_audit_sim/enterprise_data/operations/scripts/" inode=41791 dev=08:01 mode=0100644 ouid=0 ogid=0
Aug 21 06:23:56 aitest audit: type=SYSCALL msg=audit(1755757436.665:410): arch=c000003e syscall=59 success=yes exit=0 pid=3141 uid=2010 gid=2010 comm="chmod" exe="/usr/bin/chmod" key="process_execution"
Aug 21 06:24:02 aitest audit: type=SYSCALL msg=audit(1755757442.500:200): arch=c000003e syscall=59 success=yes exit=0 pid=5513 uid=2010 gid=2010 comm="du" exe="/usr/bin/du" key="process_execution"
Aug 21 06:24:03 aitest audit: type=PATH msg=audit(1755757443.726:474): item=0 name="/home/opc/logai/enterprise_mnc_audit_sim/enterprise_data/operations/" inode=10308 dev=08:01 mode=0100644 ouid=0 ogid=0
Aug 21 06:24:03 aitest audit: type=SYSCALL msg=audit(1755757443.726:650): arch=c000003e syscall=59 success=yes exit=0 pid=2563 uid=2010 gid=2010 comm="ls" exe="/usr/bin/ls" key="process_execution"
Aug 21 06:38:39 aitest audit: type=PATH msg=audit(1755758319.371:820): item=0 name="/home/opc/logai/enterprise_mnc_audit_sim/enterprise_data/development/projects/project_alpha.txt" inode=26738 dev=08:01 mode=0100644 ouid=0 ogid=0
Aug 21 06:38:39 aitest audit: type=SYSCALL msg=audit(1755758319.371:151): arch=c000003e syscall=59 success=yes exit=0 pid=9571 uid=2003 gid=2003 comm="cat" exe="/usr/bin/cat" key="process_execution"
Aug 21 06:38:46 aitest audit: type=SYSCALL msg=audit(1755758326.62:961): arch=c000003e syscall=59 success=yes exit=0 pid=11150 uid=2003 gid=2003 comm="cp" exe="/usr/bin/cp" key="process_execution"
Aug 21 06:38:50 aitest audit: type=PATH msg=audit(1755758330.700:982): item=0 name="/home/opc/logai/enterprise_mnc_audit_sim/enterprise_data/development/" inode=18702 dev=08:01 mode=0100644 ouid=0 ogid=0
Aug 21 06:38:50 aitest audit: type=SYSCALL msg=audit(1755758330.700:334): arch=c000003e syscall=59 success=yes exit=0 pid=8256 uid=2003 gid=2003 comm="ls" exe="/usr/bin/ls" key="process_execution"
Aug 21 06:38:57 aitest audit: type=PATH msg=audit(1755758337.817:732): item=0 name="/home/opc/logai/enterprise_mnc_audit_sim/enterprise_data/development" inode=17164 dev=08:01 mode=0100644 ouid=0 ogid=0
Aug 21 06:38:57 aitest audit: type=SYSCALL msg=audit(1755758337.817:269): arch=c000003e syscall=59 success=yes exit=0 pid=7226 uid=2003 gid=2003 comm="find" exe="/usr/bin/find" key="process_execution"
Aug 21 06:48:15 aitest audit: type=SYSCALL msg=audit(1755758895.305:812): arch=c000003e syscall=59 success=yes exit=0 pid=3931 uid=2001 gid=2001 comm="ps" exe="/usr/bin/ps" key="process_execution"
Aug 21 06:48:16 aitest audit: type=PATH msg=audit(1755758896.108:247): item=0 name="/home/opc/logai/enterprise_mnc_audit_sim/system/configs/server.conf" inode=41701 dev=08:01 mode=0100644 ouid=0 ogid=0
Aug 21 06:48:16 aitest audit: type=SYSCALL msg=audit(1755758896.108:123): arch=c000003e syscall=59 success=yes exit=0 pid=2203 uid=2001 gid=2001 comm="chmod" exe="/usr/bin/chmod" key="process_execution"
Aug 21 06:48:25 aitest audit: type=PATH msg=audit(1755758905.881:742): item=0 name="/home/opc/logai/enterprise_mnc_audit_sim/system/configs/server.conf" inode=19331 dev=08:01 mode=0100644 ouid=0 ogid=0
Aug 21 06:48:25 aitest audit: type=SYSCALL msg=audit(1755758905.881:455): arch=c000003e syscall=59 success=yes exit=0 pid=9627 uid=2001 gid=2001 comm="chmod" exe="/usr/bin/chmod" key="process_execution"
Aug 21 07:04:18 aitest audit: type=PATH msg=audit(1755759858.223:209): item=0 name="/home/opc/logai/enterprise_mnc_audit_sim/enterprise_data/development/projects/" inode=15520 dev=08:01 mode=0100644 ouid=0 ogid=0
Aug 21 07:04:18 aitest audit: type=SYSCALL msg=audit(1755759858.223:50): arch=c000003e syscall=59 success=yes exit=0 pid=4693 uid=2006 gid=2006 comm="ls" exe="/usr/bin/ls" key="process_execution"
Aug 21 07:04:20 aitest audit: type=SYSCALL msg=audit(1755759860.389:422): arch=c000003e syscall=59 success=yes exit=0 pid=7848 uid=2006 gid=2006 comm="cp" exe="/usr/bin/cp" key="process_execution"
Aug 21 07:04:23 aitest audit: type=PATH msg=audit(1755759863.289:846): item=0 name="/home/opc/logai/enterprise_mnc_audit_sim/enterprise_data/development/projects/project_alpha.txt" inode=23789 dev=08:01 mode=0100644 ouid=0 ogid=0
Aug 21 07:04:23 aitest audit: type=SYSCALL msg=audit(1755759863.289:780): arch=c000003e syscall=59 success=yes exit=0 pid=3464 uid=2006 gid=2006 comm="cat" exe="/usr/bin/cat" key="process_execution"
Aug 21 07:04:31 aitest audit: type=PATH msg=audit(1755759871.3:959): item=0 name="/home/opc/logai/enterprise_mnc_audit_sim/enterprise_data/development/projects/" inode=39224 dev=08:01 mode=0100644 ouid=0 ogid=0
Aug 21 07:04:31 aitest audit: type=SYSCALL msg=audit(1755759871.3:319): arch=c000003e syscall=59 success=yes exit=0 pid=4559 uid=2006 gid=2006 comm="ls" exe="/usr/bin/ls" key="process_execution"
Aug 21 07:09:18 aitest audit: type=PATH msg=audit(1755760158.186:646): item=0 name="/home/opc/logai/enterprise_mnc_audit_sim/system/configs/server.conf" inode=22033 dev=08:01 mode=0100644 ouid=0 ogid=0
Aug 21 07:09:18 aitest audit: type=SYSCALL msg=audit(1755760158.186:364): arch=c000003e syscall=59 success=yes exit=0 pid=6077 uid=2004 gid=2004 comm="chmod" exe="/usr/bin/chmod" key="process_execution"
Aug 21 07:09:21 aitest audit: type=SYSCALL msg=audit(1755760161.836:441): arch=c000003e syscall=59 success=yes exit=0 pid=6678 uid=2004 gid=2004 comm="netstat" exe="/usr/bin/netstat" key="process_execution"
Aug 21 07:09:26 aitest audit: type=PATH msg=audit(1755760166.168:301): item=0 name="/home/opc/logai/enterprise_mnc_audit_sim/applications/" inode=22491 dev=08:01 mode=0100644 ouid=0 ogid=0
Aug 21 07:09:26 aitest audit: type=SYSCALL msg=audit(1755760166.168:369): arch=c000003e syscall=59 success=yes exit=0 pid=2667 uid=2004 gid=2004 comm="ls" exe="/usr/bin/ls" key="process_execution"
Aug 21 07:09:30 aitest audit: type=PATH msg=audit(1755760170.516:599): item=0 name="/home/opc/logai/enterprise_mnc_audit_sim/applications/" inode=17195 dev=08:01 mode=0100644 ouid=0 ogid=0
Aug 21 07:09:30 aitest audit: type=SYSCALL msg=audit(1755760170.516:252): arch=c000003e syscall=59 success=yes exit=0 pid=7271 uid=2004 gid=2004 comm="ls" exe="/usr/bin/ls" key="process_execution"
Aug 21 07:09:31 aitest audit: type=PATH msg=audit(1755760171.497:722): item=0 name="/home/opc/logai/enterprise_mnc_audit_sim/system/configs/server.conf" inode=28694 dev=08:01 mode=0100644 ouid=0 ogid=0
Aug 21 07:09:31 aitest audit: type=SYSCALL msg=audit(1755760171.497:949): arch=c000003e syscall=59 success=yes exit=0 pid=6594 uid=2004 gid=2004 comm="cat" exe="/usr/bin/cat" key="process_execution"
Aug 21 07:15:48 aitest audit: type=PATH msg=audit(1755760548.421:982): item=0 name="/home/opc/logai/enterprise_mnc_audit_sim/system/configs/server.conf" inode=14207 dev=08:01 mode=0100644 ouid=0 ogid=0
Aug 21 07:15:48 aitest audit: type=SYSCALL msg=audit(1755760548.421:931): arch=c000003e syscall=59 success=yes exit=0 pid=4084 uid=2004 gid=2004 comm="cat" exe="/usr/bin/cat" key="process_execution"
Aug 21 07:15:49 aitest audit: type=PATH msg=audit(1755760549.370:298): item=0 name="/home/opc/logai/enterprise_mnc_audit_sim/system/configs/" inode=41777 dev=08:01 mode=0100644 ouid=0 ogid=0
Aug 21 07:15:49 aitest audit: type=SYSCALL msg=audit(1755760549.370:979): arch=c000003e syscall=59 success=yes exit=0 pid=5276 uid=2004 gid=2004 comm="ls" exe="/usr/bin/ls" key="process_execution"
Aug 21 07:15:50 aitest audit: type=SYSCALL msg=audit(1755760550.262:614): arch=c000003e syscall=59 success=yes exit=0 pid=6109 uid=2004 gid=2004 comm="ps" exe="/usr/bin/ps" key="process_execution"
Aug 21 07:15:59 aitest audit: type=PATH msg=audit(1755760559.168:65): item=0 name="/home/opc/logai/enterprise_mnc_audit_sim/system/configs/server.conf" inode=12399 dev=08:01 mode=0100644 ouid=0 ogid=0
Aug 21 07:15:59 aitest audit: type=SYSCALL msg=audit(1755760559.168:112): arch=c000003e syscall=59 success=yes exit=0 pid=11610 uid=2004 gid=2004 comm="chmod" exe="/usr/bin/chmod" key="process_execution"
Aug 21 07:16:20 aitest audit: type=PATH msg=audit(1755760580.787:458): item=0 name="/home/opc/logai/enterprise_mnc_audit_sim/enterprise_data/database/" inode=14165 dev=08:01 mode=0100644 ouid=0 ogid=0
Aug 21 07:16:20 aitest audit: type=SYSCALL msg=audit(1755760580.787:915): arch=c000003e syscall=59 success=yes exit=0 pid=3877 uid=2002 gid=2002 comm="ls" exe="/usr/bin/ls" key="process_execution"
Aug 21 07:16:25 aitest audit: type=SYSCALL msg=audit(1755760585.789:271): arch=c000003e syscall=59 success=yes exit=0 pid=10409 uid=2002 gid=2002 comm="cp" exe="/usr/bin/cp" key="process_execution"
Aug 21 07:16:35 aitest audit: type=SYSCALL msg=audit(1755760595.315:914): arch=c000003e syscall=59 success=yes exit=0 pid=6663 uid=2002 gid=2002 comm="grep" exe="/usr/bin/grep" key="process_execution"
Aug 21 07:16:40 aitest audit: type=PATH msg=audit(1755760600.61:691): item=0 name="/home/opc/logai/enterprise_mnc_audit_sim/enterprise_data/database/" inode=14474 dev=08:01 mode=0100644 ouid=0 ogid=0
Aug 21 07:16:40 aitest audit: type=SYSCALL msg=audit(1755760600.61:24): arch=c000003e syscall=59 success=yes exit=0 pid=7494 uid=2002 gid=2002 comm="ls" exe="/usr/bin/ls" key="process_execution"
Aug 21 07:16:42 aitest audit: type=PATH msg=audit(1755760602.201:696): item=0 name="/home/opc/logai/enterprise_mnc_audit_sim/applications/databases/" inode=42504 dev=08:01 mode=0100644 ouid=0 ogid=0
Aug 21 07:16:42 aitest audit: type=SYSCALL msg=audit(1755760602.201:79): arch=c000003e syscall=59 success=yes exit=0 pid=7561 uid=2002 gid=2002 comm="ls" exe="/usr/bin/ls" key="process_execution"
Aug 21 07:21:59 aitest audit: type=PATH msg=audit(1755760919.290:129): item=0 name="/home/opc/logai/enterprise_mnc_audit_sim/applications/databases/" inode=18317 dev=08:01 mode=0100644 ouid=0 ogid=0
Aug 21 07:21:59 aitest audit: type=SYSCALL msg=audit(1755760919.290:871): arch=c000003e syscall=59 success=yes exit=0 pid=5696 uid=2005 gid=2005 comm="ls" exe="/usr/bin/ls" key="process_execution"
Aug 21 07:22:00 aitest audit: type=PATH msg=audit(1755760920.407:568): item=0 name="/home/opc/logai/enterprise_mnc_audit_sim/enterprise_data/database/mysql/db_config.cnf" inode=13684 dev=08:01 mode=0100644 ouid=0 ogid=0
Aug 21 07:22:00 aitest audit: type=SYSCALL msg=audit(1755760920.407:896): arch=c000003e syscall=59 success=yes exit=0 pid=4430 uid=2005 gid=2005 comm="cat" exe="/usr/bin/cat" key="process_execution"
Aug 21 07:22:01 aitest audit: type=PATH msg=audit(1755760921.435:802): item=0 name="/home/opc/logai/enterprise_mnc_audit_sim/enterprise_data/database/mysql/db_config.cnf" inode=28325 dev=08:01 mode=0100644 ouid=0 ogid=0
Aug 21 07:22:01 aitest audit: type=SYSCALL msg=audit(1755760921.435:976): arch=c000003e syscall=59 success=yes exit=0 pid=5541 uid=2005 gid=2005 comm="cat" exe="/usr/bin/cat" key="process_execution"
Aug 21 07:22:05 aitest audit: type=SYSCALL msg=audit(1755760925.623:425): arch=c000003e syscall=59 success=yes exit=0 pid=4098 uid=2005 gid=2005 comm="du" exe="/usr/bin/du" key="process_execution"
Aug 21 07:22:11 aitest audit: type=PATH msg=audit(1755760931.75:405): item=0 name="/home/opc/logai/enterprise_mnc_audit_sim/enterprise_data/development/" inode=40797 dev=08:01 mode=0100644 ouid=0 ogid=0
Aug 21 07:22:11 aitest audit: type=SYSCALL msg=audit(1755760931.75:553): arch=c000003e syscall=59 success=yes exit=0 pid=8425 uid=2006 gid=2006 comm="ls" exe="/usr/bin/ls" key="process_execution"
Aug 21 07:22:21 aitest audit: type=PATH msg=audit(1755760941.658:133): item=0 name="/home/opc/logai/enterprise_mnc_audit_sim/enterprise_data/development/projects/project_alpha.txt" inode=17414 dev=08:01 mode=0100644 ouid=0 ogid=0
Aug 21 07:22:21 aitest audit: type=SYSCALL msg=audit(1755760941.658:104): arch=c000003e syscall=59 success=yes exit=0 pid=9364 uid=2006 gid=2006 comm="cat" exe="/usr/bin/cat" key="process_execution"
Aug 21 07:22:25 aitest audit: type=SYSCALL msg=audit(1755760945.968:205): arch=c000003e syscall=59 success=yes exit=0 pid=5134 uid=2006 gid=2006 comm="grep" exe="/usr/bin/grep" key="process_execution"
Aug 21 07:22:34 aitest audit: type=SYSCALL msg=audit(1755760954.156:994): arch=c000003e syscall=59 success=yes exit=0 pid=4179 uid=2006 gid=2006 comm="wc" exe="/usr/bin/wc" key="process_execution"
Aug 21 07:22:36 aitest audit: type=PATH msg=audit(1755760956.770:523): item=0 name="/home/opc/logai/enterprise_mnc_audit_sim/enterprise_data/development/projects/project_alpha.txt" inode=26668 dev=08:01 mode=0100644 ouid=0 ogid=0
Aug 21 07:22:36 aitest audit: type=SYSCALL msg=audit(1755760956.770:111): arch=c000003e syscall=59 success=yes exit=0 pid=6445 uid=2006 gid=2006 comm="cat" exe="/usr/bin/cat" key="process_execution"
Aug 21 07:34:13 aitest audit: type=SYSCALL msg=audit(1755761653.960:400): arch=c000003e syscall=59 success=yes exit=0 pid=3679 uid=2010 gid=2010 comm="tar" exe="/usr/bin/tar" key="process_execution"
Aug 21 07:34:19 aitest audit: type=PATH msg=audit(1755761659.491:775): item=0 name="/home/opc/logai/enterprise_mnc_audit_sim/applications/" inode=22808 dev=08:01 mode=0100644 ouid=0 ogid=0
Aug 21 07:34:19 aitest audit: type=SYSCALL msg=audit(1755761659.491:35): arch=c000003e syscall=59 success=yes exit=0 pid=10478 uid=2010 gid=2010 comm="ls" exe="/usr/bin/ls" key="process_execution"
Aug 21 07:34:21 aitest audit: type=PATH msg=audit(1755761661.584:62): item=0 name="/home/opc/logai/enterprise_mnc_audit_sim/enterprise_data/operations" inode=11647 dev=08:01 mode=0100644 ouid=0 ogid=0
Aug 21 07:34:21 aitest audit: type=SYSCALL msg=audit(1755761661.584:99): arch=c000003e syscall=59 success=yes exit=0 pid=4099 uid=2010 gid=2010 comm="find" exe="/usr/bin/find" key="process_execution"
Aug 21 07:34:27 aitest audit: type=SYSCALL msg=audit(1755761667.489:906): arch=c000003e syscall=59 success=yes exit=0 pid=11321 uid=2010 gid=2010 comm="top" exe="/usr/bin/top" key="process_execution"
Aug 21 07:34:45 aitest audit: type=SYSCALL msg=audit(1755761685.866:626): arch=c000003e syscall=59 success=yes exit=0 pid=3827 uid=2010 gid=2010 comm="tar" exe="/usr/bin/tar" key="process_execution"
Aug 21 07:34:46 aitest audit: type=SYSCALL msg=audit(1755761686.582:362): arch=c000003e syscall=59 success=yes exit=0 pid=2103 uid=2010 gid=2010 comm="ps" exe="/usr/bin/ps" key="process_execution"
Aug 21 07:34:49 aitest audit: type=SYSCALL msg=audit(1755761689.481:270): arch=c000003e syscall=59 success=yes exit=0 pid=4431 uid=2008 gid=2008 comm="find" exe="/usr/bin/find" key="process_execution"
Aug 21 07:34:54 aitest audit: type=PATH msg=audit(1755761694.84:314): item=0 name="/home/opc/logai/enterprise_mnc_audit_sim/applications/" inode=34838 dev=08:01 mode=0100644 ouid=0 ogid=0
Aug 21 07:34:54 aitest audit: type=SYSCALL msg=audit(1755761694.84:779): arch=c000003e syscall=59 success=yes exit=0 pid=7212 uid=2010 gid=2010 comm="ls" exe="/usr/bin/ls" key="process_execution"
Aug 21 07:34:55 aitest audit: type=SYSCALL msg=audit(1755761695.132:10): arch=c000003e syscall=59 success=yes exit=0 pid=4008 uid=2010 gid=2010 comm="tar" exe="/usr/bin/tar" key="process_execution"
Aug 21 07:34:59 aitest audit: type=PATH msg=audit(1755761699.861:993): item=0 name="/home/opc/logai/enterprise_mnc_audit_sim/enterprise_data/hr/" inode=21624 dev=08:01 mode=0100644 ouid=0 ogid=0
Aug 21 07:34:59 aitest audit: type=SYSCALL msg=audit(1755761699.861:911): arch=c000003e syscall=59 success=yes exit=0 pid=2978 uid=2008 gid=2008 comm="chmod" exe="/usr/bin/chmod" key="process_execution"
Aug 21 07:35:02 aitest audit: type=PATH msg=audit(1755761702.879:159): item=0 name="/home/opc/logai/enterprise_mnc_audit_sim/enterprise_data/operations/scripts/" inode=40605 dev=08:01 mode=0100644 ouid=0 ogid=0
Aug 21 07:35:02 aitest audit: type=SYSCALL msg=audit(1755761702.772:833): arch=c000003e syscall=59 success=yes exit=0 pid=2413 uid=2008 gid=2008 comm="w" exe="/usr/bin/w" key="process_execution"
Aug 21 07:35:02 aitest audit: type=SYSCALL msg=audit(1755761702.879:748): arch=c000003e syscall=59 success=yes exit=0 pid=7734 uid=2010 gid=2010 comm="chmod" exe="/usr/bin/chmod" key="process_execution"
Aug 21 07:35:06 aitest audit: type=SYSCALL msg=audit(1755761706.721:131): arch=c000003e syscall=59 success=yes exit=0 pid=10409 uid=2008 gid=2008 comm="netstat" exe="/usr/bin/netstat" key="process_execution"
Aug 21 07:35:08 aitest audit: type=SYSCALL msg=audit(1755761708.153:961): arch=c000003e syscall=59 success=yes exit=0 pid=11800 uid=2008 gid=2008 comm="w" exe="/usr/bin/w" key="process_execution"
Aug 21 07:35:11 aitest audit: type=PATH msg=audit(1755761711.161:632): item=0 name="/home/opc/logai/enterprise_mnc_audit_sim/enterprise_data/" inode=25486 dev=08:01 mode=0100644 ouid=0 ogid=0
Aug 21 07:35:11 aitest audit: type=SYSCALL msg=audit(1755761711.161:532): arch=c000003e syscall=59 success=yes exit=0 pid=11683 uid=2008 gid=2008 comm="ls" exe="/usr/bin/ls" key="process_execution"
Aug 21 07:35:13 aitest audit: type=SYSCALL msg=audit(1755761713.425:637): arch=c000003e syscall=59 success=yes exit=0 pid=3418 uid=2008 gid=2008 comm="netstat" exe="/usr/bin/netstat" key="process_execution"
Aug 21 07:35:14 aitest audit: type=SYSCALL msg=audit(1755761714.414:172): arch=c000003e syscall=59 success=yes exit=0 pid=11492 uid=2008 gid=2008 comm="who" exe="/usr/bin/who" key="process_execution"
Aug 21 07:35:24 aitest audit: type=PATH msg=audit(1755761724.989:323): item=0 name="/home/opc/logai/enterprise_mnc_audit_sim/enterprise_data/hr/" inode=26739 dev=08:01 mode=0100644 ouid=0 ogid=0
Aug 21 07:35:24 aitest audit: type=SYSCALL msg=audit(1755761724.989:510): arch=c000003e syscall=59 success=yes exit=0 pid=3151 uid=2008 gid=2008 comm="ls" exe="/usr/bin/ls" key="process_execution"
Aug 21 07:49:44 aitest audit: type=PATH msg=audit(1755762584.109:403): item=0 name="/home/opc/logai/enterprise_mnc_audit_sim/enterprise_data/development/projects/project_alpha.txt" inode=40224 dev=08:01 mode=0100644 ouid=0 ogid=0
Aug 21 07:49:44 aitest audit: type=SYSCALL msg=audit(1755762584.109:568): arch=c000003e syscall=59 success=yes exit=0 pid=2966 uid=2009 gid=2009 comm="cat" exe="/usr/bin/cat" key="process_execution"
Aug 21 07:49:45 aitest audit: type=PATH msg=audit(1755762585.170:999): item=0 name="/home/opc/logai/enterprise_mnc_audit_sim/enterprise_data/development/projects/" inode=16584 dev=08:01 mode=0100644 ouid=0 ogid=0
Aug 21 07:49:45 aitest audit: type=SYSCALL msg=audit(1755762585.170:240): arch=c000003e syscall=59 success=yes exit=0 pid=4207 uid=2009 gid=2009 comm="ls" exe="/usr/bin/ls" key="process_execution"
Aug 21 07:49:51 aitest audit: type=PATH msg=audit(1755762591.184:424): item=0 name="/home/opc/logai/enterprise_mnc_audit_sim/enterprise_data/development" inode=11400 dev=08:01 mode=0100644 ouid=0 ogid=0
Aug 21 07:49:51 aitest audit: type=SYSCALL msg=audit(1755762591.184:484): arch=c000003e syscall=59 success=yes exit=0 pid=5596 uid=2009 gid=2009 comm="find" exe="/usr/bin/find" key="process_execution"
Aug 21 07:49:58 aitest audit: type=PATH msg=audit(1755762598.556:279): item=0 name="/home/opc/logai/enterprise_mnc_audit_sim/enterprise_data/development/" inode=33973 dev=08:01 mode=0100644 ouid=0 ogid=0
Aug 21 07:49:58 aitest audit: type=SYSCALL msg=audit(1755762598.556:846): arch=c000003e syscall=59 success=yes exit=0 pid=11511 uid=2009 gid=2009 comm="ls" exe="/usr/bin/ls" key="process_execution"
Aug 21 07:50:00 aitest audit: type=SYSCALL msg=audit(1755762600.502:311): arch=c000003e syscall=59 success=yes exit=0 pid=3653 uid=2009 gid=2009 comm="cp" exe="/usr/bin/cp" key="process_execution"
Aug 21 07:53:45 aitest audit: type=SYSCALL msg=audit(1755762825.297:275): arch=c000003e syscall=59 success=yes exit=0 pid=11305 uid=2007 gid=2007 comm="du" exe="/usr/bin/du" key="process_execution"
Aug 21 07:53:47 aitest audit: type=PATH msg=audit(1755762827.960:146): item=0 name="/home/opc/logai/enterprise_mnc_audit_sim/enterprise_data/operations/" inode=35623 dev=08:01 mode=0100644 ouid=0 ogid=0
Aug 21 07:53:47 aitest audit: type=SYSCALL msg=audit(1755762827.960:772): arch=c000003e syscall=59 success=yes exit=0 pid=4404 uid=2007 gid=2007 comm="ls" exe="/usr/bin/ls" key="process_execution"
Aug 21 07:53:55 aitest audit: type=PATH msg=audit(1755762835.530:252): item=0 name="/home/opc/logai/enterprise_mnc_audit_sim/enterprise_data/operations/" inode=18262 dev=08:01 mode=0100644 ouid=0 ogid=0
Aug 21 07:53:55 aitest audit: type=SYSCALL msg=audit(1755762835.530:517): arch=c000003e syscall=59 success=yes exit=0 pid=4079 uid=2007 gid=2007 comm="ls" exe="/usr/bin/ls" key="process_execution"
Aug 21 07:53:58 aitest audit: type=PATH msg=audit(1755762838.932:472): item=0 name="/home/opc/logai/enterprise_mnc_audit_sim/applications/" inode=33997 dev=08:01 mode=0100644 ouid=0 ogid=0
Aug 21 07:53:58 aitest audit: type=SYSCALL msg=audit(1755762838.932:170): arch=c000003e syscall=59 success=yes exit=0 pid=11626 uid=2007 gid=2007 comm="ls" exe="/usr/bin/ls" key="process_execution"
Aug 21 07:54:02 aitest audit: type=PATH msg=audit(1755762842.399:841): item=0 name="/home/opc/logai/enterprise_mnc_audit_sim/enterprise_data/operations/scripts/" inode=26623 dev=08:01 mode=0100644 ouid=0 ogid=0
Aug 21 07:54:02 aitest audit: type=SYSCALL msg=audit(1755762842.399:267): arch=c000003e syscall=59 success=yes exit=0 pid=2524 uid=2007 gid=2007 comm="chmod" exe="/usr/bin/chmod" key="process_execution"
Aug 21 07:55:29 aitest audit: type=PATH msg=audit(1755762929.153:666): item=0 name="/home/opc/logai/enterprise_mnc_audit_sim/enterprise_data/development/scripts/build.sh" inode=40802 dev=08:01 mode=0100644 ouid=0 ogid=0
Aug 21 07:55:29 aitest audit: type=SYSCALL msg=audit(1755762929.153:972): arch=c000003e syscall=59 success=yes exit=0 pid=4626 uid=2006 gid=2006 comm="chmod" exe="/usr/bin/chmod" key="process_execution"
Aug 21 07:55:39 aitest audit: type=PATH msg=audit(1755762939.897:942): item=0 name="/home/opc/logai/enterprise_mnc_audit_sim/enterprise_data/development/scripts/build.sh" inode=25713 dev=08:01 mode=0100644 ouid=0 ogid=0
Aug 21 07:55:39 aitest audit: type=SYSCALL msg=audit(1755762939.897:442): arch=c000003e syscall=59 success=yes exit=0 pid=8361 uid=2006 gid=2006 comm="chmod" exe="/usr/bin/chmod" key="process_execution"
Aug 21 07:57:23 aitest audit: type=SYSCALL msg=audit(1755763043.341:538): arch=c000003e syscall=59 success=yes exit=0 pid=2099 uid=2001 gid=2001 comm="df" exe="/usr/bin/df" key="process_execution"
Aug 21 07:57:31 aitest audit: type=SYSCALL msg=audit(1755763051.367:707): arch=c000003e syscall=59 success=yes exit=0 pid=6293 uid=2001 gid=2001 comm="free" exe="/usr/bin/free" key="process_execution"
Aug 21 07:57:33 aitest audit: type=PATH msg=audit(1755763053.52:90): item=0 name="/home/opc/logai/enterprise_mnc_audit_sim/system/configs/" inode=21067 dev=08:01 mode=0100644 ouid=0 ogid=0
Aug 21 07:57:33 aitest audit: type=SYSCALL msg=audit(1755763053.52:674): arch=c000003e syscall=59 success=yes exit=0 pid=8221 uid=2001 gid=2001 comm="ls" exe="/usr/bin/ls" key="process_execution"
Aug 21 07:57:34 aitest audit: type=PATH msg=audit(1755763054.191:626): item=0 name="/home/opc/logai/enterprise_mnc_audit_sim/system" inode=39446 dev=08:01 mode=0100644 ouid=0 ogid=0
Aug 21 07:57:34 aitest audit: type=SYSCALL msg=audit(1755763054.191:778): arch=c000003e syscall=59 success=yes exit=0 pid=5963 uid=2001 gid=2001 comm="find" exe="/usr/bin/find" key="process_execution"
Aug 21 08:10:02 aitest audit: type=PATH msg=audit(1755763802.164:752): item=0 name="/home/opc/logai/enterprise_mnc_audit_sim/enterprise_data/development" inode=28392 dev=08:01 mode=0100644 ouid=0 ogid=0
Aug 21 08:10:02 aitest audit: type=SYSCALL msg=audit(1755763802.164:647): arch=c000003e syscall=59 success=yes exit=0 pid=3189 uid=2006 gid=2006 comm="find" exe="/usr/bin/find" key="process_execution"
Aug 21 08:10:06 aitest audit: type=PATH msg=audit(1755763806.119:960): item=0 name="/home/opc/logai/enterprise_mnc_audit_sim/enterprise_data/development" inode=32383 dev=08:01 mode=0100644 ouid=0 ogid=0
Aug 21 08:10:06 aitest audit: type=SYSCALL msg=audit(1755763806.119:652): arch=c000003e syscall=59 success=yes exit=0 pid=3371 uid=2006 gid=2006 comm="find" exe="/usr/bin/find" key="process_execution"
Aug 21 08:10:11 aitest audit: type=PATH msg=audit(1755763811.320:686): item=0 name="/home/opc/logai/enterprise_mnc_audit_sim/enterprise_data/development/scripts/build.sh" inode=22945 dev=08:01 mode=0100644 ouid=0 ogid=0
Aug 21 08:10:11 aitest audit: type=SYSCALL msg=audit(1755763811.320:255): arch=c000003e syscall=59 success=yes exit=0 pid=2146 uid=2006 gid=2006 comm="chmod" exe="/usr/bin/chmod" key="process_execution"
Aug 21 08:11:12 aitest audit: type=SYSCALL msg=audit(1755763872.256:713): arch=c000003e syscall=59 success=yes exit=0 pid=4359 uid=2010 gid=2010 comm="top" exe="/usr/bin/top" key="process_execution"
Aug 21 08:11:14 aitest audit: type=SYSCALL msg=audit(1755763874.245:590): arch=c000003e syscall=59 success=yes exit=0 pid=11950 uid=2010 gid=2010 comm="ps" exe="/usr/bin/ps" key="process_execution"
Aug 21 08:11:15 aitest audit: type=SYSCALL msg=audit(1755763875.947:439): arch=c000003e syscall=59 success=yes exit=0 pid=11445 uid=2010 gid=2010 comm="ps" exe="/usr/bin/ps" key="process_execution"
Aug 21 08:11:17 aitest audit: type=SYSCALL msg=audit(1755763877.150:427): arch=c000003e syscall=59 success=yes exit=0 pid=11972 uid=2010 gid=2010 comm="ps" exe="/usr/bin/ps" key="process_execution"
Aug 21 08:19:18 aitest audit: type=PATH msg=audit(1755764358.322:533): item=0 name="/home/opc/logai/enterprise_mnc_audit_sim/enterprise_data/development/projects/project_alpha.txt" inode=42161 dev=08:01 mode=0100644 ouid=0 ogid=0
Aug 21 08:19:18 aitest audit: type=SYSCALL msg=audit(1755764358.322:972): arch=c000003e syscall=59 success=yes exit=0 pid=3162 uid=2003 gid=2003 comm="cat" exe="/usr/bin/cat" key="process_execution"
Aug 21 08:19:20 aitest audit: type=PATH msg=audit(1755764360.241:1000): item=0 name="/home/opc/logai/enterprise_mnc_audit_sim/enterprise_data/development/projects/project_alpha.txt" inode=34207 dev=08:01 mode=0100644 ouid=0 ogid=0
Aug 21 08:19:20 aitest audit: type=SYSCALL msg=audit(1755764360.241:216): arch=c000003e syscall=59 success=yes exit=0 pid=4037 uid=2003 gid=2003 comm="cat" exe="/usr/bin/cat" key="process_execution"
Aug 21 08:19:29 aitest audit: type=PATH msg=audit(1755764369.641:17): item=0 name="/home/opc/logai/enterprise_mnc_audit_sim/enterprise_data/development/projects/project_alpha.txt" inode=21446 dev=08:01 mode=0100644 ouid=0 ogid=0
Aug 21 08:19:29 aitest audit: type=SYSCALL msg=audit(1755764369.641:711): arch=c000003e syscall=59 success=yes exit=0 pid=9926 uid=2003 gid=2003 comm="cat" exe="/usr/bin/cat" key="process_execution"
Aug 21 08:22:34 aitest audit: type=PATH msg=audit(1755764554.966:576): item=0 name="/home/opc/logai/enterprise_mnc_audit_sim/applications/databases/" inode=39634 dev=08:01 mode=0100644 ouid=0 ogid=0
Aug 21 08:22:34 aitest audit: type=SYSCALL msg=audit(1755764554.966:198): arch=c000003e syscall=59 success=yes exit=0 pid=4372 uid=2005 gid=2005 comm="ls" exe="/usr/bin/ls" key="process_execution"
Aug 21 08:22:42 aitest audit: type=PATH msg=audit(1755764562.372:479): item=0 name="/home/opc/logai/enterprise_mnc_audit_sim/enterprise_data/database/mysql/db_config.cnf" inode=13837 dev=08:01 mode=0100644 ouid=0 ogid=0
Aug 21 08:22:42 aitest audit: type=SYSCALL msg=audit(1755764562.372:247): arch=c000003e syscall=59 success=yes exit=0 pid=9539 uid=2005 gid=2005 comm="chmod" exe="/usr/bin/chmod" key="process_execution"
Aug 21 08:24:57 aitest audit: type=PATH msg=audit(1755764697.420:848): item=0 name="/home/opc/logai/enterprise_mnc_audit_sim/enterprise_data/operations" inode=10593 dev=08:01 mode=0100644 ouid=0 ogid=0
Aug 21 08:24:57 aitest audit: type=SYSCALL msg=audit(1755764697.420:941): arch=c000003e syscall=59 success=yes exit=0 pid=5525 uid=2010 gid=2010 comm="find" exe="/usr/bin/find" key="process_execution"
Aug 21 08:25:03 aitest audit: type=PATH msg=audit(1755764703.117:193): item=0 name="/home/opc/logai/enterprise_mnc_audit_sim/enterprise_data/operations/" inode=12000 dev=08:01 mode=0100644 ouid=0 ogid=0
Aug 21 08:25:03 aitest audit: type=SYSCALL msg=audit(1755764703.117:719): arch=c000003e syscall=59 success=yes exit=0 pid=6350 uid=2010 gid=2010 comm="ls" exe="/usr/bin/ls" key="process_execution"
Aug 21 08:25:12 aitest audit: type=PATH msg=audit(1755764712.777:45): item=0 name="/home/opc/logai/enterprise_mnc_audit_sim/applications/" inode=35396 dev=08:01 mode=0100644 ouid=0 ogid=0
Aug 21 08:25:12 aitest audit: type=SYSCALL msg=audit(1755764712.777:522): arch=c000003e syscall=59 success=yes exit=0 pid=10327 uid=2010 gid=2010 comm="ls" exe="/usr/bin/ls" key="process_execution"
Aug 21 08:25:20 aitest audit: type=SYSCALL msg=audit(1755764720.682:595): arch=c000003e syscall=59 success=yes exit=0 pid=3464 uid=2010 gid=2010 comm="ps" exe="/usr/bin/ps" key="process_execution"
Aug 21 08:26:33 aitest audit: type=SYSCALL msg=audit(1755764793.636:219): arch=c000003e syscall=59 success=yes exit=0 pid=4920 uid=2002 gid=2002 comm="du" exe="/usr/bin/du" key="process_execution"
Aug 21 08:26:34 aitest audit: type=SYSCALL msg=audit(1755764794.923:292): arch=c000003e syscall=59 success=yes exit=0 pid=2718 uid=2002 gid=2002 comm="du" exe="/usr/bin/du" key="process_execution"
Aug 21 08:26:40 aitest audit: type=PATH msg=audit(1755764800.786:942): item=0 name="/home/opc/logai/enterprise_mnc_audit_sim/applications/databases/" inode=10092 dev=08:01 mode=0100644 ouid=0 ogid=0
Aug 21 08:26:40 aitest audit: type=SYSCALL msg=audit(1755764800.786:548): arch=c000003e syscall=59 success=yes exit=0 pid=4790 uid=2002 gid=2002 comm="ls" exe="/usr/bin/ls" key="process_execution"
Aug 21 08:26:50 aitest audit: type=PATH msg=audit(1755764810.270:804): item=0 name="/home/opc/logai/enterprise_mnc_audit_sim/enterprise_data/database/mysql/db_config.cnf" inode=41581 dev=08:01 mode=0100644 ouid=0 ogid=0
Aug 21 08:26:50 aitest audit: type=SYSCALL msg=audit(1755764810.270:667): arch=c000003e syscall=59 success=yes exit=0 pid=8627 uid=2002 gid=2002 comm="cat" exe="/usr/bin/cat" key="process_execution"
Aug 21 08:30:50 aitest audit: type=SYSCALL msg=audit(1755765050.358:560): arch=c000003e syscall=59 success=yes exit=0 pid=5812 uid=2006 gid=2006 comm="cp" exe="/usr/bin/cp" key="process_execution"
Aug 21 08:30:53 aitest audit: type=PATH msg=audit(1755765053.548:584): item=0 name="/home/opc/logai/enterprise_mnc_audit_sim/enterprise_data/development/" inode=34511 dev=08:01 mode=0100644 ouid=0 ogid=0
Aug 21 08:30:53 aitest audit: type=SYSCALL msg=audit(1755765053.548:968): arch=c000003e syscall=59 success=yes exit=0 pid=2749 uid=2006 gid=2006 comm="ls" exe="/usr/bin/ls" key="process_execution"
Aug 21 08:31:00 aitest audit: type=PATH msg=audit(1755765060.969:796): item=0 name="/home/opc/logai/enterprise_mnc_audit_sim/enterprise_data/development/projects/" inode=13878 dev=08:01 mode=0100644 ouid=0 ogid=0
Aug 21 08:31:00 aitest audit: type=SYSCALL msg=audit(1755765060.969:333): arch=c000003e syscall=59 success=yes exit=0 pid=9779 uid=2006 gid=2006 comm="ls" exe="/usr/bin/ls" key="process_execution"
Aug 21 08:31:09 aitest audit: type=SYSCALL msg=audit(1755765069.797:30): arch=c000003e syscall=59 success=yes exit=0 pid=10621 uid=2006 gid=2006 comm="wc" exe="/usr/bin/wc" key="process_execution"
Aug 21 08:34:45 aitest audit: type=SYSCALL msg=audit(1755765285.549:845): arch=c000003e syscall=59 success=yes exit=0 pid=4205 uid=2005 gid=2005 comm="cp" exe="/usr/bin/cp" key="process_execution"
Aug 21 08:34:46 aitest audit: type=PATH msg=audit(1755765286.694:430): item=0 name="/home/opc/logai/enterprise_mnc_audit_sim/enterprise_data/database" inode=39523 dev=08:01 mode=0100644 ouid=0 ogid=0
Aug 21 08:34:46 aitest audit: type=SYSCALL msg=audit(1755765286.694:341): arch=c000003e syscall=59 success=yes exit=0 pid=7627 uid=2005 gid=2005 comm="find" exe="/usr/bin/find" key="process_execution"
Aug 21 08:34:55 aitest audit: type=SYSCALL msg=audit(1755765295.46:369): arch=c000003e syscall=59 success=yes exit=0 pid=10800 uid=2005 gid=2005 comm="cp" exe="/usr/bin/cp" key="process_execution"
Aug 21 08:44:00 aitest audit: type=PATH msg=audit(1755765840.685:213): item=0 name="/home/opc/logai/enterprise_mnc_audit_sim/enterprise_data/development/projects/project_alpha.txt" inode=25323 dev=08:01 mode=0100644 ouid=0 ogid=0
Aug 21 08:44:00 aitest audit: type=SYSCALL msg=audit(1755765840.685:691): arch=c000003e syscall=59 success=yes exit=0 pid=11586 uid=2006 gid=2006 comm="cat" exe="/usr/bin/cat" key="process_execution"
Aug 21 08:44:01 aitest audit: type=PATH msg=audit(1755765841.925:146): item=0 name="/home/opc/logai/enterprise_mnc_audit_sim/enterprise_data/development/scripts/build.sh" inode=42510 dev=08:01 mode=0100644 ouid=0 ogid=0
Aug 21 08:44:01 aitest audit: type=SYSCALL msg=audit(1755765841.925:646): arch=c000003e syscall=59 success=yes exit=0 pid=3515 uid=2006 gid=2006 comm="chmod" exe="/usr/bin/chmod" key="process_execution"
Aug 21 08:54:00 aitest audit: type=SYSCALL msg=audit(1755766440.870:237): arch=c000003e syscall=59 success=yes exit=0 pid=5657 uid=2003 gid=2003 comm="grep" exe="/usr/bin/grep" key="process_execution"
Aug 21 08:54:09 aitest audit: type=SYSCALL msg=audit(1755766449.278:93): arch=c000003e syscall=59 success=yes exit=0 pid=5690 uid=2003 gid=2003 comm="cp" exe="/usr/bin/cp" key="process_execution"
Aug 21 08:54:17 aitest audit: type=PATH msg=audit(1755766457.2:280): item=0 name="/home/opc/logai/enterprise_mnc_audit_sim/enterprise_data/development/projects/project_alpha.txt" inode=27490 dev=08:01 mode=0100644 ouid=0 ogid=0
Aug 21 08:54:17 aitest audit: type=SYSCALL msg=audit(1755766457.2:967): arch=c000003e syscall=59 success=yes exit=0 pid=4664 uid=2003 gid=2003 comm="cat" exe="/usr/bin/cat" key="process_execution"
Aug 21 08:54:22 aitest audit: type=PATH msg=audit(1755766462.360:189): item=0 name="/home/opc/logai/enterprise_mnc_audit_sim/enterprise_data/development/projects/project_alpha.txt" inode=38442 dev=08:01 mode=0100644 ouid=0 ogid=0
Aug 21 08:54:22 aitest audit: type=SYSCALL msg=audit(1755766462.360:283): arch=c000003e syscall=59 success=yes exit=0 pid=8815 uid=2003 gid=2003 comm="cat" exe="/usr/bin/cat" key="process_execution"
Aug 21 08:54:29 aitest audit: type=SYSCALL msg=audit(1755766469.115:459): arch=c000003e syscall=59 success=yes exit=0 pid=10506 uid=2003 gid=2003 comm="cp" exe="/usr/bin/cp" key="process_execution"
Aug 21 08:54:30 aitest audit: type=PATH msg=audit(1755766470.219:494): item=0 name="/home/opc/logai/enterprise_mnc_audit_sim/enterprise_data/development/projects/" inode=19396 dev=08:01 mode=0100644 ouid=0 ogid=0
Aug 21 08:54:30 aitest audit: type=SYSCALL msg=audit(1755766470.219:286): arch=c000003e syscall=59 success=yes exit=0 pid=5924 uid=2003 gid=2003 comm="ls" exe="/usr/bin/ls" key="process_execution"
Aug 21 08:54:35 aitest audit: type=PATH msg=audit(1755766475.301:975): item=0 name="/home/opc/logai/enterprise_mnc_audit_sim/enterprise_data/development" inode=22560 dev=08:01 mode=0100644 ouid=0 ogid=0
Aug 21 08:54:35 aitest audit: type=SYSCALL msg=audit(1755766475.301:765): arch=c000003e syscall=59 success=yes exit=0 pid=2332 uid=2003 gid=2003 comm="find" exe="/usr/bin/find" key="process_execution"
Aug 21 08:54:41 aitest audit: type=SYSCALL msg=audit(1755766481.125:461): arch=c000003e syscall=59 success=yes exit=0 pid=9954 uid=2003 gid=2003 comm="wc" exe="/usr/bin/wc" key="process_execution"
Aug 21 08:54:43 aitest audit: type=PATH msg=audit(1755766483.386:458): item=0 name="/home/opc/logai/enterprise_mnc_audit_sim/enterprise_data/development/scripts/build.sh" inode=22758 dev=08:01 mode=0100644 ouid=0 ogid=0
Aug 21 08:54:43 aitest audit: type=SYSCALL msg=audit(1755766483.386:858): arch=c000003e syscall=59 success=yes exit=0 pid=2195 uid=2003 gid=2003 comm="chmod" exe="/usr/bin/chmod" key="process_execution"
