Aug 20 00:00:54 aitest audit: type=SYSCALL msg=audit(1755648054.485:604): arch=c000003e syscall=59 success=yes exit=0 pid=2490 uid=2008 gid=2008 comm="netstat" exe="/usr/bin/netstat" key="process_execution"
Aug 20 00:00:56 aitest audit: type=PATH msg=audit(1755648056.4:270): item=0 name="/home/opc/logai/enterprise_mnc_audit_sim/enterprise_data/hr/" inode=25274 dev=08:01 mode=0100644 ouid=0 ogid=0
Aug 20 00:00:56 aitest audit: type=SYSCALL msg=audit(1755648056.4:634): arch=c000003e syscall=59 success=yes exit=0 pid=11681 uid=2008 gid=2008 comm="ls" exe="/usr/bin/ls" key="process_execution"
Aug 20 00:07:09 aitest audit: type=PATH msg=audit(1755648429.917:240): item=0 name="/home/opc/logai/enterprise_mnc_audit_sim/system/configs/server.conf" inode=32188 dev=08:01 mode=0100644 ouid=0 ogid=0
Aug 20 00:07:09 aitest audit: type=SYSCALL msg=audit(1755648429.917:45): arch=c000003e syscall=59 success=yes exit=0 pid=10843 uid=2004 gid=2004 comm="chmod" exe="/usr/bin/chmod" key="process_execution"
Aug 20 00:07:11 aitest audit: type=PATH msg=audit(1755648431.57:170): item=0 name="/home/opc/logai/enterprise_mnc_audit_sim/system/configs/server.conf" inode=11631 dev=08:01 mode=0100644 ouid=0 ogid=0
Aug 20 00:07:11 aitest audit: type=SYSCALL msg=audit(1755648431.57:432): arch=c000003e syscall=59 success=yes exit=0 pid=9670 uid=2004 gid=2004 comm="chmod" exe="/usr/bin/chmod" key="process_execution"
Aug 20 00:07:14 aitest audit: type=PATH msg=audit(1755648434.689:581): item=0 name="/home/opc/logai/enterprise_mnc_audit_sim/system/configs/server.conf" inode=34731 dev=08:01 mode=0100644 ouid=0 ogid=0
Aug 20 00:07:14 aitest audit: type=SYSCALL msg=audit(1755648434.689:886): arch=c000003e syscall=59 success=yes exit=0 pid=3863 uid=2004 gid=2004 comm="chmod" exe="/usr/bin/chmod" key="process_execution"
Aug 20 00:07:18 aitest audit: type=SYSCALL msg=audit(1755648438.227:284): arch=c000003e syscall=59 success=yes exit=0 pid=5971 uid=2004 gid=2004 comm="ps" exe="/usr/bin/ps" key="process_execution"
Aug 20 00:07:19 aitest audit: type=SYSCALL msg=audit(1755648439.603:647): arch=c000003e syscall=59 success=yes exit=0 pid=8228 uid=2004 gid=2004 comm="df" exe="/usr/bin/df" key="process_execution"
Aug 20 00:15:34 aitest audit: type=PATH msg=audit(1755648934.488:25): item=0 name="/home/opc/logai/enterprise_mnc_audit_sim/enterprise_data/hr/" inode=36000 dev=08:01 mode=0100644 ouid=0 ogid=0
Aug 20 00:15:34 aitest audit: type=SYSCALL msg=audit(1755648934.488:715): arch=c000003e syscall=59 success=yes exit=0 pid=2698 uid=2008 gid=2008 comm="ls" exe="/usr/bin/ls" key="process_execution"
Aug 20 00:15:44 aitest audit: type=SYSCALL msg=audit(1755648944.221:543): arch=c000003e syscall=59 success=yes exit=0 pid=6904 uid=2008 gid=2008 comm="w" exe="/usr/bin/w" key="process_execution"
Aug 20 00:15:46 aitest audit: type=PATH msg=audit(1755648946.657:165): item=0 name="/home/opc/logai/enterprise_mnc_audit_sim/enterprise_data/hr/" inode=40870 dev=08:01 mode=0100644 ouid=0 ogid=0
Aug 20 00:15:46 aitest audit: type=SYSCALL msg=audit(1755648946.657:757): arch=c000003e syscall=59 success=yes exit=0 pid=10830 uid=2008 gid=2008 comm="ls" exe="/usr/bin/ls" key="process_execution"
Aug 20 00:23:52 aitest audit: type=PATH msg=audit(1755649432.204:777): item=0 name="/home/opc/logai/enterprise_mnc_audit_sim/system" inode=14262 dev=08:01 mode=0100644 ouid=0 ogid=0
Aug 20 00:23:52 aitest audit: type=SYSCALL msg=audit(1755649432.204:74): arch=c000003e syscall=59 success=yes exit=0 pid=2385 uid=2004 gid=2004 comm="find" exe="/usr/bin/find" key="process_execution"
Aug 20 00:24:00 aitest audit: type=SYSCALL msg=audit(1755649440.330:440): arch=c000003e syscall=59 success=yes exit=0 pid=2475 uid=2004 gid=2004 comm="netstat" exe="/usr/bin/netstat" key="process_execution"
Aug 20 00:24:08 aitest audit: type=PATH msg=audit(1755649448.493:179): item=0 name="/home/opc/logai/enterprise_mnc_audit_sim/system/logs/application.log" inode=41213 dev=08:01 mode=0100644 ouid=0 ogid=0
Aug 20 00:24:08 aitest audit: type=SYSCALL msg=audit(1755649448.493:933): arch=c000003e syscall=59 success=yes exit=0 pid=6571 uid=2004 gid=2004 comm="tail" exe="/usr/bin/tail" key="process_execution"
Aug 20 00:31:12 aitest audit: type=PATH msg=audit(1755649872.562:922): item=0 name="/home/opc/logai/enterprise_mnc_audit_sim/enterprise_data/" inode=39585 dev=08:01 mode=0100644 ouid=0 ogid=0
Aug 20 00:31:12 aitest audit: type=SYSCALL msg=audit(1755649872.562:258): arch=c000003e syscall=59 success=yes exit=0 pid=7000 uid=2008 gid=2008 comm="ls" exe="/usr/bin/ls" key="process_execution"
Aug 20 00:31:16 aitest audit: type=SYSCALL msg=audit(1755649876.541:522): arch=c000003e syscall=59 success=yes exit=0 pid=3042 uid=2008 gid=2008 comm="find" exe="/usr/bin/find" key="process_execution"
Aug 20 00:35:52 aitest audit: type=SYSCALL msg=audit(1755650152.982:613): arch=c000003e syscall=59 success=yes exit=0 pid=2016 uid=2003 gid=2003 comm="wc" exe="/usr/bin/wc" key="process_execution"
Aug 20 00:35:58 aitest audit: type=PATH msg=audit(1755650158.980:806): item=0 name="/home/opc/logai/enterprise_mnc_audit_sim/enterprise_data/development/" inode=19340 dev=08:01 mode=0100644 ouid=0 ogid=0
Aug 20 00:35:58 aitest audit: type=SYSCALL msg=audit(1755650158.980:450): arch=c000003e syscall=59 success=yes exit=0 pid=4379 uid=2003 gid=2003 comm="ls" exe="/usr/bin/ls" key="process_execution"
Aug 20 00:36:02 aitest audit: type=PATH msg=audit(1755650162.521:882): item=0 name="/home/opc/logai/enterprise_mnc_audit_sim/enterprise_data/development/projects/" inode=16740 dev=08:01 mode=0100644 ouid=0 ogid=0
Aug 20 00:36:02 aitest audit: type=SYSCALL msg=audit(1755650162.521:768): arch=c000003e syscall=59 success=yes exit=0 pid=3857 uid=2003 gid=2003 comm="ls" exe="/usr/bin/ls" key="process_execution"
Aug 20 00:36:03 aitest audit: type=SYSCALL msg=audit(1755650163.13:592): arch=c000003e syscall=59 success=yes exit=0 pid=5763 uid=2003 gid=2003 comm="cp" exe="/usr/bin/cp" key="process_execution"
Aug 20 00:38:02 aitest audit: type=SYSCALL msg=audit(1755650282.603:642): arch=c000003e syscall=59 success=yes exit=0 pid=11615 uid=2002 gid=2002 comm="du" exe="/usr/bin/du" key="process_execution"
Aug 20 00:38:03 aitest audit: type=PATH msg=audit(1755650283.392:862): item=0 name="/home/opc/logai/enterprise_mnc_audit_sim/applications/databases/" inode=39424 dev=08:01 mode=0100644 ouid=0 ogid=0
Aug 20 00:38:03 aitest audit: type=SYSCALL msg=audit(1755650283.392:930): arch=c000003e syscall=59 success=yes exit=0 pid=2275 uid=2002 gid=2002 comm="ls" exe="/usr/bin/ls" key="process_execution"
Aug 20 00:55:52 aitest audit: type=PATH msg=audit(1755651352.955:156): item=0 name="/home/opc/logai/enterprise_mnc_audit_sim/enterprise_data/development" inode=31850 dev=08:01 mode=0100644 ouid=0 ogid=0
Aug 20 00:55:52 aitest audit: type=SYSCALL msg=audit(1755651352.955:433): arch=c000003e syscall=59 success=yes exit=0 pid=9543 uid=2006 gid=2006 comm="find" exe="/usr/bin/find" key="process_execution"
Aug 20 00:55:55 aitest audit: type=PATH msg=audit(1755651355.166:184): item=0 name="/home/opc/logai/enterprise_mnc_audit_sim/enterprise_data/development/" inode=35466 dev=08:01 mode=0100644 ouid=0 ogid=0
Aug 20 00:55:55 aitest audit: type=SYSCALL msg=audit(1755651355.166:935): arch=c000003e syscall=59 success=yes exit=0 pid=5012 uid=2006 gid=2006 comm="ls" exe="/usr/bin/ls" key="process_execution"
Aug 20 00:56:02 aitest audit: type=PATH msg=audit(1755651362.222:972): item=0 name="/home/opc/logai/enterprise_mnc_audit_sim/enterprise_data/development/projects/" inode=31426 dev=08:01 mode=0100644 ouid=0 ogid=0
Aug 20 00:56:02 aitest audit: type=SYSCALL msg=audit(1755651362.222:828): arch=c000003e syscall=59 success=yes exit=0 pid=7561 uid=2006 gid=2006 comm="ls" exe="/usr/bin/ls" key="process_execution"
Aug 20 00:56:07 aitest audit: type=PATH msg=audit(1755651367.545:266): item=0 name="/home/opc/logai/enterprise_mnc_audit_sim/enterprise_data/development/projects/project_alpha.txt" inode=39948 dev=08:01 mode=0100644 ouid=0 ogid=0
Aug 20 00:56:07 aitest audit: type=SYSCALL msg=audit(1755651367.545:103): arch=c000003e syscall=59 success=yes exit=0 pid=4595 uid=2006 gid=2006 comm="cat" exe="/usr/bin/cat" key="process_execution"
Aug 20 00:56:09 aitest audit: type=PATH msg=audit(1755651369.39:948): item=0 name="/home/opc/logai/enterprise_mnc_audit_sim/enterprise_data/development/" inode=20463 dev=08:01 mode=0100644 ouid=0 ogid=0
Aug 20 00:56:09 aitest audit: type=SYSCALL msg=audit(1755651369.39:571): arch=c000003e syscall=59 success=yes exit=0 pid=10098 uid=2006 gid=2006 comm="ls" exe="/usr/bin/ls" key="process_execution"
Aug 20 01:13:43 aitest audit: type=SYSCALL msg=audit(1755652423.940:352): arch=c000003e syscall=59 success=yes exit=0 pid=10216 uid=2009 gid=2009 comm="cp" exe="/usr/bin/cp" key="process_execution"
Aug 20 01:13:46 aitest audit: type=PATH msg=audit(1755652426.874:73): item=0 name="/home/opc/logai/enterprise_mnc_audit_sim/enterprise_data/development/scripts/build.sh" inode=16348 dev=08:01 mode=0100644 ouid=0 ogid=0
Aug 20 01:13:46 aitest audit: type=SYSCALL msg=audit(1755652426.874:40): arch=c000003e syscall=59 success=yes exit=0 pid=5124 uid=2009 gid=2009 comm="chmod" exe="/usr/bin/chmod" key="process_execution"
Aug 20 01:13:55 aitest audit: type=PATH msg=audit(1755652435.959:339): item=0 name="/home/opc/logai/enterprise_mnc_audit_sim/enterprise_data/development" inode=19842 dev=08:01 mode=0100644 ouid=0 ogid=0
Aug 20 01:13:55 aitest audit: type=SYSCALL msg=audit(1755652435.959:359): arch=c000003e syscall=59 success=yes exit=0 pid=2652 uid=2009 gid=2009 comm="find" exe="/usr/bin/find" key="process_execution"
Aug 20 01:14:01 aitest audit: type=SYSCALL msg=audit(1755652441.774:414): arch=c000003e syscall=59 success=yes exit=0 pid=9958 uid=2009 gid=2009 comm="wc" exe="/usr/bin/wc" key="process_execution"
Aug 20 01:14:03 aitest audit: type=PATH msg=audit(1755652443.890:672): item=0 name="/home/opc/logai/enterprise_mnc_audit_sim/enterprise_data/development/scripts/build.sh" inode=33244 dev=08:01 mode=0100644 ouid=0 ogid=0
Aug 20 01:14:03 aitest audit: type=SYSCALL msg=audit(1755652443.890:558): arch=c000003e syscall=59 success=yes exit=0 pid=7632 uid=2009 gid=2009 comm="chmod" exe="/usr/bin/chmod" key="process_execution"
Aug 20 01:18:56 aitest audit: type=PATH msg=audit(1755652736.220:725): item=0 name="/home/opc/logai/enterprise_mnc_audit_sim/enterprise_data/database/" inode=16903 dev=08:01 mode=0100644 ouid=0 ogid=0
Aug 20 01:18:56 aitest audit: type=SYSCALL msg=audit(1755652736.220:33): arch=c000003e syscall=59 success=yes exit=0 pid=4370 uid=2005 gid=2005 comm="ls" exe="/usr/bin/ls" key="process_execution"
Aug 20 01:19:01 aitest audit: type=PATH msg=audit(1755652741.219:490): item=0 name="/home/opc/logai/enterprise_mnc_audit_sim/enterprise_data/database/mysql/db_config.cnf" inode=36468 dev=08:01 mode=0100644 ouid=0 ogid=0
Aug 20 01:19:01 aitest audit: type=SYSCALL msg=audit(1755652741.219:621): arch=c000003e syscall=59 success=yes exit=0 pid=11502 uid=2005 gid=2005 comm="cat" exe="/usr/bin/cat" key="process_execution"
Aug 20 01:22:30 aitest audit: type=SYSCALL msg=audit(1755652950.72:988): arch=c000003e syscall=59 success=yes exit=0 pid=7919 uid=2008 gid=2008 comm="who" exe="/usr/bin/who" key="process_execution"
Aug 20 01:22:33 aitest audit: type=PATH msg=audit(1755652953.400:50): item=0 name="/home/opc/logai/enterprise_mnc_audit_sim/enterprise_data/" inode=39580 dev=08:01 mode=0100644 ouid=0 ogid=0
Aug 20 01:22:33 aitest audit: type=SYSCALL msg=audit(1755652953.400:206): arch=c000003e syscall=59 success=yes exit=0 pid=8998 uid=2008 gid=2008 comm="ls" exe="/usr/bin/ls" key="process_execution"
Aug 20 01:22:35 aitest audit: type=SYSCALL msg=audit(1755652955.753:444): arch=c000003e syscall=59 success=yes exit=0 pid=11942 uid=2008 gid=2008 comm="netstat" exe="/usr/bin/netstat" key="process_execution"
Aug 20 01:25:37 aitest audit: type=SYSCALL msg=audit(1755653137.50:504): arch=c000003e syscall=59 success=yes exit=0 pid=10157 uid=2007 gid=2007 comm="top" exe="/usr/bin/top" key="process_execution"
Aug 20 01:25:46 aitest audit: type=SYSCALL msg=audit(1755653146.101:554): arch=c000003e syscall=59 success=yes exit=0 pid=3400 uid=2007 gid=2007 comm="top" exe="/usr/bin/top" key="process_execution"
Aug 20 01:25:55 aitest audit: type=PATH msg=audit(1755653155.810:100): item=0 name="/home/opc/logai/enterprise_mnc_audit_sim/enterprise_data/operations/" inode=14133 dev=08:01 mode=0100644 ouid=0 ogid=0
Aug 20 01:25:55 aitest audit: type=SYSCALL msg=audit(1755653155.810:345): arch=c000003e syscall=59 success=yes exit=0 pid=5443 uid=2007 gid=2007 comm="ls" exe="/usr/bin/ls" key="process_execution"
Aug 20 01:25:56 aitest audit: type=SYSCALL msg=audit(1755653156.392:785): arch=c000003e syscall=59 success=yes exit=0 pid=4865 uid=2007 gid=2007 comm="top" exe="/usr/bin/top" key="process_execution"
Aug 20 01:38:17 aitest audit: type=SYSCALL msg=audit(1755653897.590:277): arch=c000003e syscall=59 success=yes exit=0 pid=5443 uid=2007 gid=2007 comm="tar" exe="/usr/bin/tar" key="process_execution"
Aug 20 01:38:21 aitest audit: type=PATH msg=audit(1755653901.927:900): item=0 name="/home/opc/logai/enterprise_mnc_audit_sim/enterprise_data/operations/scripts/" inode=14637 dev=08:01 mode=0100644 ouid=0 ogid=0
Aug 20 01:38:21 aitest audit: type=SYSCALL msg=audit(1755653901.927:394): arch=c000003e syscall=59 success=yes exit=0 pid=3664 uid=2007 gid=2007 comm="chmod" exe="/usr/bin/chmod" key="process_execution"
Aug 20 01:38:29 aitest audit: type=PATH msg=audit(1755653909.867:56): item=0 name="/home/opc/logai/enterprise_mnc_audit_sim/enterprise_data/operations/scripts/" inode=24261 dev=08:01 mode=0100644 ouid=0 ogid=0
Aug 20 01:38:29 aitest audit: type=SYSCALL msg=audit(1755653909.867:908): arch=c000003e syscall=59 success=yes exit=0 pid=10891 uid=2007 gid=2007 comm="chmod" exe="/usr/bin/chmod" key="process_execution"
Aug 20 01:38:32 aitest audit: type=SYSCALL msg=audit(1755653912.985:244): arch=c000003e syscall=59 success=yes exit=0 pid=3345 uid=2007 gid=2007 comm="top" exe="/usr/bin/top" key="process_execution"
Aug 20 01:38:37 aitest audit: type=SYSCALL msg=audit(1755653917.516:685): arch=c000003e syscall=59 success=yes exit=0 pid=10918 uid=2009 gid=2009 comm="history" exe="/usr/bin/history" key="process_execution"
Aug 20 01:46:02 aitest audit: type=PATH msg=audit(1755654362.162:690): item=0 name="/home/opc/logai/enterprise_mnc_audit_sim/applications/" inode=20095 dev=08:01 mode=0100644 ouid=0 ogid=0
Aug 20 01:46:02 aitest audit: type=SYSCALL msg=audit(1755654362.162:106): arch=c000003e syscall=59 success=yes exit=0 pid=8031 uid=2004 gid=2004 comm="ls" exe="/usr/bin/ls" key="process_execution"
Aug 20 01:46:03 aitest audit: type=PATH msg=audit(1755654363.492:37): item=0 name="/home/opc/logai/enterprise_mnc_audit_sim/system/logs/application.log" inode=18193 dev=08:01 mode=0100644 ouid=0 ogid=0
Aug 20 01:46:03 aitest audit: type=SYSCALL msg=audit(1755654363.492:485): arch=c000003e syscall=59 success=yes exit=0 pid=3418 uid=2004 gid=2004 comm="tail" exe="/usr/bin/tail" key="process_execution"
Aug 20 01:46:06 aitest audit: type=SYSCALL msg=audit(1755654366.671:202): arch=c000003e syscall=59 success=yes exit=0 pid=7460 uid=2004 gid=2004 comm="netstat" exe="/usr/bin/netstat" key="process_execution"
Aug 20 01:46:08 aitest audit: type=PATH msg=audit(1755654368.463:65): item=0 name="/home/opc/logai/enterprise_mnc_audit_sim/system" inode=42237 dev=08:01 mode=0100644 ouid=0 ogid=0
Aug 20 01:46:08 aitest audit: type=SYSCALL msg=audit(1755654368.463:290): arch=c000003e syscall=59 success=yes exit=0 pid=2294 uid=2004 gid=2004 comm="find" exe="/usr/bin/find" key="process_execution"
Aug 20 01:48:46 aitest audit: type=SYSCALL msg=audit(1755654526.57:805): arch=c000003e syscall=59 success=yes exit=0 pid=9063 uid=2006 gid=2006 comm="cp" exe="/usr/bin/cp" key="process_execution"
Aug 20 01:48:49 aitest audit: type=PATH msg=audit(1755654529.660:409): item=0 name="/home/opc/logai/enterprise_mnc_audit_sim/enterprise_data/development/" inode=14454 dev=08:01 mode=0100644 ouid=0 ogid=0
Aug 20 01:48:49 aitest audit: type=SYSCALL msg=audit(1755654529.660:909): arch=c000003e syscall=59 success=yes exit=0 pid=7226 uid=2006 gid=2006 comm="ls" exe="/usr/bin/ls" key="process_execution"
Aug 20 01:48:59 aitest audit: type=SYSCALL msg=audit(1755654539.120:871): arch=c000003e syscall=59 success=yes exit=0 pid=10676 uid=2006 gid=2006 comm="wc" exe="/usr/bin/wc" key="process_execution"
Aug 20 01:49:05 aitest audit: type=SYSCALL msg=audit(1755654545.105:482): arch=c000003e syscall=59 success=yes exit=0 pid=4486 uid=2006 gid=2006 comm="cp" exe="/usr/bin/cp" key="process_execution"
Aug 20 01:49:13 aitest audit: type=PATH msg=audit(1755654553.260:866): item=0 name="/home/opc/logai/enterprise_mnc_audit_sim/enterprise_data/development/projects/" inode=13959 dev=08:01 mode=0100644 ouid=0 ogid=0
Aug 20 01:49:13 aitest audit: type=SYSCALL msg=audit(1755654553.260:945): arch=c000003e syscall=59 success=yes exit=0 pid=9173 uid=2006 gid=2006 comm="ls" exe="/usr/bin/ls" key="process_execution"
Aug 20 01:56:55 aitest audit: type=SYSCALL msg=audit(1755655015.459:608): arch=c000003e syscall=59 success=yes exit=0 pid=4697 uid=2001 gid=2001 comm="free" exe="/usr/bin/free" key="process_execution"
Aug 20 01:56:59 aitest audit: type=PATH msg=audit(1755655019.855:451): item=0 name="/home/opc/logai/enterprise_mnc_audit_sim/applications/" inode=28653 dev=08:01 mode=0100644 ouid=0 ogid=0
Aug 20 01:56:59 aitest audit: type=SYSCALL msg=audit(1755655019.855:428): arch=c000003e syscall=59 success=yes exit=0 pid=3065 uid=2001 gid=2001 comm="ls" exe="/usr/bin/ls" key="process_execution"
Aug 20 01:57:07 aitest audit: type=PATH msg=audit(1755655027.643:832): item=0 name="/home/opc/logai/enterprise_mnc_audit_sim/system/configs/" inode=31765 dev=08:01 mode=0100644 ouid=0 ogid=0
Aug 20 01:57:07 aitest audit: type=SYSCALL msg=audit(1755655027.643:609): arch=c000003e syscall=59 success=yes exit=0 pid=9919 uid=2001 gid=2001 comm="ls" exe="/usr/bin/ls" key="process_execution"
Aug 20 02:00:13 aitest audit: type=PATH msg=audit(1755655213.356:700): item=0 name="/home/opc/logai/enterprise_mnc_audit_sim/system/logs/application.log" inode=23442 dev=08:01 mode=0100644 ouid=0 ogid=0
Aug 20 02:00:13 aitest audit: type=SYSCALL msg=audit(1755655213.356:675): arch=c000003e syscall=59 success=yes exit=0 pid=10322 uid=2001 gid=2001 comm="tail" exe="/usr/bin/tail" key="process_execution"
Aug 20 02:00:18 aitest audit: type=PATH msg=audit(1755655218.320:999): item=0 name="/home/opc/logai/enterprise_mnc_audit_sim/system/configs/" inode=35548 dev=08:01 mode=0100644 ouid=0 ogid=0
Aug 20 02:00:18 aitest audit: type=SYSCALL msg=audit(1755655218.320:798): arch=c000003e syscall=59 success=yes exit=0 pid=6301 uid=2001 gid=2001 comm="ls" exe="/usr/bin/ls" key="process_execution"
Aug 20 02:00:25 aitest audit: type=PATH msg=audit(1755655225.57:388): item=0 name="/home/opc/logai/enterprise_mnc_audit_sim/applications/" inode=41237 dev=08:01 mode=0100644 ouid=0 ogid=0
Aug 20 02:00:25 aitest audit: type=SYSCALL msg=audit(1755655225.57:123): arch=c000003e syscall=59 success=yes exit=0 pid=3404 uid=2001 gid=2001 comm="ls" exe="/usr/bin/ls" key="process_execution"
Aug 20 02:00:34 aitest audit: type=PATH msg=audit(1755655234.457:43): item=0 name="/home/opc/logai/enterprise_mnc_audit_sim/system/logs/application.log" inode=29885 dev=08:01 mode=0100644 ouid=0 ogid=0
Aug 20 02:00:34 aitest audit: type=SYSCALL msg=audit(1755655234.457:289): arch=c000003e syscall=59 success=yes exit=0 pid=8886 uid=2001 gid=2001 comm="tail" exe="/usr/bin/tail" key="process_execution"
Aug 20 02:05:09 aitest audit: type=PATH msg=audit(1755655509.255:732): item=0 name="/home/opc/logai/enterprise_mnc_audit_sim/enterprise_data/development/scripts/build.sh" inode=11568 dev=08:01 mode=0100644 ouid=0 ogid=0
Aug 20 02:05:09 aitest audit: type=SYSCALL msg=audit(1755655509.255:634): arch=c000003e syscall=59 success=yes exit=0 pid=7170 uid=2006 gid=2006 comm="chmod" exe="/usr/bin/chmod" key="process_execution"
Aug 20 02:05:17 aitest audit: type=PATH msg=audit(1755655517.581:150): item=0 name="/home/opc/logai/enterprise_mnc_audit_sim/enterprise_data/development/projects/project_alpha.txt" inode=35186 dev=08:01 mode=0100644 ouid=0 ogid=0
Aug 20 02:05:17 aitest audit: type=SYSCALL msg=audit(1755655517.581:832): arch=c000003e syscall=59 success=yes exit=0 pid=10501 uid=2006 gid=2006 comm="cat" exe="/usr/bin/cat" key="process_execution"
Aug 20 02:05:25 aitest audit: type=PATH msg=audit(1755655525.348:851): item=0 name="/home/opc/logai/enterprise_mnc_audit_sim/enterprise_data/development/scripts/build.sh" inode=14217 dev=08:01 mode=0100644 ouid=0 ogid=0
Aug 20 02:05:25 aitest audit: type=SYSCALL msg=audit(1755655525.348:150): arch=c000003e syscall=59 success=yes exit=0 pid=2880 uid=2006 gid=2006 comm="chmod" exe="/usr/bin/chmod" key="process_execution"
Aug 20 02:05:35 aitest audit: type=PATH msg=audit(1755655535.979:592): item=0 name="/home/opc/logai/enterprise_mnc_audit_sim/enterprise_data/development/scripts/build.sh" inode=21445 dev=08:01 mode=0100644 ouid=0 ogid=0
Aug 20 02:05:35 aitest audit: type=SYSCALL msg=audit(1755655535.979:671): arch=c000003e syscall=59 success=yes exit=0 pid=2982 uid=2006 gid=2006 comm="chmod" exe="/usr/bin/chmod" key="process_execution"
Aug 20 02:05:42 aitest audit: type=PATH msg=audit(1755655542.642:465): item=0 name="/home/opc/logai/enterprise_mnc_audit_sim/enterprise_data/development/scripts/build.sh" inode=34534 dev=08:01 mode=0100644 ouid=0 ogid=0
Aug 20 02:05:42 aitest audit: type=SYSCALL msg=audit(1755655542.642:657): arch=c000003e syscall=59 success=yes exit=0 pid=2249 uid=2006 gid=2006 comm="chmod" exe="/usr/bin/chmod" key="process_execution"
Aug 20 02:09:51 aitest audit: type=PATH msg=audit(1755655791.31:775): item=0 name="/home/opc/logai/enterprise_mnc_audit_sim/enterprise_data/operations" inode=27470 dev=08:01 mode=0100644 ouid=0 ogid=0
Aug 20 02:09:51 aitest audit: type=SYSCALL msg=audit(1755655791.31:768): arch=c000003e syscall=59 success=yes exit=0 pid=2470 uid=2007 gid=2007 comm="find" exe="/usr/bin/find" key="process_execution"
Aug 20 02:09:59 aitest audit: type=SYSCALL msg=audit(1755655799.479:385): arch=c000003e syscall=59 success=yes exit=0 pid=8622 uid=2007 gid=2007 comm="tar" exe="/usr/bin/tar" key="process_execution"
Aug 20 02:10:05 aitest audit: type=SYSCALL msg=audit(1755655805.233:389): arch=c000003e syscall=59 success=yes exit=0 pid=2363 uid=2007 gid=2007 comm="top" exe="/usr/bin/top" key="process_execution"
Aug 20 02:10:06 aitest audit: type=SYSCALL msg=audit(1755655806.190:524): arch=c000003e syscall=59 success=yes exit=0 pid=4681 uid=2007 gid=2007 comm="ps" exe="/usr/bin/ps" key="process_execution"
Aug 20 02:14:33 aitest audit: type=PATH msg=audit(1755656073.939:833): item=0 name="/home/opc/logai/enterprise_mnc_audit_sim/enterprise_data/database/" inode=21366 dev=08:01 mode=0100644 ouid=0 ogid=0
Aug 20 02:14:33 aitest audit: type=SYSCALL msg=audit(1755656073.939:239): arch=c000003e syscall=59 success=yes exit=0 pid=5095 uid=2002 gid=2002 comm="ls" exe="/usr/bin/ls" key="process_execution"
Aug 20 02:14:36 aitest audit: type=PATH msg=audit(1755656076.624:827): item=0 name="/home/opc/logai/enterprise_mnc_audit_sim/enterprise_data/database" inode=17011 dev=08:01 mode=0100644 ouid=0 ogid=0
Aug 20 02:14:36 aitest audit: type=SYSCALL msg=audit(1755656076.624:384): arch=c000003e syscall=59 success=yes exit=0 pid=2545 uid=2002 gid=2002 comm="find" exe="/usr/bin/find" key="process_execution"
Aug 20 02:14:41 aitest audit: type=SYSCALL msg=audit(1755656081.80:142): arch=c000003e syscall=59 success=yes exit=0 pid=3382 uid=2002 gid=2002 comm="du" exe="/usr/bin/du" key="process_execution"
Aug 20 02:19:59 aitest audit: type=SYSCALL msg=audit(1755656399.389:886): arch=c000003e syscall=59 success=yes exit=0 pid=2656 uid=2006 gid=2006 comm="grep" exe="/usr/bin/grep" key="process_execution"
Aug 20 02:20:01 aitest audit: type=SYSCALL msg=audit(1755656401.816:946): arch=c000003e syscall=59 success=yes exit=0 pid=8859 uid=2006 gid=2006 comm="grep" exe="/usr/bin/grep" key="process_execution"
Aug 20 02:20:07 aitest audit: type=SYSCALL msg=audit(1755656407.452:393): arch=c000003e syscall=59 success=yes exit=0 pid=6499 uid=2006 gid=2006 comm="grep" exe="/usr/bin/grep" key="process_execution"
Aug 20 02:20:08 aitest audit: type=PATH msg=audit(1755656408.814:256): item=0 name="/home/opc/logai/enterprise_mnc_audit_sim/enterprise_data/development/projects/project_alpha.txt" inode=16482 dev=08:01 mode=0100644 ouid=0 ogid=0
Aug 20 02:20:08 aitest audit: type=SYSCALL msg=audit(1755656408.814:974): arch=c000003e syscall=59 success=yes exit=0 pid=9171 uid=2006 gid=2006 comm="cat" exe="/usr/bin/cat" key="process_execution"
Aug 20 02:20:14 aitest audit: type=PATH msg=audit(1755656414.173:755): item=0 name="/home/opc/logai/enterprise_mnc_audit_sim/enterprise_data/development/projects/project_alpha.txt" inode=26154 dev=08:01 mode=0100644 ouid=0 ogid=0
Aug 20 02:20:14 aitest audit: type=SYSCALL msg=audit(1755656414.173:637): arch=c000003e syscall=59 success=yes exit=0 pid=7317 uid=2006 gid=2006 comm="cat" exe="/usr/bin/cat" key="process_execution"
Aug 20 02:23:40 aitest audit: type=PATH msg=audit(1755656620.844:882): item=0 name="/home/opc/logai/enterprise_mnc_audit_sim/system/configs/" inode=29336 dev=08:01 mode=0100644 ouid=0 ogid=0
Aug 20 02:23:40 aitest audit: type=SYSCALL msg=audit(1755656620.844:539): arch=c000003e syscall=59 success=yes exit=0 pid=4633 uid=2004 gid=2004 comm="ls" exe="/usr/bin/ls" key="process_execution"
Aug 20 02:23:45 aitest audit: type=SYSCALL msg=audit(1755656625.976:960): arch=c000003e syscall=59 success=yes exit=0 pid=5339 uid=2004 gid=2004 comm="netstat" exe="/usr/bin/netstat" key="process_execution"
Aug 20 02:24:05 aitest audit: type=PATH msg=audit(1755656645.708:42): item=0 name="/home/opc/logai/enterprise_mnc_audit_sim/enterprise_data/operations" inode=16273 dev=08:01 mode=0100644 ouid=0 ogid=0
Aug 20 02:24:05 aitest audit: type=SYSCALL msg=audit(1755656645.708:320): arch=c000003e syscall=59 success=yes exit=0 pid=3105 uid=2007 gid=2007 comm="find" exe="/usr/bin/find" key="process_execution"
Aug 20 02:24:15 aitest audit: type=PATH msg=audit(1755656655.724:924): item=0 name="/home/opc/logai/enterprise_mnc_audit_sim/applications/" inode=14524 dev=08:01 mode=0100644 ouid=0 ogid=0
Aug 20 02:24:15 aitest audit: type=SYSCALL msg=audit(1755656655.724:149): arch=c000003e syscall=59 success=yes exit=0 pid=8273 uid=2007 gid=2007 comm="ls" exe="/usr/bin/ls" key="process_execution"
Aug 20 02:24:16 aitest audit: type=PATH msg=audit(1755656656.861:414): item=0 name="/home/opc/logai/enterprise_mnc_audit_sim/enterprise_data/operations" inode=42470 dev=08:01 mode=0100644 ouid=0 ogid=0
Aug 20 02:24:16 aitest audit: type=SYSCALL msg=audit(1755656656.861:205): arch=c000003e syscall=59 success=yes exit=0 pid=11587 uid=2007 gid=2007 comm="find" exe="/usr/bin/find" key="process_execution"
Aug 20 02:24:22 aitest audit: type=PATH msg=audit(1755656662.649:965): item=0 name="/home/opc/logai/enterprise_mnc_audit_sim/applications/" inode=17384 dev=08:01 mode=0100644 ouid=0 ogid=0
Aug 20 02:24:22 aitest audit: type=SYSCALL msg=audit(1755656662.649:33): arch=c000003e syscall=59 success=yes exit=0 pid=11790 uid=2007 gid=2007 comm="ls" exe="/usr/bin/ls" key="process_execution"
Aug 20 02:24:26 aitest audit: type=PATH msg=audit(1755656666.224:925): item=0 name="/home/opc/logai/enterprise_mnc_audit_sim/enterprise_data/operations/scripts/" inode=18276 dev=08:01 mode=0100644 ouid=0 ogid=0
Aug 20 02:24:26 aitest audit: type=SYSCALL msg=audit(1755656666.224:140): arch=c000003e syscall=59 success=yes exit=0 pid=8022 uid=2010 gid=2010 comm="chmod" exe="/usr/bin/chmod" key="process_execution"
Aug 20 02:24:34 aitest audit: type=PATH msg=audit(1755656674.783:268): item=0 name="/home/opc/logai/enterprise_mnc_audit_sim/enterprise_data/operations/" inode=41876 dev=08:01 mode=0100644 ouid=0 ogid=0
Aug 20 02:24:34 aitest audit: type=SYSCALL msg=audit(1755656674.783:280): arch=c000003e syscall=59 success=yes exit=0 pid=8949 uid=2010 gid=2010 comm="ls" exe="/usr/bin/ls" key="process_execution"
Aug 20 02:27:59 aitest audit: type=PATH msg=audit(1755656879.295:746): item=0 name="/home/opc/logai/enterprise_mnc_audit_sim/system/logs/application.log" inode=10379 dev=08:01 mode=0100644 ouid=0 ogid=0
Aug 20 02:27:59 aitest audit: type=SYSCALL msg=audit(1755656879.295:494): arch=c000003e syscall=59 success=yes exit=0 pid=11008 uid=2001 gid=2001 comm="tail" exe="/usr/bin/tail" key="process_execution"
Aug 20 02:28:05 aitest audit: type=PATH msg=audit(1755656885.136:14): item=0 name="/home/opc/logai/enterprise_mnc_audit_sim/system/configs/server.conf" inode=38999 dev=08:01 mode=0100644 ouid=0 ogid=0
Aug 20 02:28:05 aitest audit: type=SYSCALL msg=audit(1755656885.136:913): arch=c000003e syscall=59 success=yes exit=0 pid=6705 uid=2001 gid=2001 comm="chmod" exe="/usr/bin/chmod" key="process_execution"
Aug 20 02:28:12 aitest audit: type=SYSCALL msg=audit(1755656892.551:956): arch=c000003e syscall=59 success=yes exit=0 pid=5314 uid=2001 gid=2001 comm="ps" exe="/usr/bin/ps" key="process_execution"
Aug 20 02:28:50 aitest audit: type=PATH msg=audit(1755656930.243:796): item=0 name="/home/opc/logai/enterprise_mnc_audit_sim/enterprise_data/development" inode=41195 dev=08:01 mode=0100644 ouid=0 ogid=0
Aug 20 02:28:50 aitest audit: type=SYSCALL msg=audit(1755656930.243:686): arch=c000003e syscall=59 success=yes exit=0 pid=7875 uid=2006 gid=2006 comm="find" exe="/usr/bin/find" key="process_execution"
Aug 20 02:28:59 aitest audit: type=PATH msg=audit(1755656939.717:977): item=0 name="/home/opc/logai/enterprise_mnc_audit_sim/enterprise_data/development/" inode=32752 dev=08:01 mode=0100644 ouid=0 ogid=0
Aug 20 02:28:59 aitest audit: type=SYSCALL msg=audit(1755656939.717:519): arch=c000003e syscall=59 success=yes exit=0 pid=8831 uid=2006 gid=2006 comm="ls" exe="/usr/bin/ls" key="process_execution"
Aug 20 02:29:02 aitest audit: type=PATH msg=audit(1755656942.987:765): item=0 name="/home/opc/logai/enterprise_mnc_audit_sim/enterprise_data/development" inode=34013 dev=08:01 mode=0100644 ouid=0 ogid=0
Aug 20 02:29:02 aitest audit: type=SYSCALL msg=audit(1755656942.987:379): arch=c000003e syscall=59 success=yes exit=0 pid=6622 uid=2006 gid=2006 comm="find" exe="/usr/bin/find" key="process_execution"
Aug 20 02:35:23 aitest audit: type=PATH msg=audit(1755657323.200:662): item=0 name="/home/opc/logai/enterprise_mnc_audit_sim/enterprise_data/database/mysql/db_config.cnf" inode=20718 dev=08:01 mode=0100644 ouid=0 ogid=0
Aug 20 02:35:23 aitest audit: type=SYSCALL msg=audit(1755657323.200:64): arch=c000003e syscall=59 success=yes exit=0 pid=5149 uid=2005 gid=2005 comm="chmod" exe="/usr/bin/chmod" key="process_execution"
Aug 20 02:35:29 aitest audit: type=PATH msg=audit(1755657329.61:322): item=0 name="/home/opc/logai/enterprise_mnc_audit_sim/enterprise_data/database" inode=35478 dev=08:01 mode=0100644 ouid=0 ogid=0
Aug 20 02:35:29 aitest audit: type=SYSCALL msg=audit(1755657329.61:591): arch=c000003e syscall=59 success=yes exit=0 pid=3396 uid=2005 gid=2005 comm="find" exe="/usr/bin/find" key="process_execution"
Aug 20 02:35:33 aitest audit: type=SYSCALL msg=audit(1755657333.446:213): arch=c000003e syscall=59 success=yes exit=0 pid=9351 uid=2005 gid=2005 comm="grep" exe="/usr/bin/grep" key="process_execution"
Aug 20 02:35:56 aitest audit: type=PATH msg=audit(1755657356.659:295): item=0 name="/home/opc/logai/enterprise_mnc_audit_sim/enterprise_data/database/" inode=21295 dev=08:01 mode=0100644 ouid=0 ogid=0
Aug 20 02:35:56 aitest audit: type=SYSCALL msg=audit(1755657356.659:619): arch=c000003e syscall=59 success=yes exit=0 pid=10886 uid=2002 gid=2002 comm="ls" exe="/usr/bin/ls" key="process_execution"
Aug 20 02:36:03 aitest audit: type=PATH msg=audit(1755657363.818:20): item=0 name="/home/opc/logai/enterprise_mnc_audit_sim/enterprise_data/database/" inode=31055 dev=08:01 mode=0100644 ouid=0 ogid=0
Aug 20 02:36:03 aitest audit: type=SYSCALL msg=audit(1755657363.818:973): arch=c000003e syscall=59 success=yes exit=0 pid=9355 uid=2002 gid=2002 comm="ls" exe="/usr/bin/ls" key="process_execution"
Aug 20 02:36:09 aitest audit: type=SYSCALL msg=audit(1755657369.714:796): arch=c000003e syscall=59 success=yes exit=0 pid=10688 uid=2002 gid=2002 comm="du" exe="/usr/bin/du" key="process_execution"
Aug 20 02:36:19 aitest audit: type=PATH msg=audit(1755657379.44:28): item=0 name="/home/opc/logai/enterprise_mnc_audit_sim/enterprise_data/database/mysql/db_config.cnf" inode=20353 dev=08:01 mode=0100644 ouid=0 ogid=0
Aug 20 02:36:19 aitest audit: type=SYSCALL msg=audit(1755657379.44:573): arch=c000003e syscall=59 success=yes exit=0 pid=2377 uid=2002 gid=2002 comm="cat" exe="/usr/bin/cat" key="process_execution"
Aug 20 02:41:17 aitest audit: type=PATH msg=audit(1755657677.202:786): item=0 name="/home/opc/logai/enterprise_mnc_audit_sim/applications/" inode=26577 dev=08:01 mode=0100644 ouid=0 ogid=0
Aug 20 02:41:17 aitest audit: type=SYSCALL msg=audit(1755657677.202:291): arch=c000003e syscall=59 success=yes exit=0 pid=4074 uid=2001 gid=2001 comm="ls" exe="/usr/bin/ls" key="process_execution"
Aug 20 02:41:22 aitest audit: type=SYSCALL msg=audit(1755657682.660:652): arch=c000003e syscall=59 success=yes exit=0 pid=4949 uid=2001 gid=2001 comm="netstat" exe="/usr/bin/netstat" key="process_execution"
Aug 20 02:46:04 aitest audit: type=PATH msg=audit(1755657964.718:729): item=0 name="/home/opc/logai/enterprise_mnc_audit_sim/applications/" inode=14400 dev=08:01 mode=0100644 ouid=0 ogid=0
Aug 20 02:46:04 aitest audit: type=SYSCALL msg=audit(1755657964.718:252): arch=c000003e syscall=59 success=yes exit=0 pid=2809 uid=2004 gid=2004 comm="ls" exe="/usr/bin/ls" key="process_execution"
Aug 20 02:46:08 aitest audit: type=PATH msg=audit(1755657968.686:707): item=0 name="/home/opc/logai/enterprise_mnc_audit_sim/system" inode=19435 dev=08:01 mode=0100644 ouid=0 ogid=0
Aug 20 02:46:08 aitest audit: type=SYSCALL msg=audit(1755657968.686:573): arch=c000003e syscall=59 success=yes exit=0 pid=6352 uid=2004 gid=2004 comm="find" exe="/usr/bin/find" key="process_execution"
Aug 20 02:46:18 aitest audit: type=PATH msg=audit(1755657978.937:73): item=0 name="/home/opc/logai/enterprise_mnc_audit_sim/system/configs/server.conf" inode=18741 dev=08:01 mode=0100644 ouid=0 ogid=0
Aug 20 02:46:18 aitest audit: type=SYSCALL msg=audit(1755657978.937:248): arch=c000003e syscall=59 success=yes exit=0 pid=4310 uid=2004 gid=2004 comm="chmod" exe="/usr/bin/chmod" key="process_execution"
Aug 20 02:46:20 aitest audit: type=PATH msg=audit(1755657980.901:506): item=0 name="/home/opc/logai/enterprise_mnc_audit_sim/system/configs/server.conf" inode=37755 dev=08:01 mode=0100644 ouid=0 ogid=0
Aug 20 02:46:20 aitest audit: type=SYSCALL msg=audit(1755657980.901:749): arch=c000003e syscall=59 success=yes exit=0 pid=9240 uid=2004 gid=2004 comm="chmod" exe="/usr/bin/chmod" key="process_execution"
Aug 20 02:46:27 aitest audit: type=PATH msg=audit(1755657987.216:509): item=0 name="/home/opc/logai/enterprise_mnc_audit_sim/system" inode=34145 dev=08:01 mode=0100644 ouid=0 ogid=0
Aug 20 02:46:27 aitest audit: type=SYSCALL msg=audit(1755657987.216:692): arch=c000003e syscall=59 success=yes exit=0 pid=7023 uid=2004 gid=2004 comm="find" exe="/usr/bin/find" key="process_execution"
Aug 20 02:49:35 aitest audit: type=PATH msg=audit(1755658175.449:98): item=0 name="/home/opc/logai/enterprise_mnc_audit_sim/enterprise_data/database" inode=30778 dev=08:01 mode=0100644 ouid=0 ogid=0
Aug 20 02:49:35 aitest audit: type=SYSCALL msg=audit(1755658175.449:643): arch=c000003e syscall=59 success=yes exit=0 pid=11691 uid=2005 gid=2005 comm="find" exe="/usr/bin/find" key="process_execution"
Aug 20 02:49:36 aitest audit: type=SYSCALL msg=audit(1755658176.383:805): arch=c000003e syscall=59 success=yes exit=0 pid=4030 uid=2005 gid=2005 comm="du" exe="/usr/bin/du" key="process_execution"
Aug 20 03:10:23 aitest audit: type=SYSCALL msg=audit(1755659423.184:24): arch=c000003e syscall=59 success=yes exit=0 pid=3181 uid=2002 gid=2002 comm="du" exe="/usr/bin/du" key="process_execution"
Aug 20 03:10:33 aitest audit: type=PATH msg=audit(1755659433.28:451): item=0 name="/home/opc/logai/enterprise_mnc_audit_sim/enterprise_data/database/mysql/db_config.cnf" inode=31485 dev=08:01 mode=0100644 ouid=0 ogid=0
Aug 20 03:10:33 aitest audit: type=SYSCALL msg=audit(1755659433.28:845): arch=c000003e syscall=59 success=yes exit=0 pid=8785 uid=2002 gid=2002 comm="chmod" exe="/usr/bin/chmod" key="process_execution"
Aug 20 03:10:40 aitest audit: type=PATH msg=audit(1755659440.260:732): item=0 name="/home/opc/logai/enterprise_mnc_audit_sim/enterprise_data/database/mysql/db_config.cnf" inode=19375 dev=08:01 mode=0100644 ouid=0 ogid=0
Aug 20 03:10:40 aitest audit: type=SYSCALL msg=audit(1755659440.260:870): arch=c000003e syscall=59 success=yes exit=0 pid=6618 uid=2002 gid=2002 comm="cat" exe="/usr/bin/cat" key="process_execution"
Aug 20 03:18:42 aitest audit: type=PATH msg=audit(1755659922.884:253): item=0 name="/home/opc/logai/enterprise_mnc_audit_sim/system/configs/server.conf" inode=41527 dev=08:01 mode=0100644 ouid=0 ogid=0
Aug 20 03:18:42 aitest audit: type=SYSCALL msg=audit(1755659922.884:842): arch=c000003e syscall=59 success=yes exit=0 pid=6048 uid=2001 gid=2001 comm="cat" exe="/usr/bin/cat" key="process_execution"
Aug 20 03:18:43 aitest audit: type=SYSCALL msg=audit(1755659923.432:234): arch=c000003e syscall=59 success=yes exit=0 pid=9095 uid=2001 gid=2001 comm="df" exe="/usr/bin/df" key="process_execution"
Aug 20 03:18:46 aitest audit: type=SYSCALL msg=audit(1755659926.393:501): arch=c000003e syscall=59 success=yes exit=0 pid=10552 uid=2001 gid=2001 comm="ps" exe="/usr/bin/ps" key="process_execution"
Aug 20 03:18:50 aitest audit: type=SYSCALL msg=audit(1755659930.425:580): arch=c000003e syscall=59 success=yes exit=0 pid=5465 uid=2001 gid=2001 comm="free" exe="/usr/bin/free" key="process_execution"
Aug 20 03:23:24 aitest audit: type=PATH msg=audit(1755660204.566:952): item=0 name="/home/opc/logai/enterprise_mnc_audit_sim/enterprise_data/development/scripts/build.sh" inode=18655 dev=08:01 mode=0100644 ouid=0 ogid=0
Aug 20 03:23:24 aitest audit: type=SYSCALL msg=audit(1755660204.566:220): arch=c000003e syscall=59 success=yes exit=0 pid=5168 uid=2009 gid=2009 comm="chmod" exe="/usr/bin/chmod" key="process_execution"
Aug 20 03:23:31 aitest audit: type=PATH msg=audit(1755660211.525:809): item=0 name="/home/opc/logai/enterprise_mnc_audit_sim/enterprise_data/development/scripts/build.sh" inode=39101 dev=08:01 mode=0100644 ouid=0 ogid=0
Aug 20 03:23:31 aitest audit: type=SYSCALL msg=audit(1755660211.525:834): arch=c000003e syscall=59 success=yes exit=0 pid=6846 uid=2009 gid=2009 comm="chmod" exe="/usr/bin/chmod" key="process_execution"
Aug 20 03:23:38 aitest audit: type=PATH msg=audit(1755660218.940:873): item=0 name="/home/opc/logai/enterprise_mnc_audit_sim/enterprise_data/development/scripts/build.sh" inode=15023 dev=08:01 mode=0100644 ouid=0 ogid=0
Aug 20 03:23:38 aitest audit: type=SYSCALL msg=audit(1755660218.940:979): arch=c000003e syscall=59 success=yes exit=0 pid=9740 uid=2009 gid=2009 comm="chmod" exe="/usr/bin/chmod" key="process_execution"
Aug 20 03:23:47 aitest audit: type=SYSCALL msg=audit(1755660227.463:46): arch=c000003e syscall=59 success=yes exit=0 pid=5838 uid=2009 gid=2009 comm="grep" exe="/usr/bin/grep" key="process_execution"
Aug 20 03:24:55 aitest audit: type=PATH msg=audit(1755660295.47:691): item=0 name="/home/opc/logai/enterprise_mnc_audit_sim/enterprise_data/development/" inode=24584 dev=08:01 mode=0100644 ouid=0 ogid=0
Aug 20 03:24:55 aitest audit: type=SYSCALL msg=audit(1755660295.47:916): arch=c000003e syscall=59 success=yes exit=0 pid=6404 uid=2003 gid=2003 comm="ls" exe="/usr/bin/ls" key="process_execution"
Aug 20 03:24:59 aitest audit: type=PATH msg=audit(1755660299.830:894): item=0 name="/home/opc/logai/enterprise_mnc_audit_sim/enterprise_data/development/scripts/build.sh" inode=18953 dev=08:01 mode=0100644 ouid=0 ogid=0
Aug 20 03:24:59 aitest audit: type=SYSCALL msg=audit(1755660299.830:319): arch=c000003e syscall=59 success=yes exit=0 pid=10457 uid=2003 gid=2003 comm="chmod" exe="/usr/bin/chmod" key="process_execution"
Aug 20 03:25:00 aitest audit: type=PATH msg=audit(1755660300.306:613): item=0 name="/home/opc/logai/enterprise_mnc_audit_sim/enterprise_data/development/projects/project_alpha.txt" inode=35075 dev=08:01 mode=0100644 ouid=0 ogid=0
Aug 20 03:25:00 aitest audit: type=SYSCALL msg=audit(1755660300.306:57): arch=c000003e syscall=59 success=yes exit=0 pid=4492 uid=2003 gid=2003 comm="cat" exe="/usr/bin/cat" key="process_execution"
Aug 20 03:25:05 aitest audit: type=PATH msg=audit(1755660305.274:507): item=0 name="/home/opc/logai/enterprise_mnc_audit_sim/enterprise_data/development/projects/project_alpha.txt" inode=28378 dev=08:01 mode=0100644 ouid=0 ogid=0
Aug 20 03:25:05 aitest audit: type=SYSCALL msg=audit(1755660305.274:825): arch=c000003e syscall=59 success=yes exit=0 pid=7252 uid=2003 gid=2003 comm="cat" exe="/usr/bin/cat" key="process_execution"
Aug 20 03:27:05 aitest audit: type=SYSCALL msg=audit(1755660425.669:624): arch=c000003e syscall=59 success=yes exit=0 pid=9895 uid=2010 gid=2010 comm="tar" exe="/usr/bin/tar" key="process_execution"
Aug 20 03:27:15 aitest audit: type=PATH msg=audit(1755660435.66:610): item=0 name="/home/opc/logai/enterprise_mnc_audit_sim/enterprise_data/operations/scripts/" inode=20138 dev=08:01 mode=0100644 ouid=0 ogid=0
Aug 20 03:27:15 aitest audit: type=SYSCALL msg=audit(1755660435.66:170): arch=c000003e syscall=59 success=yes exit=0 pid=2944 uid=2010 gid=2010 comm="chmod" exe="/usr/bin/chmod" key="process_execution"
Aug 20 03:27:24 aitest audit: type=SYSCALL msg=audit(1755660444.737:115): arch=c000003e syscall=59 success=yes exit=0 pid=2417 uid=2010 gid=2010 comm="ps" exe="/usr/bin/ps" key="process_execution"
Aug 20 03:27:29 aitest audit: type=PATH msg=audit(1755660449.391:53): item=0 name="/home/opc/logai/enterprise_mnc_audit_sim/enterprise_data/operations" inode=12590 dev=08:01 mode=0100644 ouid=0 ogid=0
Aug 20 03:27:29 aitest audit: type=SYSCALL msg=audit(1755660449.391:901): arch=c000003e syscall=59 success=yes exit=0 pid=2438 uid=2010 gid=2010 comm="find" exe="/usr/bin/find" key="process_execution"
Aug 20 03:35:13 aitest audit: type=SYSCALL msg=audit(1755660913.685:341): arch=c000003e syscall=59 success=yes exit=0 pid=7695 uid=2010 gid=2010 comm="wget" exe="/usr/bin/wget" key="process_execution"
Aug 20 03:39:02 aitest audit: type=PATH msg=audit(1755661142.845:43): item=0 name="/home/opc/logai/enterprise_mnc_audit_sim/applications/" inode=10295 dev=08:01 mode=0100644 ouid=0 ogid=0
Aug 20 03:39:02 aitest audit: type=SYSCALL msg=audit(1755661142.845:588): arch=c000003e syscall=59 success=yes exit=0 pid=6003 uid=2010 gid=2010 comm="ls" exe="/usr/bin/ls" key="process_execution"
Aug 20 03:39:06 aitest audit: type=PATH msg=audit(1755661146.138:375): item=0 name="/home/opc/logai/enterprise_mnc_audit_sim/applications/" inode=20775 dev=08:01 mode=0100644 ouid=0 ogid=0
Aug 20 03:39:06 aitest audit: type=SYSCALL msg=audit(1755661146.138:949): arch=c000003e syscall=59 success=yes exit=0 pid=4516 uid=2010 gid=2010 comm="ls" exe="/usr/bin/ls" key="process_execution"
Aug 20 03:39:11 aitest audit: type=SYSCALL msg=audit(1755661151.730:191): arch=c000003e syscall=59 success=yes exit=0 pid=11279 uid=2010 gid=2010 comm="ps" exe="/usr/bin/ps" key="process_execution"
Aug 20 03:39:21 aitest audit: type=PATH msg=audit(1755661161.322:911): item=0 name="/home/opc/logai/enterprise_mnc_audit_sim/enterprise_data/operations" inode=36829 dev=08:01 mode=0100644 ouid=0 ogid=0
Aug 20 03:39:21 aitest audit: type=SYSCALL msg=audit(1755661161.322:245): arch=c000003e syscall=59 success=yes exit=0 pid=2760 uid=2010 gid=2010 comm="find" exe="/usr/bin/find" key="process_execution"
Aug 20 03:39:29 aitest audit: type=SYSCALL msg=audit(1755661169.355:929): arch=c000003e syscall=59 success=yes exit=0 pid=9384 uid=2010 gid=2010 comm="du" exe="/usr/bin/du" key="process_execution"
Aug 20 03:46:14 aitest audit: type=SYSCALL msg=audit(1755661574.43:290): arch=c000003e syscall=59 success=yes exit=0 pid=6217 uid=2004 gid=2004 comm="df" exe="/usr/bin/df" key="process_execution"
Aug 20 03:46:24 aitest audit: type=SYSCALL msg=audit(1755661584.221:258): arch=c000003e syscall=59 success=yes exit=0 pid=3179 uid=2004 gid=2004 comm="ps" exe="/usr/bin/ps" key="process_execution"
Aug 20 03:46:30 aitest audit: type=PATH msg=audit(1755661590.163:555): item=0 name="/home/opc/logai/enterprise_mnc_audit_sim/system/configs/server.conf" inode=37616 dev=08:01 mode=0100644 ouid=0 ogid=0
Aug 20 03:46:30 aitest audit: type=SYSCALL msg=audit(1755661590.163:170): arch=c000003e syscall=59 success=yes exit=0 pid=9193 uid=2004 gid=2004 comm="chmod" exe="/usr/bin/chmod" key="process_execution"
Aug 20 03:46:31 aitest audit: type=PATH msg=audit(1755661591.891:870): item=0 name="/home/opc/logai/enterprise_mnc_audit_sim/system/logs/application.log" inode=30396 dev=08:01 mode=0100644 ouid=0 ogid=0
Aug 20 03:46:31 aitest audit: type=SYSCALL msg=audit(1755661591.891:276): arch=c000003e syscall=59 success=yes exit=0 pid=4682 uid=2004 gid=2004 comm="tail" exe="/usr/bin/tail" key="process_execution"
Aug 20 03:54:38 aitest audit: type=PATH msg=audit(1755662078.840:478): item=0 name="/home/opc/logai/enterprise_mnc_audit_sim/enterprise_data/development/projects/project_alpha.txt" inode=31390 dev=08:01 mode=0100644 ouid=0 ogid=0
Aug 20 03:54:38 aitest audit: type=SYSCALL msg=audit(1755662078.840:305): arch=c000003e syscall=59 success=yes exit=0 pid=7459 uid=2006 gid=2006 comm="cat" exe="/usr/bin/cat" key="process_execution"
Aug 20 03:54:48 aitest audit: type=PATH msg=audit(1755662088.681:19): item=0 name="/home/opc/logai/enterprise_mnc_audit_sim/enterprise_data/development/" inode=12173 dev=08:01 mode=0100644 ouid=0 ogid=0
Aug 20 03:54:48 aitest audit: type=SYSCALL msg=audit(1755662088.681:907): arch=c000003e syscall=59 success=yes exit=0 pid=2560 uid=2006 gid=2006 comm="ls" exe="/usr/bin/ls" key="process_execution"
Aug 20 03:57:50 aitest audit: type=SYSCALL msg=audit(1755662270.130:823): arch=c000003e syscall=59 success=yes exit=0 pid=9995 uid=2008 gid=2008 comm="w" exe="/usr/bin/w" key="process_execution"
Aug 20 03:57:59 aitest audit: type=SYSCALL msg=audit(1755662279.562:610): arch=c000003e syscall=59 success=yes exit=0 pid=9952 uid=2008 gid=2008 comm="last" exe="/usr/bin/last" key="process_execution"
Aug 20 03:58:02 aitest audit: type=PATH msg=audit(1755662282.395:370): item=0 name="/home/opc/logai/enterprise_mnc_audit_sim/enterprise_data/" inode=39296 dev=08:01 mode=0100644 ouid=0 ogid=0
Aug 20 03:58:02 aitest audit: type=SYSCALL msg=audit(1755662282.395:558): arch=c000003e syscall=59 success=yes exit=0 pid=4234 uid=2008 gid=2008 comm="ls" exe="/usr/bin/ls" key="process_execution"
Aug 20 03:58:08 aitest audit: type=SYSCALL msg=audit(1755662288.351:32): arch=c000003e syscall=59 success=yes exit=0 pid=4094 uid=2008 gid=2008 comm="who" exe="/usr/bin/who" key="process_execution"
Aug 20 03:59:57 aitest audit: type=SYSCALL msg=audit(1755662397.7:384): arch=c000003e syscall=59 success=yes exit=0 pid=3631 uid=2008 gid=2008 comm="w" exe="/usr/bin/w" key="process_execution"
Aug 20 04:00:07 aitest audit: type=SYSCALL msg=audit(1755662407.585:921): arch=c000003e syscall=59 success=yes exit=0 pid=2347 uid=2008 gid=2008 comm="w" exe="/usr/bin/w" key="process_execution"
Aug 20 04:00:15 aitest audit: type=SYSCALL msg=audit(1755662415.766:234): arch=c000003e syscall=59 success=yes exit=0 pid=6746 uid=2008 gid=2008 comm="w" exe="/usr/bin/w" key="process_execution"
Aug 20 04:00:19 aitest audit: type=SYSCALL msg=audit(1755662419.394:309): arch=c000003e syscall=59 success=yes exit=0 pid=3952 uid=2008 gid=2008 comm="who" exe="/usr/bin/who" key="process_execution"
Aug 20 04:00:20 aitest audit: type=PATH msg=audit(1755662420.629:942): item=0 name="/home/opc/logai/enterprise_mnc_audit_sim/enterprise_data/" inode=33880 dev=08:01 mode=0100644 ouid=0 ogid=0
Aug 20 04:00:20 aitest audit: type=SYSCALL msg=audit(1755662420.629:129): arch=c000003e syscall=59 success=yes exit=0 pid=7750 uid=2008 gid=2008 comm="ls" exe="/usr/bin/ls" key="process_execution"
Aug 20 04:05:08 aitest audit: type=PATH msg=audit(1755662708.157:699): item=0 name="/home/opc/logai/enterprise_mnc_audit_sim/enterprise_data/development/projects/" inode=25728 dev=08:01 mode=0100644 ouid=0 ogid=0
Aug 20 04:05:08 aitest audit: type=SYSCALL msg=audit(1755662708.157:748): arch=c000003e syscall=59 success=yes exit=0 pid=5113 uid=2009 gid=2009 comm="ls" exe="/usr/bin/ls" key="process_execution"
Aug 20 04:05:14 aitest audit: type=PATH msg=audit(1755662714.286:557): item=0 name="/home/opc/logai/enterprise_mnc_audit_sim/enterprise_data/development/" inode=34166 dev=08:01 mode=0100644 ouid=0 ogid=0
Aug 20 04:05:14 aitest audit: type=SYSCALL msg=audit(1755662714.286:524): arch=c000003e syscall=59 success=yes exit=0 pid=2562 uid=2009 gid=2009 comm="ls" exe="/usr/bin/ls" key="process_execution"
Aug 20 04:11:47 aitest audit: type=SYSCALL msg=audit(1755663107.330:644): arch=c000003e syscall=59 success=yes exit=0 pid=4437 uid=2004 gid=2004 comm="netstat" exe="/usr/bin/netstat" key="process_execution"
Aug 20 04:11:55 aitest audit: type=SYSCALL msg=audit(1755663115.241:604): arch=c000003e syscall=59 success=yes exit=0 pid=6865 uid=2004 gid=2004 comm="netstat" exe="/usr/bin/netstat" key="process_execution"
Aug 20 04:12:00 aitest audit: type=PATH msg=audit(1755663120.360:156): item=0 name="/home/opc/logai/enterprise_mnc_audit_sim/system/logs/application.log" inode=30971 dev=08:01 mode=0100644 ouid=0 ogid=0
Aug 20 04:12:00 aitest audit: type=SYSCALL msg=audit(1755663120.360:500): arch=c000003e syscall=59 success=yes exit=0 pid=8532 uid=2004 gid=2004 comm="tail" exe="/usr/bin/tail" key="process_execution"
Aug 20 04:12:07 aitest audit: type=SYSCALL msg=audit(1755663127.623:940): arch=c000003e syscall=59 success=yes exit=0 pid=11070 uid=2004 gid=2004 comm="ps" exe="/usr/bin/ps" key="process_execution"
Aug 20 04:12:16 aitest audit: type=PATH msg=audit(1755663136.305:731): item=0 name="/home/opc/logai/enterprise_mnc_audit_sim/applications/" inode=32810 dev=08:01 mode=0100644 ouid=0 ogid=0
Aug 20 04:12:16 aitest audit: type=SYSCALL msg=audit(1755663136.305:725): arch=c000003e syscall=59 success=yes exit=0 pid=3557 uid=2004 gid=2004 comm="ls" exe="/usr/bin/ls" key="process_execution"
Aug 20 04:37:11 aitest audit: type=SYSCALL msg=audit(1755664631.15:806): arch=c000003e syscall=59 success=yes exit=0 pid=9672 uid=2005 gid=2005 comm="du" exe="/usr/bin/du" key="process_execution"
Aug 20 04:37:21 aitest audit: type=PATH msg=audit(1755664641.339:865): item=0 name="/home/opc/logai/enterprise_mnc_audit_sim/enterprise_data/database/" inode=37673 dev=08:01 mode=0100644 ouid=0 ogid=0
Aug 20 04:37:21 aitest audit: type=SYSCALL msg=audit(1755664641.339:807): arch=c000003e syscall=59 success=yes exit=0 pid=2288 uid=2005 gid=2005 comm="ls" exe="/usr/bin/ls" key="process_execution"
Aug 20 04:37:30 aitest audit: type=PATH msg=audit(1755664650.954:465): item=0 name="/home/opc/logai/enterprise_mnc_audit_sim/enterprise_data/database/mysql/db_config.cnf" inode=23840 dev=08:01 mode=0100644 ouid=0 ogid=0
Aug 20 04:37:30 aitest audit: type=SYSCALL msg=audit(1755664650.954:324): arch=c000003e syscall=59 success=yes exit=0 pid=7431 uid=2005 gid=2005 comm="chmod" exe="/usr/bin/chmod" key="process_execution"
Aug 20 04:42:42 aitest audit: type=SYSCALL msg=audit(1755664962.766:843): arch=c000003e syscall=59 success=yes exit=0 pid=10870 uid=2007 gid=2007 comm="ps" exe="/usr/bin/ps" key="process_execution"
Aug 20 04:42:47 aitest audit: type=PATH msg=audit(1755664967.120:161): item=0 name="/home/opc/logai/enterprise_mnc_audit_sim/applications/" inode=21529 dev=08:01 mode=0100644 ouid=0 ogid=0
Aug 20 04:42:47 aitest audit: type=SYSCALL msg=audit(1755664967.120:442): arch=c000003e syscall=59 success=yes exit=0 pid=10101 uid=2007 gid=2007 comm="ls" exe="/usr/bin/ls" key="process_execution"
Aug 20 04:42:55 aitest audit: type=SYSCALL msg=audit(1755664975.669:452): arch=c000003e syscall=59 success=yes exit=0 pid=5533 uid=2007 gid=2007 comm="top" exe="/usr/bin/top" key="process_execution"
Aug 20 04:44:45 aitest audit: type=PATH msg=audit(1755665085.787:21): item=0 name="/home/opc/logai/enterprise_mnc_audit_sim/enterprise_data/development/projects/project_alpha.txt" inode=29714 dev=08:01 mode=0100644 ouid=0 ogid=0
Aug 20 04:44:45 aitest audit: type=SYSCALL msg=audit(1755665085.787:308): arch=c000003e syscall=59 success=yes exit=0 pid=7545 uid=2006 gid=2006 comm="cat" exe="/usr/bin/cat" key="process_execution"
Aug 20 04:44:53 aitest audit: type=PATH msg=audit(1755665093.491:500): item=0 name="/home/opc/logai/enterprise_mnc_audit_sim/enterprise_data/development/scripts/build.sh" inode=12261 dev=08:01 mode=0100644 ouid=0 ogid=0
Aug 20 04:44:53 aitest audit: type=SYSCALL msg=audit(1755665093.491:82): arch=c000003e syscall=59 success=yes exit=0 pid=8385 uid=2006 gid=2006 comm="chmod" exe="/usr/bin/chmod" key="process_execution"
Aug 20 04:45:02 aitest audit: type=PATH msg=audit(1755665102.887:428): item=0 name="/home/opc/logai/enterprise_mnc_audit_sim/enterprise_data/development/projects/project_alpha.txt" inode=33982 dev=08:01 mode=0100644 ouid=0 ogid=0
Aug 20 04:45:02 aitest audit: type=SYSCALL msg=audit(1755665102.887:177): arch=c000003e syscall=59 success=yes exit=0 pid=6866 uid=2006 gid=2006 comm="cat" exe="/usr/bin/cat" key="process_execution"
Aug 20 04:45:09 aitest audit: type=PATH msg=audit(1755665109.600:35): item=0 name="/home/opc/logai/enterprise_mnc_audit_sim/enterprise_data/development/" inode=40442 dev=08:01 mode=0100644 ouid=0 ogid=0
Aug 20 04:45:09 aitest audit: type=SYSCALL msg=audit(1755665109.600:508): arch=c000003e syscall=59 success=yes exit=0 pid=5634 uid=2006 gid=2006 comm="ls" exe="/usr/bin/ls" key="process_execution"
Aug 20 04:45:19 aitest audit: type=PATH msg=audit(1755665119.629:659): item=0 name="/home/opc/logai/enterprise_mnc_audit_sim/enterprise_data/development/projects/" inode=11060 dev=08:01 mode=0100644 ouid=0 ogid=0
Aug 20 04:45:19 aitest audit: type=SYSCALL msg=audit(1755665119.629:573): arch=c000003e syscall=59 success=yes exit=0 pid=11562 uid=2006 gid=2006 comm="ls" exe="/usr/bin/ls" key="process_execution"
Aug 20 04:49:26 aitest audit: type=SYSCALL msg=audit(1755665366.848:499): arch=c000003e syscall=59 success=yes exit=0 pid=11710 uid=2002 gid=2002 comm="du" exe="/usr/bin/du" key="process_execution"
Aug 20 04:49:30 aitest audit: type=PATH msg=audit(1755665370.714:630): item=0 name="/home/opc/logai/enterprise_mnc_audit_sim/enterprise_data/database" inode=25198 dev=08:01 mode=0100644 ouid=0 ogid=0
Aug 20 04:49:30 aitest audit: type=SYSCALL msg=audit(1755665370.714:381): arch=c000003e syscall=59 success=yes exit=0 pid=5086 uid=2002 gid=2002 comm="find" exe="/usr/bin/find" key="process_execution"
Aug 20 04:49:37 aitest audit: type=PATH msg=audit(1755665377.272:37): item=0 name="/home/opc/logai/enterprise_mnc_audit_sim/enterprise_data/database" inode=28437 dev=08:01 mode=0100644 ouid=0 ogid=0
Aug 20 04:49:37 aitest audit: type=SYSCALL msg=audit(1755665377.272:134): arch=c000003e syscall=59 success=yes exit=0 pid=10090 uid=2002 gid=2002 comm="find" exe="/usr/bin/find" key="process_execution"
Aug 20 04:49:38 aitest audit: type=PATH msg=audit(1755665378.697:580): item=0 name="/home/opc/logai/enterprise_mnc_audit_sim/enterprise_data/database/mysql/db_config.cnf" inode=17253 dev=08:01 mode=0100644 ouid=0 ogid=0
Aug 20 04:49:38 aitest audit: type=SYSCALL msg=audit(1755665378.697:737): arch=c000003e syscall=59 success=yes exit=0 pid=7925 uid=2002 gid=2002 comm="chmod" exe="/usr/bin/chmod" key="process_execution"
Aug 20 04:50:05 aitest audit: type=SYSCALL msg=audit(1755665405.327:96): arch=c000003e syscall=59 success=yes exit=0 pid=5871 uid=2001 gid=2001 comm="df" exe="/usr/bin/df" key="process_execution"
Aug 20 04:50:07 aitest audit: type=SYSCALL msg=audit(1755665407.43:828): arch=c000003e syscall=59 success=yes exit=0 pid=10733 uid=2001 gid=2001 comm="ps" exe="/usr/bin/ps" key="process_execution"
Aug 20 04:50:08 aitest audit: type=SYSCALL msg=audit(1755665408.25:327): arch=c000003e syscall=59 success=yes exit=0 pid=2890 uid=2001 gid=2001 comm="df" exe="/usr/bin/df" key="process_execution"
Aug 20 04:50:09 aitest audit: type=PATH msg=audit(1755665409.587:826): item=0 name="/home/opc/logai/enterprise_mnc_audit_sim/system" inode=33521 dev=08:01 mode=0100644 ouid=0 ogid=0
Aug 20 04:50:09 aitest audit: type=SYSCALL msg=audit(1755665409.587:259): arch=c000003e syscall=59 success=yes exit=0 pid=3140 uid=2001 gid=2001 comm="find" exe="/usr/bin/find" key="process_execution"
Aug 20 04:50:10 aitest audit: type=PATH msg=audit(1755665410.902:533): item=0 name="/home/opc/logai/enterprise_mnc_audit_sim/system/configs/server.conf" inode=14991 dev=08:01 mode=0100644 ouid=0 ogid=0
Aug 20 04:50:10 aitest audit: type=SYSCALL msg=audit(1755665410.902:296): arch=c000003e syscall=59 success=yes exit=0 pid=5040 uid=2001 gid=2001 comm="cat" exe="/usr/bin/cat" key="process_execution"
Aug 20 04:56:42 aitest audit: type=SYSCALL msg=audit(1755665802.774:119): arch=c000003e syscall=59 success=yes exit=0 pid=9913 uid=2002 gid=2002 comm="cp" exe="/usr/bin/cp" key="process_execution"
Aug 20 04:56:45 aitest audit: type=SYSCALL msg=audit(1755665805.910:747): arch=c000003e syscall=59 success=yes exit=0 pid=3405 uid=2002 gid=2002 comm="cp" exe="/usr/bin/cp" key="process_execution"
Aug 20 04:56:47 aitest audit: type=SYSCALL msg=audit(1755665807.798:137): arch=c000003e syscall=59 success=yes exit=0 pid=2705 uid=2002 gid=2002 comm="grep" exe="/usr/bin/grep" key="process_execution"
Aug 20 04:56:55 aitest audit: type=SYSCALL msg=audit(1755665815.931:290): arch=c000003e syscall=59 success=yes exit=0 pid=9877 uid=2002 gid=2002 comm="grep" exe="/usr/bin/grep" key="process_execution"
Aug 20 05:01:48 aitest audit: type=PATH msg=audit(1755666108.949:505): item=0 name="/home/opc/logai/enterprise_mnc_audit_sim/applications/databases/" inode=33387 dev=08:01 mode=0100644 ouid=0 ogid=0
Aug 20 05:01:48 aitest audit: type=SYSCALL msg=audit(1755666108.949:805): arch=c000003e syscall=59 success=yes exit=0 pid=2799 uid=2002 gid=2002 comm="ls" exe="/usr/bin/ls" key="process_execution"
Aug 20 05:01:54 aitest audit: type=SYSCALL msg=audit(1755666114.84:854): arch=c000003e syscall=59 success=yes exit=0 pid=3821 uid=2002 gid=2002 comm="cp" exe="/usr/bin/cp" key="process_execution"
Aug 20 05:01:57 aitest audit: type=PATH msg=audit(1755666117.756:410): item=0 name="/home/opc/logai/enterprise_mnc_audit_sim/enterprise_data/database/" inode=31627 dev=08:01 mode=0100644 ouid=0 ogid=0
Aug 20 05:01:57 aitest audit: type=SYSCALL msg=audit(1755666117.756:467): arch=c000003e syscall=59 success=yes exit=0 pid=2378 uid=2002 gid=2002 comm="ls" exe="/usr/bin/ls" key="process_execution"
Aug 20 05:03:20 aitest audit: type=PATH msg=audit(1755666200.224:867): item=0 name="/home/opc/logai/enterprise_mnc_audit_sim/enterprise_data/operations/scripts/" inode=25003 dev=08:01 mode=0100644 ouid=0 ogid=0
Aug 20 05:03:20 aitest audit: type=SYSCALL msg=audit(1755666200.224:722): arch=c000003e syscall=59 success=yes exit=0 pid=2975 uid=2010 gid=2010 comm="chmod" exe="/usr/bin/chmod" key="process_execution"
Aug 20 05:03:30 aitest audit: type=SYSCALL msg=audit(1755666210.550:668): arch=c000003e syscall=59 success=yes exit=0 pid=3739 uid=2010 gid=2010 comm="top" exe="/usr/bin/top" key="process_execution"
Aug 20 05:04:24 aitest audit: type=PATH msg=audit(1755666264.769:135): item=0 name="/home/opc/logai/enterprise_mnc_audit_sim/enterprise_data/operations/scripts/" inode=19289 dev=08:01 mode=0100644 ouid=0 ogid=0
Aug 20 05:04:24 aitest audit: type=SYSCALL msg=audit(1755666264.769:389): arch=c000003e syscall=59 success=yes exit=0 pid=8080 uid=2010 gid=2010 comm="chmod" exe="/usr/bin/chmod" key="process_execution"
Aug 20 05:04:29 aitest audit: type=SYSCALL msg=audit(1755666269.551:192): arch=c000003e syscall=59 success=yes exit=0 pid=9465 uid=2010 gid=2010 comm="du" exe="/usr/bin/du" key="process_execution"
Aug 20 05:04:37 aitest audit: type=PATH msg=audit(1755666277.503:468): item=0 name="/home/opc/logai/enterprise_mnc_audit_sim/applications/" inode=17027 dev=08:01 mode=0100644 ouid=0 ogid=0
Aug 20 05:04:37 aitest audit: type=SYSCALL msg=audit(1755666277.503:472): arch=c000003e syscall=59 success=yes exit=0 pid=10179 uid=2010 gid=2010 comm="ls" exe="/usr/bin/ls" key="process_execution"
Aug 20 05:04:47 aitest audit: type=SYSCALL msg=audit(1755666287.53:666): arch=c000003e syscall=59 success=yes exit=0 pid=7417 uid=2010 gid=2010 comm="du" exe="/usr/bin/du" key="process_execution"
Aug 20 05:07:15 aitest audit: type=SYSCALL msg=audit(1755666435.351:584): arch=c000003e syscall=59 success=yes exit=0 pid=3220 uid=2006 gid=2006 comm="wc" exe="/usr/bin/wc" key="process_execution"
Aug 20 05:07:23 aitest audit: type=PATH msg=audit(1755666443.957:436): item=0 name="/home/opc/logai/enterprise_mnc_audit_sim/enterprise_data/development/projects/project_alpha.txt" inode=39977 dev=08:01 mode=0100644 ouid=0 ogid=0
Aug 20 05:07:23 aitest audit: type=SYSCALL msg=audit(1755666443.957:23): arch=c000003e syscall=59 success=yes exit=0 pid=3663 uid=2006 gid=2006 comm="cat" exe="/usr/bin/cat" key="process_execution"
Aug 20 05:07:26 aitest audit: type=PATH msg=audit(1755666446.448:381): item=0 name="/home/opc/logai/enterprise_mnc_audit_sim/enterprise_data/development" inode=21412 dev=08:01 mode=0100644 ouid=0 ogid=0
Aug 20 05:07:26 aitest audit: type=SYSCALL msg=audit(1755666446.448:8): arch=c000003e syscall=59 success=yes exit=0 pid=10366 uid=2006 gid=2006 comm="find" exe="/usr/bin/find" key="process_execution"
Aug 20 05:19:52 aitest audit: type=PATH msg=audit(1755667192.720:315): item=0 name="/home/opc/logai/enterprise_mnc_audit_sim/enterprise_data/development/" inode=23209 dev=08:01 mode=0100644 ouid=0 ogid=0
Aug 20 05:19:52 aitest audit: type=SYSCALL msg=audit(1755667192.720:572): arch=c000003e syscall=59 success=yes exit=0 pid=6949 uid=2006 gid=2006 comm="ls" exe="/usr/bin/ls" key="process_execution"
Aug 20 05:19:58 aitest audit: type=PATH msg=audit(1755667198.984:803): item=0 name="/home/opc/logai/enterprise_mnc_audit_sim/enterprise_data/development" inode=28728 dev=08:01 mode=0100644 ouid=0 ogid=0
Aug 20 05:19:58 aitest audit: type=SYSCALL msg=audit(1755667198.984:326): arch=c000003e syscall=59 success=yes exit=0 pid=3567 uid=2006 gid=2006 comm="find" exe="/usr/bin/find" key="process_execution"
Aug 20 05:20:07 aitest audit: type=PATH msg=audit(1755667207.149:652): item=0 name="/home/opc/logai/enterprise_mnc_audit_sim/enterprise_data/development/projects/project_alpha.txt" inode=40574 dev=08:01 mode=0100644 ouid=0 ogid=0
Aug 20 05:20:07 aitest audit: type=SYSCALL msg=audit(1755667207.149:984): arch=c000003e syscall=59 success=yes exit=0 pid=8913 uid=2006 gid=2006 comm="cat" exe="/usr/bin/cat" key="process_execution"
Aug 20 05:20:08 aitest audit: type=PATH msg=audit(1755667208.200:512): item=0 name="/home/opc/logai/enterprise_mnc_audit_sim/enterprise_data/development/" inode=14749 dev=08:01 mode=0100644 ouid=0 ogid=0
Aug 20 05:20:08 aitest audit: type=SYSCALL msg=audit(1755667208.200:158): arch=c000003e syscall=59 success=yes exit=0 pid=4074 uid=2006 gid=2006 comm="ls" exe="/usr/bin/ls" key="process_execution"
Aug 20 05:22:43 aitest audit: type=PATH msg=audit(1755667363.174:775): item=0 name="/home/opc/logai/enterprise_mnc_audit_sim/enterprise_data/development" inode=13687 dev=08:01 mode=0100644 ouid=0 ogid=0
Aug 20 05:22:43 aitest audit: type=SYSCALL msg=audit(1755667363.174:51): arch=c000003e syscall=59 success=yes exit=0 pid=5598 uid=2003 gid=2003 comm="find" exe="/usr/bin/find" key="process_execution"
Aug 20 05:22:52 aitest audit: type=SYSCALL msg=audit(1755667372.374:287): arch=c000003e syscall=59 success=yes exit=0 pid=9533 uid=2003 gid=2003 comm="wc" exe="/usr/bin/wc" key="process_execution"
Aug 20 05:22:53 aitest audit: type=SYSCALL msg=audit(1755667373.302:270): arch=c000003e syscall=59 success=yes exit=0 pid=5571 uid=2003 gid=2003 comm="wc" exe="/usr/bin/wc" key="process_execution"
Aug 20 05:35:18 aitest audit: type=PATH msg=audit(1755668118.225:559): item=0 name="/home/opc/logai/enterprise_mnc_audit_sim/enterprise_data/development/projects/" inode=27758 dev=08:01 mode=0100644 ouid=0 ogid=0
Aug 20 05:35:18 aitest audit: type=SYSCALL msg=audit(1755668118.225:884): arch=c000003e syscall=59 success=yes exit=0 pid=4543 uid=2006 gid=2006 comm="ls" exe="/usr/bin/ls" key="process_execution"
Aug 20 05:35:24 aitest audit: type=PATH msg=audit(1755668124.780:548): item=0 name="/home/opc/logai/enterprise_mnc_audit_sim/enterprise_data/development/" inode=39416 dev=08:01 mode=0100644 ouid=0 ogid=0
Aug 20 05:35:24 aitest audit: type=SYSCALL msg=audit(1755668124.780:510): arch=c000003e syscall=59 success=yes exit=0 pid=2359 uid=2006 gid=2006 comm="ls" exe="/usr/bin/ls" key="process_execution"
Aug 20 05:35:29 aitest audit: type=PATH msg=audit(1755668129.493:159): item=0 name="/home/opc/logai/enterprise_mnc_audit_sim/enterprise_data/development" inode=17763 dev=08:01 mode=0100644 ouid=0 ogid=0
Aug 20 05:35:29 aitest audit: type=SYSCALL msg=audit(1755668129.493:839): arch=c000003e syscall=59 success=yes exit=0 pid=4151 uid=2006 gid=2006 comm="find" exe="/usr/bin/find" key="process_execution"
Aug 20 05:35:30 aitest audit: type=PATH msg=audit(1755668130.361:60): item=0 name="/home/opc/logai/enterprise_mnc_audit_sim/enterprise_data/development" inode=40820 dev=08:01 mode=0100644 ouid=0 ogid=0
Aug 20 05:35:30 aitest audit: type=SYSCALL msg=audit(1755668130.361:724): arch=c000003e syscall=59 success=yes exit=0 pid=9851 uid=2006 gid=2006 comm="find" exe="/usr/bin/find" key="process_execution"
Aug 20 05:35:33 aitest audit: type=PATH msg=audit(1755668133.768:524): item=0 name="/home/opc/logai/enterprise_mnc_audit_sim/applications/" inode=30499 dev=08:01 mode=0100644 ouid=0 ogid=0
Aug 20 05:35:33 aitest audit: type=SYSCALL msg=audit(1755668133.768:897): arch=c000003e syscall=59 success=yes exit=0 pid=8820 uid=2010 gid=2010 comm="ls" exe="/usr/bin/ls" key="process_execution"
Aug 20 05:35:40 aitest audit: type=PATH msg=audit(1755668140.513:650): item=0 name="/home/opc/logai/enterprise_mnc_audit_sim/enterprise_data/operations" inode=40239 dev=08:01 mode=0100644 ouid=0 ogid=0
Aug 20 05:35:40 aitest audit: type=SYSCALL msg=audit(1755668140.513:222): arch=c000003e syscall=59 success=yes exit=0 pid=5584 uid=2010 gid=2010 comm="find" exe="/usr/bin/find" key="process_execution"
Aug 20 05:35:43 aitest audit: type=SYSCALL msg=audit(1755668143.505:893): arch=c000003e syscall=59 success=yes exit=0 pid=4573 uid=2010 gid=2010 comm="top" exe="/usr/bin/top" key="process_execution"
Aug 20 05:35:45 aitest audit: type=SYSCALL msg=audit(1755668145.353:300): arch=c000003e syscall=59 success=yes exit=0 pid=5735 uid=2004 gid=2004 comm="ps" exe="/usr/bin/ps" key="process_execution"
Aug 20 05:35:46 aitest audit: type=SYSCALL msg=audit(1755668146.815:148): arch=c000003e syscall=59 success=yes exit=0 pid=5456 uid=2004 gid=2004 comm="netstat" exe="/usr/bin/netstat" key="process_execution"
Aug 20 05:35:52 aitest audit: type=SYSCALL msg=audit(1755668152.194:264): arch=c000003e syscall=59 success=yes exit=0 pid=8200 uid=2010 gid=2010 comm="top" exe="/usr/bin/top" key="process_execution"
Aug 20 05:35:53 aitest audit: type=PATH msg=audit(1755668153.5:350): item=0 name="/home/opc/logai/enterprise_mnc_audit_sim/system/configs/server.conf" inode=24425 dev=08:01 mode=0100644 ouid=0 ogid=0
Aug 20 05:35:53 aitest audit: type=SYSCALL msg=audit(1755668153.5:684): arch=c000003e syscall=59 success=yes exit=0 pid=2980 uid=2004 gid=2004 comm="chmod" exe="/usr/bin/chmod" key="process_execution"
Aug 20 05:35:55 aitest audit: type=PATH msg=audit(1755668155.968:464): item=0 name="/home/opc/logai/enterprise_mnc_audit_sim/applications/" inode=16215 dev=08:01 mode=0100644 ouid=0 ogid=0
Aug 20 05:35:55 aitest audit: type=SYSCALL msg=audit(1755668155.968:853): arch=c000003e syscall=59 success=yes exit=0 pid=2816 uid=2004 gid=2004 comm="ls" exe="/usr/bin/ls" key="process_execution"
Aug 20 05:35:57 aitest audit: type=PATH msg=audit(1755668157.314:700): item=0 name="/home/opc/logai/enterprise_mnc_audit_sim/applications/" inode=22655 dev=08:01 mode=0100644 ouid=0 ogid=0
Aug 20 05:35:57 aitest audit: type=SYSCALL msg=audit(1755668157.314:873): arch=c000003e syscall=59 success=yes exit=0 pid=9821 uid=2010 gid=2010 comm="ls" exe="/usr/bin/ls" key="process_execution"
Aug 20 05:35:58 aitest audit: type=PATH msg=audit(1755668158.768:284): item=0 name="/home/opc/logai/enterprise_mnc_audit_sim/system" inode=16012 dev=08:01 mode=0100644 ouid=0 ogid=0
Aug 20 05:35:58 aitest audit: type=SYSCALL msg=audit(1755668158.768:296): arch=c000003e syscall=59 success=yes exit=0 pid=11910 uid=2004 gid=2004 comm="find" exe="/usr/bin/find" key="process_execution"
Aug 20 05:38:31 aitest audit: type=PATH msg=audit(1755668311.798:18): item=0 name="/home/opc/logai/enterprise_mnc_audit_sim/enterprise_data/operations/scripts/" inode=36460 dev=08:01 mode=0100644 ouid=0 ogid=0
Aug 20 05:38:31 aitest audit: type=SYSCALL msg=audit(1755668311.798:768): arch=c000003e syscall=59 success=yes exit=0 pid=11321 uid=2010 gid=2010 comm="chmod" exe="/usr/bin/chmod" key="process_execution"
Aug 20 05:38:40 aitest audit: type=PATH msg=audit(1755668320.652:36): item=0 name="/home/opc/logai/enterprise_mnc_audit_sim/applications/" inode=15286 dev=08:01 mode=0100644 ouid=0 ogid=0
Aug 20 05:38:40 aitest audit: type=SYSCALL msg=audit(1755668320.652:864): arch=c000003e syscall=59 success=yes exit=0 pid=7677 uid=2010 gid=2010 comm="ls" exe="/usr/bin/ls" key="process_execution"
Aug 20 05:38:49 aitest audit: type=PATH msg=audit(1755668329.670:980): item=0 name="/home/opc/logai/enterprise_mnc_audit_sim/enterprise_data/operations/" inode=21056 dev=08:01 mode=0100644 ouid=0 ogid=0
Aug 20 05:38:49 aitest audit: type=SYSCALL msg=audit(1755668329.670:398): arch=c000003e syscall=59 success=yes exit=0 pid=2531 uid=2010 gid=2010 comm="ls" exe="/usr/bin/ls" key="process_execution"
Aug 20 05:38:51 aitest audit: type=SYSCALL msg=audit(1755668331.113:943): arch=c000003e syscall=59 success=yes exit=0 pid=2272 uid=2010 gid=2010 comm="ps" exe="/usr/bin/ps" key="process_execution"
Aug 20 05:41:37 aitest audit: type=SYSCALL msg=audit(1755668497.621:372): arch=c000003e syscall=59 success=yes exit=0 pid=8190 uid=2002 gid=2002 comm="du" exe="/usr/bin/du" key="process_execution"
Aug 20 05:41:38 aitest audit: type=SYSCALL msg=audit(1755668498.475:431): arch=c000003e syscall=59 success=yes exit=0 pid=4822 uid=2002 gid=2002 comm="du" exe="/usr/bin/du" key="process_execution"
Aug 20 05:41:48 aitest audit: type=PATH msg=audit(1755668508.791:159): item=0 name="/home/opc/logai/enterprise_mnc_audit_sim/enterprise_data/database/mysql/db_config.cnf" inode=18464 dev=08:01 mode=0100644 ouid=0 ogid=0
Aug 20 05:41:48 aitest audit: type=SYSCALL msg=audit(1755668508.791:852): arch=c000003e syscall=59 success=yes exit=0 pid=6816 uid=2002 gid=2002 comm="chmod" exe="/usr/bin/chmod" key="process_execution"
Aug 20 05:41:54 aitest audit: type=PATH msg=audit(1755668514.299:217): item=0 name="/home/opc/logai/enterprise_mnc_audit_sim/enterprise_data/database" inode=26912 dev=08:01 mode=0100644 ouid=0 ogid=0
Aug 20 05:41:54 aitest audit: type=SYSCALL msg=audit(1755668514.299:589): arch=c000003e syscall=59 success=yes exit=0 pid=11569 uid=2002 gid=2002 comm="find" exe="/usr/bin/find" key="process_execution"
Aug 20 05:42:03 aitest audit: type=PATH msg=audit(1755668523.733:38): item=0 name="/home/opc/logai/enterprise_mnc_audit_sim/enterprise_data/database/" inode=26569 dev=08:01 mode=0100644 ouid=0 ogid=0
Aug 20 05:42:03 aitest audit: type=SYSCALL msg=audit(1755668523.733:511): arch=c000003e syscall=59 success=yes exit=0 pid=2884 uid=2002 gid=2002 comm="ls" exe="/usr/bin/ls" key="process_execution"
Aug 20 05:53:12 aitest audit: type=PATH msg=audit(1755669192.612:299): item=0 name="/home/opc/logai/enterprise_mnc_audit_sim/enterprise_data/database/mysql/db_config.cnf" inode=21580 dev=08:01 mode=0100644 ouid=0 ogid=0
Aug 20 05:53:12 aitest audit: type=SYSCALL msg=audit(1755669192.612:909): arch=c000003e syscall=59 success=yes exit=0 pid=6073 uid=2005 gid=2005 comm="cat" exe="/usr/bin/cat" key="process_execution"
Aug 20 05:53:14 aitest audit: type=SYSCALL msg=audit(1755669194.58:410): arch=c000003e syscall=59 success=yes exit=0 pid=5759 uid= gid= comm="unset" exe="/usr/bin/unset" key="process_execution"
Aug 20 05:53:21 aitest audit: type=PATH msg=audit(1755669201.723:702): item=0 name="/home/opc/logai/enterprise_mnc_audit_sim/enterprise_data/database/mysql/db_config.cnf" inode=36193 dev=08:01 mode=0100644 ouid=0 ogid=0
Aug 20 05:53:21 aitest audit: type=SYSCALL msg=audit(1755669201.723:777): arch=c000003e syscall=59 success=yes exit=0 pid=9408 uid=2005 gid=2005 comm="cat" exe="/usr/bin/cat" key="process_execution"
Aug 20 05:53:23 aitest audit: type=PATH msg=audit(1755669203.595:882): item=0 name="/home/opc/logai/enterprise_mnc_audit_sim/enterprise_data/database/mysql/db_config.cnf" inode=31883 dev=08:01 mode=0100644 ouid=0 ogid=0
Aug 20 05:53:23 aitest audit: type=SYSCALL msg=audit(1755669203.595:232): arch=c000003e syscall=59 success=yes exit=0 pid=6200 uid=2005 gid=2005 comm="chmod" exe="/usr/bin/chmod" key="process_execution"
Aug 20 05:53:30 aitest audit: type=PATH msg=audit(1755669210.543:521): item=0 name="/home/opc/logai/enterprise_mnc_audit_sim/enterprise_data/database/mysql/db_config.cnf" inode=27854 dev=08:01 mode=0100644 ouid=0 ogid=0
Aug 20 05:53:30 aitest audit: type=SYSCALL msg=audit(1755669210.543:425): arch=c000003e syscall=59 success=yes exit=0 pid=3157 uid=2005 gid=2005 comm="chmod" exe="/usr/bin/chmod" key="process_execution"
Aug 20 05:58:02 aitest audit: type=PATH msg=audit(1755669482.788:162): item=0 name="/home/opc/logai/enterprise_mnc_audit_sim/enterprise_data/hr/" inode=29124 dev=08:01 mode=0100644 ouid=0 ogid=0
Aug 20 05:58:02 aitest audit: type=SYSCALL msg=audit(1755669482.788:978): arch=c000003e syscall=59 success=yes exit=0 pid=5798 uid=2008 gid=2008 comm="ls" exe="/usr/bin/ls" key="process_execution"
Aug 20 05:58:04 aitest audit: type=SYSCALL msg=audit(1755669484.95:818): arch=c000003e syscall=59 success=yes exit=0 pid=6135 uid=2008 gid=2008 comm="w" exe="/usr/bin/w" key="process_execution"
Aug 20 05:58:08 aitest audit: type=PATH msg=audit(1755669488.743:913): item=0 name="/home/opc/logai/enterprise_mnc_audit_sim/enterprise_data/hr/" inode=27213 dev=08:01 mode=0100644 ouid=0 ogid=0
Aug 20 05:58:08 aitest audit: type=SYSCALL msg=audit(1755669488.743:563): arch=c000003e syscall=59 success=yes exit=0 pid=9027 uid=2008 gid=2008 comm="ls" exe="/usr/bin/ls" key="process_execution"
Aug 20 05:58:54 aitest audit: type=PATH msg=audit(1755669534.181:416): item=0 name="/home/opc/logai/enterprise_mnc_audit_sim/enterprise_data/database/mysql/db_config.cnf" inode=22024 dev=08:01 mode=0100644 ouid=0 ogid=0
Aug 20 05:58:54 aitest audit: type=SYSCALL msg=audit(1755669534.181:432): arch=c000003e syscall=59 success=yes exit=0 pid=5694 uid=2002 gid=2002 comm="cat" exe="/usr/bin/cat" key="process_execution"
Aug 20 05:58:56 aitest audit: type=PATH msg=audit(1755669536.134:732): item=0 name="/home/opc/logai/enterprise_mnc_audit_sim/applications/databases/" inode=24305 dev=08:01 mode=0100644 ouid=0 ogid=0
Aug 20 05:58:56 aitest audit: type=SYSCALL msg=audit(1755669536.134:761): arch=c000003e syscall=59 success=yes exit=0 pid=2841 uid=2002 gid=2002 comm="ls" exe="/usr/bin/ls" key="process_execution"
Aug 20 05:59:03 aitest audit: type=PATH msg=audit(1755669543.244:275): item=0 name="/home/opc/logai/enterprise_mnc_audit_sim/applications/databases/" inode=37368 dev=08:01 mode=0100644 ouid=0 ogid=0
Aug 20 05:59:03 aitest audit: type=SYSCALL msg=audit(1755669543.244:783): arch=c000003e syscall=59 success=yes exit=0 pid=6986 uid=2002 gid=2002 comm="ls" exe="/usr/bin/ls" key="process_execution"
Aug 20 05:59:11 aitest audit: type=PATH msg=audit(1755669551.518:693): item=0 name="/home/opc/logai/enterprise_mnc_audit_sim/enterprise_data/database" inode=27254 dev=08:01 mode=0100644 ouid=0 ogid=0
Aug 20 05:59:11 aitest audit: type=SYSCALL msg=audit(1755669551.518:426): arch=c000003e syscall=59 success=yes exit=0 pid=6912 uid=2002 gid=2002 comm="find" exe="/usr/bin/find" key="process_execution"
Aug 20 05:59:19 aitest audit: type=SYSCALL msg=audit(1755669559.457:394): arch=c000003e syscall=59 success=yes exit=0 pid=2027 uid=2002 gid=2002 comm="du" exe="/usr/bin/du" key="process_execution"
Aug 20 06:02:44 aitest audit: type=PATH msg=audit(1755669764.517:368): item=0 name="/home/opc/logai/enterprise_mnc_audit_sim/enterprise_data/development/" inode=21588 dev=08:01 mode=0100644 ouid=0 ogid=0
Aug 20 06:02:44 aitest audit: type=SYSCALL msg=audit(1755669764.517:302): arch=c000003e syscall=59 success=yes exit=0 pid=8089 uid=2009 gid=2009 comm="ls" exe="/usr/bin/ls" key="process_execution"
Aug 20 06:02:48 aitest audit: type=PATH msg=audit(1755669768.945:500): item=0 name="/home/opc/logai/enterprise_mnc_audit_sim/enterprise_data/development/projects/project_alpha.txt" inode=25411 dev=08:01 mode=0100644 ouid=0 ogid=0
Aug 20 06:02:48 aitest audit: type=SYSCALL msg=audit(1755669768.945:78): arch=c000003e syscall=59 success=yes exit=0 pid=9133 uid=2009 gid=2009 comm="cat" exe="/usr/bin/cat" key="process_execution"
Aug 20 06:02:54 aitest audit: type=PATH msg=audit(1755669774.45:144): item=0 name="/home/opc/logai/enterprise_mnc_audit_sim/enterprise_data/development/scripts/build.sh" inode=41623 dev=08:01 mode=0100644 ouid=0 ogid=0
Aug 20 06:02:54 aitest audit: type=SYSCALL msg=audit(1755669774.45:987): arch=c000003e syscall=59 success=yes exit=0 pid=8550 uid=2009 gid=2009 comm="chmod" exe="/usr/bin/chmod" key="process_execution"
Aug 20 06:03:04 aitest audit: type=PATH msg=audit(1755669784.531:150): item=0 name="/home/opc/logai/enterprise_mnc_audit_sim/enterprise_data/development/projects/" inode=40633 dev=08:01 mode=0100644 ouid=0 ogid=0
Aug 20 06:03:04 aitest audit: type=SYSCALL msg=audit(1755669784.531:470): arch=c000003e syscall=59 success=yes exit=0 pid=8691 uid=2009 gid=2009 comm="ls" exe="/usr/bin/ls" key="process_execution"
Aug 20 06:04:02 aitest audit: type=PATH msg=audit(1755669842.202:461): item=0 name="/home/opc/logai/enterprise_mnc_audit_sim/enterprise_data/operations/scripts/" inode=39624 dev=08:01 mode=0100644 ouid=0 ogid=0
Aug 20 06:04:02 aitest audit: type=SYSCALL msg=audit(1755669842.202:819): arch=c000003e syscall=59 success=yes exit=0 pid=11042 uid=2010 gid=2010 comm="chmod" exe="/usr/bin/chmod" key="process_execution"
Aug 20 06:04:12 aitest audit: type=PATH msg=audit(1755669852.73:867): item=0 name="/home/opc/logai/enterprise_mnc_audit_sim/enterprise_data/operations/" inode=27116 dev=08:01 mode=0100644 ouid=0 ogid=0
Aug 20 06:04:12 aitest audit: type=SYSCALL msg=audit(1755669852.73:95): arch=c000003e syscall=59 success=yes exit=0 pid=11378 uid=2010 gid=2010 comm="ls" exe="/usr/bin/ls" key="process_execution"
Aug 20 06:04:16 aitest audit: type=SYSCALL msg=audit(1755669856.482:426): arch=c000003e syscall=59 success=yes exit=0 pid=2818 uid=2010 gid=2010 comm="tar" exe="/usr/bin/tar" key="process_execution"
Aug 20 06:13:02 aitest audit: type=SYSCALL msg=audit(1755670382.921:502): arch=c000003e syscall=59 success=yes exit=0 pid=3338 uid=2007 gid=2007 comm="tar" exe="/usr/bin/tar" key="process_execution"
Aug 20 06:13:04 aitest audit: type=PATH msg=audit(1755670384.366:799): item=0 name="/home/opc/logai/enterprise_mnc_audit_sim/enterprise_data/operations/scripts/" inode=32605 dev=08:01 mode=0100644 ouid=0 ogid=0
Aug 20 06:13:04 aitest audit: type=SYSCALL msg=audit(1755670384.366:517): arch=c000003e syscall=59 success=yes exit=0 pid=6706 uid=2007 gid=2007 comm="chmod" exe="/usr/bin/chmod" key="process_execution"
Aug 20 06:13:09 aitest audit: type=PATH msg=audit(1755670389.845:653): item=0 name="/home/opc/logai/enterprise_mnc_audit_sim/applications/" inode=11060 dev=08:01 mode=0100644 ouid=0 ogid=0
Aug 20 06:13:09 aitest audit: type=SYSCALL msg=audit(1755670389.845:311): arch=c000003e syscall=59 success=yes exit=0 pid=4227 uid=2007 gid=2007 comm="ls" exe="/usr/bin/ls" key="process_execution"
Aug 20 06:13:13 aitest audit: type=SYSCALL msg=audit(1755670393.553:813): arch=c000003e syscall=59 success=yes exit=0 pid=4834 uid=2007 gid=2007 comm="du" exe="/usr/bin/du" key="process_execution"
Aug 20 06:13:18 aitest audit: type=SYSCALL msg=audit(1755670398.502:410): arch=c000003e syscall=59 success=yes exit=0 pid=5378 uid=2007 gid=2007 comm="top" exe="/usr/bin/top" key="process_execution"
Aug 20 06:14:35 aitest audit: type=PATH msg=audit(1755670475.290:888): item=0 name="/home/opc/logai/enterprise_mnc_audit_sim/enterprise_data/operations/scripts/" inode=19722 dev=08:01 mode=0100644 ouid=0 ogid=0
Aug 20 06:14:35 aitest audit: type=SYSCALL msg=audit(1755670475.290:402): arch=c000003e syscall=59 success=yes exit=0 pid=10848 uid=2007 gid=2007 comm="chmod" exe="/usr/bin/chmod" key="process_execution"
Aug 20 06:14:41 aitest audit: type=PATH msg=audit(1755670481.63:858): item=0 name="/home/opc/logai/enterprise_mnc_audit_sim/applications/" inode=28184 dev=08:01 mode=0100644 ouid=0 ogid=0
Aug 20 06:14:41 aitest audit: type=SYSCALL msg=audit(1755670481.63:333): arch=c000003e syscall=59 success=yes exit=0 pid=4659 uid=2007 gid=2007 comm="ls" exe="/usr/bin/ls" key="process_execution"
Aug 20 06:21:10 aitest audit: type=PATH msg=audit(1755670870.779:414): item=0 name="/home/opc/logai/enterprise_mnc_audit_sim/enterprise_data/operations" inode=12972 dev=08:01 mode=0100644 ouid=0 ogid=0
Aug 20 06:21:10 aitest audit: type=SYSCALL msg=audit(1755670870.779:707): arch=c000003e syscall=59 success=yes exit=0 pid=9024 uid=2010 gid=2010 comm="find" exe="/usr/bin/find" key="process_execution"
Aug 20 06:21:18 aitest audit: type=SYSCALL msg=audit(1755670878.83:687): arch=c000003e syscall=59 success=yes exit=0 pid=6516 uid=2010 gid=2010 comm="ps" exe="/usr/bin/ps" key="process_execution"
Aug 20 06:21:27 aitest audit: type=PATH msg=audit(1755670887.561:714): item=0 name="/home/opc/logai/enterprise_mnc_audit_sim/enterprise_data/operations" inode=31258 dev=08:01 mode=0100644 ouid=0 ogid=0
Aug 20 06:21:27 aitest audit: type=SYSCALL msg=audit(1755670887.561:287): arch=c000003e syscall=59 success=yes exit=0 pid=4995 uid=2010 gid=2010 comm="find" exe="/usr/bin/find" key="process_execution"
Aug 20 06:21:33 aitest audit: type=PATH msg=audit(1755670893.800:198): item=0 name="/home/opc/logai/enterprise_mnc_audit_sim/enterprise_data/operations" inode=25836 dev=08:01 mode=0100644 ouid=0 ogid=0
Aug 20 06:21:33 aitest audit: type=SYSCALL msg=audit(1755670893.800:795): arch=c000003e syscall=59 success=yes exit=0 pid=3110 uid=2010 gid=2010 comm="find" exe="/usr/bin/find" key="process_execution"
Aug 20 06:21:40 aitest audit: type=SYSCALL msg=audit(1755670900.315:220): arch=c000003e syscall=59 success=yes exit=0 pid=8619 uid=2010 gid=2010 comm="tar" exe="/usr/bin/tar" key="process_execution"
Aug 20 06:26:06 aitest audit: type=PATH msg=audit(1755671166.327:199): item=0 name="/home/opc/logai/enterprise_mnc_audit_sim/system/configs/server.conf" inode=13969 dev=08:01 mode=0100644 ouid=0 ogid=0
Aug 20 06:26:06 aitest audit: type=SYSCALL msg=audit(1755671166.327:493): arch=c000003e syscall=59 success=yes exit=0 pid=4971 uid=2001 gid=2001 comm="cat" exe="/usr/bin/cat" key="process_execution"
Aug 20 06:26:13 aitest audit: type=PATH msg=audit(1755671173.401:525): item=0 name="/home/opc/logai/enterprise_mnc_audit_sim/system/configs/" inode=24074 dev=08:01 mode=0100644 ouid=0 ogid=0
Aug 20 06:26:13 aitest audit: type=SYSCALL msg=audit(1755671173.401:705): arch=c000003e syscall=59 success=yes exit=0 pid=11838 uid=2001 gid=2001 comm="ls" exe="/usr/bin/ls" key="process_execution"
Aug 20 06:29:32 aitest audit: type=PATH msg=audit(1755671372.387:29): item=0 name="/home/opc/logai/enterprise_mnc_audit_sim/system" inode=24863 dev=08:01 mode=0100644 ouid=0 ogid=0
Aug 20 06:29:32 aitest audit: type=SYSCALL msg=audit(1755671372.387:939): arch=c000003e syscall=59 success=yes exit=0 pid=9432 uid=2004 gid=2004 comm="find" exe="/usr/bin/find" key="process_execution"
Aug 20 06:29:40 aitest audit: type=SYSCALL msg=audit(1755671380.340:451): arch=c000003e syscall=59 success=yes exit=0 pid=8803 uid=2004 gid=2004 comm="free" exe="/usr/bin/free" key="process_execution"
Aug 20 06:29:50 aitest audit: type=SYSCALL msg=audit(1755671390.46:492): arch=c000003e syscall=59 success=yes exit=0 pid=11681 uid=2004 gid=2004 comm="df" exe="/usr/bin/df" key="process_execution"
Aug 20 06:45:50 aitest audit: type=PATH msg=audit(1755672350.798:146): item=0 name="/home/opc/logai/enterprise_mnc_audit_sim/enterprise_data/database/mysql/db_config.cnf" inode=14303 dev=08:01 mode=0100644 ouid=0 ogid=0
Aug 20 06:45:50 aitest audit: type=SYSCALL msg=audit(1755672350.798:238): arch=c000003e syscall=59 success=yes exit=0 pid=7539 uid=2002 gid=2002 comm="chmod" exe="/usr/bin/chmod" key="process_execution"
Aug 20 06:45:59 aitest audit: type=PATH msg=audit(1755672359.161:696): item=0 name="/home/opc/logai/enterprise_mnc_audit_sim/enterprise_data/database/mysql/db_config.cnf" inode=20527 dev=08:01 mode=0100644 ouid=0 ogid=0
Aug 20 06:45:59 aitest audit: type=SYSCALL msg=audit(1755672359.161:155): arch=c000003e syscall=59 success=yes exit=0 pid=3468 uid=2002 gid=2002 comm="cat" exe="/usr/bin/cat" key="process_execution"
Aug 20 06:46:04 aitest audit: type=PATH msg=audit(1755672364.380:5): item=0 name="/home/opc/logai/enterprise_mnc_audit_sim/enterprise_data/database/mysql/db_config.cnf" inode=30535 dev=08:01 mode=0100644 ouid=0 ogid=0
Aug 20 06:46:04 aitest audit: type=SYSCALL msg=audit(1755672364.380:903): arch=c000003e syscall=59 success=yes exit=0 pid=3903 uid=2002 gid=2002 comm="chmod" exe="/usr/bin/chmod" key="process_execution"
Aug 20 06:46:07 aitest audit: type=SYSCALL msg=audit(1755672367.871:508): arch=c000003e syscall=59 success=yes exit=0 pid=11177 uid=2002 gid=2002 comm="cp" exe="/usr/bin/cp" key="process_execution"
Aug 20 06:46:12 aitest audit: type=SYSCALL msg=audit(1755672372.642:897): arch=c000003e syscall=59 success=yes exit=0 pid=5876 uid=2002 gid=2002 comm="grep" exe="/usr/bin/grep" key="process_execution"
Aug 20 06:49:02 aitest audit: type=SYSCALL msg=audit(1755672542.971:777): arch=c000003e syscall=59 success=yes exit=0 pid=9398 uid=2010 gid=2010 comm="tar" exe="/usr/bin/tar" key="process_execution"
Aug 20 06:49:07 aitest audit: type=PATH msg=audit(1755672547.779:573): item=0 name="/home/opc/logai/enterprise_mnc_audit_sim/enterprise_data/operations" inode=16163 dev=08:01 mode=0100644 ouid=0 ogid=0
Aug 20 06:49:07 aitest audit: type=SYSCALL msg=audit(1755672547.779:778): arch=c000003e syscall=59 success=yes exit=0 pid=4310 uid=2010 gid=2010 comm="find" exe="/usr/bin/find" key="process_execution"
Aug 20 06:49:17 aitest audit: type=PATH msg=audit(1755672557.157:416): item=0 name="/home/opc/logai/enterprise_mnc_audit_sim/applications/" inode=38497 dev=08:01 mode=0100644 ouid=0 ogid=0
Aug 20 06:49:17 aitest audit: type=SYSCALL msg=audit(1755672557.157:85): arch=c000003e syscall=59 success=yes exit=0 pid=3313 uid=2010 gid=2010 comm="ls" exe="/usr/bin/ls" key="process_execution"
Aug 20 06:49:22 aitest audit: type=PATH msg=audit(1755672562.150:736): item=0 name="/home/opc/logai/enterprise_mnc_audit_sim/applications/" inode=12076 dev=08:01 mode=0100644 ouid=0 ogid=0
Aug 20 06:49:22 aitest audit: type=SYSCALL msg=audit(1755672562.150:631): arch=c000003e syscall=59 success=yes exit=0 pid=8864 uid=2010 gid=2010 comm="ls" exe="/usr/bin/ls" key="process_execution"
Aug 20 06:57:52 aitest audit: type=SYSCALL msg=audit(1755673072.957:97): arch=c000003e syscall=59 success=yes exit=0 pid=3496 uid=2002 gid=2002 comm="cp" exe="/usr/bin/cp" key="process_execution"
Aug 20 06:57:54 aitest audit: type=PATH msg=audit(1755673074.896:161): item=0 name="/home/opc/logai/enterprise_mnc_audit_sim/enterprise_data/database" inode=22638 dev=08:01 mode=0100644 ouid=0 ogid=0
Aug 20 06:57:54 aitest audit: type=SYSCALL msg=audit(1755673074.896:815): arch=c000003e syscall=59 success=yes exit=0 pid=10765 uid=2002 gid=2002 comm="find" exe="/usr/bin/find" key="process_execution"
Aug 20 06:57:57 aitest audit: type=PATH msg=audit(1755673077.25:223): item=0 name="/home/opc/logai/enterprise_mnc_audit_sim/enterprise_data/database/mysql/db_config.cnf" inode=28964 dev=08:01 mode=0100644 ouid=0 ogid=0
Aug 20 06:57:57 aitest audit: type=SYSCALL msg=audit(1755673077.25:95): arch=c000003e syscall=59 success=yes exit=0 pid=11979 uid=2002 gid=2002 comm="cat" exe="/usr/bin/cat" key="process_execution"
Aug 20 06:58:32 aitest audit: type=PATH msg=audit(1755673112.620:171): item=0 name="/home/opc/logai/enterprise_mnc_audit_sim/enterprise_data/" inode=37143 dev=08:01 mode=0100644 ouid=0 ogid=0
Aug 20 06:58:32 aitest audit: type=SYSCALL msg=audit(1755673112.620:27): arch=c000003e syscall=59 success=yes exit=0 pid=3557 uid=2008 gid=2008 comm="ls" exe="/usr/bin/ls" key="process_execution"
Aug 20 06:58:38 aitest audit: type=PATH msg=audit(1755673118.619:842): item=0 name="/home/opc/logai/enterprise_mnc_audit_sim/enterprise_data/hr/" inode=33906 dev=08:01 mode=0100644 ouid=0 ogid=0
Aug 20 06:58:38 aitest audit: type=SYSCALL msg=audit(1755673118.619:775): arch=c000003e syscall=59 success=yes exit=0 pid=2921 uid=2008 gid=2008 comm="ls" exe="/usr/bin/ls" key="process_execution"
Aug 20 06:58:40 aitest audit: type=SYSCALL msg=audit(1755673120.279:763): arch=c000003e syscall=59 success=yes exit=0 pid=4769 uid=2008 gid=2008 comm="find" exe="/usr/bin/find" key="process_execution"
Aug 20 06:58:44 aitest audit: type=SYSCALL msg=audit(1755673124.941:464): arch=c000003e syscall=59 success=yes exit=0 pid=10488 uid=2008 gid=2008 comm="w" exe="/usr/bin/w" key="process_execution"
Aug 20 06:58:45 aitest audit: type=SYSCALL msg=audit(1755673125.181:203): arch=c000003e syscall=59 success=yes exit=0 pid=9404 uid=2008 gid=2008 comm="who" exe="/usr/bin/who" key="process_execution"
Aug 20 07:01:12 aitest audit: type=SYSCALL msg=audit(1755673272.684:84): arch=c000003e syscall=59 success=yes exit=0 pid=4275 uid=2001 gid=2001 comm="free" exe="/usr/bin/free" key="process_execution"
Aug 20 07:01:15 aitest audit: type=SYSCALL msg=audit(1755673275.985:377): arch=c000003e syscall=59 success=yes exit=0 pid=9479 uid=2001 gid=2001 comm="df" exe="/usr/bin/df" key="process_execution"
Aug 20 07:01:16 aitest audit: type=SYSCALL msg=audit(1755673276.654:453): arch=c000003e syscall=59 success=yes exit=0 pid=2792 uid=2001 gid=2001 comm="free" exe="/usr/bin/free" key="process_execution"
Aug 20 07:01:22 aitest audit: type=PATH msg=audit(1755673282.482:946): item=0 name="/home/opc/logai/enterprise_mnc_audit_sim/system/configs/server.conf" inode=32789 dev=08:01 mode=0100644 ouid=0 ogid=0
Aug 20 07:01:22 aitest audit: type=SYSCALL msg=audit(1755673282.482:356): arch=c000003e syscall=59 success=yes exit=0 pid=8317 uid=2001 gid=2001 comm="chmod" exe="/usr/bin/chmod" key="process_execution"
Aug 20 07:02:21 aitest audit: type=SYSCALL msg=audit(1755673341.297:741): arch=c000003e syscall=59 success=yes exit=0 pid=9466 uid=2004 gid=2004 comm="df" exe="/usr/bin/df" key="process_execution"
Aug 20 07:02:29 aitest audit: type=SYSCALL msg=audit(1755673349.981:327): arch=c000003e syscall=59 success=yes exit=0 pid=7978 uid=2004 gid=2004 comm="ps" exe="/usr/bin/ps" key="process_execution"
Aug 20 07:02:35 aitest audit: type=PATH msg=audit(1755673355.241:912): item=0 name="/home/opc/logai/enterprise_mnc_audit_sim/system" inode=13479 dev=08:01 mode=0100644 ouid=0 ogid=0
Aug 20 07:02:35 aitest audit: type=SYSCALL msg=audit(1755673355.241:838): arch=c000003e syscall=59 success=yes exit=0 pid=2256 uid=2004 gid=2004 comm="find" exe="/usr/bin/find" key="process_execution"
Aug 20 07:02:38 aitest audit: type=PATH msg=audit(1755673358.152:286): item=0 name="/home/opc/logai/enterprise_mnc_audit_sim/system/configs/" inode=36667 dev=08:01 mode=0100644 ouid=0 ogid=0
Aug 20 07:02:38 aitest audit: type=SYSCALL msg=audit(1755673358.152:759): arch=c000003e syscall=59 success=yes exit=0 pid=10266 uid=2004 gid=2004 comm="ls" exe="/usr/bin/ls" key="process_execution"
Aug 20 07:08:27 aitest audit: type=SYSCALL msg=audit(1755673707.774:860): arch=c000003e syscall=59 success=yes exit=0 pid=2912 uid=2006 gid=2006 comm="wc" exe="/usr/bin/wc" key="process_execution"
Aug 20 07:08:30 aitest audit: type=PATH msg=audit(1755673710.18:446): item=0 name="/home/opc/logai/enterprise_mnc_audit_sim/enterprise_data/development" inode=40353 dev=08:01 mode=0100644 ouid=0 ogid=0
Aug 20 07:08:30 aitest audit: type=SYSCALL msg=audit(1755673710.18:251): arch=c000003e syscall=59 success=yes exit=0 pid=6964 uid=2006 gid=2006 comm="find" exe="/usr/bin/find" key="process_execution"
Aug 20 07:08:38 aitest audit: type=PATH msg=audit(1755673718.947:755): item=0 name="/home/opc/logai/enterprise_mnc_audit_sim/enterprise_data/development/scripts/build.sh" inode=36182 dev=08:01 mode=0100644 ouid=0 ogid=0
Aug 20 07:08:38 aitest audit: type=SYSCALL msg=audit(1755673718.947:61): arch=c000003e syscall=59 success=yes exit=0 pid=10287 uid=2006 gid=2006 comm="chmod" exe="/usr/bin/chmod" key="process_execution"
Aug 20 07:08:39 aitest audit: type=PATH msg=audit(1755673719.54:815): item=0 name="/home/opc/logai/enterprise_mnc_audit_sim/enterprise_data/development" inode=14867 dev=08:01 mode=0100644 ouid=0 ogid=0
Aug 20 07:08:39 aitest audit: type=SYSCALL msg=audit(1755673719.54:154): arch=c000003e syscall=59 success=yes exit=0 pid=4543 uid=2006 gid=2006 comm="find" exe="/usr/bin/find" key="process_execution"
Aug 20 07:18:05 aitest audit: type=SYSCALL msg=audit(1755674285.556:587): arch=c000003e syscall=59 success=yes exit=0 pid=3761 uid=2001 gid=2001 comm="netstat" exe="/usr/bin/netstat" key="process_execution"
Aug 20 07:18:11 aitest audit: type=PATH msg=audit(1755674291.121:581): item=0 name="/home/opc/logai/enterprise_mnc_audit_sim/system/configs/" inode=37488 dev=08:01 mode=0100644 ouid=0 ogid=0
Aug 20 07:18:11 aitest audit: type=SYSCALL msg=audit(1755674291.121:855): arch=c000003e syscall=59 success=yes exit=0 pid=7927 uid=2001 gid=2001 comm="ls" exe="/usr/bin/ls" key="process_execution"
Aug 20 07:18:21 aitest audit: type=PATH msg=audit(1755674301.713:11): item=0 name="/home/opc/logai/enterprise_mnc_audit_sim/system" inode=21484 dev=08:01 mode=0100644 ouid=0 ogid=0
Aug 20 07:18:21 aitest audit: type=SYSCALL msg=audit(1755674301.713:306): arch=c000003e syscall=59 success=yes exit=0 pid=4566 uid=2001 gid=2001 comm="find" exe="/usr/bin/find" key="process_execution"
Aug 20 07:18:28 aitest audit: type=PATH msg=audit(1755674308.9:563): item=0 name="/home/opc/logai/enterprise_mnc_audit_sim/system" inode=29152 dev=08:01 mode=0100644 ouid=0 ogid=0
Aug 20 07:18:28 aitest audit: type=SYSCALL msg=audit(1755674308.9:75): arch=c000003e syscall=59 success=yes exit=0 pid=11967 uid=2001 gid=2001 comm="find" exe="/usr/bin/find" key="process_execution"
Aug 20 07:18:35 aitest audit: type=PATH msg=audit(1755674315.183:604): item=0 name="/home/opc/logai/enterprise_mnc_audit_sim/system" inode=39068 dev=08:01 mode=0100644 ouid=0 ogid=0
Aug 20 07:18:35 aitest audit: type=SYSCALL msg=audit(1755674315.183:63): arch=c000003e syscall=59 success=yes exit=0 pid=9450 uid=2001 gid=2001 comm="find" exe="/usr/bin/find" key="process_execution"
Aug 20 07:27:54 aitest audit: type=SYSCALL msg=audit(1755674874.211:420): arch=c000003e syscall=59 success=yes exit=0 pid=4267 uid=2005 gid=2005 comm="du" exe="/usr/bin/du" key="process_execution"
Aug 20 07:27:57 aitest audit: type=PATH msg=audit(1755674877.458:644): item=0 name="/home/opc/logai/enterprise_mnc_audit_sim/enterprise_data/database/mysql/db_config.cnf" inode=12340 dev=08:01 mode=0100644 ouid=0 ogid=0
Aug 20 07:27:57 aitest audit: type=SYSCALL msg=audit(1755674877.458:288): arch=c000003e syscall=59 success=yes exit=0 pid=9105 uid=2005 gid=2005 comm="chmod" exe="/usr/bin/chmod" key="process_execution"
Aug 20 07:28:02 aitest audit: type=PATH msg=audit(1755674882.209:971): item=0 name="/home/opc/logai/enterprise_mnc_audit_sim/enterprise_data/database/mysql/db_config.cnf" inode=21023 dev=08:01 mode=0100644 ouid=0 ogid=0
Aug 20 07:28:02 aitest audit: type=SYSCALL msg=audit(1755674882.209:784): arch=c000003e syscall=59 success=yes exit=0 pid=10897 uid=2005 gid=2005 comm="cat" exe="/usr/bin/cat" key="process_execution"
Aug 20 07:33:48 aitest audit: type=PATH msg=audit(1755675228.167:757): item=0 name="/home/opc/logai/enterprise_mnc_audit_sim/enterprise_data/database/mysql/db_config.cnf" inode=35955 dev=08:01 mode=0100644 ouid=0 ogid=0
Aug 20 07:33:48 aitest audit: type=SYSCALL msg=audit(1755675228.167:916): arch=c000003e syscall=59 success=yes exit=0 pid=3015 uid=2005 gid=2005 comm="cat" exe="/usr/bin/cat" key="process_execution"
Aug 20 07:33:55 aitest audit: type=SYSCALL msg=audit(1755675235.769:583): arch=c000003e syscall=59 success=yes exit=0 pid=3283 uid=2005 gid=2005 comm="cp" exe="/usr/bin/cp" key="process_execution"
Aug 20 07:34:00 aitest audit: type=PATH msg=audit(1755675240.687:856): item=0 name="/home/opc/logai/enterprise_mnc_audit_sim/enterprise_data/database/mysql/db_config.cnf" inode=27263 dev=08:01 mode=0100644 ouid=0 ogid=0
Aug 20 07:34:00 aitest audit: type=SYSCALL msg=audit(1755675240.687:663): arch=c000003e syscall=59 success=yes exit=0 pid=5090 uid=2005 gid=2005 comm="chmod" exe="/usr/bin/chmod" key="process_execution"
Aug 20 07:34:05 aitest audit: type=PATH msg=audit(1755675245.114:276): item=0 name="/home/opc/logai/enterprise_mnc_audit_sim/enterprise_data/database" inode=40534 dev=08:01 mode=0100644 ouid=0 ogid=0
Aug 20 07:34:05 aitest audit: type=SYSCALL msg=audit(1755675245.114:222): arch=c000003e syscall=59 success=yes exit=0 pid=10317 uid=2005 gid=2005 comm="find" exe="/usr/bin/find" key="process_execution"
Aug 20 07:37:13 aitest audit: type=PATH msg=audit(1755675433.75:773): item=0 name="/home/opc/logai/enterprise_mnc_audit_sim/system/configs/server.conf" inode=42382 dev=08:01 mode=0100644 ouid=0 ogid=0
Aug 20 07:37:13 aitest audit: type=SYSCALL msg=audit(1755675433.75:971): arch=c000003e syscall=59 success=yes exit=0 pid=6107 uid=2004 gid=2004 comm="chmod" exe="/usr/bin/chmod" key="process_execution"
Aug 20 07:37:20 aitest audit: type=PATH msg=audit(1755675440.455:841): item=0 name="/home/opc/logai/enterprise_mnc_audit_sim/system" inode=30686 dev=08:01 mode=0100644 ouid=0 ogid=0
Aug 20 07:37:20 aitest audit: type=SYSCALL msg=audit(1755675440.455:44): arch=c000003e syscall=59 success=yes exit=0 pid=3099 uid=2004 gid=2004 comm="find" exe="/usr/bin/find" key="process_execution"
Aug 20 07:37:28 aitest audit: type=SYSCALL msg=audit(1755675448.269:914): arch=c000003e syscall=59 success=yes exit=0 pid=4383 uid=2004 gid=2004 comm="ps" exe="/usr/bin/ps" key="process_execution"
Aug 20 07:47:45 aitest audit: type=PATH msg=audit(1755676065.489:466): item=0 name="/home/opc/logai/enterprise_mnc_audit_sim/enterprise_data/database/" inode=10470 dev=08:01 mode=0100644 ouid=0 ogid=0
Aug 20 07:47:45 aitest audit: type=SYSCALL msg=audit(1755676065.489:528): arch=c000003e syscall=59 success=yes exit=0 pid=6675 uid=2005 gid=2005 comm="ls" exe="/usr/bin/ls" key="process_execution"
Aug 20 07:47:55 aitest audit: type=PATH msg=audit(1755676075.249:564): item=0 name="/home/opc/logai/enterprise_mnc_audit_sim/enterprise_data/database/mysql/db_config.cnf" inode=34515 dev=08:01 mode=0100644 ouid=0 ogid=0
Aug 20 07:47:55 aitest audit: type=SYSCALL msg=audit(1755676075.249:893): arch=c000003e syscall=59 success=yes exit=0 pid=11570 uid=2005 gid=2005 comm="chmod" exe="/usr/bin/chmod" key="process_execution"
Aug 20 07:54:12 aitest audit: type=PATH msg=audit(1755676452.97:470): item=0 name="/home/opc/logai/enterprise_mnc_audit_sim/enterprise_data/database/" inode=17188 dev=08:01 mode=0100644 ouid=0 ogid=0
Aug 20 07:54:12 aitest audit: type=SYSCALL msg=audit(1755676452.97:166): arch=c000003e syscall=59 success=yes exit=0 pid=10696 uid=2005 gid=2005 comm="ls" exe="/usr/bin/ls" key="process_execution"
Aug 20 07:54:22 aitest audit: type=PATH msg=audit(1755676462.37:174): item=0 name="/home/opc/logai/enterprise_mnc_audit_sim/enterprise_data/database/" inode=31121 dev=08:01 mode=0100644 ouid=0 ogid=0
Aug 20 07:54:22 aitest audit: type=SYSCALL msg=audit(1755676462.37:88): arch=c000003e syscall=59 success=yes exit=0 pid=3453 uid=2005 gid=2005 comm="ls" exe="/usr/bin/ls" key="process_execution"
Aug 20 07:54:23 aitest audit: type=PATH msg=audit(1755676463.145:852): item=0 name="/home/opc/logai/enterprise_mnc_audit_sim/enterprise_data/database/mysql/db_config.cnf" inode=32916 dev=08:01 mode=0100644 ouid=0 ogid=0
Aug 20 07:54:23 aitest audit: type=SYSCALL msg=audit(1755676463.145:152): arch=c000003e syscall=59 success=yes exit=0 pid=7302 uid=2005 gid=2005 comm="cat" exe="/usr/bin/cat" key="process_execution"
Aug 20 07:55:12 aitest audit: type=SYSCALL msg=audit(1755676512.244:687): arch=c000003e syscall=59 success=yes exit=0 pid=4684 uid=2002 gid=2002 comm="grep" exe="/usr/bin/grep" key="process_execution"
Aug 20 07:55:16 aitest audit: type=PATH msg=audit(1755676516.713:630): item=0 name="/home/opc/logai/enterprise_mnc_audit_sim/enterprise_data/database/mysql/db_config.cnf" inode=42519 dev=08:01 mode=0100644 ouid=0 ogid=0
Aug 20 07:55:16 aitest audit: type=SYSCALL msg=audit(1755676516.713:795): arch=c000003e syscall=59 success=yes exit=0 pid=11831 uid=2002 gid=2002 comm="chmod" exe="/usr/bin/chmod" key="process_execution"
Aug 20 07:55:20 aitest audit: type=PATH msg=audit(1755676520.9:562): item=0 name="/home/opc/logai/enterprise_mnc_audit_sim/enterprise_data/database/mysql/db_config.cnf" inode=11033 dev=08:01 mode=0100644 ouid=0 ogid=0
Aug 20 07:55:20 aitest audit: type=SYSCALL msg=audit(1755676520.9:609): arch=c000003e syscall=59 success=yes exit=0 pid=6836 uid=2002 gid=2002 comm="cat" exe="/usr/bin/cat" key="process_execution"
Aug 20 07:55:28 aitest audit: type=SYSCALL msg=audit(1755676528.234:660): arch=c000003e syscall=59 success=yes exit=0 pid=3509 uid=2002 gid=2002 comm="cp" exe="/usr/bin/cp" key="process_execution"
Aug 20 08:00:48 aitest audit: type=PATH msg=audit(1755676848.228:991): item=0 name="/home/opc/logai/enterprise_mnc_audit_sim/enterprise_data/database/mysql/db_config.cnf" inode=17263 dev=08:01 mode=0100644 ouid=0 ogid=0
Aug 20 08:00:48 aitest audit: type=SYSCALL msg=audit(1755676848.228:557): arch=c000003e syscall=59 success=yes exit=0 pid=3992 uid=2005 gid=2005 comm="cat" exe="/usr/bin/cat" key="process_execution"
Aug 20 08:00:49 aitest audit: type=PATH msg=audit(1755676849.449:940): item=0 name="/home/opc/logai/enterprise_mnc_audit_sim/enterprise_data/database/mysql/db_config.cnf" inode=36408 dev=08:01 mode=0100644 ouid=0 ogid=0
Aug 20 08:00:49 aitest audit: type=SYSCALL msg=audit(1755676849.449:848): arch=c000003e syscall=59 success=yes exit=0 pid=4127 uid=2005 gid=2005 comm="chmod" exe="/usr/bin/chmod" key="process_execution"
Aug 20 08:00:52 aitest audit: type=PATH msg=audit(1755676852.396:445): item=0 name="/home/opc/logai/enterprise_mnc_audit_sim/enterprise_data/database/mysql/db_config.cnf" inode=38231 dev=08:01 mode=0100644 ouid=0 ogid=0
Aug 20 08:00:52 aitest audit: type=SYSCALL msg=audit(1755676852.396:568): arch=c000003e syscall=59 success=yes exit=0 pid=10637 uid=2005 gid=2005 comm="cat" exe="/usr/bin/cat" key="process_execution"
Aug 20 08:00:58 aitest audit: type=SYSCALL msg=audit(1755676858.331:168): arch=c000003e syscall=59 success=yes exit=0 pid=10266 uid=2005 gid=2005 comm="cp" exe="/usr/bin/cp" key="process_execution"
Aug 20 08:01:08 aitest audit: type=PATH msg=audit(1755676868.845:12): item=0 name="/home/opc/logai/enterprise_mnc_audit_sim/enterprise_data/database/" inode=16400 dev=08:01 mode=0100644 ouid=0 ogid=0
Aug 20 08:01:08 aitest audit: type=SYSCALL msg=audit(1755676868.845:956): arch=c000003e syscall=59 success=yes exit=0 pid=5737 uid=2005 gid=2005 comm="ls" exe="/usr/bin/ls" key="process_execution"
Aug 20 08:06:06 aitest audit: type=PATH msg=audit(1755677166.825:334): item=0 name="/home/opc/logai/enterprise_mnc_audit_sim/applications/" inode=19174 dev=08:01 mode=0100644 ouid=0 ogid=0
Aug 20 08:06:06 aitest audit: type=SYSCALL msg=audit(1755677166.825:840): arch=c000003e syscall=59 success=yes exit=0 pid=11003 uid=2007 gid=2007 comm="ls" exe="/usr/bin/ls" key="process_execution"
Aug 20 08:06:11 aitest audit: type=PATH msg=audit(1755677171.971:519): item=0 name="/home/opc/logai/enterprise_mnc_audit_sim/applications/" inode=28933 dev=08:01 mode=0100644 ouid=0 ogid=0
Aug 20 08:06:11 aitest audit: type=SYSCALL msg=audit(1755677171.971:304): arch=c000003e syscall=59 success=yes exit=0 pid=3445 uid=2007 gid=2007 comm="ls" exe="/usr/bin/ls" key="process_execution"
Aug 20 08:06:12 aitest audit: type=SYSCALL msg=audit(1755677172.512:577): arch=c000003e syscall=59 success=yes exit=0 pid=5964 uid=2007 gid=2007 comm="tar" exe="/usr/bin/tar" key="process_execution"
Aug 20 08:14:42 aitest audit: type=SYSCALL msg=audit(1755677682.763:67): arch=c000003e syscall=59 success=yes exit=0 pid=5840 uid=2006 gid=2006 comm="wc" exe="/usr/bin/wc" key="process_execution"
Aug 20 08:14:46 aitest audit: type=PATH msg=audit(1755677686.782:598): item=0 name="/home/opc/logai/enterprise_mnc_audit_sim/enterprise_data/development/scripts/build.sh" inode=35393 dev=08:01 mode=0100644 ouid=0 ogid=0
Aug 20 08:14:46 aitest audit: type=SYSCALL msg=audit(1755677686.782:394): arch=c000003e syscall=59 success=yes exit=0 pid=4744 uid=2006 gid=2006 comm="chmod" exe="/usr/bin/chmod" key="process_execution"
Aug 20 08:14:51 aitest audit: type=PATH msg=audit(1755677691.150:885): item=0 name="/home/opc/logai/enterprise_mnc_audit_sim/enterprise_data/development/" inode=22950 dev=08:01 mode=0100644 ouid=0 ogid=0
Aug 20 08:14:51 aitest audit: type=SYSCALL msg=audit(1755677691.150:150): arch=c000003e syscall=59 success=yes exit=0 pid=8438 uid=2006 gid=2006 comm="ls" exe="/usr/bin/ls" key="process_execution"
Aug 20 08:14:57 aitest audit: type=PATH msg=audit(1755677697.32:929): item=0 name="/home/opc/logai/enterprise_mnc_audit_sim/enterprise_data/development/projects/" inode=39359 dev=08:01 mode=0100644 ouid=0 ogid=0
Aug 20 08:14:57 aitest audit: type=SYSCALL msg=audit(1755677697.32:201): arch=c000003e syscall=59 success=yes exit=0 pid=11653 uid=2006 gid=2006 comm="ls" exe="/usr/bin/ls" key="process_execution"
Aug 20 08:16:14 aitest audit: type=PATH msg=audit(1755677774.436:50): item=0 name="/home/opc/logai/enterprise_mnc_audit_sim/enterprise_data/development/projects/" inode=20649 dev=08:01 mode=0100644 ouid=0 ogid=0
Aug 20 08:16:14 aitest audit: type=SYSCALL msg=audit(1755677774.436:510): arch=c000003e syscall=59 success=yes exit=0 pid=7452 uid=2006 gid=2006 comm="ls" exe="/usr/bin/ls" key="process_execution"
Aug 20 08:16:23 aitest audit: type=PATH msg=audit(1755677783.80:525): item=0 name="/home/opc/logai/enterprise_mnc_audit_sim/enterprise_data/development/projects/" inode=29985 dev=08:01 mode=0100644 ouid=0 ogid=0
Aug 20 08:16:23 aitest audit: type=SYSCALL msg=audit(1755677783.80:424): arch=c000003e syscall=59 success=yes exit=0 pid=11118 uid=2006 gid=2006 comm="ls" exe="/usr/bin/ls" key="process_execution"
Aug 20 08:16:32 aitest audit: type=SYSCALL msg=audit(1755677792.663:324): arch=c000003e syscall=59 success=yes exit=0 pid=3516 uid=2006 gid=2006 comm="wc" exe="/usr/bin/wc" key="process_execution"
Aug 20 08:16:39 aitest audit: type=PATH msg=audit(1755677799.180:197): item=0 name="/home/opc/logai/enterprise_mnc_audit_sim/enterprise_data/development/projects/" inode=41266 dev=08:01 mode=0100644 ouid=0 ogid=0
Aug 20 08:16:39 aitest audit: type=SYSCALL msg=audit(1755677799.180:542): arch=c000003e syscall=59 success=yes exit=0 pid=10091 uid=2006 gid=2006 comm="ls" exe="/usr/bin/ls" key="process_execution"
Aug 20 08:17:30 aitest audit: type=PATH msg=audit(1755677850.517:38): item=0 name="/home/opc/logai/enterprise_mnc_audit_sim/system/configs/server.conf" inode=10438 dev=08:01 mode=0100644 ouid=0 ogid=0
Aug 20 08:17:30 aitest audit: type=SYSCALL msg=audit(1755677850.517:685): arch=c000003e syscall=59 success=yes exit=0 pid=3549 uid=2001 gid=2001 comm="chmod" exe="/usr/bin/chmod" key="process_execution"
Aug 20 08:17:33 aitest audit: type=SYSCALL msg=audit(1755677853.495:679): arch=c000003e syscall=59 success=yes exit=0 pid=11818 uid=2001 gid=2001 comm="df" exe="/usr/bin/df" key="process_execution"
Aug 20 08:19:28 aitest audit: type=PATH msg=audit(1755677968.683:169): item=0 name="/home/opc/logai/enterprise_mnc_audit_sim/system/logs/application.log" inode=22201 dev=08:01 mode=0100644 ouid=0 ogid=0
Aug 20 08:19:28 aitest audit: type=SYSCALL msg=audit(1755677968.683:259): arch=c000003e syscall=59 success=yes exit=0 pid=3017 uid=2001 gid=2001 comm="tail" exe="/usr/bin/tail" key="process_execution"
Aug 20 08:19:33 aitest audit: type=PATH msg=audit(1755677973.285:94): item=0 name="/home/opc/logai/enterprise_mnc_audit_sim/system/configs/" inode=23177 dev=08:01 mode=0100644 ouid=0 ogid=0
Aug 20 08:19:33 aitest audit: type=SYSCALL msg=audit(1755677973.285:563): arch=c000003e syscall=59 success=yes exit=0 pid=7773 uid=2001 gid=2001 comm="ls" exe="/usr/bin/ls" key="process_execution"
Aug 20 08:19:40 aitest audit: type=SYSCALL msg=audit(1755677980.657:739): arch=c000003e syscall=59 success=yes exit=0 pid=8995 uid=2001 gid=2001 comm="free" exe="/usr/bin/free" key="process_execution"
Aug 20 08:22:34 aitest audit: type=SYSCALL msg=audit(1755678154.921:358): arch=c000003e syscall=59 success=yes exit=0 pid=7188 uid=2005 gid=2005 comm="cp" exe="/usr/bin/cp" key="process_execution"
Aug 20 08:22:41 aitest audit: type=PATH msg=audit(1755678161.312:225): item=0 name="/home/opc/logai/enterprise_mnc_audit_sim/enterprise_data/database/mysql/db_config.cnf" inode=15154 dev=08:01 mode=0100644 ouid=0 ogid=0
Aug 20 08:22:41 aitest audit: type=SYSCALL msg=audit(1755678161.312:804): arch=c000003e syscall=59 success=yes exit=0 pid=3805 uid=2005 gid=2005 comm="cat" exe="/usr/bin/cat" key="process_execution"
Aug 20 08:23:17 aitest audit: type=PATH msg=audit(1755678197.901:501): item=0 name="/home/opc/logai/enterprise_mnc_audit_sim/enterprise_data/operations/" inode=11079 dev=08:01 mode=0100644 ouid=0 ogid=0
Aug 20 08:23:17 aitest audit: type=SYSCALL msg=audit(1755678197.901:247): arch=c000003e syscall=59 success=yes exit=0 pid=6943 uid=2010 gid=2010 comm="ls" exe="/usr/bin/ls" key="process_execution"
Aug 20 08:23:22 aitest audit: type=PATH msg=audit(1755678202.941:489): item=0 name="/home/opc/logai/enterprise_mnc_audit_sim/applications/" inode=30070 dev=08:01 mode=0100644 ouid=0 ogid=0
Aug 20 08:23:22 aitest audit: type=SYSCALL msg=audit(1755678202.941:931): arch=c000003e syscall=59 success=yes exit=0 pid=2954 uid=2010 gid=2010 comm="ls" exe="/usr/bin/ls" key="process_execution"
Aug 20 08:23:30 aitest audit: type=PATH msg=audit(1755678210.668:651): item=0 name="/home/opc/logai/enterprise_mnc_audit_sim/enterprise_data/operations/" inode=15315 dev=08:01 mode=0100644 ouid=0 ogid=0
Aug 20 08:23:30 aitest audit: type=SYSCALL msg=audit(1755678210.668:516): arch=c000003e syscall=59 success=yes exit=0 pid=4268 uid=2010 gid=2010 comm="ls" exe="/usr/bin/ls" key="process_execution"
Aug 20 08:23:39 aitest audit: type=SYSCALL msg=audit(1755678219.706:12): arch=c000003e syscall=59 success=yes exit=0 pid=4017 uid=2010 gid=2010 comm="top" exe="/usr/bin/top" key="process_execution"
Aug 20 08:23:46 aitest audit: type=PATH msg=audit(1755678226.495:48): item=0 name="/home/opc/logai/enterprise_mnc_audit_sim/enterprise_data/operations" inode=23626 dev=08:01 mode=0100644 ouid=0 ogid=0
Aug 20 08:23:46 aitest audit: type=SYSCALL msg=audit(1755678226.495:444): arch=c000003e syscall=59 success=yes exit=0 pid=9642 uid=2010 gid=2010 comm="find" exe="/usr/bin/find" key="process_execution"
Aug 20 08:25:14 aitest audit: type=SYSCALL msg=audit(1755678314.120:583): arch=c000003e syscall=59 success=yes exit=0 pid=3738 uid=2001 gid=2001 comm="df" exe="/usr/bin/df" key="process_execution"
Aug 20 08:25:17 aitest audit: type=PATH msg=audit(1755678317.898:83): item=0 name="/home/opc/logai/enterprise_mnc_audit_sim/system/configs/server.conf" inode=15807 dev=08:01 mode=0100644 ouid=0 ogid=0
Aug 20 08:25:17 aitest audit: type=SYSCALL msg=audit(1755678317.898:603): arch=c000003e syscall=59 success=yes exit=0 pid=4144 uid=2001 gid=2001 comm="cat" exe="/usr/bin/cat" key="process_execution"
Aug 20 08:25:25 aitest audit: type=PATH msg=audit(1755678325.226:684): item=0 name="/home/opc/logai/enterprise_mnc_audit_sim/system/logs/application.log" inode=24752 dev=08:01 mode=0100644 ouid=0 ogid=0
Aug 20 08:25:25 aitest audit: type=SYSCALL msg=audit(1755678325.226:442): arch=c000003e syscall=59 success=yes exit=0 pid=10092 uid=2001 gid=2001 comm="tail" exe="/usr/bin/tail" key="process_execution"
Aug 20 08:25:33 aitest audit: type=PATH msg=audit(1755678333.108:955): item=0 name="/home/opc/logai/enterprise_mnc_audit_sim/applications/" inode=17598 dev=08:01 mode=0100644 ouid=0 ogid=0
Aug 20 08:25:33 aitest audit: type=SYSCALL msg=audit(1755678333.108:532): arch=c000003e syscall=59 success=yes exit=0 pid=8669 uid=2001 gid=2001 comm="ls" exe="/usr/bin/ls" key="process_execution"
Aug 20 08:27:09 aitest audit: type=PATH msg=audit(1755678429.11:52): item=0 name="/home/opc/logai/enterprise_mnc_audit_sim/enterprise_data/development/scripts/build.sh" inode=29729 dev=08:01 mode=0100644 ouid=0 ogid=0
Aug 20 08:27:09 aitest audit: type=SYSCALL msg=audit(1755678429.11:831): arch=c000003e syscall=59 success=yes exit=0 pid=6914 uid=2006 gid=2006 comm="chmod" exe="/usr/bin/chmod" key="process_execution"
Aug 20 08:27:12 aitest audit: type=PATH msg=audit(1755678432.533:381): item=0 name="/home/opc/logai/enterprise_mnc_audit_sim/enterprise_data/development/projects/project_alpha.txt" inode=38775 dev=08:01 mode=0100644 ouid=0 ogid=0
Aug 20 08:27:12 aitest audit: type=SYSCALL msg=audit(1755678432.533:288): arch=c000003e syscall=59 success=yes exit=0 pid=8699 uid=2006 gid=2006 comm="cat" exe="/usr/bin/cat" key="process_execution"
Aug 20 08:35:38 aitest audit: type=PATH msg=audit(1755678938.553:522): item=0 name="/home/opc/logai/enterprise_mnc_audit_sim/enterprise_data/database" inode=20239 dev=08:01 mode=0100644 ouid=0 ogid=0
Aug 20 08:35:38 aitest audit: type=SYSCALL msg=audit(1755678938.553:979): arch=c000003e syscall=59 success=yes exit=0 pid=8234 uid=2005 gid=2005 comm="find" exe="/usr/bin/find" key="process_execution"
Aug 20 08:35:45 aitest audit: type=SYSCALL msg=audit(1755678945.380:734): arch=c000003e syscall=59 success=yes exit=0 pid=2307 uid=2005 gid=2005 comm="grep" exe="/usr/bin/grep" key="process_execution"
Aug 20 08:35:51 aitest audit: type=PATH msg=audit(1755678951.157:53): item=0 name="/home/opc/logai/enterprise_mnc_audit_sim/enterprise_data/database/mysql/db_config.cnf" inode=18179 dev=08:01 mode=0100644 ouid=0 ogid=0
Aug 20 08:35:51 aitest audit: type=SYSCALL msg=audit(1755678951.157:337): arch=c000003e syscall=59 success=yes exit=0 pid=4297 uid=2005 gid=2005 comm="chmod" exe="/usr/bin/chmod" key="process_execution"
Aug 20 08:35:53 aitest audit: type=PATH msg=audit(1755678953.716:656): item=0 name="/home/opc/logai/enterprise_mnc_audit_sim/applications/databases/" inode=13305 dev=08:01 mode=0100644 ouid=0 ogid=0
Aug 20 08:35:53 aitest audit: type=SYSCALL msg=audit(1755678953.716:119): arch=c000003e syscall=59 success=yes exit=0 pid=8809 uid=2005 gid=2005 comm="ls" exe="/usr/bin/ls" key="process_execution"
Aug 20 08:35:57 aitest audit: type=PATH msg=audit(1755678957.34:274): item=0 name="/home/opc/logai/enterprise_mnc_audit_sim/enterprise_data/database/mysql/db_config.cnf" inode=33880 dev=08:01 mode=0100644 ouid=0 ogid=0
Aug 20 08:35:57 aitest audit: type=SYSCALL msg=audit(1755678957.34:871): arch=c000003e syscall=59 success=yes exit=0 pid=6385 uid=2005 gid=2005 comm="chmod" exe="/usr/bin/chmod" key="process_execution"
Aug 20 08:38:08 aitest audit: type=SYSCALL msg=audit(1755679088.388:946): arch=c000003e syscall=59 success=yes exit=0 pid=6493 uid=2004 gid=2004 comm="free" exe="/usr/bin/free" key="process_execution"
Aug 20 08:38:11 aitest audit: type=SYSCALL msg=audit(1755679091.695:155): arch=c000003e syscall=59 success=yes exit=0 pid=11078 uid=2004 gid=2004 comm="free" exe="/usr/bin/free" key="process_execution"
Aug 20 08:39:10 aitest audit: type=PATH msg=audit(1755679150.285:337): item=0 name="/home/opc/logai/enterprise_mnc_audit_sim/enterprise_data/database/mysql/db_config.cnf" inode=28860 dev=08:01 mode=0100644 ouid=0 ogid=0
Aug 20 08:39:10 aitest audit: type=SYSCALL msg=audit(1755679150.285:461): arch=c000003e syscall=59 success=yes exit=0 pid=5956 uid=2002 gid=2002 comm="chmod" exe="/usr/bin/chmod" key="process_execution"
Aug 20 08:39:18 aitest audit: type=SYSCALL msg=audit(1755679158.830:383): arch=c000003e syscall=59 success=yes exit=0 pid=4540 uid=2002 gid=2002 comm="cp" exe="/usr/bin/cp" key="process_execution"
Aug 20 08:46:46 aitest audit: type=PATH msg=audit(1755679606.1:142): item=0 name="/home/opc/logai/enterprise_mnc_audit_sim/system" inode=41672 dev=08:01 mode=0100644 ouid=0 ogid=0
Aug 20 08:46:46 aitest audit: type=SYSCALL msg=audit(1755679606.1:638): arch=c000003e syscall=59 success=yes exit=0 pid=4634 uid=2004 gid=2004 comm="find" exe="/usr/bin/find" key="process_execution"
Aug 20 08:46:52 aitest audit: type=PATH msg=audit(1755679612.954:578): item=0 name="/home/opc/logai/enterprise_mnc_audit_sim/system/logs/application.log" inode=30309 dev=08:01 mode=0100644 ouid=0 ogid=0
Aug 20 08:46:52 aitest audit: type=SYSCALL msg=audit(1755679612.954:35): arch=c000003e syscall=59 success=yes exit=0 pid=4631 uid=2004 gid=2004 comm="tail" exe="/usr/bin/tail" key="process_execution"
Aug 20 08:47:02 aitest audit: type=SYSCALL msg=audit(1755679622.115:600): arch=c000003e syscall=59 success=yes exit=0 pid=2564 uid=2004 gid=2004 comm="free" exe="/usr/bin/free" key="process_execution"
Aug 20 08:47:15 aitest audit: type=SYSCALL msg=audit(1755679635.1:796): arch=c000003e syscall=59 success=yes exit=0 pid=8754 uid=2003 gid=2003 comm="grep" exe="/usr/bin/grep" key="process_execution"
Aug 20 08:47:20 aitest audit: type=PATH msg=audit(1755679640.141:159): item=0 name="/home/opc/logai/enterprise_mnc_audit_sim/enterprise_data/development/projects/project_alpha.txt" inode=27423 dev=08:01 mode=0100644 ouid=0 ogid=0
Aug 20 08:47:20 aitest audit: type=SYSCALL msg=audit(1755679640.141:922): arch=c000003e syscall=59 success=yes exit=0 pid=5834 uid=2003 gid=2003 comm="cat" exe="/usr/bin/cat" key="process_execution"
Aug 20 08:47:23 aitest audit: type=PATH msg=audit(1755679643.3:945): item=0 name="/home/opc/logai/enterprise_mnc_audit_sim/enterprise_data/development/projects/" inode=10042 dev=08:01 mode=0100644 ouid=0 ogid=0
Aug 20 08:47:23 aitest audit: type=SYSCALL msg=audit(1755679643.3:270): arch=c000003e syscall=59 success=yes exit=0 pid=6636 uid=2003 gid=2003 comm="ls" exe="/usr/bin/ls" key="process_execution"
Aug 20 09:02:27 aitest audit: type=PATH msg=audit(1755680547.655:579): item=0 name="/home/opc/logai/enterprise_mnc_audit_sim/enterprise_data/development/" inode=16702 dev=08:01 mode=0100644 ouid=0 ogid=0
Aug 20 09:02:27 aitest audit: type=SYSCALL msg=audit(1755680547.655:468): arch=c000003e syscall=59 success=yes exit=0 pid=8707 uid=2006 gid=2006 comm="ls" exe="/usr/bin/ls" key="process_execution"
Aug 20 09:02:37 aitest audit: type=SYSCALL msg=audit(1755680557.98:520): arch=c000003e syscall=59 success=yes exit=0 pid=7721 uid=2006 gid=2006 comm="cp" exe="/usr/bin/cp" key="process_execution"
Aug 20 09:02:45 aitest audit: type=PATH msg=audit(1755680565.929:544): item=0 name="/home/opc/logai/enterprise_mnc_audit_sim/enterprise_data/development/projects/" inode=19604 dev=08:01 mode=0100644 ouid=0 ogid=0
Aug 20 09:02:45 aitest audit: type=SYSCALL msg=audit(1755680565.929:267): arch=c000003e syscall=59 success=yes exit=0 pid=5668 uid=2006 gid=2006 comm="ls" exe="/usr/bin/ls" key="process_execution"
