Aug 26 00:05:37 aitest audit: type=PATH msg=audit(1756166737.355:738): item=0 name="/home/opc/logai/enterprise_mnc_audit_sim/enterprise_data/hr/" inode=23920 dev=08:01 mode=0100644 ouid=0 ogid=0
Aug 26 00:05:37 aitest audit: type=SYSCALL msg=audit(1756166737.355:42): arch=c000003e syscall=59 success=yes exit=0 pid=2762 uid=2008 gid=2008 comm="chmod" exe="/usr/bin/chmod" key="process_execution"
Aug 26 00:05:45 aitest audit: type=SYSCALL msg=audit(1756166745.811:570): arch=c000003e syscall=59 success=yes exit=0 pid=10059 uid=2008 gid=2008 comm="netstat" exe="/usr/bin/netstat" key="process_execution"
Aug 26 00:13:14 aitest audit: type=SYSCALL msg=audit(1756167194.681:723): arch=c000003e syscall=59 success=yes exit=0 pid=3364 uid=2005 gid=2005 comm="cp" exe="/usr/bin/cp" key="process_execution"
Aug 26 00:13:16 aitest audit: type=SYSCALL msg=audit(1756167196.700:241): arch=c000003e syscall=59 success=yes exit=0 pid=9107 uid=2005 gid=2005 comm="grep" exe="/usr/bin/grep" key="process_execution"
Aug 26 00:13:17 aitest audit: type=SYSCALL msg=audit(1756167197.773:962): arch=c000003e syscall=59 success=yes exit=0 pid=8379 uid=2005 gid=2005 comm="grep" exe="/usr/bin/grep" key="process_execution"
Aug 26 00:13:18 aitest audit: type=SYSCALL msg=audit(1756167198.855:956): arch=c000003e syscall=59 success=yes exit=0 pid=11213 uid=2005 gid=2005 comm="du" exe="/usr/bin/du" key="process_execution"
Aug 26 00:20:28 aitest audit: type=PATH msg=audit(1756167628.988:772): item=0 name="/home/opc/logai/enterprise_mnc_audit_sim/applications/databases/" inode=28033 dev=08:01 mode=0100644 ouid=0 ogid=0
Aug 26 00:20:28 aitest audit: type=SYSCALL msg=audit(1756167628.988:326): arch=c000003e syscall=59 success=yes exit=0 pid=4342 uid=2005 gid=2005 comm="ls" exe="/usr/bin/ls" key="process_execution"
Aug 26 00:20:29 aitest audit: type=PATH msg=audit(1756167629.212:451): item=0 name="/home/opc/logai/enterprise_mnc_audit_sim/enterprise_data/database/mysql/db_config.cnf" inode=11668 dev=08:01 mode=0100644 ouid=0 ogid=0
Aug 26 00:20:29 aitest audit: type=SYSCALL msg=audit(1756167629.212:227): arch=c000003e syscall=59 success=yes exit=0 pid=2119 uid=2005 gid=2005 comm="chmod" exe="/usr/bin/chmod" key="process_execution"
Aug 26 00:27:30 aitest audit: type=PATH msg=audit(1756168050.914:224): item=0 name="/home/opc/logai/enterprise_mnc_audit_sim/enterprise_data/operations/" inode=36610 dev=08:01 mode=0100644 ouid=0 ogid=0
Aug 26 00:27:30 aitest audit: type=SYSCALL msg=audit(1756168050.914:740): arch=c000003e syscall=59 success=yes exit=0 pid=5455 uid=2010 gid=2010 comm="ls" exe="/usr/bin/ls" key="process_execution"
Aug 26 00:27:33 aitest audit: type=SYSCALL msg=audit(1756168053.467:918): arch=c000003e syscall=59 success=yes exit=0 pid=10970 uid=2010 gid=2010 comm="tar" exe="/usr/bin/tar" key="process_execution"
Aug 26 00:27:41 aitest audit: type=SYSCALL msg=audit(1756168061.669:996): arch=c000003e syscall=59 success=yes exit=0 pid=4189 uid=2010 gid=2010 comm="tar" exe="/usr/bin/tar" key="process_execution"
Aug 26 00:27:49 aitest audit: type=SYSCALL msg=audit(1756168069.824:826): arch=c000003e syscall=59 success=yes exit=0 pid=3185 uid=2010 gid=2010 comm="ps" exe="/usr/bin/ps" key="process_execution"
Aug 26 00:42:30 aitest audit: type=PATH msg=audit(1756168950.852:903): item=0 name="/home/opc/logai/enterprise_mnc_audit_sim/system/configs/server.conf" inode=37508 dev=08:01 mode=0100644 ouid=0 ogid=0
Aug 26 00:42:30 aitest audit: type=SYSCALL msg=audit(1756168950.852:325): arch=c000003e syscall=59 success=yes exit=0 pid=11926 uid=2001 gid=2001 comm="chmod" exe="/usr/bin/chmod" key="process_execution"
Aug 26 00:42:35 aitest audit: type=PATH msg=audit(1756168955.659:859): item=0 name="/home/opc/logai/enterprise_mnc_audit_sim/system/configs/" inode=12957 dev=08:01 mode=0100644 ouid=0 ogid=0
Aug 26 00:42:35 aitest audit: type=SYSCALL msg=audit(1756168955.659:320): arch=c000003e syscall=59 success=yes exit=0 pid=9728 uid=2001 gid=2001 comm="ls" exe="/usr/bin/ls" key="process_execution"
Aug 26 00:42:38 aitest audit: type=SYSCALL msg=audit(1756168958.832:719): arch=c000003e syscall=59 success=yes exit=0 pid=4667 uid=2001 gid=2001 comm="df" exe="/usr/bin/df" key="process_execution"
Aug 26 00:42:46 aitest audit: type=PATH msg=audit(1756168966.204:861): item=0 name="/home/opc/logai/enterprise_mnc_audit_sim/system/logs/application.log" inode=18056 dev=08:01 mode=0100644 ouid=0 ogid=0
Aug 26 00:42:46 aitest audit: type=SYSCALL msg=audit(1756168966.204:150): arch=c000003e syscall=59 success=yes exit=0 pid=8880 uid=2001 gid=2001 comm="tail" exe="/usr/bin/tail" key="process_execution"
Aug 26 00:47:30 aitest audit: type=SYSCALL msg=audit(1756169250.372:917): arch=c000003e syscall=59 success=yes exit=0 pid=2518 uid=2003 gid=2003 comm="cp" exe="/usr/bin/cp" key="process_execution"
Aug 26 00:47:37 aitest audit: type=PATH msg=audit(1756169257.675:779): item=0 name="/home/opc/logai/enterprise_mnc_audit_sim/enterprise_data/development" inode=29716 dev=08:01 mode=0100644 ouid=0 ogid=0
Aug 26 00:47:37 aitest audit: type=SYSCALL msg=audit(1756169257.675:696): arch=c000003e syscall=59 success=yes exit=0 pid=4969 uid=2003 gid=2003 comm="find" exe="/usr/bin/find" key="process_execution"
Aug 26 01:05:31 aitest audit: type=PATH msg=audit(1756170331.866:329): item=0 name="/home/opc/logai/enterprise_mnc_audit_sim/enterprise_data/development/projects/" inode=11869 dev=08:01 mode=0100644 ouid=0 ogid=0
Aug 26 01:05:31 aitest audit: type=SYSCALL msg=audit(1756170331.866:564): arch=c000003e syscall=59 success=yes exit=0 pid=3197 uid=2009 gid=2009 comm="ls" exe="/usr/bin/ls" key="process_execution"
Aug 26 01:05:34 aitest audit: type=PATH msg=audit(1756170334.991:175): item=0 name="/home/opc/logai/enterprise_mnc_audit_sim/enterprise_data/development/" inode=42532 dev=08:01 mode=0100644 ouid=0 ogid=0
Aug 26 01:05:34 aitest audit: type=SYSCALL msg=audit(1756170334.991:151): arch=c000003e syscall=59 success=yes exit=0 pid=11579 uid=2009 gid=2009 comm="ls" exe="/usr/bin/ls" key="process_execution"
Aug 26 01:05:41 aitest audit: type=PATH msg=audit(1756170341.295:160): item=0 name="/home/opc/logai/enterprise_mnc_audit_sim/enterprise_data/development/" inode=21243 dev=08:01 mode=0100644 ouid=0 ogid=0
Aug 26 01:05:41 aitest audit: type=SYSCALL msg=audit(1756170341.295:442): arch=c000003e syscall=59 success=yes exit=0 pid=4238 uid=2009 gid=2009 comm="ls" exe="/usr/bin/ls" key="process_execution"
Aug 26 01:05:44 aitest audit: type=SYSCALL msg=audit(1756170344.593:469): arch=c000003e syscall=59 success=yes exit=0 pid=9768 uid=2009 gid=2009 comm="wc" exe="/usr/bin/wc" key="process_execution"
Aug 26 01:08:12 aitest audit: type=PATH msg=audit(1756170492.734:403): item=0 name="/home/opc/logai/enterprise_mnc_audit_sim/enterprise_data/development/projects/" inode=15454 dev=08:01 mode=0100644 ouid=0 ogid=0
Aug 26 01:08:12 aitest audit: type=SYSCALL msg=audit(1756170492.734:681): arch=c000003e syscall=59 success=yes exit=0 pid=2434 uid=2006 gid=2006 comm="ls" exe="/usr/bin/ls" key="process_execution"
Aug 26 01:08:17 aitest audit: type=SYSCALL msg=audit(1756170497.456:582): arch=c000003e syscall=59 success=yes exit=0 pid=6480 uid=2006 gid=2006 comm="wc" exe="/usr/bin/wc" key="process_execution"
Aug 26 01:08:18 aitest audit: type=PATH msg=audit(1756170498.649:738): item=0 name="/home/opc/logai/enterprise_mnc_audit_sim/enterprise_data/development" inode=32875 dev=08:01 mode=0100644 ouid=0 ogid=0
Aug 26 01:08:18 aitest audit: type=SYSCALL msg=audit(1756170498.649:428): arch=c000003e syscall=59 success=yes exit=0 pid=2417 uid=2006 gid=2006 comm="find" exe="/usr/bin/find" key="process_execution"
Aug 26 01:08:27 aitest audit: type=SYSCALL msg=audit(1756170507.497:206): arch=c000003e syscall=59 success=yes exit=0 pid=2770 uid=2006 gid=2006 comm="grep" exe="/usr/bin/grep" key="process_execution"
Aug 26 01:23:06 aitest audit: type=PATH msg=audit(1756171386.481:855): item=0 name="/home/opc/logai/enterprise_mnc_audit_sim/enterprise_data/development/scripts/build.sh" inode=16669 dev=08:01 mode=0100644 ouid=0 ogid=0
Aug 26 01:23:06 aitest audit: type=SYSCALL msg=audit(1756171386.481:172): arch=c000003e syscall=59 success=yes exit=0 pid=8001 uid=2009 gid=2009 comm="chmod" exe="/usr/bin/chmod" key="process_execution"
Aug 26 01:23:08 aitest audit: type=PATH msg=audit(1756171388.46:251): item=0 name="/home/opc/logai/enterprise_mnc_audit_sim/enterprise_data/development/scripts/build.sh" inode=10586 dev=08:01 mode=0100644 ouid=0 ogid=0
Aug 26 01:23:08 aitest audit: type=SYSCALL msg=audit(1756171388.46:51): arch=c000003e syscall=59 success=yes exit=0 pid=7829 uid=2009 gid=2009 comm="chmod" exe="/usr/bin/chmod" key="process_execution"
Aug 26 01:24:12 aitest audit: type=SYSCALL msg=audit(1756171452.713:689): arch=c000003e syscall=59 success=yes exit=0 pid=5349 uid=2005 gid=2005 comm="du" exe="/usr/bin/du" key="process_execution"
Aug 26 01:24:20 aitest audit: type=SYSCALL msg=audit(1756171460.741:637): arch=c000003e syscall=59 success=yes exit=0 pid=10777 uid=2005 gid=2005 comm="du" exe="/usr/bin/du" key="process_execution"
Aug 26 01:24:29 aitest audit: type=PATH msg=audit(1756171469.913:764): item=0 name="/home/opc/logai/enterprise_mnc_audit_sim/applications/databases/" inode=32421 dev=08:01 mode=0100644 ouid=0 ogid=0
Aug 26 01:24:29 aitest audit: type=SYSCALL msg=audit(1756171469.913:393): arch=c000003e syscall=59 success=yes exit=0 pid=6793 uid=2005 gid=2005 comm="ls" exe="/usr/bin/ls" key="process_execution"
Aug 26 01:24:37 aitest audit: type=SYSCALL msg=audit(1756171477.335:629): arch=c000003e syscall=59 success=yes exit=0 pid=4214 uid=2005 gid=2005 comm="du" exe="/usr/bin/du" key="process_execution"
Aug 26 01:24:40 aitest audit: type=PATH msg=audit(1756171480.662:344): item=0 name="/home/opc/logai/enterprise_mnc_audit_sim/enterprise_data/database/mysql/db_config.cnf" inode=22130 dev=08:01 mode=0100644 ouid=0 ogid=0
Aug 26 01:24:40 aitest audit: type=SYSCALL msg=audit(1756171480.662:963): arch=c000003e syscall=59 success=yes exit=0 pid=10810 uid=2005 gid=2005 comm="cat" exe="/usr/bin/cat" key="process_execution"
Aug 26 01:29:01 aitest audit: type=PATH msg=audit(1756171741.665:795): item=0 name="/home/opc/logai/enterprise_mnc_audit_sim/enterprise_data/development/scripts/build.sh" inode=14802 dev=08:01 mode=0100644 ouid=0 ogid=0
Aug 26 01:29:01 aitest audit: type=SYSCALL msg=audit(1756171741.665:519): arch=c000003e syscall=59 success=yes exit=0 pid=6991 uid=2003 gid=2003 comm="chmod" exe="/usr/bin/chmod" key="process_execution"
Aug 26 01:29:08 aitest audit: type=PATH msg=audit(1756171748.349:769): item=0 name="/home/opc/logai/enterprise_mnc_audit_sim/enterprise_data/development/scripts/build.sh" inode=15821 dev=08:01 mode=0100644 ouid=0 ogid=0
Aug 26 01:29:08 aitest audit: type=SYSCALL msg=audit(1756171748.349:841): arch=c000003e syscall=59 success=yes exit=0 pid=10617 uid=2003 gid=2003 comm="chmod" exe="/usr/bin/chmod" key="process_execution"
Aug 26 01:29:13 aitest audit: type=PATH msg=audit(1756171753.329:547): item=0 name="/home/opc/logai/enterprise_mnc_audit_sim/enterprise_data/development/projects/project_alpha.txt" inode=23440 dev=08:01 mode=0100644 ouid=0 ogid=0
Aug 26 01:29:13 aitest audit: type=SYSCALL msg=audit(1756171753.329:53): arch=c000003e syscall=59 success=yes exit=0 pid=9299 uid=2003 gid=2003 comm="cat" exe="/usr/bin/cat" key="process_execution"
Aug 26 01:29:15 aitest audit: type=SYSCALL msg=audit(1756171755.699:726): arch=c000003e syscall=59 success=yes exit=0 pid=10151 uid=2003 gid=2003 comm="wc" exe="/usr/bin/wc" key="process_execution"
Aug 26 01:29:23 aitest audit: type=PATH msg=audit(1756171763.299:575): item=0 name="/home/opc/logai/enterprise_mnc_audit_sim/enterprise_data/development/scripts/build.sh" inode=22650 dev=08:01 mode=0100644 ouid=0 ogid=0
Aug 26 01:29:23 aitest audit: type=SYSCALL msg=audit(1756171763.299:898): arch=c000003e syscall=59 success=yes exit=0 pid=3913 uid=2003 gid=2003 comm="chmod" exe="/usr/bin/chmod" key="process_execution"
Aug 26 01:31:33 aitest audit: type=PATH msg=audit(1756171893.477:894): item=0 name="/home/opc/logai/enterprise_mnc_audit_sim/applications/" inode=26103 dev=08:01 mode=0100644 ouid=0 ogid=0
Aug 26 01:31:33 aitest audit: type=SYSCALL msg=audit(1756171893.477:721): arch=c000003e syscall=59 success=yes exit=0 pid=5869 uid=2004 gid=2004 comm="ls" exe="/usr/bin/ls" key="process_execution"
Aug 26 01:31:39 aitest audit: type=SYSCALL msg=audit(1756171899.591:581): arch=c000003e syscall=59 success=yes exit=0 pid=4527 uid=2004 gid=2004 comm="ps" exe="/usr/bin/ps" key="process_execution"
Aug 26 01:31:42 aitest audit: type=SYSCALL msg=audit(1756171902.822:45): arch=c000003e syscall=59 success=yes exit=0 pid=10368 uid=2004 gid=2004 comm="free" exe="/usr/bin/free" key="process_execution"
Aug 26 01:43:53 aitest audit: type=PATH msg=audit(1756172633.8:53): item=0 name="/home/opc/logai/enterprise_mnc_audit_sim/system" inode=30475 dev=08:01 mode=0100644 ouid=0 ogid=0
Aug 26 01:43:53 aitest audit: type=SYSCALL msg=audit(1756172633.8:749): arch=c000003e syscall=59 success=yes exit=0 pid=8498 uid=2001 gid=2001 comm="find" exe="/usr/bin/find" key="process_execution"
Aug 26 01:44:00 aitest audit: type=SYSCALL msg=audit(1756172640.570:72): arch=c000003e syscall=59 success=yes exit=0 pid=6891 uid=2001 gid=2001 comm="netstat" exe="/usr/bin/netstat" key="process_execution"
Aug 26 01:45:28 aitest audit: type=PATH msg=audit(1756172728.574:958): item=0 name="/home/opc/logai/enterprise_mnc_audit_sim/applications/" inode=28822 dev=08:01 mode=0100644 ouid=0 ogid=0
Aug 26 01:45:28 aitest audit: type=SYSCALL msg=audit(1756172728.574:360): arch=c000003e syscall=59 success=yes exit=0 pid=8024 uid=2007 gid=2007 comm="ls" exe="/usr/bin/ls" key="process_execution"
Aug 26 01:45:33 aitest audit: type=SYSCALL msg=audit(1756172733.530:331): arch=c000003e syscall=59 success=yes exit=0 pid=2242 uid=2007 gid=2007 comm="ps" exe="/usr/bin/ps" key="process_execution"
Aug 26 01:45:37 aitest audit: type=PATH msg=audit(1756172737.658:679): item=0 name="/home/opc/logai/enterprise_mnc_audit_sim/enterprise_data/operations/scripts/" inode=16871 dev=08:01 mode=0100644 ouid=0 ogid=0
Aug 26 01:45:37 aitest audit: type=SYSCALL msg=audit(1756172737.658:334): arch=c000003e syscall=59 success=yes exit=0 pid=2277 uid=2007 gid=2007 comm="chmod" exe="/usr/bin/chmod" key="process_execution"
Aug 26 01:45:44 aitest audit: type=SYSCALL msg=audit(1756172744.931:862): arch=c000003e syscall=59 success=yes exit=0 pid=4408 uid=2007 gid=2007 comm="ps" exe="/usr/bin/ps" key="process_execution"
Aug 26 01:45:58 aitest audit: type=PATH msg=audit(1756172758.725:303): item=0 name="/home/opc/logai/enterprise_mnc_audit_sim/enterprise_data/" inode=12158 dev=08:01 mode=0100644 ouid=0 ogid=0
Aug 26 01:45:58 aitest audit: type=SYSCALL msg=audit(1756172758.725:806): arch=c000003e syscall=59 success=yes exit=0 pid=2675 uid=2008 gid=2008 comm="ls" exe="/usr/bin/ls" key="process_execution"
Aug 26 01:46:01 aitest audit: type=PATH msg=audit(1756172761.710:69): item=0 name="/home/opc/logai/enterprise_mnc_audit_sim/enterprise_data/hr/" inode=17369 dev=08:01 mode=0100644 ouid=0 ogid=0
Aug 26 01:46:01 aitest audit: type=SYSCALL msg=audit(1756172761.710:500): arch=c000003e syscall=59 success=yes exit=0 pid=4813 uid=2008 gid=2008 comm="ls" exe="/usr/bin/ls" key="process_execution"
Aug 26 01:46:07 aitest audit: type=SYSCALL msg=audit(1756172767.747:897): arch=c000003e syscall=59 success=yes exit=0 pid=11121 uid=2008 gid=2008 comm="find" exe="/usr/bin/find" key="process_execution"
Aug 26 01:49:54 aitest audit: type=SYSCALL msg=audit(1756172994.961:720): arch=c000003e syscall=59 success=yes exit=0 pid=4602 uid=2006 gid=2006 comm="wc" exe="/usr/bin/wc" key="process_execution"
Aug 26 01:49:58 aitest audit: type=PATH msg=audit(1756172998.616:967): item=0 name="/home/opc/logai/enterprise_mnc_audit_sim/enterprise_data/development/projects/project_alpha.txt" inode=35105 dev=08:01 mode=0100644 ouid=0 ogid=0
Aug 26 01:49:58 aitest audit: type=SYSCALL msg=audit(1756172998.616:141): arch=c000003e syscall=59 success=yes exit=0 pid=4132 uid=2006 gid=2006 comm="cat" exe="/usr/bin/cat" key="process_execution"
Aug 26 01:50:04 aitest audit: type=PATH msg=audit(1756173004.43:868): item=0 name="/home/opc/logai/enterprise_mnc_audit_sim/enterprise_data/development/scripts/build.sh" inode=27779 dev=08:01 mode=0100644 ouid=0 ogid=0
Aug 26 01:50:04 aitest audit: type=SYSCALL msg=audit(1756173004.43:818): arch=c000003e syscall=59 success=yes exit=0 pid=7831 uid=2006 gid=2006 comm="chmod" exe="/usr/bin/chmod" key="process_execution"
Aug 26 01:50:07 aitest audit: type=SYSCALL msg=audit(1756173007.125:324): arch=c000003e syscall=59 success=yes exit=0 pid=3295 uid=2006 gid=2006 comm="wc" exe="/usr/bin/wc" key="process_execution"
Aug 26 01:50:15 aitest audit: type=PATH msg=audit(1756173015.578:662): item=0 name="/home/opc/logai/enterprise_mnc_audit_sim/enterprise_data/development/projects/project_alpha.txt" inode=29514 dev=08:01 mode=0100644 ouid=0 ogid=0
Aug 26 01:50:15 aitest audit: type=SYSCALL msg=audit(1756173015.578:691): arch=c000003e syscall=59 success=yes exit=0 pid=11086 uid=2006 gid=2006 comm="cat" exe="/usr/bin/cat" key="process_execution"
Aug 26 02:01:45 aitest audit: type=PATH msg=audit(1756173705.53:953): item=0 name="/home/opc/logai/enterprise_mnc_audit_sim/enterprise_data/operations" inode=27804 dev=08:01 mode=0100644 ouid=0 ogid=0
Aug 26 02:01:45 aitest audit: type=SYSCALL msg=audit(1756173705.53:745): arch=c000003e syscall=59 success=yes exit=0 pid=7863 uid=2010 gid=2010 comm="find" exe="/usr/bin/find" key="process_execution"
Aug 26 02:01:50 aitest audit: type=PATH msg=audit(1756173710.800:331): item=0 name="/home/opc/logai/enterprise_mnc_audit_sim/enterprise_data/operations/" inode=33368 dev=08:01 mode=0100644 ouid=0 ogid=0
Aug 26 02:01:50 aitest audit: type=SYSCALL msg=audit(1756173710.800:476): arch=c000003e syscall=59 success=yes exit=0 pid=6468 uid=2010 gid=2010 comm="ls" exe="/usr/bin/ls" key="process_execution"
Aug 26 02:01:51 aitest audit: type=SYSCALL msg=audit(1756173711.481:326): arch=c000003e syscall=59 success=yes exit=0 pid=4420 uid=2010 gid=2010 comm="top" exe="/usr/bin/top" key="process_execution"
Aug 26 02:01:57 aitest audit: type=SYSCALL msg=audit(1756173717.230:713): arch=c000003e syscall=59 success=yes exit=0 pid=8900 uid=2010 gid=2010 comm="ps" exe="/usr/bin/ps" key="process_execution"
Aug 26 02:02:04 aitest audit: type=PATH msg=audit(1756173724.295:348): item=0 name="/home/opc/logai/enterprise_mnc_audit_sim/enterprise_data/operations/scripts/" inode=27886 dev=08:01 mode=0100644 ouid=0 ogid=0
Aug 26 02:02:04 aitest audit: type=SYSCALL msg=audit(1756173724.295:144): arch=c000003e syscall=59 success=yes exit=0 pid=6068 uid=2010 gid=2010 comm="chmod" exe="/usr/bin/chmod" key="process_execution"
Aug 26 02:04:34 aitest audit: type=PATH msg=audit(1756173874.84:275): item=0 name="/home/opc/logai/enterprise_mnc_audit_sim/system/configs/server.conf" inode=34404 dev=08:01 mode=0100644 ouid=0 ogid=0
Aug 26 02:04:34 aitest audit: type=SYSCALL msg=audit(1756173874.84:499): arch=c000003e syscall=59 success=yes exit=0 pid=9412 uid=2004 gid=2004 comm="cat" exe="/usr/bin/cat" key="process_execution"
Aug 26 02:04:41 aitest audit: type=PATH msg=audit(1756173881.981:968): item=0 name="/home/opc/logai/enterprise_mnc_audit_sim/system/configs/server.conf" inode=11717 dev=08:01 mode=0100644 ouid=0 ogid=0
Aug 26 02:04:41 aitest audit: type=SYSCALL msg=audit(1756173881.981:747): arch=c000003e syscall=59 success=yes exit=0 pid=6501 uid=2004 gid=2004 comm="chmod" exe="/usr/bin/chmod" key="process_execution"
Aug 26 02:04:46 aitest audit: type=SYSCALL msg=audit(1756173886.337:110): arch=c000003e syscall=59 success=yes exit=0 pid=11122 uid=2004 gid=2004 comm="netstat" exe="/usr/bin/netstat" key="process_execution"
Aug 26 02:07:50 aitest audit: type=PATH msg=audit(1756174070.498:574): item=0 name="/home/opc/logai/enterprise_mnc_audit_sim/enterprise_data/operations" inode=15644 dev=08:01 mode=0100644 ouid=0 ogid=0
Aug 26 02:07:50 aitest audit: type=SYSCALL msg=audit(1756174070.498:950): arch=c000003e syscall=59 success=yes exit=0 pid=4243 uid=2007 gid=2007 comm="find" exe="/usr/bin/find" key="process_execution"
Aug 26 02:07:56 aitest audit: type=SYSCALL msg=audit(1756174076.57:134): arch=c000003e syscall=59 success=yes exit=0 pid=2848 uid=2007 gid=2007 comm="ps" exe="/usr/bin/ps" key="process_execution"
Aug 26 02:11:05 aitest audit: type=SYSCALL msg=audit(1756174265.931:716): arch=c000003e syscall=59 success=yes exit=0 pid=4103 uid=2008 gid=2008 comm="w" exe="/usr/bin/w" key="process_execution"
Aug 26 02:11:09 aitest audit: type=PATH msg=audit(1756174269.75:339): item=0 name="/home/opc/logai/enterprise_mnc_audit_sim/enterprise_data/hr/" inode=38121 dev=08:01 mode=0100644 ouid=0 ogid=0
Aug 26 02:11:09 aitest audit: type=SYSCALL msg=audit(1756174269.75:1): arch=c000003e syscall=59 success=yes exit=0 pid=4547 uid=2008 gid=2008 comm="chmod" exe="/usr/bin/chmod" key="process_execution"
Aug 26 02:11:10 aitest audit: type=SYSCALL msg=audit(1756174270.600:75): arch=c000003e syscall=59 success=yes exit=0 pid=6921 uid=2008 gid=2008 comm="who" exe="/usr/bin/who" key="process_execution"
Aug 26 02:11:14 aitest audit: type=PATH msg=audit(1756174274.511:494): item=0 name="/home/opc/logai/enterprise_mnc_audit_sim/enterprise_data/" inode=21752 dev=08:01 mode=0100644 ouid=0 ogid=0
Aug 26 02:11:14 aitest audit: type=SYSCALL msg=audit(1756174274.511:759): arch=c000003e syscall=59 success=yes exit=0 pid=7170 uid=2008 gid=2008 comm="ls" exe="/usr/bin/ls" key="process_execution"
Aug 26 02:12:53 aitest audit: type=SYSCALL msg=audit(1756174373.665:345): arch=c000003e syscall=59 success=yes exit=0 pid=2216 uid=2009 gid=2009 comm="grep" exe="/usr/bin/grep" key="process_execution"
Aug 26 02:13:01 aitest audit: type=SYSCALL msg=audit(1756174381.395:864): arch=c000003e syscall=59 success=yes exit=0 pid=11058 uid=2009 gid=2009 comm="grep" exe="/usr/bin/grep" key="process_execution"
Aug 26 02:13:23 aitest audit: type=PATH msg=audit(1756174403.977:175): item=0 name="/home/opc/logai/enterprise_mnc_audit_sim/system/logs/application.log" inode=42587 dev=08:01 mode=0100644 ouid=0 ogid=0
Aug 26 02:13:23 aitest audit: type=SYSCALL msg=audit(1756174403.977:569): arch=c000003e syscall=59 success=yes exit=0 pid=7668 uid=2004 gid=2004 comm="tail" exe="/usr/bin/tail" key="process_execution"
Aug 26 02:13:25 aitest audit: type=PATH msg=audit(1756174405.979:918): item=0 name="/home/opc/logai/enterprise_mnc_audit_sim/applications/" inode=29104 dev=08:01 mode=0100644 ouid=0 ogid=0
Aug 26 02:13:25 aitest audit: type=SYSCALL msg=audit(1756174405.979:703): arch=c000003e syscall=59 success=yes exit=0 pid=2466 uid=2004 gid=2004 comm="ls" exe="/usr/bin/ls" key="process_execution"
Aug 26 02:13:33 aitest audit: type=PATH msg=audit(1756174413.195:880): item=0 name="/home/opc/logai/enterprise_mnc_audit_sim/system/configs/" inode=21128 dev=08:01 mode=0100644 ouid=0 ogid=0
Aug 26 02:13:33 aitest audit: type=SYSCALL msg=audit(1756174413.195:491): arch=c000003e syscall=59 success=yes exit=0 pid=7113 uid=2004 gid=2004 comm="ls" exe="/usr/bin/ls" key="process_execution"
Aug 26 02:13:35 aitest audit: type=PATH msg=audit(1756174415.569:914): item=0 name="/home/opc/logai/enterprise_mnc_audit_sim/system/configs/server.conf" inode=23655 dev=08:01 mode=0100644 ouid=0 ogid=0
Aug 26 02:13:35 aitest audit: type=SYSCALL msg=audit(1756174415.569:920): arch=c000003e syscall=59 success=yes exit=0 pid=9983 uid=2004 gid=2004 comm="cat" exe="/usr/bin/cat" key="process_execution"
Aug 26 02:20:46 aitest audit: type=PATH msg=audit(1756174846.657:287): item=0 name="/home/opc/logai/enterprise_mnc_audit_sim/enterprise_data/database/mysql/db_config.cnf" inode=24073 dev=08:01 mode=0100644 ouid=0 ogid=0
Aug 26 02:20:46 aitest audit: type=SYSCALL msg=audit(1756174846.657:798): arch=c000003e syscall=59 success=yes exit=0 pid=10695 uid=2002 gid=2002 comm="cat" exe="/usr/bin/cat" key="process_execution"
Aug 26 02:20:49 aitest audit: type=PATH msg=audit(1756174849.659:931): item=0 name="/home/opc/logai/enterprise_mnc_audit_sim/enterprise_data/database" inode=11252 dev=08:01 mode=0100644 ouid=0 ogid=0
Aug 26 02:20:49 aitest audit: type=SYSCALL msg=audit(1756174849.659:446): arch=c000003e syscall=59 success=yes exit=0 pid=6110 uid=2005 gid=2005 comm="find" exe="/usr/bin/find" key="process_execution"
Aug 26 02:20:52 aitest audit: type=SYSCALL msg=audit(1756174852.786:71): arch=c000003e syscall=59 success=yes exit=0 pid=9533 uid=2002 gid=2002 comm="grep" exe="/usr/bin/grep" key="process_execution"
Aug 26 02:20:57 aitest audit: type=PATH msg=audit(1756174857.429:682): item=0 name="/home/opc/logai/enterprise_mnc_audit_sim/enterprise_data/database/mysql/db_config.cnf" inode=36326 dev=08:01 mode=0100644 ouid=0 ogid=0
Aug 26 02:20:57 aitest audit: type=SYSCALL msg=audit(1756174857.429:192): arch=c000003e syscall=59 success=yes exit=0 pid=3841 uid=2002 gid=2002 comm="cat" exe="/usr/bin/cat" key="process_execution"
Aug 26 02:20:58 aitest audit: type=SYSCALL msg=audit(1756174858.285:313): arch=c000003e syscall=59 success=yes exit=0 pid=11413 uid=2005 gid=2005 comm="grep" exe="/usr/bin/grep" key="process_execution"
Aug 26 02:20:59 aitest audit: type=SYSCALL msg=audit(1756174859.996:194): arch=c000003e syscall=59 success=yes exit=0 pid=3189 uid=2002 gid=2002 comm="grep" exe="/usr/bin/grep" key="process_execution"
Aug 26 02:21:06 aitest audit: type=PATH msg=audit(1756174866.319:208): item=0 name="/home/opc/logai/enterprise_mnc_audit_sim/enterprise_data/database" inode=41872 dev=08:01 mode=0100644 ouid=0 ogid=0
Aug 26 02:21:06 aitest audit: type=SYSCALL msg=audit(1756174866.319:708): arch=c000003e syscall=59 success=yes exit=0 pid=3150 uid=2002 gid=2002 comm="find" exe="/usr/bin/find" key="process_execution"
Aug 26 02:21:07 aitest audit: type=SYSCALL msg=audit(1756174867.541:787): arch=c000003e syscall=59 success=yes exit=0 pid=9780 uid=2005 gid=2005 comm="grep" exe="/usr/bin/grep" key="process_execution"
Aug 26 02:30:38 aitest audit: type=PATH msg=audit(1756175438.105:812): item=0 name="/home/opc/logai/enterprise_mnc_audit_sim/enterprise_data/operations/" inode=32556 dev=08:01 mode=0100644 ouid=0 ogid=0
Aug 26 02:30:38 aitest audit: type=SYSCALL msg=audit(1756175438.105:461): arch=c000003e syscall=59 success=yes exit=0 pid=10662 uid=2010 gid=2010 comm="ls" exe="/usr/bin/ls" key="process_execution"
Aug 26 02:30:41 aitest audit: type=SYSCALL msg=audit(1756175441.908:481): arch=c000003e syscall=59 success=yes exit=0 pid=10362 uid=2010 gid=2010 comm="du" exe="/usr/bin/du" key="process_execution"
Aug 26 02:30:45 aitest audit: type=SYSCALL msg=audit(1756175445.417:94): arch=c000003e syscall=59 success=yes exit=0 pid=7773 uid=2010 gid=2010 comm="ps" exe="/usr/bin/ps" key="process_execution"
Aug 26 02:30:49 aitest audit: type=SYSCALL msg=audit(1756175449.398:305): arch=c000003e syscall=59 success=yes exit=0 pid=11879 uid=2010 gid=2010 comm="ps" exe="/usr/bin/ps" key="process_execution"
Aug 26 02:30:52 aitest audit: type=SYSCALL msg=audit(1756175452.894:835): arch=c000003e syscall=59 success=yes exit=0 pid=8868 uid=2010 gid=2010 comm="du" exe="/usr/bin/du" key="process_execution"
Aug 26 02:31:02 aitest audit: type=SYSCALL msg=audit(1756175462.653:806): arch=c000003e syscall=59 success=yes exit=0 pid=10392 uid=2010 gid=2010 comm="ps" exe="/usr/bin/ps" key="process_execution"
Aug 26 02:31:10 aitest audit: type=PATH msg=audit(1756175470.256:228): item=0 name="/home/opc/logai/enterprise_mnc_audit_sim/enterprise_data/operations/" inode=39094 dev=08:01 mode=0100644 ouid=0 ogid=0
Aug 26 02:31:10 aitest audit: type=SYSCALL msg=audit(1756175470.256:349): arch=c000003e syscall=59 success=yes exit=0 pid=7075 uid=2010 gid=2010 comm="ls" exe="/usr/bin/ls" key="process_execution"
Aug 26 02:31:19 aitest audit: type=SYSCALL msg=audit(1756175479.626:967): arch=c000003e syscall=59 success=yes exit=0 pid=11008 uid=2010 gid=2010 comm="du" exe="/usr/bin/du" key="process_execution"
Aug 26 02:41:13 aitest audit: type=SYSCALL msg=audit(1756176073.472:0): arch=c000003e syscall=59 success=yes exit=0 pid=5858 uid=2008 gid=2008 comm="netstat" exe="/usr/bin/netstat" key="process_execution"
Aug 26 02:41:22 aitest audit: type=SYSCALL msg=audit(1756176082.44:305): arch=c000003e syscall=59 success=yes exit=0 pid=4711 uid=2008 gid=2008 comm="netstat" exe="/usr/bin/netstat" key="process_execution"
Aug 26 02:41:25 aitest audit: type=SYSCALL msg=audit(1756176085.993:694): arch=c000003e syscall=59 success=yes exit=0 pid=9318 uid=2008 gid=2008 comm="who" exe="/usr/bin/who" key="process_execution"
Aug 26 02:49:13 aitest audit: type=PATH msg=audit(1756176553.645:889): item=0 name="/home/opc/logai/enterprise_mnc_audit_sim/enterprise_data/development" inode=16636 dev=08:01 mode=0100644 ouid=0 ogid=0
Aug 26 02:49:13 aitest audit: type=SYSCALL msg=audit(1756176553.645:740): arch=c000003e syscall=59 success=yes exit=0 pid=7123 uid=2009 gid=2009 comm="find" exe="/usr/bin/find" key="process_execution"
Aug 26 02:49:19 aitest audit: type=PATH msg=audit(1756176559.823:275): item=0 name="/home/opc/logai/enterprise_mnc_audit_sim/enterprise_data/development" inode=35158 dev=08:01 mode=0100644 ouid=0 ogid=0
Aug 26 02:49:19 aitest audit: type=SYSCALL msg=audit(1756176559.823:822): arch=c000003e syscall=59 success=yes exit=0 pid=2767 uid=2009 gid=2009 comm="find" exe="/usr/bin/find" key="process_execution"
Aug 26 02:55:17 aitest audit: type=SYSCALL msg=audit(1756176917.844:306): arch=c000003e syscall=59 success=yes exit=0 pid=4117 uid=2002 gid=2002 comm="cp" exe="/usr/bin/cp" key="process_execution"
Aug 26 02:55:22 aitest audit: type=PATH msg=audit(1756176922.198:424): item=0 name="/home/opc/logai/enterprise_mnc_audit_sim/enterprise_data/database/" inode=36039 dev=08:01 mode=0100644 ouid=0 ogid=0
Aug 26 02:55:22 aitest audit: type=SYSCALL msg=audit(1756176922.198:358): arch=c000003e syscall=59 success=yes exit=0 pid=10798 uid=2002 gid=2002 comm="ls" exe="/usr/bin/ls" key="process_execution"
Aug 26 02:55:25 aitest audit: type=SYSCALL msg=audit(1756176925.575:618): arch=c000003e syscall=59 success=yes exit=0 pid=9659 uid=2002 gid=2002 comm="du" exe="/usr/bin/du" key="process_execution"
Aug 26 02:58:25 aitest audit: type=PATH msg=audit(1756177105.75:633): item=0 name="/home/opc/logai/enterprise_mnc_audit_sim/system/configs/" inode=12437 dev=08:01 mode=0100644 ouid=0 ogid=0
Aug 26 02:58:25 aitest audit: type=SYSCALL msg=audit(1756177105.75:163): arch=c000003e syscall=59 success=yes exit=0 pid=2520 uid=2001 gid=2001 comm="ls" exe="/usr/bin/ls" key="process_execution"
Aug 26 02:58:35 aitest audit: type=SYSCALL msg=audit(1756177115.328:420): arch=c000003e syscall=59 success=yes exit=0 pid=4060 uid=2001 gid=2001 comm="netstat" exe="/usr/bin/netstat" key="process_execution"
Aug 26 02:58:36 aitest audit: type=SYSCALL msg=audit(1756177116.776:486): arch=c000003e syscall=59 success=yes exit=0 pid=4293 uid=2008 gid=2008 comm="netstat" exe="/usr/bin/netstat" key="process_execution"
Aug 26 02:58:40 aitest audit: type=SYSCALL msg=audit(1756177120.692:94): arch=c000003e syscall=59 success=yes exit=0 pid=10668 uid=2008 gid=2008 comm="find" exe="/usr/bin/find" key="process_execution"
Aug 26 03:01:51 aitest audit: type=SYSCALL msg=audit(1756177311.525:729): arch=c000003e syscall=59 success=yes exit=0 pid=11454 uid=2006 gid=2006 comm="wc" exe="/usr/bin/wc" key="process_execution"
Aug 26 03:02:01 aitest audit: type=SYSCALL msg=audit(1756177321.739:442): arch=c000003e syscall=59 success=yes exit=0 pid=3938 uid=2006 gid=2006 comm="cp" exe="/usr/bin/cp" key="process_execution"
Aug 26 03:02:02 aitest audit: type=PATH msg=audit(1756177322.170:17): item=0 name="/home/opc/logai/enterprise_mnc_audit_sim/enterprise_data/development/" inode=30202 dev=08:01 mode=0100644 ouid=0 ogid=0
Aug 26 03:02:02 aitest audit: type=SYSCALL msg=audit(1756177322.170:519): arch=c000003e syscall=59 success=yes exit=0 pid=2906 uid=2006 gid=2006 comm="ls" exe="/usr/bin/ls" key="process_execution"
Aug 26 03:02:09 aitest audit: type=PATH msg=audit(1756177329.804:544): item=0 name="/home/opc/logai/enterprise_mnc_audit_sim/enterprise_data/development/projects/" inode=14049 dev=08:01 mode=0100644 ouid=0 ogid=0
Aug 26 03:02:09 aitest audit: type=SYSCALL msg=audit(1756177329.804:572): arch=c000003e syscall=59 success=yes exit=0 pid=6246 uid=2006 gid=2006 comm="ls" exe="/usr/bin/ls" key="process_execution"
Aug 26 03:02:15 aitest audit: type=PATH msg=audit(1756177335.459:111): item=0 name="/home/opc/logai/enterprise_mnc_audit_sim/enterprise_data/development" inode=14011 dev=08:01 mode=0100644 ouid=0 ogid=0
Aug 26 03:02:15 aitest audit: type=SYSCALL msg=audit(1756177335.459:951): arch=c000003e syscall=59 success=yes exit=0 pid=6373 uid=2006 gid=2006 comm="find" exe="/usr/bin/find" key="process_execution"
Aug 26 03:04:34 aitest audit: type=PATH msg=audit(1756177474.275:424): item=0 name="/home/opc/logai/enterprise_mnc_audit_sim/enterprise_data/development/scripts/build.sh" inode=32595 dev=08:01 mode=0100644 ouid=0 ogid=0
Aug 26 03:04:34 aitest audit: type=SYSCALL msg=audit(1756177474.275:453): arch=c000003e syscall=59 success=yes exit=0 pid=11212 uid=2003 gid=2003 comm="chmod" exe="/usr/bin/chmod" key="process_execution"
Aug 26 03:04:43 aitest audit: type=PATH msg=audit(1756177483.309:506): item=0 name="/home/opc/logai/enterprise_mnc_audit_sim/enterprise_data/development/projects/" inode=27203 dev=08:01 mode=0100644 ouid=0 ogid=0
Aug 26 03:04:43 aitest audit: type=SYSCALL msg=audit(1756177483.309:400): arch=c000003e syscall=59 success=yes exit=0 pid=2012 uid=2003 gid=2003 comm="ls" exe="/usr/bin/ls" key="process_execution"
Aug 26 03:04:49 aitest audit: type=SYSCALL msg=audit(1756177489.678:552): arch=c000003e syscall=59 success=yes exit=0 pid=2134 uid=2003 gid=2003 comm="wc" exe="/usr/bin/wc" key="process_execution"
Aug 26 03:05:14 aitest audit: type=PATH msg=audit(1756177514.340:502): item=0 name="/home/opc/logai/enterprise_mnc_audit_sim/system/configs/server.conf" inode=40191 dev=08:01 mode=0100644 ouid=0 ogid=0
Aug 26 03:05:14 aitest audit: type=SYSCALL msg=audit(1756177514.340:350): arch=c000003e syscall=59 success=yes exit=0 pid=9895 uid=2004 gid=2004 comm="chmod" exe="/usr/bin/chmod" key="process_execution"
Aug 26 03:05:17 aitest audit: type=PATH msg=audit(1756177517.615:129): item=0 name="/home/opc/logai/enterprise_mnc_audit_sim/system/configs/" inode=41345 dev=08:01 mode=0100644 ouid=0 ogid=0
Aug 26 03:05:17 aitest audit: type=SYSCALL msg=audit(1756177517.615:349): arch=c000003e syscall=59 success=yes exit=0 pid=2289 uid=2004 gid=2004 comm="ls" exe="/usr/bin/ls" key="process_execution"
Aug 26 03:05:26 aitest audit: type=SYSCALL msg=audit(1756177526.115:253): arch=c000003e syscall=59 success=yes exit=0 pid=3646 uid=2004 gid=2004 comm="df" exe="/usr/bin/df" key="process_execution"
Aug 26 03:05:35 aitest audit: type=SYSCALL msg=audit(1756177535.120:930): arch=c000003e syscall=59 success=yes exit=0 pid=7511 uid=2004 gid=2004 comm="free" exe="/usr/bin/free" key="process_execution"
Aug 26 03:06:42 aitest audit: type=SYSCALL msg=audit(1756177602.657:333): arch=c000003e syscall=59 success=yes exit=0 pid=4619 uid=2009 gid=2009 comm="grep" exe="/usr/bin/grep" key="process_execution"
Aug 26 03:06:43 aitest audit: type=SYSCALL msg=audit(1756177603.235:888): arch=c000003e syscall=59 success=yes exit=0 pid=6520 uid=2009 gid=2009 comm="grep" exe="/usr/bin/grep" key="process_execution"
Aug 26 03:12:53 aitest audit: type=SYSCALL msg=audit(1756177973.802:186): arch=c000003e syscall=59 success=yes exit=0 pid=10036 uid=2001 gid=2001 comm="free" exe="/usr/bin/free" key="process_execution"
Aug 26 03:12:55 aitest audit: type=PATH msg=audit(1756177975.187:643): item=0 name="/home/opc/logai/enterprise_mnc_audit_sim/system/configs/" inode=30183 dev=08:01 mode=0100644 ouid=0 ogid=0
Aug 26 03:12:55 aitest audit: type=SYSCALL msg=audit(1756177975.187:271): arch=c000003e syscall=59 success=yes exit=0 pid=7784 uid=2001 gid=2001 comm="ls" exe="/usr/bin/ls" key="process_execution"
Aug 26 03:22:04 aitest audit: type=PATH msg=audit(1756178524.660:955): item=0 name="/home/opc/logai/enterprise_mnc_audit_sim/enterprise_data/operations/" inode=34022 dev=08:01 mode=0100644 ouid=0 ogid=0
Aug 26 03:22:04 aitest audit: type=SYSCALL msg=audit(1756178524.660:894): arch=c000003e syscall=59 success=yes exit=0 pid=8785 uid=2007 gid=2007 comm="ls" exe="/usr/bin/ls" key="process_execution"
Aug 26 03:22:10 aitest audit: type=PATH msg=audit(1756178530.957:837): item=0 name="/home/opc/logai/enterprise_mnc_audit_sim/applications/" inode=33905 dev=08:01 mode=0100644 ouid=0 ogid=0
Aug 26 03:22:10 aitest audit: type=SYSCALL msg=audit(1756178530.957:133): arch=c000003e syscall=59 success=yes exit=0 pid=5354 uid=2007 gid=2007 comm="ls" exe="/usr/bin/ls" key="process_execution"
Aug 26 03:22:13 aitest audit: type=PATH msg=audit(1756178533.295:727): item=0 name="/home/opc/logai/enterprise_mnc_audit_sim/enterprise_data/operations" inode=23595 dev=08:01 mode=0100644 ouid=0 ogid=0
Aug 26 03:22:13 aitest audit: type=SYSCALL msg=audit(1756178533.295:643): arch=c000003e syscall=59 success=yes exit=0 pid=6439 uid=2007 gid=2007 comm="find" exe="/usr/bin/find" key="process_execution"
Aug 26 03:22:14 aitest audit: type=PATH msg=audit(1756178534.673:875): item=0 name="/home/opc/logai/enterprise_mnc_audit_sim/applications/" inode=30987 dev=08:01 mode=0100644 ouid=0 ogid=0
Aug 26 03:22:14 aitest audit: type=SYSCALL msg=audit(1756178534.673:325): arch=c000003e syscall=59 success=yes exit=0 pid=5005 uid=2007 gid=2007 comm="ls" exe="/usr/bin/ls" key="process_execution"
Aug 26 03:22:22 aitest audit: type=PATH msg=audit(1756178542.193:198): item=0 name="/home/opc/logai/enterprise_mnc_audit_sim/enterprise_data/operations/scripts/" inode=34993 dev=08:01 mode=0100644 ouid=0 ogid=0
Aug 26 03:22:22 aitest audit: type=SYSCALL msg=audit(1756178542.193:770): arch=c000003e syscall=59 success=yes exit=0 pid=9701 uid=2007 gid=2007 comm="chmod" exe="/usr/bin/chmod" key="process_execution"
Aug 26 03:28:46 aitest audit: type=PATH msg=audit(1756178926.130:253): item=0 name="/home/opc/logai/enterprise_mnc_audit_sim/enterprise_data/operations/scripts/" inode=19665 dev=08:01 mode=0100644 ouid=0 ogid=0
Aug 26 03:28:46 aitest audit: type=SYSCALL msg=audit(1756178926.130:200): arch=c000003e syscall=59 success=yes exit=0 pid=5687 uid=2010 gid=2010 comm="chmod" exe="/usr/bin/chmod" key="process_execution"
Aug 26 03:28:53 aitest audit: type=PATH msg=audit(1756178933.4:783): item=0 name="/home/opc/logai/enterprise_mnc_audit_sim/enterprise_data/operations" inode=36710 dev=08:01 mode=0100644 ouid=0 ogid=0
Aug 26 03:28:53 aitest audit: type=SYSCALL msg=audit(1756178933.4:204): arch=c000003e syscall=59 success=yes exit=0 pid=2880 uid=2010 gid=2010 comm="find" exe="/usr/bin/find" key="process_execution"
Aug 26 03:28:57 aitest audit: type=SYSCALL msg=audit(1756178937.560:61): arch=c000003e syscall=59 success=yes exit=0 pid=11461 uid=2010 gid=2010 comm="du" exe="/usr/bin/du" key="process_execution"
Aug 26 03:38:11 aitest audit: type=PATH msg=audit(1756179491.580:454): item=0 name="/home/opc/logai/enterprise_mnc_audit_sim/enterprise_data/operations/scripts/" inode=38015 dev=08:01 mode=0100644 ouid=0 ogid=0
Aug 26 03:38:11 aitest audit: type=SYSCALL msg=audit(1756179491.580:550): arch=c000003e syscall=59 success=yes exit=0 pid=3804 uid=2010 gid=2010 comm="chmod" exe="/usr/bin/chmod" key="process_execution"
Aug 26 03:38:12 aitest audit: type=SYSCALL msg=audit(1756179492.393:274): arch=c000003e syscall=59 success=yes exit=0 pid=8734 uid=2010 gid=2010 comm="ps" exe="/usr/bin/ps" key="process_execution"
Aug 26 03:38:16 aitest audit: type=PATH msg=audit(1756179496.511:433): item=0 name="/home/opc/logai/enterprise_mnc_audit_sim/applications/" inode=31269 dev=08:01 mode=0100644 ouid=0 ogid=0
Aug 26 03:38:16 aitest audit: type=SYSCALL msg=audit(1756179496.511:334): arch=c000003e syscall=59 success=yes exit=0 pid=2833 uid=2010 gid=2010 comm="ls" exe="/usr/bin/ls" key="process_execution"
Aug 26 03:38:20 aitest audit: type=SYSCALL msg=audit(1756179500.343:186): arch=c000003e syscall=59 success=yes exit=0 pid=2579 uid=2010 gid=2010 comm="ps" exe="/usr/bin/ps" key="process_execution"
Aug 26 03:38:23 aitest audit: type=SYSCALL msg=audit(1756179503.76:188): arch=c000003e syscall=59 success=yes exit=0 pid=2303 uid=2010 gid=2010 comm="du" exe="/usr/bin/du" key="process_execution"
Aug 26 03:38:50 aitest audit: type=PATH msg=audit(1756179530.173:387): item=0 name="/home/opc/logai/enterprise_mnc_audit_sim/enterprise_data/operations/" inode=39192 dev=08:01 mode=0100644 ouid=0 ogid=0
Aug 26 03:38:50 aitest audit: type=SYSCALL msg=audit(1756179530.173:712): arch=c000003e syscall=59 success=yes exit=0 pid=10657 uid=2010 gid=2010 comm="ls" exe="/usr/bin/ls" key="process_execution"
Aug 26 03:38:59 aitest audit: type=SYSCALL msg=audit(1756179539.315:463): arch=c000003e syscall=59 success=yes exit=0 pid=3216 uid=2010 gid=2010 comm="ps" exe="/usr/bin/ps" key="process_execution"
Aug 26 03:39:02 aitest audit: type=PATH msg=audit(1756179542.45:174): item=0 name="/home/opc/logai/enterprise_mnc_audit_sim/enterprise_data/operations/scripts/" inode=23290 dev=08:01 mode=0100644 ouid=0 ogid=0
Aug 26 03:39:02 aitest audit: type=SYSCALL msg=audit(1756179542.45:540): arch=c000003e syscall=59 success=yes exit=0 pid=3855 uid=2010 gid=2010 comm="chmod" exe="/usr/bin/chmod" key="process_execution"
Aug 26 03:39:07 aitest audit: type=SYSCALL msg=audit(1756179547.368:495): arch=c000003e syscall=59 success=yes exit=0 pid=11241 uid=2010 gid=2010 comm="ps" exe="/usr/bin/ps" key="process_execution"
Aug 26 03:47:19 aitest audit: type=PATH msg=audit(1756180039.11:507): item=0 name="/home/opc/logai/enterprise_mnc_audit_sim/enterprise_data/development" inode=12191 dev=08:01 mode=0100644 ouid=0 ogid=0
Aug 26 03:47:19 aitest audit: type=SYSCALL msg=audit(1756180039.11:109): arch=c000003e syscall=59 success=yes exit=0 pid=9241 uid=2006 gid=2006 comm="find" exe="/usr/bin/find" key="process_execution"
Aug 26 03:47:24 aitest audit: type=PATH msg=audit(1756180044.273:660): item=0 name="/home/opc/logai/enterprise_mnc_audit_sim/enterprise_data/development/projects/" inode=34617 dev=08:01 mode=0100644 ouid=0 ogid=0
Aug 26 03:47:24 aitest audit: type=SYSCALL msg=audit(1756180044.273:287): arch=c000003e syscall=59 success=yes exit=0 pid=11888 uid=2006 gid=2006 comm="ls" exe="/usr/bin/ls" key="process_execution"
Aug 26 03:47:27 aitest audit: type=PATH msg=audit(1756180047.974:97): item=0 name="/home/opc/logai/enterprise_mnc_audit_sim/enterprise_data/development/projects/" inode=12888 dev=08:01 mode=0100644 ouid=0 ogid=0
Aug 26 03:47:27 aitest audit: type=SYSCALL msg=audit(1756180047.974:507): arch=c000003e syscall=59 success=yes exit=0 pid=7038 uid=2006 gid=2006 comm="ls" exe="/usr/bin/ls" key="process_execution"
Aug 26 03:47:30 aitest audit: type=PATH msg=audit(1756180050.583:581): item=0 name="/home/opc/logai/enterprise_mnc_audit_sim/enterprise_data/development/projects/project_alpha.txt" inode=34990 dev=08:01 mode=0100644 ouid=0 ogid=0
Aug 26 03:47:30 aitest audit: type=SYSCALL msg=audit(1756180050.583:689): arch=c000003e syscall=59 success=yes exit=0 pid=3500 uid=2006 gid=2006 comm="cat" exe="/usr/bin/cat" key="process_execution"
Aug 26 03:53:31 aitest audit: type=PATH msg=audit(1756180411.211:259): item=0 name="/home/opc/logai/enterprise_mnc_audit_sim/enterprise_data/development/projects/project_alpha.txt" inode=28464 dev=08:01 mode=0100644 ouid=0 ogid=0
Aug 26 03:53:31 aitest audit: type=SYSCALL msg=audit(1756180411.211:450): arch=c000003e syscall=59 success=yes exit=0 pid=10471 uid=2006 gid=2006 comm="cat" exe="/usr/bin/cat" key="process_execution"
Aug 26 03:53:35 aitest audit: type=SYSCALL msg=audit(1756180415.633:633): arch=c000003e syscall=59 success=yes exit=0 pid=5989 uid=2006 gid=2006 comm="cp" exe="/usr/bin/cp" key="process_execution"
Aug 26 03:53:40 aitest audit: type=SYSCALL msg=audit(1756180420.728:405): arch=c000003e syscall=59 success=yes exit=0 pid=10112 uid=2006 gid=2006 comm="grep" exe="/usr/bin/grep" key="process_execution"
Aug 26 03:53:41 aitest audit: type=SYSCALL msg=audit(1756180421.925:979): arch=c000003e syscall=59 success=yes exit=0 pid=2221 uid=2006 gid=2006 comm="cp" exe="/usr/bin/cp" key="process_execution"
Aug 26 03:57:05 aitest audit: type=SYSCALL msg=audit(1756180625.409:637): arch=c000003e syscall=59 success=yes exit=0 pid=7061 uid=2008 gid=2008 comm="find" exe="/usr/bin/find" key="process_execution"
Aug 26 03:57:13 aitest audit: type=PATH msg=audit(1756180633.984:401): item=0 name="/home/opc/logai/enterprise_mnc_audit_sim/enterprise_data/hr/" inode=33420 dev=08:01 mode=0100644 ouid=0 ogid=0
Aug 26 03:57:13 aitest audit: type=SYSCALL msg=audit(1756180633.984:260): arch=c000003e syscall=59 success=yes exit=0 pid=5014 uid=2008 gid=2008 comm="ls" exe="/usr/bin/ls" key="process_execution"
Aug 26 03:57:23 aitest audit: type=PATH msg=audit(1756180643.724:317): item=0 name="/home/opc/logai/enterprise_mnc_audit_sim/enterprise_data/hr/" inode=25295 dev=08:01 mode=0100644 ouid=0 ogid=0
Aug 26 03:57:23 aitest audit: type=SYSCALL msg=audit(1756180643.724:272): arch=c000003e syscall=59 success=yes exit=0 pid=11147 uid=2008 gid=2008 comm="chmod" exe="/usr/bin/chmod" key="process_execution"
Aug 26 03:57:28 aitest audit: type=SYSCALL msg=audit(1756180648.735:359): arch=c000003e syscall=59 success=yes exit=0 pid=9868 uid=2008 gid=2008 comm="last" exe="/usr/bin/last" key="process_execution"
Aug 26 04:06:26 aitest audit: type=PATH msg=audit(1756181186.968:990): item=0 name="/home/opc/logai/enterprise_mnc_audit_sim/system/configs/" inode=17767 dev=08:01 mode=0100644 ouid=0 ogid=0
Aug 26 04:06:26 aitest audit: type=SYSCALL msg=audit(1756181186.968:850): arch=c000003e syscall=59 success=yes exit=0 pid=3426 uid=2004 gid=2004 comm="ls" exe="/usr/bin/ls" key="process_execution"
Aug 26 04:06:27 aitest audit: type=PATH msg=audit(1756181187.596:598): item=0 name="/home/opc/logai/enterprise_mnc_audit_sim/system/logs/application.log" inode=12661 dev=08:01 mode=0100644 ouid=0 ogid=0
Aug 26 04:06:27 aitest audit: type=SYSCALL msg=audit(1756181187.596:623): arch=c000003e syscall=59 success=yes exit=0 pid=11496 uid=2004 gid=2004 comm="tail" exe="/usr/bin/tail" key="process_execution"
Aug 26 04:06:35 aitest audit: type=SYSCALL msg=audit(1756181195.261:707): arch=c000003e syscall=59 success=yes exit=0 pid=4539 uid=2004 gid=2004 comm="ps" exe="/usr/bin/ps" key="process_execution"
Aug 26 04:16:24 aitest audit: type=SYSCALL msg=audit(1756181784.531:897): arch=c000003e syscall=59 success=yes exit=0 pid=10734 uid=2008 gid=2008 comm="w" exe="/usr/bin/w" key="process_execution"
Aug 26 04:16:28 aitest audit: type=SYSCALL msg=audit(1756181788.677:459): arch=c000003e syscall=59 success=yes exit=0 pid=3653 uid=2008 gid=2008 comm="w" exe="/usr/bin/w" key="process_execution"
Aug 26 04:31:20 aitest audit: type=PATH msg=audit(1756182680.881:998): item=0 name="/home/opc/logai/enterprise_mnc_audit_sim/enterprise_data/operations" inode=35794 dev=08:01 mode=0100644 ouid=0 ogid=0
Aug 26 04:31:20 aitest audit: type=SYSCALL msg=audit(1756182680.881:914): arch=c000003e syscall=59 success=yes exit=0 pid=6777 uid=2007 gid=2007 comm="find" exe="/usr/bin/find" key="process_execution"
Aug 26 04:31:27 aitest audit: type=SYSCALL msg=audit(1756182687.198:117): arch=c000003e syscall=59 success=yes exit=0 pid=4571 uid=2007 gid=2007 comm="top" exe="/usr/bin/top" key="process_execution"
Aug 26 04:32:48 aitest audit: type=SYSCALL msg=audit(1756182768.633:611): arch=c000003e syscall=59 success=yes exit=0 pid=7641 uid=2008 gid=2008 comm="w" exe="/usr/bin/w" key="process_execution"
Aug 26 04:32:56 aitest audit: type=PATH msg=audit(1756182776.71:669): item=0 name="/home/opc/logai/enterprise_mnc_audit_sim/enterprise_data/" inode=42594 dev=08:01 mode=0100644 ouid=0 ogid=0
Aug 26 04:32:56 aitest audit: type=SYSCALL msg=audit(1756182776.71:481): arch=c000003e syscall=59 success=yes exit=0 pid=8209 uid=2008 gid=2008 comm="ls" exe="/usr/bin/ls" key="process_execution"
Aug 26 04:33:05 aitest audit: type=SYSCALL msg=audit(1756182785.55:256): arch=c000003e syscall=59 success=yes exit=0 pid=6119 uid=2008 gid=2008 comm="last" exe="/usr/bin/last" key="process_execution"
Aug 26 04:33:06 aitest audit: type=SYSCALL msg=audit(1756182786.464:149): arch=c000003e syscall=59 success=yes exit=0 pid=3266 uid=2008 gid=2008 comm="who" exe="/usr/bin/who" key="process_execution"
Aug 26 04:34:36 aitest audit: type=SYSCALL msg=audit(1756182876.391:405): arch=c000003e syscall=59 success=yes exit=0 pid=6619 uid=2006 gid=2006 comm="cp" exe="/usr/bin/cp" key="process_execution"
Aug 26 04:34:40 aitest audit: type=PATH msg=audit(1756182880.588:782): item=0 name="/home/opc/logai/enterprise_mnc_audit_sim/enterprise_data/development/projects/project_alpha.txt" inode=35572 dev=08:01 mode=0100644 ouid=0 ogid=0
Aug 26 04:34:40 aitest audit: type=SYSCALL msg=audit(1756182880.588:806): arch=c000003e syscall=59 success=yes exit=0 pid=4416 uid=2006 gid=2006 comm="cat" exe="/usr/bin/cat" key="process_execution"
Aug 26 04:36:12 aitest audit: type=PATH msg=audit(1756182972.859:55): item=0 name="/home/opc/logai/enterprise_mnc_audit_sim/enterprise_data/database" inode=34088 dev=08:01 mode=0100644 ouid=0 ogid=0
Aug 26 04:36:12 aitest audit: type=SYSCALL msg=audit(1756182972.859:708): arch=c000003e syscall=59 success=yes exit=0 pid=3145 uid=2002 gid=2002 comm="find" exe="/usr/bin/find" key="process_execution"
Aug 26 04:36:17 aitest audit: type=PATH msg=audit(1756182977.338:328): item=0 name="/home/opc/logai/enterprise_mnc_audit_sim/enterprise_data/database/mysql/db_config.cnf" inode=31808 dev=08:01 mode=0100644 ouid=0 ogid=0
Aug 26 04:36:17 aitest audit: type=SYSCALL msg=audit(1756182977.338:646): arch=c000003e syscall=59 success=yes exit=0 pid=3154 uid=2002 gid=2002 comm="chmod" exe="/usr/bin/chmod" key="process_execution"
Aug 26 04:46:56 aitest audit: type=PATH msg=audit(1756183616.734:982): item=0 name="/home/opc/logai/enterprise_mnc_audit_sim/enterprise_data/development" inode=21133 dev=08:01 mode=0100644 ouid=0 ogid=0
Aug 26 04:46:56 aitest audit: type=SYSCALL msg=audit(1756183616.734:121): arch=c000003e syscall=59 success=yes exit=0 pid=10267 uid=2009 gid=2009 comm="find" exe="/usr/bin/find" key="process_execution"
Aug 26 04:47:04 aitest audit: type=PATH msg=audit(1756183624.44:605): item=0 name="/home/opc/logai/enterprise_mnc_audit_sim/enterprise_data/development" inode=40225 dev=08:01 mode=0100644 ouid=0 ogid=0
Aug 26 04:47:04 aitest audit: type=SYSCALL msg=audit(1756183624.44:494): arch=c000003e syscall=59 success=yes exit=0 pid=9664 uid=2009 gid=2009 comm="find" exe="/usr/bin/find" key="process_execution"
Aug 26 04:47:09 aitest audit: type=SYSCALL msg=audit(1756183629.337:2): arch=c000003e syscall=59 success=yes exit=0 pid=3027 uid=2009 gid=2009 comm="grep" exe="/usr/bin/grep" key="process_execution"
Aug 26 04:47:10 aitest audit: type=PATH msg=audit(1756183630.698:318): item=0 name="/home/opc/logai/enterprise_mnc_audit_sim/enterprise_data/development/projects/" inode=21965 dev=08:01 mode=0100644 ouid=0 ogid=0
Aug 26 04:47:10 aitest audit: type=SYSCALL msg=audit(1756183630.698:393): arch=c000003e syscall=59 success=yes exit=0 pid=3717 uid=2009 gid=2009 comm="ls" exe="/usr/bin/ls" key="process_execution"
Aug 26 04:47:17 aitest audit: type=PATH msg=audit(1756183637.572:959): item=0 name="/home/opc/logai/enterprise_mnc_audit_sim/enterprise_data/development/scripts/build.sh" inode=28154 dev=08:01 mode=0100644 ouid=0 ogid=0
Aug 26 04:47:17 aitest audit: type=SYSCALL msg=audit(1756183637.572:786): arch=c000003e syscall=59 success=yes exit=0 pid=2657 uid=2009 gid=2009 comm="chmod" exe="/usr/bin/chmod" key="process_execution"
Aug 26 04:51:11 aitest audit: type=SYSCALL msg=audit(1756183871.742:521): arch=c000003e syscall=59 success=yes exit=0 pid=7752 uid=2010 gid=2010 comm="top" exe="/usr/bin/top" key="process_execution"
Aug 26 04:51:14 aitest audit: type=SYSCALL msg=audit(1756183874.269:15): arch=c000003e syscall=59 success=yes exit=0 pid=4579 uid=2010 gid=2010 comm="top" exe="/usr/bin/top" key="process_execution"
Aug 26 04:51:23 aitest audit: type=PATH msg=audit(1756183883.823:151): item=0 name="/home/opc/logai/enterprise_mnc_audit_sim/enterprise_data/operations/" inode=21156 dev=08:01 mode=0100644 ouid=0 ogid=0
Aug 26 04:51:23 aitest audit: type=SYSCALL msg=audit(1756183883.823:116): arch=c000003e syscall=59 success=yes exit=0 pid=4746 uid=2010 gid=2010 comm="ls" exe="/usr/bin/ls" key="process_execution"
Aug 26 04:51:31 aitest audit: type=PATH msg=audit(1756183891.702:572): item=0 name="/home/opc/logai/enterprise_mnc_audit_sim/applications/" inode=27096 dev=08:01 mode=0100644 ouid=0 ogid=0
Aug 26 04:51:31 aitest audit: type=SYSCALL msg=audit(1756183891.702:68): arch=c000003e syscall=59 success=yes exit=0 pid=3874 uid=2010 gid=2010 comm="ls" exe="/usr/bin/ls" key="process_execution"
Aug 26 04:51:37 aitest audit: type=PATH msg=audit(1756183897.745:199): item=0 name="/home/opc/logai/enterprise_mnc_audit_sim/enterprise_data/operations/scripts/" inode=31305 dev=08:01 mode=0100644 ouid=0 ogid=0
Aug 26 04:51:37 aitest audit: type=SYSCALL msg=audit(1756183897.745:209): arch=c000003e syscall=59 success=yes exit=0 pid=9593 uid=2010 gid=2010 comm="chmod" exe="/usr/bin/chmod" key="process_execution"
Aug 26 04:53:31 aitest audit: type=SYSCALL msg=audit(1756184011.213:83): arch=c000003e syscall=59 success=yes exit=0 pid=4657 uid= gid= comm="history" exe="/usr/bin/history" key="process_execution"
Aug 26 04:59:56 aitest audit: type=SYSCALL msg=audit(1756184396.276:583): arch=c000003e syscall=59 success=yes exit=0 pid=9536 uid=2006 gid=2006 comm="cp" exe="/usr/bin/cp" key="process_execution"
Aug 26 05:00:04 aitest audit: type=SYSCALL msg=audit(1756184404.417:764): arch=c000003e syscall=59 success=yes exit=0 pid=5436 uid=2006 gid=2006 comm="cp" exe="/usr/bin/cp" key="process_execution"
Aug 26 05:00:11 aitest audit: type=SYSCALL msg=audit(1756184411.931:877): arch=c000003e syscall=59 success=yes exit=0 pid=8900 uid=2006 gid=2006 comm="grep" exe="/usr/bin/grep" key="process_execution"
Aug 26 05:07:51 aitest audit: type=SYSCALL msg=audit(1756184871.286:642): arch=c000003e syscall=59 success=yes exit=0 pid=8023 uid=2010 gid=2010 comm="top" exe="/usr/bin/top" key="process_execution"
Aug 26 05:07:59 aitest audit: type=SYSCALL msg=audit(1756184879.42:959): arch=c000003e syscall=59 success=yes exit=0 pid=5815 uid=2010 gid=2010 comm="du" exe="/usr/bin/du" key="process_execution"
Aug 26 05:08:01 aitest audit: type=PATH msg=audit(1756184881.551:708): item=0 name="/home/opc/logai/enterprise_mnc_audit_sim/enterprise_data/operations/scripts/" inode=27230 dev=08:01 mode=0100644 ouid=0 ogid=0
Aug 26 05:08:01 aitest audit: type=SYSCALL msg=audit(1756184881.551:981): arch=c000003e syscall=59 success=yes exit=0 pid=2458 uid=2010 gid=2010 comm="chmod" exe="/usr/bin/chmod" key="process_execution"
Aug 26 05:08:06 aitest audit: type=SYSCALL msg=audit(1756184886.391:447): arch=c000003e syscall=59 success=yes exit=0 pid=10602 uid=2010 gid=2010 comm="ps" exe="/usr/bin/ps" key="process_execution"
Aug 26 05:16:33 aitest audit: type=PATH msg=audit(1756185393.680:570): item=0 name="/home/opc/logai/enterprise_mnc_audit_sim/enterprise_data/database" inode=40186 dev=08:01 mode=0100644 ouid=0 ogid=0
Aug 26 05:16:33 aitest audit: type=SYSCALL msg=audit(1756185393.680:385): arch=c000003e syscall=59 success=yes exit=0 pid=7593 uid=2002 gid=2002 comm="find" exe="/usr/bin/find" key="process_execution"
Aug 26 05:16:38 aitest audit: type=SYSCALL msg=audit(1756185398.360:106): arch=c000003e syscall=59 success=yes exit=0 pid=8420 uid=2002 gid=2002 comm="du" exe="/usr/bin/du" key="process_execution"
Aug 26 05:16:53 aitest audit: type=PATH msg=audit(1756185413.42:844): item=0 name="/home/opc/logai/enterprise_mnc_audit_sim/enterprise_data/operations" inode=15151 dev=08:01 mode=0100644 ouid=0 ogid=0
Aug 26 05:16:53 aitest audit: type=SYSCALL msg=audit(1756185413.42:351): arch=c000003e syscall=59 success=yes exit=0 pid=7876 uid=2010 gid=2010 comm="find" exe="/usr/bin/find" key="process_execution"
Aug 26 05:16:58 aitest audit: type=PATH msg=audit(1756185418.205:172): item=0 name="/home/opc/logai/enterprise_mnc_audit_sim/applications/" inode=38270 dev=08:01 mode=0100644 ouid=0 ogid=0
Aug 26 05:16:58 aitest audit: type=SYSCALL msg=audit(1756185418.205:870): arch=c000003e syscall=59 success=yes exit=0 pid=4686 uid=2010 gid=2010 comm="ls" exe="/usr/bin/ls" key="process_execution"
Aug 26 05:19:01 aitest audit: type=SYSCALL msg=audit(1756185541.121:906): arch=c000003e syscall=59 success=yes exit=0 pid=11260 uid=2001 gid=2001 comm="ps" exe="/usr/bin/ps" key="process_execution"
Aug 26 05:19:08 aitest audit: type=PATH msg=audit(1756185548.997:208): item=0 name="/home/opc/logai/enterprise_mnc_audit_sim/system/configs/server.conf" inode=41994 dev=08:01 mode=0100644 ouid=0 ogid=0
Aug 26 05:19:08 aitest audit: type=SYSCALL msg=audit(1756185548.997:817): arch=c000003e syscall=59 success=yes exit=0 pid=9712 uid=2001 gid=2001 comm="cat" exe="/usr/bin/cat" key="process_execution"
Aug 26 05:19:13 aitest audit: type=PATH msg=audit(1756185553.647:738): item=0 name="/home/opc/logai/enterprise_mnc_audit_sim/applications/" inode=35288 dev=08:01 mode=0100644 ouid=0 ogid=0
Aug 26 05:19:13 aitest audit: type=SYSCALL msg=audit(1756185553.647:54): arch=c000003e syscall=59 success=yes exit=0 pid=6791 uid=2001 gid=2001 comm="ls" exe="/usr/bin/ls" key="process_execution"
Aug 26 05:19:23 aitest audit: type=PATH msg=audit(1756185563.371:560): item=0 name="/home/opc/logai/enterprise_mnc_audit_sim/system" inode=12548 dev=08:01 mode=0100644 ouid=0 ogid=0
Aug 26 05:19:23 aitest audit: type=SYSCALL msg=audit(1756185563.371:751): arch=c000003e syscall=59 success=yes exit=0 pid=3071 uid=2001 gid=2001 comm="find" exe="/usr/bin/find" key="process_execution"
Aug 26 05:19:28 aitest audit: type=PATH msg=audit(1756185568.853:649): item=0 name="/home/opc/logai/enterprise_mnc_audit_sim/system" inode=12785 dev=08:01 mode=0100644 ouid=0 ogid=0
Aug 26 05:19:28 aitest audit: type=SYSCALL msg=audit(1756185568.853:226): arch=c000003e syscall=59 success=yes exit=0 pid=3202 uid=2001 gid=2001 comm="find" exe="/usr/bin/find" key="process_execution"
Aug 26 05:25:19 aitest audit: type=PATH msg=audit(1756185919.876:901): item=0 name="/home/opc/logai/enterprise_mnc_audit_sim/enterprise_data/development/scripts/build.sh" inode=39767 dev=08:01 mode=0100644 ouid=0 ogid=0
Aug 26 05:25:19 aitest audit: type=SYSCALL msg=audit(1756185919.876:899): arch=c000003e syscall=59 success=yes exit=0 pid=11989 uid=2009 gid=2009 comm="chmod" exe="/usr/bin/chmod" key="process_execution"
Aug 26 05:25:24 aitest audit: type=SYSCALL msg=audit(1756185924.182:589): arch=c000003e syscall=59 success=yes exit=0 pid=5516 uid=2009 gid=2009 comm="grep" exe="/usr/bin/grep" key="process_execution"
Aug 26 05:25:33 aitest audit: type=PATH msg=audit(1756185933.130:609): item=0 name="/home/opc/logai/enterprise_mnc_audit_sim/enterprise_data/development/projects/" inode=29629 dev=08:01 mode=0100644 ouid=0 ogid=0
Aug 26 05:25:33 aitest audit: type=SYSCALL msg=audit(1756185933.130:129): arch=c000003e syscall=59 success=yes exit=0 pid=3375 uid=2009 gid=2009 comm="ls" exe="/usr/bin/ls" key="process_execution"
Aug 26 05:29:45 aitest audit: type=SYSCALL msg=audit(1756186185.682:889): arch=c000003e syscall=59 success=yes exit=0 pid=3268 uid=2006 gid=2006 comm="grep" exe="/usr/bin/grep" key="process_execution"
Aug 26 05:29:54 aitest audit: type=PATH msg=audit(1756186194.760:420): item=0 name="/home/opc/logai/enterprise_mnc_audit_sim/enterprise_data/development/" inode=25460 dev=08:01 mode=0100644 ouid=0 ogid=0
Aug 26 05:29:54 aitest audit: type=SYSCALL msg=audit(1756186194.760:85): arch=c000003e syscall=59 success=yes exit=0 pid=5122 uid=2006 gid=2006 comm="ls" exe="/usr/bin/ls" key="process_execution"
Aug 26 05:29:58 aitest audit: type=SYSCALL msg=audit(1756186198.533:695): arch=c000003e syscall=59 success=yes exit=0 pid=3722 uid=2006 gid=2006 comm="grep" exe="/usr/bin/grep" key="process_execution"
Aug 26 05:30:00 aitest audit: type=SYSCALL msg=audit(1756186200.94:887): arch=c000003e syscall=59 success=yes exit=0 pid=6337 uid=2006 gid=2006 comm="grep" exe="/usr/bin/grep" key="process_execution"
Aug 26 05:30:12 aitest audit: type=SYSCALL msg=audit(1756186212.56:270): arch=c000003e syscall=59 success=yes exit=0 pid=8077 uid=2010 gid=2010 comm="tar" exe="/usr/bin/tar" key="process_execution"
Aug 26 05:30:22 aitest audit: type=SYSCALL msg=audit(1756186222.222:197): arch=c000003e syscall=59 success=yes exit=0 pid=9272 uid=2010 gid=2010 comm="top" exe="/usr/bin/top" key="process_execution"
Aug 26 05:30:32 aitest audit: type=SYSCALL msg=audit(1756186232.715:539): arch=c000003e syscall=59 success=yes exit=0 pid=2238 uid=2010 gid=2010 comm="ps" exe="/usr/bin/ps" key="process_execution"
Aug 26 05:30:36 aitest audit: type=SYSCALL msg=audit(1756186236.763:226): arch=c000003e syscall=59 success=yes exit=0 pid=11941 uid=2010 gid=2010 comm="ps" exe="/usr/bin/ps" key="process_execution"
Aug 26 05:39:53 aitest audit: type=SYSCALL msg=audit(1756186793.659:972): arch=c000003e syscall=59 success=yes exit=0 pid=6130 uid=2001 gid=2001 comm="ps" exe="/usr/bin/ps" key="process_execution"
Aug 26 05:40:02 aitest audit: type=SYSCALL msg=audit(1756186802.436:152): arch=c000003e syscall=59 success=yes exit=0 pid=3434 uid=2001 gid=2001 comm="ps" exe="/usr/bin/ps" key="process_execution"
Aug 26 05:40:12 aitest audit: type=PATH msg=audit(1756186812.125:537): item=0 name="/home/opc/logai/enterprise_mnc_audit_sim/system" inode=29041 dev=08:01 mode=0100644 ouid=0 ogid=0
Aug 26 05:40:12 aitest audit: type=SYSCALL msg=audit(1756186812.125:479): arch=c000003e syscall=59 success=yes exit=0 pid=6067 uid=2001 gid=2001 comm="find" exe="/usr/bin/find" key="process_execution"
Aug 26 05:40:18 aitest audit: type=PATH msg=audit(1756186818.215:24): item=0 name="/home/opc/logai/enterprise_mnc_audit_sim/system/configs/server.conf" inode=34098 dev=08:01 mode=0100644 ouid=0 ogid=0
Aug 26 05:40:18 aitest audit: type=SYSCALL msg=audit(1756186818.215:378): arch=c000003e syscall=59 success=yes exit=0 pid=9856 uid=2001 gid=2001 comm="cat" exe="/usr/bin/cat" key="process_execution"
Aug 26 05:42:59 aitest audit: type=PATH msg=audit(1756186979.33:367): item=0 name="/home/opc/logai/enterprise_mnc_audit_sim/system/logs/application.log" inode=42144 dev=08:01 mode=0100644 ouid=0 ogid=0
Aug 26 05:42:59 aitest audit: type=SYSCALL msg=audit(1756186979.33:762): arch=c000003e syscall=59 success=yes exit=0 pid=9211 uid=2001 gid=2001 comm="tail" exe="/usr/bin/tail" key="process_execution"
Aug 26 05:43:09 aitest audit: type=PATH msg=audit(1756186989.227:263): item=0 name="/home/opc/logai/enterprise_mnc_audit_sim/system/logs/application.log" inode=32362 dev=08:01 mode=0100644 ouid=0 ogid=0
Aug 26 05:43:09 aitest audit: type=SYSCALL msg=audit(1756186989.227:854): arch=c000003e syscall=59 success=yes exit=0 pid=4028 uid=2001 gid=2001 comm="tail" exe="/usr/bin/tail" key="process_execution"
Aug 26 05:43:11 aitest audit: type=PATH msg=audit(1756186991.978:338): item=0 name="/home/opc/logai/enterprise_mnc_audit_sim/system/configs/server.conf" inode=16360 dev=08:01 mode=0100644 ouid=0 ogid=0
Aug 26 05:43:11 aitest audit: type=SYSCALL msg=audit(1756186991.978:730): arch=c000003e syscall=59 success=yes exit=0 pid=8268 uid=2001 gid=2001 comm="chmod" exe="/usr/bin/chmod" key="process_execution"
Aug 26 05:46:49 aitest audit: type=SYSCALL msg=audit(1756187209.119:75): arch=c000003e syscall=59 success=yes exit=0 pid=3308 uid=2004 gid=2004 comm="ps" exe="/usr/bin/ps" key="process_execution"
Aug 26 05:46:53 aitest audit: type=SYSCALL msg=audit(1756187213.662:620): arch=c000003e syscall=59 success=yes exit=0 pid=10004 uid=2004 gid=2004 comm="ps" exe="/usr/bin/ps" key="process_execution"
Aug 26 05:46:56 aitest audit: type=SYSCALL msg=audit(1756187216.463:784): arch=c000003e syscall=59 success=yes exit=0 pid=9845 uid=2004 gid=2004 comm="df" exe="/usr/bin/df" key="process_execution"
Aug 26 05:47:05 aitest audit: type=SYSCALL msg=audit(1756187225.744:188): arch=c000003e syscall=59 success=yes exit=0 pid=6116 uid=2004 gid=2004 comm="netstat" exe="/usr/bin/netstat" key="process_execution"
Aug 26 05:47:14 aitest audit: type=SYSCALL msg=audit(1756187234.469:685): arch=c000003e syscall=59 success=yes exit=0 pid=7290 uid=2004 gid=2004 comm="ps" exe="/usr/bin/ps" key="process_execution"
Aug 26 05:50:40 aitest audit: type=PATH msg=audit(1756187440.89:977): item=0 name="/home/opc/logai/enterprise_mnc_audit_sim/enterprise_data/database/" inode=18371 dev=08:01 mode=0100644 ouid=0 ogid=0
Aug 26 05:50:40 aitest audit: type=SYSCALL msg=audit(1756187440.89:7): arch=c000003e syscall=59 success=yes exit=0 pid=3653 uid=2002 gid=2002 comm="ls" exe="/usr/bin/ls" key="process_execution"
Aug 26 05:50:42 aitest audit: type=PATH msg=audit(1756187442.767:191): item=0 name="/home/opc/logai/enterprise_mnc_audit_sim/applications/databases/" inode=25655 dev=08:01 mode=0100644 ouid=0 ogid=0
Aug 26 05:50:42 aitest audit: type=SYSCALL msg=audit(1756187442.767:725): arch=c000003e syscall=59 success=yes exit=0 pid=11535 uid=2002 gid=2002 comm="ls" exe="/usr/bin/ls" key="process_execution"
Aug 26 05:50:44 aitest audit: type=SYSCALL msg=audit(1756187444.934:708): arch=c000003e syscall=59 success=yes exit=0 pid=6164 uid=2002 gid=2002 comm="cp" exe="/usr/bin/cp" key="process_execution"
Aug 26 05:50:45 aitest audit: type=PATH msg=audit(1756187445.179:216): item=0 name="/home/opc/logai/enterprise_mnc_audit_sim/enterprise_data/database" inode=36393 dev=08:01 mode=0100644 ouid=0 ogid=0
Aug 26 05:50:45 aitest audit: type=SYSCALL msg=audit(1756187445.179:28): arch=c000003e syscall=59 success=yes exit=0 pid=5822 uid=2002 gid=2002 comm="find" exe="/usr/bin/find" key="process_execution"
Aug 26 05:50:52 aitest audit: type=PATH msg=audit(1756187452.303:836): item=0 name="/home/opc/logai/enterprise_mnc_audit_sim/enterprise_data/database/mysql/db_config.cnf" inode=24439 dev=08:01 mode=0100644 ouid=0 ogid=0
Aug 26 05:50:52 aitest audit: type=SYSCALL msg=audit(1756187452.303:260): arch=c000003e syscall=59 success=yes exit=0 pid=5881 uid=2002 gid=2002 comm="cat" exe="/usr/bin/cat" key="process_execution"
Aug 26 05:56:55 aitest audit: type=PATH msg=audit(1756187815.444:443): item=0 name="/home/opc/logai/enterprise_mnc_audit_sim/enterprise_data/development/projects/" inode=41090 dev=08:01 mode=0100644 ouid=0 ogid=0
Aug 26 05:56:55 aitest audit: type=SYSCALL msg=audit(1756187815.444:916): arch=c000003e syscall=59 success=yes exit=0 pid=11146 uid=2003 gid=2003 comm="ls" exe="/usr/bin/ls" key="process_execution"
Aug 26 05:56:58 aitest audit: type=PATH msg=audit(1756187818.948:460): item=0 name="/home/opc/logai/enterprise_mnc_audit_sim/enterprise_data/development/projects/" inode=14626 dev=08:01 mode=0100644 ouid=0 ogid=0
Aug 26 05:56:58 aitest audit: type=SYSCALL msg=audit(1756187818.948:883): arch=c000003e syscall=59 success=yes exit=0 pid=2223 uid=2003 gid=2003 comm="ls" exe="/usr/bin/ls" key="process_execution"
Aug 26 06:02:07 aitest audit: type=PATH msg=audit(1756188127.308:621): item=0 name="/home/opc/logai/enterprise_mnc_audit_sim/system/configs/" inode=33408 dev=08:01 mode=0100644 ouid=0 ogid=0
Aug 26 06:02:07 aitest audit: type=SYSCALL msg=audit(1756188127.308:667): arch=c000003e syscall=59 success=yes exit=0 pid=9858 uid=2001 gid=2001 comm="ls" exe="/usr/bin/ls" key="process_execution"
Aug 26 06:02:10 aitest audit: type=PATH msg=audit(1756188130.178:681): item=0 name="/home/opc/logai/enterprise_mnc_audit_sim/system/configs/" inode=23577 dev=08:01 mode=0100644 ouid=0 ogid=0
Aug 26 06:02:10 aitest audit: type=SYSCALL msg=audit(1756188130.178:900): arch=c000003e syscall=59 success=yes exit=0 pid=7894 uid=2001 gid=2001 comm="ls" exe="/usr/bin/ls" key="process_execution"
Aug 26 06:02:16 aitest audit: type=SYSCALL msg=audit(1756188136.358:644): arch=c000003e syscall=59 success=yes exit=0 pid=3391 uid=2001 gid=2001 comm="netstat" exe="/usr/bin/netstat" key="process_execution"
Aug 26 06:02:24 aitest audit: type=SYSCALL msg=audit(1756188144.374:247): arch=c000003e syscall=59 success=yes exit=0 pid=8780 uid=2001 gid=2001 comm="df" exe="/usr/bin/df" key="process_execution"
Aug 26 06:08:35 aitest audit: type=PATH msg=audit(1756188515.819:553): item=0 name="/home/opc/logai/enterprise_mnc_audit_sim/enterprise_data/operations/scripts/" inode=11420 dev=08:01 mode=0100644 ouid=0 ogid=0
Aug 26 06:08:35 aitest audit: type=SYSCALL msg=audit(1756188515.819:353): arch=c000003e syscall=59 success=yes exit=0 pid=2075 uid=2010 gid=2010 comm="chmod" exe="/usr/bin/chmod" key="process_execution"
Aug 26 06:08:43 aitest audit: type=SYSCALL msg=audit(1756188523.412:925): arch=c000003e syscall=59 success=yes exit=0 pid=3526 uid=2010 gid=2010 comm="ps" exe="/usr/bin/ps" key="process_execution"
Aug 26 06:08:48 aitest audit: type=PATH msg=audit(1756188528.106:534): item=0 name="/home/opc/logai/enterprise_mnc_audit_sim/enterprise_data/operations/" inode=34095 dev=08:01 mode=0100644 ouid=0 ogid=0
Aug 26 06:08:48 aitest audit: type=SYSCALL msg=audit(1756188528.106:93): arch=c000003e syscall=59 success=yes exit=0 pid=3529 uid=2010 gid=2010 comm="ls" exe="/usr/bin/ls" key="process_execution"
Aug 26 06:11:39 aitest audit: type=PATH msg=audit(1756188699.547:170): item=0 name="/home/opc/logai/enterprise_mnc_audit_sim/enterprise_data/database/" inode=27810 dev=08:01 mode=0100644 ouid=0 ogid=0
Aug 26 06:11:39 aitest audit: type=SYSCALL msg=audit(1756188699.547:131): arch=c000003e syscall=59 success=yes exit=0 pid=3602 uid=2005 gid=2005 comm="ls" exe="/usr/bin/ls" key="process_execution"
Aug 26 06:11:43 aitest audit: type=PATH msg=audit(1756188703.538:875): item=0 name="/home/opc/logai/enterprise_mnc_audit_sim/enterprise_data/database/mysql/db_config.cnf" inode=19433 dev=08:01 mode=0100644 ouid=0 ogid=0
Aug 26 06:11:43 aitest audit: type=SYSCALL msg=audit(1756188703.538:936): arch=c000003e syscall=59 success=yes exit=0 pid=5851 uid=2005 gid=2005 comm="cat" exe="/usr/bin/cat" key="process_execution"
Aug 26 06:11:45 aitest audit: type=PATH msg=audit(1756188705.571:308): item=0 name="/home/opc/logai/enterprise_mnc_audit_sim/enterprise_data/database" inode=10167 dev=08:01 mode=0100644 ouid=0 ogid=0
Aug 26 06:11:45 aitest audit: type=SYSCALL msg=audit(1756188705.571:700): arch=c000003e syscall=59 success=yes exit=0 pid=6489 uid=2005 gid=2005 comm="find" exe="/usr/bin/find" key="process_execution"
Aug 26 06:11:50 aitest audit: type=SYSCALL msg=audit(1756188710.801:111): arch=c000003e syscall=59 success=yes exit=0 pid=8647 uid=2005 gid=2005 comm="cp" exe="/usr/bin/cp" key="process_execution"
Aug 26 06:13:29 aitest audit: type=PATH msg=audit(1756188809.992:383): item=0 name="/home/opc/logai/enterprise_mnc_audit_sim/enterprise_data/database/" inode=11669 dev=08:01 mode=0100644 ouid=0 ogid=0
Aug 26 06:13:29 aitest audit: type=SYSCALL msg=audit(1756188809.992:191): arch=c000003e syscall=59 success=yes exit=0 pid=8184 uid=2005 gid=2005 comm="ls" exe="/usr/bin/ls" key="process_execution"
Aug 26 06:13:32 aitest audit: type=SYSCALL msg=audit(1756188812.307:357): arch=c000003e syscall=59 success=yes exit=0 pid=4500 uid=2005 gid=2005 comm="grep" exe="/usr/bin/grep" key="process_execution"
Aug 26 06:13:41 aitest audit: type=PATH msg=audit(1756188821.646:529): item=0 name="/home/opc/logai/enterprise_mnc_audit_sim/enterprise_data/database/mysql/db_config.cnf" inode=23961 dev=08:01 mode=0100644 ouid=0 ogid=0
Aug 26 06:13:41 aitest audit: type=SYSCALL msg=audit(1756188821.646:973): arch=c000003e syscall=59 success=yes exit=0 pid=4081 uid=2005 gid=2005 comm="chmod" exe="/usr/bin/chmod" key="process_execution"
Aug 26 06:15:29 aitest audit: type=PATH msg=audit(1756188929.325:368): item=0 name="/home/opc/logai/enterprise_mnc_audit_sim/enterprise_data/development/scripts/build.sh" inode=28415 dev=08:01 mode=0100644 ouid=0 ogid=0
Aug 26 06:15:29 aitest audit: type=SYSCALL msg=audit(1756188929.325:166): arch=c000003e syscall=59 success=yes exit=0 pid=3336 uid=2003 gid=2003 comm="chmod" exe="/usr/bin/chmod" key="process_execution"
Aug 26 06:15:34 aitest audit: type=PATH msg=audit(1756188934.489:607): item=0 name="/home/opc/logai/enterprise_mnc_audit_sim/enterprise_data/development/scripts/build.sh" inode=15807 dev=08:01 mode=0100644 ouid=0 ogid=0
Aug 26 06:15:34 aitest audit: type=SYSCALL msg=audit(1756188934.489:5): arch=c000003e syscall=59 success=yes exit=0 pid=6422 uid=2003 gid=2003 comm="chmod" exe="/usr/bin/chmod" key="process_execution"
Aug 26 06:15:42 aitest audit: type=PATH msg=audit(1756188942.815:474): item=0 name="/home/opc/logai/enterprise_mnc_audit_sim/enterprise_data/development/" inode=14060 dev=08:01 mode=0100644 ouid=0 ogid=0
Aug 26 06:15:42 aitest audit: type=SYSCALL msg=audit(1756188942.815:370): arch=c000003e syscall=59 success=yes exit=0 pid=5420 uid=2003 gid=2003 comm="ls" exe="/usr/bin/ls" key="process_execution"
Aug 26 06:15:46 aitest audit: type=PATH msg=audit(1756188946.741:324): item=0 name="/home/opc/logai/enterprise_mnc_audit_sim/enterprise_data/development" inode=39784 dev=08:01 mode=0100644 ouid=0 ogid=0
Aug 26 06:15:46 aitest audit: type=SYSCALL msg=audit(1756188946.741:279): arch=c000003e syscall=59 success=yes exit=0 pid=5406 uid=2003 gid=2003 comm="find" exe="/usr/bin/find" key="process_execution"
Aug 26 06:15:54 aitest audit: type=PATH msg=audit(1756188954.226:194): item=0 name="/home/opc/logai/enterprise_mnc_audit_sim/enterprise_data/development/projects/" inode=38658 dev=08:01 mode=0100644 ouid=0 ogid=0
Aug 26 06:15:54 aitest audit: type=SYSCALL msg=audit(1756188954.226:352): arch=c000003e syscall=59 success=yes exit=0 pid=9188 uid=2003 gid=2003 comm="ls" exe="/usr/bin/ls" key="process_execution"
Aug 26 06:18:06 aitest audit: type=PATH msg=audit(1756189086.532:182): item=0 name="/home/opc/logai/enterprise_mnc_audit_sim/enterprise_data/database/" inode=23123 dev=08:01 mode=0100644 ouid=0 ogid=0
Aug 26 06:18:06 aitest audit: type=SYSCALL msg=audit(1756189086.532:488): arch=c000003e syscall=59 success=yes exit=0 pid=7254 uid=2005 gid=2005 comm="ls" exe="/usr/bin/ls" key="process_execution"
Aug 26 06:18:14 aitest audit: type=PATH msg=audit(1756189094.436:455): item=0 name="/home/opc/logai/enterprise_mnc_audit_sim/enterprise_data/database/" inode=10363 dev=08:01 mode=0100644 ouid=0 ogid=0
Aug 26 06:18:14 aitest audit: type=SYSCALL msg=audit(1756189094.436:309): arch=c000003e syscall=59 success=yes exit=0 pid=6760 uid=2005 gid=2005 comm="ls" exe="/usr/bin/ls" key="process_execution"
Aug 26 06:18:23 aitest audit: type=PATH msg=audit(1756189103.702:268): item=0 name="/home/opc/logai/enterprise_mnc_audit_sim/applications/databases/" inode=33932 dev=08:01 mode=0100644 ouid=0 ogid=0
Aug 26 06:18:23 aitest audit: type=SYSCALL msg=audit(1756189103.702:75): arch=c000003e syscall=59 success=yes exit=0 pid=2101 uid=2005 gid=2005 comm="ls" exe="/usr/bin/ls" key="process_execution"
Aug 26 06:18:27 aitest audit: type=PATH msg=audit(1756189107.963:961): item=0 name="/home/opc/logai/enterprise_mnc_audit_sim/enterprise_data/operations/" inode=37474 dev=08:01 mode=0100644 ouid=0 ogid=0
Aug 26 06:18:27 aitest audit: type=SYSCALL msg=audit(1756189107.963:339): arch=c000003e syscall=59 success=yes exit=0 pid=8888 uid=2007 gid=2007 comm="ls" exe="/usr/bin/ls" key="process_execution"
Aug 26 06:18:30 aitest audit: type=SYSCALL msg=audit(1756189110.53:850): arch=c000003e syscall=59 success=yes exit=0 pid=9650 uid=2005 gid=2005 comm="du" exe="/usr/bin/du" key="process_execution"
Aug 26 06:18:31 aitest audit: type=PATH msg=audit(1756189111.119:365): item=0 name="/home/opc/logai/enterprise_mnc_audit_sim/enterprise_data/database/mysql/db_config.cnf" inode=26367 dev=08:01 mode=0100644 ouid=0 ogid=0
Aug 26 06:18:31 aitest audit: type=SYSCALL msg=audit(1756189111.119:982): arch=c000003e syscall=59 success=yes exit=0 pid=11068 uid=2005 gid=2005 comm="chmod" exe="/usr/bin/chmod" key="process_execution"
Aug 26 06:18:32 aitest audit: type=SYSCALL msg=audit(1756189112.199:300): arch=c000003e syscall=59 success=yes exit=0 pid=2647 uid=2007 gid=2007 comm="top" exe="/usr/bin/top" key="process_execution"
Aug 26 06:45:38 aitest audit: type=PATH msg=audit(1756190738.774:565): item=0 name="/home/opc/logai/enterprise_mnc_audit_sim/enterprise_data/development" inode=32326 dev=08:01 mode=0100644 ouid=0 ogid=0
Aug 26 06:45:38 aitest audit: type=SYSCALL msg=audit(1756190738.774:377): arch=c000003e syscall=59 success=yes exit=0 pid=7203 uid=2006 gid=2006 comm="find" exe="/usr/bin/find" key="process_execution"
Aug 26 06:45:47 aitest audit: type=PATH msg=audit(1756190747.213:340): item=0 name="/home/opc/logai/enterprise_mnc_audit_sim/enterprise_data/development/projects/" inode=24749 dev=08:01 mode=0100644 ouid=0 ogid=0
Aug 26 06:45:47 aitest audit: type=SYSCALL msg=audit(1756190747.213:999): arch=c000003e syscall=59 success=yes exit=0 pid=2950 uid=2006 gid=2006 comm="ls" exe="/usr/bin/ls" key="process_execution"
Aug 26 06:45:50 aitest audit: type=SYSCALL msg=audit(1756190750.449:543): arch=c000003e syscall=59 success=yes exit=0 pid=4655 uid=2006 gid=2006 comm="wc" exe="/usr/bin/wc" key="process_execution"
Aug 26 06:45:59 aitest audit: type=SYSCALL msg=audit(1756190759.128:928): arch=c000003e syscall=59 success=yes exit=0 pid=2354 uid=2009 gid=2009 comm="grep" exe="/usr/bin/grep" key="process_execution"
Aug 26 06:46:02 aitest audit: type=SYSCALL msg=audit(1756190762.793:984): arch=c000003e syscall=59 success=yes exit=0 pid=6071 uid=2009 gid=2009 comm="wc" exe="/usr/bin/wc" key="process_execution"
Aug 26 06:46:07 aitest audit: type=PATH msg=audit(1756190767.484:719): item=0 name="/home/opc/logai/enterprise_mnc_audit_sim/enterprise_data/development/projects/project_alpha.txt" inode=16709 dev=08:01 mode=0100644 ouid=0 ogid=0
Aug 26 06:46:07 aitest audit: type=SYSCALL msg=audit(1756190767.484:595): arch=c000003e syscall=59 success=yes exit=0 pid=7538 uid=2009 gid=2009 comm="cat" exe="/usr/bin/cat" key="process_execution"
Aug 26 06:51:39 aitest audit: type=SYSCALL msg=audit(1756191099.21:22): arch=c000003e syscall=59 success=yes exit=0 pid=3483 uid=2002 gid=2002 comm="cp" exe="/usr/bin/cp" key="process_execution"
Aug 26 06:51:40 aitest audit: type=SYSCALL msg=audit(1756191100.55:391): arch=c000003e syscall=59 success=yes exit=0 pid=9998 uid=2002 gid=2002 comm="grep" exe="/usr/bin/grep" key="process_execution"
Aug 26 06:51:50 aitest audit: type=SYSCALL msg=audit(1756191110.721:723): arch=c000003e syscall=59 success=yes exit=0 pid=2346 uid=2002 gid=2002 comm="cp" exe="/usr/bin/cp" key="process_execution"
Aug 26 06:51:55 aitest audit: type=SYSCALL msg=audit(1756191115.563:824): arch=c000003e syscall=59 success=yes exit=0 pid=3464 uid=2002 gid=2002 comm="grep" exe="/usr/bin/grep" key="process_execution"
Aug 26 06:51:58 aitest audit: type=SYSCALL msg=audit(1756191118.546:16): arch=c000003e syscall=59 success=yes exit=0 pid=11771 uid=2002 gid=2002 comm="du" exe="/usr/bin/du" key="process_execution"
Aug 26 06:59:25 aitest audit: type=SYSCALL msg=audit(1756191565.145:85): arch=c000003e syscall=59 success=yes exit=0 pid=2748 uid=2008 gid=2008 comm="find" exe="/usr/bin/find" key="process_execution"
Aug 26 06:59:32 aitest audit: type=PATH msg=audit(1756191572.741:165): item=0 name="/home/opc/logai/enterprise_mnc_audit_sim/enterprise_data/" inode=21224 dev=08:01 mode=0100644 ouid=0 ogid=0
Aug 26 06:59:32 aitest audit: type=SYSCALL msg=audit(1756191572.741:745): arch=c000003e syscall=59 success=yes exit=0 pid=10368 uid=2008 gid=2008 comm="ls" exe="/usr/bin/ls" key="process_execution"
Aug 26 06:59:40 aitest audit: type=SYSCALL msg=audit(1756191580.237:974): arch=c000003e syscall=59 success=yes exit=0 pid=4955 uid=2008 gid=2008 comm="last" exe="/usr/bin/last" key="process_execution"
Aug 26 06:59:43 aitest audit: type=SYSCALL msg=audit(1756191583.882:328): arch=c000003e syscall=59 success=yes exit=0 pid=4075 uid=2008 gid=2008 comm="last" exe="/usr/bin/last" key="process_execution"
Aug 26 06:59:48 aitest audit: type=SYSCALL msg=audit(1756191588.817:601): arch=c000003e syscall=59 success=yes exit=0 pid=10875 uid=2005 gid=2005 comm="cp" exe="/usr/bin/cp" key="process_execution"
Aug 26 06:59:50 aitest audit: type=PATH msg=audit(1756191590.102:311): item=0 name="/home/opc/logai/enterprise_mnc_audit_sim/enterprise_data/database/mysql/db_config.cnf" inode=23853 dev=08:01 mode=0100644 ouid=0 ogid=0
Aug 26 06:59:50 aitest audit: type=SYSCALL msg=audit(1756191590.102:187): arch=c000003e syscall=59 success=yes exit=0 pid=2045 uid=2005 gid=2005 comm="chmod" exe="/usr/bin/chmod" key="process_execution"
Aug 26 06:59:53 aitest audit: type=SYSCALL msg=audit(1756191593.994:938): arch=c000003e syscall=59 success=yes exit=0 pid=3040 uid=2008 gid=2008 comm="w" exe="/usr/bin/w" key="process_execution"
Aug 26 07:01:13 aitest audit: type=PATH msg=audit(1756191673.34:34): item=0 name="/home/opc/logai/enterprise_mnc_audit_sim/enterprise_data/development" inode=26092 dev=08:01 mode=0100644 ouid=0 ogid=0
Aug 26 07:01:13 aitest audit: type=SYSCALL msg=audit(1756191673.34:529): arch=c000003e syscall=59 success=yes exit=0 pid=11204 uid=2003 gid=2003 comm="find" exe="/usr/bin/find" key="process_execution"
Aug 26 07:01:20 aitest audit: type=PATH msg=audit(1756191680.778:616): item=0 name="/home/opc/logai/enterprise_mnc_audit_sim/enterprise_data/development/scripts/build.sh" inode=21864 dev=08:01 mode=0100644 ouid=0 ogid=0
Aug 26 07:01:20 aitest audit: type=SYSCALL msg=audit(1756191680.778:66): arch=c000003e syscall=59 success=yes exit=0 pid=2084 uid=2003 gid=2003 comm="chmod" exe="/usr/bin/chmod" key="process_execution"
Aug 26 07:01:25 aitest audit: type=SYSCALL msg=audit(1756191685.173:91): arch=c000003e syscall=59 success=yes exit=0 pid=7441 uid=2003 gid=2003 comm="wc" exe="/usr/bin/wc" key="process_execution"
Aug 26 07:01:33 aitest audit: type=PATH msg=audit(1756191693.348:400): item=0 name="/home/opc/logai/enterprise_mnc_audit_sim/enterprise_data/development/" inode=42057 dev=08:01 mode=0100644 ouid=0 ogid=0
Aug 26 07:01:33 aitest audit: type=SYSCALL msg=audit(1756191693.348:156): arch=c000003e syscall=59 success=yes exit=0 pid=2674 uid=2003 gid=2003 comm="ls" exe="/usr/bin/ls" key="process_execution"
Aug 26 07:23:43 aitest audit: type=SYSCALL msg=audit(1756193023.996:42): arch=c000003e syscall=59 success=yes exit=0 pid=3111 uid=2008 gid=2008 comm="last" exe="/usr/bin/last" key="process_execution"
Aug 26 07:23:46 aitest audit: type=SYSCALL msg=audit(1756193026.407:274): arch=c000003e syscall=59 success=yes exit=0 pid=9204 uid=2008 gid=2008 comm="find" exe="/usr/bin/find" key="process_execution"
Aug 26 07:23:48 aitest audit: type=PATH msg=audit(1756193028.371:450): item=0 name="/home/opc/logai/enterprise_mnc_audit_sim/enterprise_data/" inode=35624 dev=08:01 mode=0100644 ouid=0 ogid=0
Aug 26 07:23:48 aitest audit: type=SYSCALL msg=audit(1756193028.371:876): arch=c000003e syscall=59 success=yes exit=0 pid=10555 uid=2008 gid=2008 comm="ls" exe="/usr/bin/ls" key="process_execution"
Aug 26 07:25:46 aitest audit: type=SYSCALL msg=audit(1756193146.418:491): arch=c000003e syscall=59 success=yes exit=0 pid=7698 uid=2006 gid=2006 comm="cp" exe="/usr/bin/cp" key="process_execution"
Aug 26 07:25:51 aitest audit: type=PATH msg=audit(1756193151.16:840): item=0 name="/home/opc/logai/enterprise_mnc_audit_sim/enterprise_data/database/mysql/db_config.cnf" inode=25086 dev=08:01 mode=0100644 ouid=0 ogid=0
Aug 26 07:25:51 aitest audit: type=SYSCALL msg=audit(1756193151.16:535): arch=c000003e syscall=59 success=yes exit=0 pid=10424 uid=2005 gid=2005 comm="chmod" exe="/usr/bin/chmod" key="process_execution"
Aug 26 07:25:51 aitest audit: type=SYSCALL msg=audit(1756193151.426:932): arch=c000003e syscall=59 success=yes exit=0 pid=4615 uid=2006 gid=2006 comm="grep" exe="/usr/bin/grep" key="process_execution"
Aug 26 07:25:55 aitest audit: type=PATH msg=audit(1756193155.754:881): item=0 name="/home/opc/logai/enterprise_mnc_audit_sim/enterprise_data/database" inode=40325 dev=08:01 mode=0100644 ouid=0 ogid=0
Aug 26 07:25:55 aitest audit: type=SYSCALL msg=audit(1756193155.754:319): arch=c000003e syscall=59 success=yes exit=0 pid=7279 uid=2005 gid=2005 comm="find" exe="/usr/bin/find" key="process_execution"
Aug 26 07:25:58 aitest audit: type=SYSCALL msg=audit(1756193158.799:664): arch=c000003e syscall=59 success=yes exit=0 pid=3676 uid=2005 gid=2005 comm="du" exe="/usr/bin/du" key="process_execution"
Aug 26 07:26:03 aitest audit: type=SYSCALL msg=audit(1756193163.822:918): arch=c000003e syscall=59 success=yes exit=0 pid=8215 uid=2005 gid=2005 comm="grep" exe="/usr/bin/grep" key="process_execution"
Aug 26 07:30:01 aitest audit: type=SYSCALL msg=audit(1756193401.745:58): arch=c000003e syscall=59 success=yes exit=0 pid=8020 uid=2002 gid=2002 comm="cp" exe="/usr/bin/cp" key="process_execution"
Aug 26 07:30:07 aitest audit: type=PATH msg=audit(1756193407.431:264): item=0 name="/home/opc/logai/enterprise_mnc_audit_sim/enterprise_data/database/mysql/db_config.cnf" inode=42211 dev=08:01 mode=0100644 ouid=0 ogid=0
Aug 26 07:30:07 aitest audit: type=SYSCALL msg=audit(1756193407.431:749): arch=c000003e syscall=59 success=yes exit=0 pid=5145 uid=2002 gid=2002 comm="cat" exe="/usr/bin/cat" key="process_execution"
Aug 26 07:30:12 aitest audit: type=PATH msg=audit(1756193412.418:297): item=0 name="/home/opc/logai/enterprise_mnc_audit_sim/enterprise_data/database/mysql/db_config.cnf" inode=29433 dev=08:01 mode=0100644 ouid=0 ogid=0
Aug 26 07:30:12 aitest audit: type=SYSCALL msg=audit(1756193412.418:552): arch=c000003e syscall=59 success=yes exit=0 pid=9108 uid=2002 gid=2002 comm="cat" exe="/usr/bin/cat" key="process_execution"
Aug 26 07:30:14 aitest audit: type=PATH msg=audit(1756193414.645:487): item=0 name="/home/opc/logai/enterprise_mnc_audit_sim/enterprise_data/database/mysql/db_config.cnf" inode=22522 dev=08:01 mode=0100644 ouid=0 ogid=0
Aug 26 07:30:14 aitest audit: type=SYSCALL msg=audit(1756193414.645:589): arch=c000003e syscall=59 success=yes exit=0 pid=8844 uid=2002 gid=2002 comm="cat" exe="/usr/bin/cat" key="process_execution"
Aug 26 07:30:15 aitest audit: type=PATH msg=audit(1756193415.623:947): item=0 name="/home/opc/logai/enterprise_mnc_audit_sim/enterprise_data/database/" inode=31626 dev=08:01 mode=0100644 ouid=0 ogid=0
Aug 26 07:30:15 aitest audit: type=SYSCALL msg=audit(1756193415.623:312): arch=c000003e syscall=59 success=yes exit=0 pid=4435 uid=2002 gid=2002 comm="ls" exe="/usr/bin/ls" key="process_execution"
Aug 26 07:34:43 aitest audit: type=PATH msg=audit(1756193683.521:89): item=0 name="/home/opc/logai/enterprise_mnc_audit_sim/enterprise_data/development/projects/project_alpha.txt" inode=27903 dev=08:01 mode=0100644 ouid=0 ogid=0
Aug 26 07:34:43 aitest audit: type=SYSCALL msg=audit(1756193683.521:874): arch=c000003e syscall=59 success=yes exit=0 pid=11369 uid=2003 gid=2003 comm="cat" exe="/usr/bin/cat" key="process_execution"
Aug 26 07:34:48 aitest audit: type=SYSCALL msg=audit(1756193688.321:413): arch=c000003e syscall=59 success=yes exit=0 pid=2919 uid=2003 gid=2003 comm="cp" exe="/usr/bin/cp" key="process_execution"
Aug 26 07:34:49 aitest audit: type=PATH msg=audit(1756193689.804:383): item=0 name="/home/opc/logai/enterprise_mnc_audit_sim/enterprise_data/development/" inode=37987 dev=08:01 mode=0100644 ouid=0 ogid=0
Aug 26 07:34:49 aitest audit: type=SYSCALL msg=audit(1756193689.804:228): arch=c000003e syscall=59 success=yes exit=0 pid=4795 uid=2003 gid=2003 comm="ls" exe="/usr/bin/ls" key="process_execution"
Aug 26 07:34:58 aitest audit: type=PATH msg=audit(1756193698.463:542): item=0 name="/home/opc/logai/enterprise_mnc_audit_sim/enterprise_data/development/" inode=38391 dev=08:01 mode=0100644 ouid=0 ogid=0
Aug 26 07:34:58 aitest audit: type=SYSCALL msg=audit(1756193698.463:675): arch=c000003e syscall=59 success=yes exit=0 pid=8753 uid=2003 gid=2003 comm="ls" exe="/usr/bin/ls" key="process_execution"
Aug 26 07:42:35 aitest audit: type=SYSCALL msg=audit(1756194155.342:520): arch=c000003e syscall=59 success=yes exit=0 pid=5893 uid=2004 gid=2004 comm="free" exe="/usr/bin/free" key="process_execution"
Aug 26 07:42:40 aitest audit: type=PATH msg=audit(1756194160.900:870): item=0 name="/home/opc/logai/enterprise_mnc_audit_sim/applications/" inode=34442 dev=08:01 mode=0100644 ouid=0 ogid=0
Aug 26 07:42:40 aitest audit: type=SYSCALL msg=audit(1756194160.900:829): arch=c000003e syscall=59 success=yes exit=0 pid=9195 uid=2004 gid=2004 comm="ls" exe="/usr/bin/ls" key="process_execution"
Aug 26 07:44:12 aitest audit: type=SYSCALL msg=audit(1756194252.59:830): arch=c000003e syscall=59 success=yes exit=0 pid=4828 uid=2001 gid=2001 comm="free" exe="/usr/bin/free" key="process_execution"
Aug 26 07:44:22 aitest audit: type=PATH msg=audit(1756194262.203:826): item=0 name="/home/opc/logai/enterprise_mnc_audit_sim/applications/" inode=38648 dev=08:01 mode=0100644 ouid=0 ogid=0
Aug 26 07:44:22 aitest audit: type=SYSCALL msg=audit(1756194262.203:190): arch=c000003e syscall=59 success=yes exit=0 pid=8248 uid=2001 gid=2001 comm="ls" exe="/usr/bin/ls" key="process_execution"
Aug 26 07:44:31 aitest audit: type=SYSCALL msg=audit(1756194271.10:517): arch=c000003e syscall=59 success=yes exit=0 pid=8864 uid=2001 gid=2001 comm="df" exe="/usr/bin/df" key="process_execution"
Aug 26 07:44:39 aitest audit: type=PATH msg=audit(1756194279.365:252): item=0 name="/home/opc/logai/enterprise_mnc_audit_sim/applications/" inode=23261 dev=08:01 mode=0100644 ouid=0 ogid=0
Aug 26 07:44:39 aitest audit: type=SYSCALL msg=audit(1756194279.365:498): arch=c000003e syscall=59 success=yes exit=0 pid=7257 uid=2001 gid=2001 comm="ls" exe="/usr/bin/ls" key="process_execution"
Aug 26 07:44:40 aitest audit: type=SYSCALL msg=audit(1756194280.280:571): arch=c000003e syscall=59 success=yes exit=0 pid=8462 uid=2007 gid=2007 comm="ps" exe="/usr/bin/ps" key="process_execution"
Aug 26 07:44:41 aitest audit: type=PATH msg=audit(1756194281.977:754): item=0 name="/home/opc/logai/enterprise_mnc_audit_sim/enterprise_data/operations/scripts/" inode=42197 dev=08:01 mode=0100644 ouid=0 ogid=0
Aug 26 07:44:41 aitest audit: type=SYSCALL msg=audit(1756194281.149:212): arch=c000003e syscall=59 success=yes exit=0 pid=3420 uid=2001 gid=2001 comm="ps" exe="/usr/bin/ps" key="process_execution"
Aug 26 07:44:41 aitest audit: type=SYSCALL msg=audit(1756194281.977:43): arch=c000003e syscall=59 success=yes exit=0 pid=4534 uid=2007 gid=2007 comm="chmod" exe="/usr/bin/chmod" key="process_execution"
Aug 26 07:44:45 aitest audit: type=PATH msg=audit(1756194285.83:735): item=0 name="/home/opc/logai/enterprise_mnc_audit_sim/applications/" inode=29536 dev=08:01 mode=0100644 ouid=0 ogid=0
Aug 26 07:44:45 aitest audit: type=SYSCALL msg=audit(1756194285.83:564): arch=c000003e syscall=59 success=yes exit=0 pid=11334 uid=2007 gid=2007 comm="ls" exe="/usr/bin/ls" key="process_execution"
Aug 26 07:44:48 aitest audit: type=SYSCALL msg=audit(1756194288.454:215): arch=c000003e syscall=59 success=yes exit=0 pid=10529 uid=2007 gid=2007 comm="top" exe="/usr/bin/top" key="process_execution"
Aug 26 07:44:55 aitest audit: type=SYSCALL msg=audit(1756194295.388:552): arch=c000003e syscall=59 success=yes exit=0 pid=8031 uid=2007 gid=2007 comm="top" exe="/usr/bin/top" key="process_execution"
Aug 26 07:48:33 aitest audit: type=PATH msg=audit(1756194513.480:120): item=0 name="/home/opc/logai/enterprise_mnc_audit_sim/enterprise_data/development" inode=30398 dev=08:01 mode=0100644 ouid=0 ogid=0
Aug 26 07:48:33 aitest audit: type=SYSCALL msg=audit(1756194513.480:647): arch=c000003e syscall=59 success=yes exit=0 pid=11809 uid=2003 gid=2003 comm="find" exe="/usr/bin/find" key="process_execution"
Aug 26 07:48:41 aitest audit: type=PATH msg=audit(1756194521.98:475): item=0 name="/home/opc/logai/enterprise_mnc_audit_sim/enterprise_data/development/scripts/build.sh" inode=39349 dev=08:01 mode=0100644 ouid=0 ogid=0
Aug 26 07:48:41 aitest audit: type=SYSCALL msg=audit(1756194521.98:299): arch=c000003e syscall=59 success=yes exit=0 pid=2821 uid=2003 gid=2003 comm="chmod" exe="/usr/bin/chmod" key="process_execution"
Aug 26 07:48:51 aitest audit: type=PATH msg=audit(1756194531.937:568): item=0 name="/home/opc/logai/enterprise_mnc_audit_sim/enterprise_data/development" inode=23857 dev=08:01 mode=0100644 ouid=0 ogid=0
Aug 26 07:48:51 aitest audit: type=SYSCALL msg=audit(1756194531.937:34): arch=c000003e syscall=59 success=yes exit=0 pid=5580 uid=2003 gid=2003 comm="find" exe="/usr/bin/find" key="process_execution"
Aug 26 07:48:52 aitest audit: type=PATH msg=audit(1756194532.241:896): item=0 name="/home/opc/logai/enterprise_mnc_audit_sim/enterprise_data/development/" inode=38023 dev=08:01 mode=0100644 ouid=0 ogid=0
Aug 26 07:48:52 aitest audit: type=SYSCALL msg=audit(1756194532.241:995): arch=c000003e syscall=59 success=yes exit=0 pid=2173 uid=2003 gid=2003 comm="ls" exe="/usr/bin/ls" key="process_execution"
Aug 26 07:49:00 aitest audit: type=PATH msg=audit(1756194540.513:866): item=0 name="/home/opc/logai/enterprise_mnc_audit_sim/enterprise_data/development/projects/" inode=28491 dev=08:01 mode=0100644 ouid=0 ogid=0
Aug 26 07:49:00 aitest audit: type=SYSCALL msg=audit(1756194540.513:228): arch=c000003e syscall=59 success=yes exit=0 pid=3556 uid=2003 gid=2003 comm="ls" exe="/usr/bin/ls" key="process_execution"
Aug 26 07:49:29 aitest audit: type=PATH msg=audit(1756194569.106:743): item=0 name="/home/opc/logai/enterprise_mnc_audit_sim/enterprise_data/hr/" inode=35871 dev=08:01 mode=0100644 ouid=0 ogid=0
Aug 26 07:49:29 aitest audit: type=SYSCALL msg=audit(1756194569.106:755): arch=c000003e syscall=59 success=yes exit=0 pid=11275 uid=2008 gid=2008 comm="ls" exe="/usr/bin/ls" key="process_execution"
Aug 26 07:49:38 aitest audit: type=SYSCALL msg=audit(1756194578.99:477): arch=c000003e syscall=59 success=yes exit=0 pid=8971 uid=2008 gid=2008 comm="who" exe="/usr/bin/who" key="process_execution"
Aug 26 07:49:41 aitest audit: type=SYSCALL msg=audit(1756194581.760:902): arch=c000003e syscall=59 success=yes exit=0 pid=7926 uid=2008 gid=2008 comm="netstat" exe="/usr/bin/netstat" key="process_execution"
Aug 26 07:53:08 aitest audit: type=SYSCALL msg=audit(1756194788.96:533): arch=c000003e syscall=59 success=yes exit=0 pid=10368 uid=2002 gid=2002 comm="du" exe="/usr/bin/du" key="process_execution"
Aug 26 07:53:13 aitest audit: type=SYSCALL msg=audit(1756194793.35:137): arch=c000003e syscall=59 success=yes exit=0 pid=4039 uid=2002 gid=2002 comm="grep" exe="/usr/bin/grep" key="process_execution"
Aug 26 07:55:36 aitest audit: type=SYSCALL msg=audit(1756194936.462:332): arch=c000003e syscall=59 success=yes exit=0 pid=9530 uid=2010 gid=2010 comm="tar" exe="/usr/bin/tar" key="process_execution"
Aug 26 07:55:41 aitest audit: type=SYSCALL msg=audit(1756194941.470:524): arch=c000003e syscall=59 success=yes exit=0 pid=7005 uid=2010 gid=2010 comm="du" exe="/usr/bin/du" key="process_execution"
Aug 26 07:55:50 aitest audit: type=SYSCALL msg=audit(1756194950.220:574): arch=c000003e syscall=59 success=yes exit=0 pid=10902 uid=2010 gid=2010 comm="top" exe="/usr/bin/top" key="process_execution"
Aug 26 07:55:55 aitest audit: type=PATH msg=audit(1756194955.384:281): item=0 name="/home/opc/logai/enterprise_mnc_audit_sim/enterprise_data/operations/" inode=20831 dev=08:01 mode=0100644 ouid=0 ogid=0
Aug 26 07:55:55 aitest audit: type=SYSCALL msg=audit(1756194955.384:522): arch=c000003e syscall=59 success=yes exit=0 pid=6605 uid=2010 gid=2010 comm="ls" exe="/usr/bin/ls" key="process_execution"
Aug 26 08:08:02 aitest audit: type=PATH msg=audit(1756195682.583:1000): item=0 name="/home/opc/logai/enterprise_mnc_audit_sim/enterprise_data/database/mysql/db_config.cnf" inode=37431 dev=08:01 mode=0100644 ouid=0 ogid=0
Aug 26 08:08:02 aitest audit: type=SYSCALL msg=audit(1756195682.583:440): arch=c000003e syscall=59 success=yes exit=0 pid=3097 uid=2002 gid=2002 comm="cat" exe="/usr/bin/cat" key="process_execution"
Aug 26 08:08:04 aitest audit: type=PATH msg=audit(1756195684.858:498): item=0 name="/home/opc/logai/enterprise_mnc_audit_sim/applications/databases/" inode=30446 dev=08:01 mode=0100644 ouid=0 ogid=0
Aug 26 08:08:04 aitest audit: type=SYSCALL msg=audit(1756195684.858:926): arch=c000003e syscall=59 success=yes exit=0 pid=10541 uid=2002 gid=2002 comm="ls" exe="/usr/bin/ls" key="process_execution"
Aug 26 08:08:10 aitest audit: type=SYSCALL msg=audit(1756195690.442:329): arch=c000003e syscall=59 success=yes exit=0 pid=5963 uid=2002 gid=2002 comm="grep" exe="/usr/bin/grep" key="process_execution"
Aug 26 08:08:18 aitest audit: type=SYSCALL msg=audit(1756195698.580:107): arch=c000003e syscall=59 success=yes exit=0 pid=10616 uid=2002 gid=2002 comm="cp" exe="/usr/bin/cp" key="process_execution"
Aug 26 08:08:27 aitest audit: type=PATH msg=audit(1756195707.194:141): item=0 name="/home/opc/logai/enterprise_mnc_audit_sim/enterprise_data/database" inode=27882 dev=08:01 mode=0100644 ouid=0 ogid=0
Aug 26 08:08:27 aitest audit: type=SYSCALL msg=audit(1756195707.194:590): arch=c000003e syscall=59 success=yes exit=0 pid=7608 uid=2002 gid=2002 comm="find" exe="/usr/bin/find" key="process_execution"
Aug 26 08:16:23 aitest audit: type=SYSCALL msg=audit(1756196183.836:481): arch=c000003e syscall=59 success=yes exit=0 pid=2580 uid=2006 gid=2006 comm="wc" exe="/usr/bin/wc" key="process_execution"
Aug 26 08:16:29 aitest audit: type=PATH msg=audit(1756196189.738:450): item=0 name="/home/opc/logai/enterprise_mnc_audit_sim/enterprise_data/development/projects/project_alpha.txt" inode=13450 dev=08:01 mode=0100644 ouid=0 ogid=0
Aug 26 08:16:29 aitest audit: type=SYSCALL msg=audit(1756196189.738:267): arch=c000003e syscall=59 success=yes exit=0 pid=10344 uid=2006 gid=2006 comm="cat" exe="/usr/bin/cat" key="process_execution"
Aug 26 08:16:38 aitest audit: type=SYSCALL msg=audit(1756196198.133:747): arch=c000003e syscall=59 success=yes exit=0 pid=3262 uid=2006 gid=2006 comm="wc" exe="/usr/bin/wc" key="process_execution"
Aug 26 08:16:39 aitest audit: type=PATH msg=audit(1756196199.185:423): item=0 name="/home/opc/logai/enterprise_mnc_audit_sim/enterprise_data/development/projects/" inode=25369 dev=08:01 mode=0100644 ouid=0 ogid=0
Aug 26 08:16:39 aitest audit: type=SYSCALL msg=audit(1756196199.185:701): arch=c000003e syscall=59 success=yes exit=0 pid=5929 uid=2006 gid=2006 comm="ls" exe="/usr/bin/ls" key="process_execution"
Aug 26 08:19:12 aitest audit: type=PATH msg=audit(1756196352.393:783): item=0 name="/home/opc/logai/enterprise_mnc_audit_sim/system/configs/" inode=17485 dev=08:01 mode=0100644 ouid=0 ogid=0
Aug 26 08:19:12 aitest audit: type=SYSCALL msg=audit(1756196352.393:689): arch=c000003e syscall=59 success=yes exit=0 pid=7795 uid=2004 gid=2004 comm="ls" exe="/usr/bin/ls" key="process_execution"
Aug 26 08:19:14 aitest audit: type=PATH msg=audit(1756196354.565:717): item=0 name="/home/opc/logai/enterprise_mnc_audit_sim/system/configs/server.conf" inode=18616 dev=08:01 mode=0100644 ouid=0 ogid=0
Aug 26 08:19:14 aitest audit: type=SYSCALL msg=audit(1756196354.565:117): arch=c000003e syscall=59 success=yes exit=0 pid=8320 uid=2004 gid=2004 comm="chmod" exe="/usr/bin/chmod" key="process_execution"
Aug 26 08:21:33 aitest audit: type=PATH msg=audit(1756196493.156:737): item=0 name="/home/opc/logai/enterprise_mnc_audit_sim/enterprise_data/operations" inode=19429 dev=08:01 mode=0100644 ouid=0 ogid=0
Aug 26 08:21:33 aitest audit: type=SYSCALL msg=audit(1756196493.156:261): arch=c000003e syscall=59 success=yes exit=0 pid=2634 uid=2007 gid=2007 comm="find" exe="/usr/bin/find" key="process_execution"
Aug 26 08:21:39 aitest audit: type=PATH msg=audit(1756196499.882:230): item=0 name="/home/opc/logai/enterprise_mnc_audit_sim/enterprise_data/operations/scripts/" inode=38134 dev=08:01 mode=0100644 ouid=0 ogid=0
Aug 26 08:21:39 aitest audit: type=SYSCALL msg=audit(1756196499.882:689): arch=c000003e syscall=59 success=yes exit=0 pid=3199 uid=2007 gid=2007 comm="chmod" exe="/usr/bin/chmod" key="process_execution"
Aug 26 08:27:59 aitest audit: type=SYSCALL msg=audit(1756196879.996:838): arch=c000003e syscall=59 success=yes exit=0 pid=3923 uid=2006 gid=2006 comm="grep" exe="/usr/bin/grep" key="process_execution"
Aug 26 08:28:08 aitest audit: type=PATH msg=audit(1756196888.365:93): item=0 name="/home/opc/logai/enterprise_mnc_audit_sim/enterprise_data/development/projects/" inode=10887 dev=08:01 mode=0100644 ouid=0 ogid=0
Aug 26 08:28:08 aitest audit: type=SYSCALL msg=audit(1756196888.365:673): arch=c000003e syscall=59 success=yes exit=0 pid=4756 uid=2006 gid=2006 comm="ls" exe="/usr/bin/ls" key="process_execution"
Aug 26 08:28:14 aitest audit: type=SYSCALL msg=audit(1756196894.200:834): arch=c000003e syscall=59 success=yes exit=0 pid=11370 uid=2006 gid=2006 comm="cp" exe="/usr/bin/cp" key="process_execution"
Aug 26 08:29:07 aitest audit: type=PATH msg=audit(1756196947.370:152): item=0 name="/home/opc/logai/enterprise_mnc_audit_sim/applications/" inode=14292 dev=08:01 mode=0100644 ouid=0 ogid=0
Aug 26 08:29:07 aitest audit: type=SYSCALL msg=audit(1756196947.370:852): arch=c000003e syscall=59 success=yes exit=0 pid=6605 uid=2010 gid=2010 comm="ls" exe="/usr/bin/ls" key="process_execution"
Aug 26 08:29:15 aitest audit: type=PATH msg=audit(1756196955.351:831): item=0 name="/home/opc/logai/enterprise_mnc_audit_sim/enterprise_data/operations" inode=25931 dev=08:01 mode=0100644 ouid=0 ogid=0
Aug 26 08:29:15 aitest audit: type=SYSCALL msg=audit(1756196955.351:293): arch=c000003e syscall=59 success=yes exit=0 pid=11548 uid=2010 gid=2010 comm="find" exe="/usr/bin/find" key="process_execution"
Aug 26 08:29:19 aitest audit: type=SYSCALL msg=audit(1756196959.98:904): arch=c000003e syscall=59 success=yes exit=0 pid=6066 uid=2010 gid=2010 comm="du" exe="/usr/bin/du" key="process_execution"
Aug 26 08:29:20 aitest audit: type=PATH msg=audit(1756196960.963:269): item=0 name="/home/opc/logai/enterprise_mnc_audit_sim/enterprise_data/operations" inode=14483 dev=08:01 mode=0100644 ouid=0 ogid=0
Aug 26 08:29:20 aitest audit: type=SYSCALL msg=audit(1756196960.963:244): arch=c000003e syscall=59 success=yes exit=0 pid=6264 uid=2010 gid=2010 comm="find" exe="/usr/bin/find" key="process_execution"
Aug 26 08:46:29 aitest audit: type=PATH msg=audit(1756197989.101:548): item=0 name="/home/opc/logai/enterprise_mnc_audit_sim/system/configs/server.conf" inode=39611 dev=08:01 mode=0100644 ouid=0 ogid=0
Aug 26 08:46:29 aitest audit: type=SYSCALL msg=audit(1756197989.101:212): arch=c000003e syscall=59 success=yes exit=0 pid=8282 uid=2001 gid=2001 comm="cat" exe="/usr/bin/cat" key="process_execution"
Aug 26 08:46:35 aitest audit: type=SYSCALL msg=audit(1756197995.525:504): arch=c000003e syscall=59 success=yes exit=0 pid=2855 uid=2001 gid=2001 comm="free" exe="/usr/bin/free" key="process_execution"
Aug 26 08:46:45 aitest audit: type=SYSCALL msg=audit(1756198005.919:565): arch=c000003e syscall=59 success=yes exit=0 pid=8427 uid=2001 gid=2001 comm="free" exe="/usr/bin/free" key="process_execution"
Aug 26 08:47:26 aitest audit: type=SYSCALL msg=audit(1756198046.304:965): arch=c000003e syscall=59 success=yes exit=0 pid=8139 uid=2010 gid=2010 comm="top" exe="/usr/bin/top" key="process_execution"
Aug 26 08:47:29 aitest audit: type=SYSCALL msg=audit(1756198049.797:414): arch=c000003e syscall=59 success=yes exit=0 pid=6152 uid=2010 gid=2010 comm="du" exe="/usr/bin/du" key="process_execution"
Aug 26 08:47:31 aitest audit: type=PATH msg=audit(1756198051.485:674): item=0 name="/home/opc/logai/enterprise_mnc_audit_sim/enterprise_data/operations" inode=32448 dev=08:01 mode=0100644 ouid=0 ogid=0
Aug 26 08:47:31 aitest audit: type=SYSCALL msg=audit(1756198051.485:264): arch=c000003e syscall=59 success=yes exit=0 pid=7406 uid=2010 gid=2010 comm="find" exe="/usr/bin/find" key="process_execution"
Aug 26 08:47:33 aitest audit: type=SYSCALL msg=audit(1756198053.832:799): arch=c000003e syscall=59 success=yes exit=0 pid=3644 uid=2010 gid=2010 comm="top" exe="/usr/bin/top" key="process_execution"
Aug 26 08:47:49 aitest audit: type=PATH msg=audit(1756198069.305:111): item=0 name="/home/opc/logai/enterprise_mnc_audit_sim/enterprise_data/hr/" inode=16280 dev=08:01 mode=0100644 ouid=0 ogid=0
Aug 26 08:47:49 aitest audit: type=SYSCALL msg=audit(1756198069.305:10): arch=c000003e syscall=59 success=yes exit=0 pid=11834 uid=2008 gid=2008 comm="ls" exe="/usr/bin/ls" key="process_execution"
Aug 26 08:47:53 aitest audit: type=SYSCALL msg=audit(1756198073.341:406): arch=c000003e syscall=59 success=yes exit=0 pid=5385 uid=2008 gid=2008 comm="find" exe="/usr/bin/find" key="process_execution"
Aug 26 08:47:55 aitest audit: type=SYSCALL msg=audit(1756198075.529:357): arch=c000003e syscall=59 success=yes exit=0 pid=9653 uid=2008 gid=2008 comm="last" exe="/usr/bin/last" key="process_execution"
Aug 26 08:56:31 aitest audit: type=SYSCALL msg=audit(1756198591.989:527): arch=c000003e syscall=59 success=yes exit=0 pid=5118 uid=2009 gid=2009 comm="wc" exe="/usr/bin/wc" key="process_execution"
Aug 26 08:56:36 aitest audit: type=PATH msg=audit(1756198596.445:181): item=0 name="/home/opc/logai/enterprise_mnc_audit_sim/enterprise_data/development/projects/project_alpha.txt" inode=32099 dev=08:01 mode=0100644 ouid=0 ogid=0
Aug 26 08:56:36 aitest audit: type=SYSCALL msg=audit(1756198596.445:215): arch=c000003e syscall=59 success=yes exit=0 pid=4661 uid=2009 gid=2009 comm="cat" exe="/usr/bin/cat" key="process_execution"
Aug 26 08:56:42 aitest audit: type=PATH msg=audit(1756198602.549:399): item=0 name="/home/opc/logai/enterprise_mnc_audit_sim/enterprise_data/development/" inode=29334 dev=08:01 mode=0100644 ouid=0 ogid=0
Aug 26 08:56:42 aitest audit: type=SYSCALL msg=audit(1756198602.549:536): arch=c000003e syscall=59 success=yes exit=0 pid=9833 uid=2009 gid=2009 comm="ls" exe="/usr/bin/ls" key="process_execution"
Aug 26 08:56:51 aitest audit: type=PATH msg=audit(1756198611.965:271): item=0 name="/home/opc/logai/enterprise_mnc_audit_sim/enterprise_data/development" inode=40445 dev=08:01 mode=0100644 ouid=0 ogid=0
Aug 26 08:56:51 aitest audit: type=SYSCALL msg=audit(1756198611.965:423): arch=c000003e syscall=59 success=yes exit=0 pid=9774 uid=2009 gid=2009 comm="find" exe="/usr/bin/find" key="process_execution"
Aug 26 08:56:52 aitest audit: type=PATH msg=audit(1756198612.380:1): item=0 name="/home/opc/logai/enterprise_mnc_audit_sim/enterprise_data/development/scripts/build.sh" inode=40590 dev=08:01 mode=0100644 ouid=0 ogid=0
Aug 26 08:56:52 aitest audit: type=SYSCALL msg=audit(1756198612.380:848): arch=c000003e syscall=59 success=yes exit=0 pid=6853 uid=2009 gid=2009 comm="chmod" exe="/usr/bin/chmod" key="process_execution"
Aug 26 09:00:19 aitest audit: type=PATH msg=audit(1756198819.914:219): item=0 name="/home/opc/logai/enterprise_mnc_audit_sim/enterprise_data/database/mysql/db_config.cnf" inode=19870 dev=08:01 mode=0100644 ouid=0 ogid=0
Aug 26 09:00:19 aitest audit: type=SYSCALL msg=audit(1756198819.914:588): arch=c000003e syscall=59 success=yes exit=0 pid=7681 uid=2002 gid=2002 comm="cat" exe="/usr/bin/cat" key="process_execution"
Aug 26 09:00:22 aitest audit: type=PATH msg=audit(1756198822.637:756): item=0 name="/home/opc/logai/enterprise_mnc_audit_sim/applications/databases/" inode=24048 dev=08:01 mode=0100644 ouid=0 ogid=0
Aug 26 09:00:22 aitest audit: type=SYSCALL msg=audit(1756198822.637:901): arch=c000003e syscall=59 success=yes exit=0 pid=3354 uid=2002 gid=2002 comm="ls" exe="/usr/bin/ls" key="process_execution"
Aug 26 09:00:24 aitest audit: type=SYSCALL msg=audit(1756198824.230:245): arch=c000003e syscall=59 success=yes exit=0 pid=4362 uid=2002 gid=2002 comm="cp" exe="/usr/bin/cp" key="process_execution"
Aug 26 09:00:29 aitest audit: type=PATH msg=audit(1756198829.545:551): item=0 name="/home/opc/logai/enterprise_mnc_audit_sim/enterprise_data/database/mysql/db_config.cnf" inode=30194 dev=08:01 mode=0100644 ouid=0 ogid=0
Aug 26 09:00:29 aitest audit: type=SYSCALL msg=audit(1756198829.545:93): arch=c000003e syscall=59 success=yes exit=0 pid=11828 uid=2002 gid=2002 comm="chmod" exe="/usr/bin/chmod" key="process_execution"
Aug 26 09:00:33 aitest audit: type=SYSCALL msg=audit(1756198833.923:643): arch=c000003e syscall=59 success=yes exit=0 pid=10091 uid=2002 gid=2002 comm="cp" exe="/usr/bin/cp" key="process_execution"
